solid OpenSCAD_Model
  facet normal 1 -0 0
    outer loop
      vertex 10 -1.7 3.6
      vertex 10 -0.9 1.6
      vertex 10 -0.9 3.6
    endloop
  endfacet
  facet normal 1 0 0
    outer loop
      vertex 10 -0.9 1.6
      vertex 10 -1.7 3.6
      vertex 10 -1.7 1.6
    endloop
  endfacet
  facet normal -0 0 1
    outer loop
      vertex 4.6 -0.9 3.6
      vertex 10 -1.7 3.6
      vertex 10 -0.9 3.6
    endloop
  endfacet
  facet normal 0 0 1
    outer loop
      vertex 10 -1.7 3.6
      vertex 4.6 -0.9 3.6
      vertex 4.6 -1.7 3.6
    endloop
  endfacet
  facet normal -1 0 0
    outer loop
      vertex 4.6 -1.7 1.6
      vertex 4.6 -0.9 3.6
      vertex 4.6 -0.9 1.6
    endloop
  endfacet
  facet normal -1 -0 0
    outer loop
      vertex 4.6 -0.9 3.6
      vertex 4.6 -1.7 1.6
      vertex 4.6 -1.7 3.6
    endloop
  endfacet
  facet normal 0 -1 0
    outer loop
      vertex 4.6 -1.7 1.6
      vertex 10 -1.7 3.6
      vertex 4.6 -1.7 3.6
    endloop
  endfacet
  facet normal 0 -1 -0
    outer loop
      vertex 10 -1.7 3.6
      vertex 4.6 -1.7 1.6
      vertex 10 -1.7 1.6
    endloop
  endfacet
  facet normal 0 1 -0
    outer loop
      vertex 10 -0.9 1.6
      vertex 4.6 -0.9 3.6
      vertex 10 -0.9 3.6
    endloop
  endfacet
  facet normal 0 1 0
    outer loop
      vertex 4.6 -0.9 3.6
      vertex 10 -0.9 1.6
      vertex 4.6 -0.9 1.6
    endloop
  endfacet
  facet normal 1 -0 0
    outer loop
      vertex -4.6 -1.7 3.6
      vertex -4.6 -0.9 1.6
      vertex -4.6 -0.9 3.6
    endloop
  endfacet
  facet normal 1 0 0
    outer loop
      vertex -4.6 -0.9 1.6
      vertex -4.6 -1.7 3.6
      vertex -4.6 -1.7 1.6
    endloop
  endfacet
  facet normal 0 1 -0
    outer loop
      vertex -4.6 -0.9 1.6
      vertex -10 -0.9 3.6
      vertex -4.6 -0.9 3.6
    endloop
  endfacet
  facet normal 0 1 0
    outer loop
      vertex -10 -0.9 3.6
      vertex -4.6 -0.9 1.6
      vertex -10 -0.9 1.6
    endloop
  endfacet
  facet normal -0 0 1
    outer loop
      vertex -10 -0.9 3.6
      vertex -4.6 -1.7 3.6
      vertex -4.6 -0.9 3.6
    endloop
  endfacet
  facet normal 0 0 1
    outer loop
      vertex -4.6 -1.7 3.6
      vertex -10 -0.9 3.6
      vertex -10 -1.7 3.6
    endloop
  endfacet
  facet normal 0 -1 0
    outer loop
      vertex -10 -1.7 1.6
      vertex -4.6 -1.7 3.6
      vertex -10 -1.7 3.6
    endloop
  endfacet
  facet normal 0 -1 -0
    outer loop
      vertex -4.6 -1.7 3.6
      vertex -10 -1.7 1.6
      vertex -4.6 -1.7 1.6
    endloop
  endfacet
  facet normal -1 0 0
    outer loop
      vertex -10 -1.7 1.6
      vertex -10 -0.9 3.6
      vertex -10 -0.9 1.6
    endloop
  endfacet
  facet normal -1 -0 0
    outer loop
      vertex -10 -0.9 3.6
      vertex -10 -1.7 1.6
      vertex -10 -1.7 3.6
    endloop
  endfacet
  facet normal 1 -0 0
    outer loop
      vertex 12.65 -12.65 1.6
      vertex 12.65 12.65 5.72205e-07
      vertex 12.65 12.65 1.6
    endloop
  endfacet
  facet normal 1 0 0
    outer loop
      vertex 12.65 12.65 5.72205e-07
      vertex 12.65 -12.65 1.6
      vertex 12.65 -12.65 5.72205e-07
    endloop
  endfacet
  facet normal 0 0 -1
    outer loop
      vertex -0.545294 2.62821 5.72205e-07
      vertex -1.95 2.7 5.72205e-07
      vertex -0.549999 2.7 5.72205e-07
    endloop
  endfacet
  facet normal 0 0 -1
    outer loop
      vertex -0.334818 2.26366 5.72205e-07
      vertex -1.95471 2.62821 5.72205e-07
      vertex -1.95 2.7 5.72205e-07
    endloop
  endfacet
  facet normal 0 0 -1
    outer loop
      vertex -0.388908 -2.31109 5.72205e-07
      vertex -2.11109 -2.31109 5.72205e-07
      vertex -0.334818 -2.26366 5.72205e-07
    endloop
  endfacet
  facet normal 0 0 -1
    outer loop
      vertex -0.334818 2.26366 5.72205e-07
      vertex -1.96874 2.55765 5.72205e-07
      vertex -1.95471 2.62821 5.72205e-07
    endloop
  endfacet
  facet normal 0 0 -1
    outer loop
      vertex -2.16518 -2.26366 5.72205e-07
      vertex -0.334818 -2.26366 5.72205e-07
      vertex -2.11109 -2.31109 5.72205e-07
    endloop
  endfacet
  facet normal 0 0 -1
    outer loop
      vertex -0.334818 2.26366 5.72205e-07
      vertex -1.99187 2.48952 5.72205e-07
      vertex -1.96874 2.55765 5.72205e-07
    endloop
  endfacet
  facet normal 0 0 -1
    outer loop
      vertex -0.334818 -2.26366 5.72205e-07
      vertex -2.16518 -2.26366 5.72205e-07
      vertex -0.275 -2.22369 5.72205e-07
    endloop
  endfacet
  facet normal 0 0 -1
    outer loop
      vertex -0.334818 2.26366 5.72205e-07
      vertex -2.02369 2.425 5.72205e-07
      vertex -1.99187 2.48952 5.72205e-07
    endloop
  endfacet
  facet normal 0 0 -1
    outer loop
      vertex -2.225 -2.22369 5.72205e-07
      vertex -0.275 -2.22369 5.72205e-07
      vertex -2.16518 -2.26366 5.72205e-07
    endloop
  endfacet
  facet normal 0 0 -1
    outer loop
      vertex -0.334818 2.26366 5.72205e-07
      vertex -2.06365 2.36518 5.72205e-07
      vertex -2.02369 2.425 5.72205e-07
    endloop
  endfacet
  facet normal 0 0 -1
    outer loop
      vertex -2.28952 -2.19187 5.72205e-07
      vertex -0.275 -2.22369 5.72205e-07
      vertex -2.225 -2.22369 5.72205e-07
    endloop
  endfacet
  facet normal 0 0 -1
    outer loop
      vertex -0.334818 2.26366 5.72205e-07
      vertex -2.11109 2.31109 5.72205e-07
      vertex -2.06365 2.36518 5.72205e-07
    endloop
  endfacet
  facet normal 0 0 -1
    outer loop
      vertex -0.275 -2.22369 5.72205e-07
      vertex -2.28952 -2.19187 5.72205e-07
      vertex -0.275 2.22369 5.72205e-07
    endloop
  endfacet
  facet normal 0 0 -1
    outer loop
      vertex -0.334818 2.26366 5.72205e-07
      vertex -2.16518 2.26366 5.72205e-07
      vertex -2.11109 2.31109 5.72205e-07
    endloop
  endfacet
  facet normal 0 0 -1
    outer loop
      vertex -2.28952 2.19187 5.72205e-07
      vertex -0.275 2.22369 5.72205e-07
      vertex -2.28952 -2.19187 5.72205e-07
    endloop
  endfacet
  facet normal -0 0 -1
    outer loop
      vertex -0.334818 2.26366 5.72205e-07
      vertex -2.225 2.22369 5.72205e-07
      vertex -2.16518 2.26366 5.72205e-07
    endloop
  endfacet
  facet normal 0 -0 -1
    outer loop
      vertex -2.225 2.22369 5.72205e-07
      vertex -0.275 2.22369 5.72205e-07
      vertex -2.28952 2.19187 5.72205e-07
    endloop
  endfacet
  facet normal 0 0 -1
    outer loop
      vertex -0.275 2.22369 5.72205e-07
      vertex -2.225 2.22369 5.72205e-07
      vertex -0.334818 2.26366 5.72205e-07
    endloop
  endfacet
  facet normal 0 0 -1
    outer loop
      vertex -2.35765 -2.16874 5.72205e-07
      vertex -2.28952 2.19187 5.72205e-07
      vertex -2.28952 -2.19187 5.72205e-07
    endloop
  endfacet
  facet normal 0 0 -1
    outer loop
      vertex -2.35765 -2.16874 5.72205e-07
      vertex -2.35765 2.16874 5.72205e-07
      vertex -2.28952 2.19187 5.72205e-07
    endloop
  endfacet
  facet normal 0 0 -1
    outer loop
      vertex -2.42821 -2.15471 5.72205e-07
      vertex -2.35765 2.16874 5.72205e-07
      vertex -2.35765 -2.16874 5.72205e-07
    endloop
  endfacet
  facet normal 0 0 -1
    outer loop
      vertex -2.42821 -2.15471 5.72205e-07
      vertex -2.42821 2.15471 5.72205e-07
      vertex -2.35765 2.16874 5.72205e-07
    endloop
  endfacet
  facet normal 0 0 -1
    outer loop
      vertex -2.5 -2.15 5.72205e-07
      vertex -2.42821 2.15471 5.72205e-07
      vertex -2.42821 -2.15471 5.72205e-07
    endloop
  endfacet
  facet normal 0 0 -1
    outer loop
      vertex -2.5 -2.15 5.72205e-07
      vertex -2.5 2.15 5.72205e-07
      vertex -2.42821 2.15471 5.72205e-07
    endloop
  endfacet
  facet normal 0 0 -1
    outer loop
      vertex -2.57179 -2.15471 5.72205e-07
      vertex -2.5 2.15 5.72205e-07
      vertex -2.5 -2.15 5.72205e-07
    endloop
  endfacet
  facet normal 0 0 -1
    outer loop
      vertex -2.57179 -2.15471 5.72205e-07
      vertex -2.57179 2.15471 5.72205e-07
      vertex -2.5 2.15 5.72205e-07
    endloop
  endfacet
  facet normal 0 0 -1
    outer loop
      vertex -2.64235 -2.16874 5.72205e-07
      vertex -2.57179 2.15471 5.72205e-07
      vertex -2.57179 -2.15471 5.72205e-07
    endloop
  endfacet
  facet normal 0 0 -1
    outer loop
      vertex -2.64235 -2.16874 5.72205e-07
      vertex -2.64235 2.16874 5.72205e-07
      vertex -2.57179 2.15471 5.72205e-07
    endloop
  endfacet
  facet normal 0 0 -1
    outer loop
      vertex -2.71047 -2.19187 5.72205e-07
      vertex -2.64235 2.16874 5.72205e-07
      vertex -2.64235 -2.16874 5.72205e-07
    endloop
  endfacet
  facet normal 0 0 -1
    outer loop
      vertex -2.71047 -2.19187 5.72205e-07
      vertex -2.71047 2.19187 5.72205e-07
      vertex -2.64235 2.16874 5.72205e-07
    endloop
  endfacet
  facet normal 0 0 -1
    outer loop
      vertex -2.775 -2.22369 5.72205e-07
      vertex -2.71047 2.19187 5.72205e-07
      vertex -2.71047 -2.19187 5.72205e-07
    endloop
  endfacet
  facet normal 0 0 -1
    outer loop
      vertex -2.775 -2.22369 5.72205e-07
      vertex -2.775 2.22369 5.72205e-07
      vertex -2.71047 2.19187 5.72205e-07
    endloop
  endfacet
  facet normal 0 0 -1
    outer loop
      vertex -2.83482 -2.26366 5.72205e-07
      vertex -2.775 2.22369 5.72205e-07
      vertex -2.775 -2.22369 5.72205e-07
    endloop
  endfacet
  facet normal 0 0 -1
    outer loop
      vertex -2.83482 -2.26366 5.72205e-07
      vertex -2.83482 2.26366 5.72205e-07
      vertex -2.775 2.22369 5.72205e-07
    endloop
  endfacet
  facet normal 0 0 -1
    outer loop
      vertex -2.88891 -2.31109 5.72205e-07
      vertex -2.83482 2.26366 5.72205e-07
      vertex -2.83482 -2.26366 5.72205e-07
    endloop
  endfacet
  facet normal 0 0 -1
    outer loop
      vertex -2.88891 -2.31109 5.72205e-07
      vertex -2.88891 2.31109 5.72205e-07
      vertex -2.83482 2.26366 5.72205e-07
    endloop
  endfacet
  facet normal 0 0 -1
    outer loop
      vertex -2.93634 -2.36518 5.72205e-07
      vertex -2.88891 2.31109 5.72205e-07
      vertex -2.88891 -2.31109 5.72205e-07
    endloop
  endfacet
  facet normal 0 0 -1
    outer loop
      vertex -2.93634 -2.36518 5.72205e-07
      vertex -2.93634 2.36518 5.72205e-07
      vertex -2.88891 2.31109 5.72205e-07
    endloop
  endfacet
  facet normal 0 0 -1
    outer loop
      vertex -2.97631 -2.425 5.72205e-07
      vertex -2.93634 2.36518 5.72205e-07
      vertex -2.93634 -2.36518 5.72205e-07
    endloop
  endfacet
  facet normal 0 0 -1
    outer loop
      vertex -2.97631 -2.425 5.72205e-07
      vertex -2.97631 2.425 5.72205e-07
      vertex -2.93634 2.36518 5.72205e-07
    endloop
  endfacet
  facet normal 0 0 -1
    outer loop
      vertex -3.00813 -2.48952 5.72205e-07
      vertex -2.97631 2.425 5.72205e-07
      vertex -2.97631 -2.425 5.72205e-07
    endloop
  endfacet
  facet normal 0 0 -1
    outer loop
      vertex -3.00813 -2.48952 5.72205e-07
      vertex -3.00813 2.48952 5.72205e-07
      vertex -2.97631 2.425 5.72205e-07
    endloop
  endfacet
  facet normal 0 0 -1
    outer loop
      vertex -3.03126 -2.55765 5.72205e-07
      vertex -3.00813 2.48952 5.72205e-07
      vertex -3.00813 -2.48952 5.72205e-07
    endloop
  endfacet
  facet normal 0 0 -1
    outer loop
      vertex -3.03126 -2.55765 5.72205e-07
      vertex -3.03126 2.55765 5.72205e-07
      vertex -3.00813 2.48952 5.72205e-07
    endloop
  endfacet
  facet normal 0 0 -1
    outer loop
      vertex -3.04529 -2.62821 5.72205e-07
      vertex -3.03126 2.55765 5.72205e-07
      vertex -3.03126 -2.55765 5.72205e-07
    endloop
  endfacet
  facet normal 0 0 -1
    outer loop
      vertex -3.04529 -2.62821 5.72205e-07
      vertex -3.04529 2.62821 5.72205e-07
      vertex -3.03126 2.55765 5.72205e-07
    endloop
  endfacet
  facet normal 0 0 -1
    outer loop
      vertex -12.65 -12.65 5.72205e-07
      vertex -3.04529 -2.62821 5.72205e-07
      vertex -3.05 -2.7 5.72205e-07
    endloop
  endfacet
  facet normal -0 0 -1
    outer loop
      vertex -3.04529 -2.62821 5.72205e-07
      vertex -12.65 -12.65 5.72205e-07
      vertex -3.04529 2.62821 5.72205e-07
    endloop
  endfacet
  facet normal 0 0 -1
    outer loop
      vertex -0.545294 -2.77179 5.72205e-07
      vertex -1.95471 -2.77179 5.72205e-07
      vertex -1.95 -2.7 5.72205e-07
    endloop
  endfacet
  facet normal 0 0 -1
    outer loop
      vertex -1.77 -7.2 5.72205e-07
      vertex -1.96874 -2.84235 5.72205e-07
      vertex -1.95471 -2.77179 5.72205e-07
    endloop
  endfacet
  facet normal 0 0 -1
    outer loop
      vertex -2.31644 -8.95425 5.72205e-07
      vertex -1.62355 -7.55355 5.72205e-07
      vertex -2.26634 -8.9572 5.72205e-07
    endloop
  endfacet
  facet normal 0 0 -1
    outer loop
      vertex -1.77 -7.2 5.72205e-07
      vertex -1.99187 -2.91048 5.72205e-07
      vertex -1.96874 -2.84235 5.72205e-07
    endloop
  endfacet
  facet normal 0 0 -1
    outer loop
      vertex -1.77 -7.2 5.72205e-07
      vertex -2.02369 -2.975 5.72205e-07
      vertex -1.99187 -2.91048 5.72205e-07
    endloop
  endfacet
  facet normal -0 0 -1
    outer loop
      vertex -1.62355 -7.55355 5.72205e-07
      vertex -2.31644 -8.95425 5.72205e-07
      vertex -1.66668 -7.50438 5.72205e-07
    endloop
  endfacet
  facet normal 0 0 -1
    outer loop
      vertex -1.77 -7.2 5.72205e-07
      vertex -2.06365 -3.03482 5.72205e-07
      vertex -2.02369 -2.975 5.72205e-07
    endloop
  endfacet
  facet normal 0 0 -1
    outer loop
      vertex -2.36752 -8.95328 5.72205e-07
      vertex -1.66668 -7.50438 5.72205e-07
      vertex -2.31644 -8.95425 5.72205e-07
    endloop
  endfacet
  facet normal 0 0 -1
    outer loop
      vertex -1.77 -7.2 5.72205e-07
      vertex -2.11109 -3.08891 5.72205e-07
      vertex -2.06365 -3.03482 5.72205e-07
    endloop
  endfacet
  facet normal 0 0 -1
    outer loop
      vertex -2.42812 -8.95505 5.72205e-07
      vertex -1.66668 -7.50438 5.72205e-07
      vertex -2.36752 -8.95328 5.72205e-07
    endloop
  endfacet
  facet normal 0 0 -1
    outer loop
      vertex -1.77 -7.2 5.72205e-07
      vertex -2.16518 -3.13634 5.72205e-07
      vertex -2.11109 -3.08891 5.72205e-07
    endloop
  endfacet
  facet normal -0 0 -1
    outer loop
      vertex -1.66668 -7.50438 5.72205e-07
      vertex -2.42812 -8.95505 5.72205e-07
      vertex -1.70301 -7.45 5.72205e-07
    endloop
  endfacet
  facet normal 0 0 -1
    outer loop
      vertex -2.48689 -8.96037 5.72205e-07
      vertex -1.70301 -7.45 5.72205e-07
      vertex -2.42812 -8.95505 5.72205e-07
    endloop
  endfacet
  facet normal 0 0 -1
    outer loop
      vertex -1.77 -7.2 5.72205e-07
      vertex -2.225 -3.17631 5.72205e-07
      vertex -2.16518 -3.13634 5.72205e-07
    endloop
  endfacet
  facet normal -0 0 -1
    outer loop
      vertex -1.70301 -7.45 5.72205e-07
      vertex -2.48689 -8.96037 5.72205e-07
      vertex -1.73194 -7.39134 5.72205e-07
    endloop
  endfacet
  facet normal 0 0 -1
    outer loop
      vertex -1.77 -7.2 5.72205e-07
      vertex -2.28952 -3.20813 5.72205e-07
      vertex -2.225 -3.17631 5.72205e-07
    endloop
  endfacet
  facet normal 0 0 -1
    outer loop
      vertex -2.54387 -8.96922 5.72205e-07
      vertex -1.73194 -7.39134 5.72205e-07
      vertex -2.48689 -8.96037 5.72205e-07
    endloop
  endfacet
  facet normal 0 0 -1
    outer loop
      vertex -1.77 -7.2 5.72205e-07
      vertex -2.35765 -3.23126 5.72205e-07
      vertex -2.28952 -3.20813 5.72205e-07
    endloop
  endfacet
  facet normal 0 0 -1
    outer loop
      vertex -2.59903 -8.98163 5.72205e-07
      vertex -1.73194 -7.39134 5.72205e-07
      vertex -2.54387 -8.96922 5.72205e-07
    endloop
  endfacet
  facet normal -0 0 -1
    outer loop
      vertex -1.73194 -7.39134 5.72205e-07
      vertex -2.59903 -8.98163 5.72205e-07
      vertex -1.75296 -7.32941 5.72205e-07
    endloop
  endfacet
  facet normal 0 0 -1
    outer loop
      vertex -1.77 -7.2 5.72205e-07
      vertex -2.42821 -3.24529 5.72205e-07
      vertex -2.35765 -3.23126 5.72205e-07
    endloop
  endfacet
  facet normal 0 0 -1
    outer loop
      vertex -2.65237 -8.99757 5.72205e-07
      vertex -1.75296 -7.32941 5.72205e-07
      vertex -2.59903 -8.98163 5.72205e-07
    endloop
  endfacet
  facet normal 0 0 -1
    outer loop
      vertex -1.77 -7.2 5.72205e-07
      vertex -2.5 -3.25 5.72205e-07
      vertex -2.42821 -3.24529 5.72205e-07
    endloop
  endfacet
  facet normal 0 0 -1
    outer loop
      vertex -2.7039 -9.01706 5.72205e-07
      vertex -1.75296 -7.32941 5.72205e-07
      vertex -2.65237 -8.99757 5.72205e-07
    endloop
  endfacet
  facet normal 0 0 -1
    outer loop
      vertex -1.77 -7.2 5.72205e-07
      vertex -2.57179 -3.24529 5.72205e-07
      vertex -2.5 -3.25 5.72205e-07
    endloop
  endfacet
  facet normal -0 0 -1
    outer loop
      vertex -1.75296 -7.32941 5.72205e-07
      vertex -2.7039 -9.01706 5.72205e-07
      vertex -1.76572 -7.26526 5.72205e-07
    endloop
  endfacet
  facet normal 0 0 -1
    outer loop
      vertex -1.77 -7.2 5.72205e-07
      vertex -2.64235 -3.23126 5.72205e-07
      vertex -2.57179 -3.24529 5.72205e-07
    endloop
  endfacet
  facet normal 0 0 -1
    outer loop
      vertex -2.75362 -9.04008 5.72205e-07
      vertex -1.76572 -7.26526 5.72205e-07
      vertex -2.7039 -9.01706 5.72205e-07
    endloop
  endfacet
  facet normal -0 0 -1
    outer loop
      vertex -1.76572 -7.26526 5.72205e-07
      vertex -2.75362 -9.04008 5.72205e-07
      vertex -1.77 -7.2 5.72205e-07
    endloop
  endfacet
  facet normal 0 0 -1
    outer loop
      vertex -1.77 -7.2 5.72205e-07
      vertex -2.71047 -3.20813 5.72205e-07
      vertex -2.64235 -3.23126 5.72205e-07
    endloop
  endfacet
  facet normal 0 0 -1
    outer loop
      vertex -2.80138 -9.06615 5.72205e-07
      vertex -1.77 -7.2 5.72205e-07
      vertex -2.75362 -9.04008 5.72205e-07
    endloop
  endfacet
  facet normal 0 0 -1
    outer loop
      vertex -1.77 -7.2 5.72205e-07
      vertex -2.775 -3.17631 5.72205e-07
      vertex -2.71047 -3.20813 5.72205e-07
    endloop
  endfacet
  facet normal 0 0 -1
    outer loop
      vertex -2.84703 -9.09473 5.72205e-07
      vertex -1.77 -7.2 5.72205e-07
      vertex -2.80138 -9.06615 5.72205e-07
    endloop
  endfacet
  facet normal 0 0 -1
    outer loop
      vertex -2.89059 -9.12584 5.72205e-07
      vertex -1.77 -7.2 5.72205e-07
      vertex -2.84703 -9.09473 5.72205e-07
    endloop
  endfacet
  facet normal 0 0 -1
    outer loop
      vertex -1.77 -7.2 5.72205e-07
      vertex -2.83482 -3.13634 5.72205e-07
      vertex -2.775 -3.17631 5.72205e-07
    endloop
  endfacet
  facet normal 0 0 -1
    outer loop
      vertex -2.93207 -9.15947 5.72205e-07
      vertex -1.77 -7.2 5.72205e-07
      vertex -2.89059 -9.12584 5.72205e-07
    endloop
  endfacet
  facet normal 0 0 -1
    outer loop
      vertex -2.97144 -9.19562 5.72205e-07
      vertex -1.77 -7.2 5.72205e-07
      vertex -2.93207 -9.15947 5.72205e-07
    endloop
  endfacet
  facet normal 0 0 -1
    outer loop
      vertex -1.77 -7.2 5.72205e-07
      vertex -2.88891 -3.08891 5.72205e-07
      vertex -2.83482 -3.13634 5.72205e-07
    endloop
  endfacet
  facet normal -0 0 -1
    outer loop
      vertex -1.77 -7.2 5.72205e-07
      vertex -2.97144 -9.19562 5.72205e-07
      vertex -2.88891 -3.08891 5.72205e-07
    endloop
  endfacet
  facet normal 0 0 -1
    outer loop
      vertex -3.00871 -9.23428 5.72205e-07
      vertex -2.88891 -3.08891 5.72205e-07
      vertex -2.97144 -9.19562 5.72205e-07
    endloop
  endfacet
  facet normal -0 0 -1
    outer loop
      vertex -2.88891 -3.08891 5.72205e-07
      vertex -3.00871 -9.23428 5.72205e-07
      vertex -2.93634 -3.03482 5.72205e-07
    endloop
  endfacet
  facet normal 0 0 -1
    outer loop
      vertex -3.04388 -9.27548 5.72205e-07
      vertex -2.93634 -3.03482 5.72205e-07
      vertex -3.00871 -9.23428 5.72205e-07
    endloop
  endfacet
  facet normal 0 0 -1
    outer loop
      vertex -3.07686 -9.31895 5.72205e-07
      vertex -2.93634 -3.03482 5.72205e-07
      vertex -3.04388 -9.27548 5.72205e-07
    endloop
  endfacet
  facet normal -0 0 -1
    outer loop
      vertex -2.93634 -3.03482 5.72205e-07
      vertex -3.07686 -9.31895 5.72205e-07
      vertex -2.97631 -2.975 5.72205e-07
    endloop
  endfacet
  facet normal 0 0 -1
    outer loop
      vertex -3.10753 -9.36447 5.72205e-07
      vertex -2.97631 -2.975 5.72205e-07
      vertex -3.07686 -9.31895 5.72205e-07
    endloop
  endfacet
  facet normal 0 0 -1
    outer loop
      vertex -3.13591 -9.41203 5.72205e-07
      vertex -2.97631 -2.975 5.72205e-07
      vertex -3.10753 -9.36447 5.72205e-07
    endloop
  endfacet
  facet normal -0 0 -1
    outer loop
      vertex -2.97631 -2.975 5.72205e-07
      vertex -3.13591 -9.41203 5.72205e-07
      vertex -3.00813 -2.91048 5.72205e-07
    endloop
  endfacet
  facet normal -0 0 -1
    outer loop
      vertex -3.00813 -2.91048 5.72205e-07
      vertex -12.65 -12.65 5.72205e-07
      vertex -3.03126 -2.84235 5.72205e-07
    endloop
  endfacet
  facet normal 0 0 -1
    outer loop
      vertex -12.65 -12.65 5.72205e-07
      vertex -3.00813 -2.91048 5.72205e-07
      vertex -3.13591 -9.41203 5.72205e-07
    endloop
  endfacet
  facet normal 0 0 -1
    outer loop
      vertex -1.73424 -9.16161 5.72205e-07
      vertex -1.54126 -8.97688 5.72205e-07
      vertex -1.54126 -10.7309 5.72205e-07
    endloop
  endfacet
  facet normal 0 0 -1
    outer loop
      vertex -1.71062 -10.8434 5.72205e-07
      vertex -1.54126 -10.7309 5.72205e-07
      vertex -1.5871 -11.0517 5.72205e-07
    endloop
  endfacet
  facet normal 0 0 -1
    outer loop
      vertex -1.77464 -9.13078 5.72205e-07
      vertex -1.54126 -8.97688 5.72205e-07
      vertex -1.73424 -9.16161 5.72205e-07
    endloop
  endfacet
  facet normal -0 0 -1
    outer loop
      vertex -0.210475 -3.20813 5.72205e-07
      vertex -1.20474 -6.70428 5.72205e-07
      vertex -0.275 -3.17631 5.72205e-07
    endloop
  endfacet
  facet normal 0 0 -1
    outer loop
      vertex -0.549999 2.7 5.72205e-07
      vertex -0.774277 7.13474 5.72205e-07
      vertex -0.77 7.2 5.72205e-07
    endloop
  endfacet
  facet normal 0 0 -1
    outer loop
      vertex -1.27 -6.7 5.72205e-07
      vertex -0.275 -3.17631 5.72205e-07
      vertex -1.20474 -6.70428 5.72205e-07
    endloop
  endfacet
  facet normal 0 0 -1
    outer loop
      vertex -0.549999 2.7 5.72205e-07
      vertex -0.787037 7.07059 5.72205e-07
      vertex -0.774277 7.13474 5.72205e-07
    endloop
  endfacet
  facet normal -0 0 -1
    outer loop
      vertex -0.275 -3.17631 5.72205e-07
      vertex -1.27 -6.7 5.72205e-07
      vertex -0.334818 -3.13634 5.72205e-07
    endloop
  endfacet
  facet normal 0 0 -1
    outer loop
      vertex -0.549999 2.7 5.72205e-07
      vertex -0.80806 7.00866 5.72205e-07
      vertex -0.787037 7.07059 5.72205e-07
    endloop
  endfacet
  facet normal 0 0 -1
    outer loop
      vertex -1.95471 -2.62821 5.72205e-07
      vertex -0.549999 -2.7 5.72205e-07
      vertex -1.95 -2.7 5.72205e-07
    endloop
  endfacet
  facet normal 0 0 -1
    outer loop
      vertex -0.531259 2.55765 5.72205e-07
      vertex -1.95 2.7 5.72205e-07
      vertex -0.545294 2.62821 5.72205e-07
    endloop
  endfacet
  facet normal 0 0 -1
    outer loop
      vertex -1.33526 -6.70428 5.72205e-07
      vertex -0.334818 -3.13634 5.72205e-07
      vertex -1.27 -6.7 5.72205e-07
    endloop
  endfacet
  facet normal 0 0 -1
    outer loop
      vertex -1.95471 2.77179 5.72205e-07
      vertex -0.549999 2.7 5.72205e-07
      vertex -1.95 2.7 5.72205e-07
    endloop
  endfacet
  facet normal 0 0 -1
    outer loop
      vertex -1.95471 -2.77179 5.72205e-07
      vertex -0.334818 -3.13634 5.72205e-07
      vertex -1.33526 -6.70428 5.72205e-07
    endloop
  endfacet
  facet normal 0 0 -1
    outer loop
      vertex -0.549999 2.7 5.72205e-07
      vertex -0.836987 6.95 5.72205e-07
      vertex -0.80806 7.00866 5.72205e-07
    endloop
  endfacet
  facet normal 0 0 -1
    outer loop
      vertex -1.95471 -2.77179 5.72205e-07
      vertex -0.388908 -3.08891 5.72205e-07
      vertex -0.334818 -3.13634 5.72205e-07
    endloop
  endfacet
  facet normal 0 0 -1
    outer loop
      vertex -1.96874 2.84235 5.72205e-07
      vertex -0.549999 2.7 5.72205e-07
      vertex -1.95471 2.77179 5.72205e-07
    endloop
  endfacet
  facet normal 0 0 -1
    outer loop
      vertex -1.95471 -2.77179 5.72205e-07
      vertex -0.436344 -3.03482 5.72205e-07
      vertex -0.388908 -3.08891 5.72205e-07
    endloop
  endfacet
  facet normal 0 0 -1
    outer loop
      vertex -0.549999 2.7 5.72205e-07
      vertex -0.873322 6.89562 5.72205e-07
      vertex -0.836987 6.95 5.72205e-07
    endloop
  endfacet
  facet normal 0 0 -1
    outer loop
      vertex -1.95471 -2.77179 5.72205e-07
      vertex -0.476314 -2.975 5.72205e-07
      vertex -0.436344 -3.03482 5.72205e-07
    endloop
  endfacet
  facet normal 0 0 -1
    outer loop
      vertex -1.99187 2.91048 5.72205e-07
      vertex -0.549999 2.7 5.72205e-07
      vertex -1.96874 2.84235 5.72205e-07
    endloop
  endfacet
  facet normal 0 0 -1
    outer loop
      vertex -1.95471 -2.77179 5.72205e-07
      vertex -0.531259 -2.84235 5.72205e-07
      vertex -0.508133 -2.91048 5.72205e-07
    endloop
  endfacet
  facet normal 0 0 -1
    outer loop
      vertex -0.549999 2.7 5.72205e-07
      vertex -0.916446 6.84645 5.72205e-07
      vertex -0.873322 6.89562 5.72205e-07
    endloop
  endfacet
  facet normal 0 0 -1
    outer loop
      vertex -1.95471 -2.77179 5.72205e-07
      vertex -0.545294 -2.77179 5.72205e-07
      vertex -0.531259 -2.84235 5.72205e-07
    endloop
  endfacet
  facet normal 0 0 -1
    outer loop
      vertex -0.549999 2.7 5.72205e-07
      vertex -0.965619 6.80332 5.72205e-07
      vertex -0.916446 6.84645 5.72205e-07
    endloop
  endfacet
  facet normal 0 0 -1
    outer loop
      vertex -0.545294 -2.77179 5.72205e-07
      vertex -1.95 -2.7 5.72205e-07
      vertex -0.549999 -2.7 5.72205e-07
    endloop
  endfacet
  facet normal 0 0 -1
    outer loop
      vertex -2.02369 2.975 5.72205e-07
      vertex -0.549999 2.7 5.72205e-07
      vertex -1.99187 2.91048 5.72205e-07
    endloop
  endfacet
  facet normal 0 0 -1
    outer loop
      vertex -1.95471 -2.77179 5.72205e-07
      vertex -0.508133 -2.91048 5.72205e-07
      vertex -0.476314 -2.975 5.72205e-07
    endloop
  endfacet
  facet normal 0 0 -1
    outer loop
      vertex -0.549999 2.7 5.72205e-07
      vertex -1.02 6.76699 5.72205e-07
      vertex -0.965619 6.80332 5.72205e-07
    endloop
  endfacet
  facet normal 0 0 -1
    outer loop
      vertex -1.95471 -2.77179 5.72205e-07
      vertex -1.33526 -6.70428 5.72205e-07
      vertex -1.39941 -6.71704 5.72205e-07
    endloop
  endfacet
  facet normal 0 0 -1
    outer loop
      vertex -2.06365 3.03482 5.72205e-07
      vertex -0.549999 2.7 5.72205e-07
      vertex -2.02369 2.975 5.72205e-07
    endloop
  endfacet
  facet normal 0 0 -1
    outer loop
      vertex -1.95471 -2.77179 5.72205e-07
      vertex -1.39941 -6.71704 5.72205e-07
      vertex -1.46134 -6.73806 5.72205e-07
    endloop
  endfacet
  facet normal 0 0 -1
    outer loop
      vertex -0.549999 2.7 5.72205e-07
      vertex -1.07866 6.73806 5.72205e-07
      vertex -1.02 6.76699 5.72205e-07
    endloop
  endfacet
  facet normal 0 0 -1
    outer loop
      vertex -1.95471 -2.77179 5.72205e-07
      vertex -1.46134 -6.73806 5.72205e-07
      vertex -1.52 -6.76699 5.72205e-07
    endloop
  endfacet
  facet normal 0 0 -1
    outer loop
      vertex -2.11109 3.08891 5.72205e-07
      vertex -0.549999 2.7 5.72205e-07
      vertex -2.06365 3.03482 5.72205e-07
    endloop
  endfacet
  facet normal 0 0 -1
    outer loop
      vertex -1.95471 -2.77179 5.72205e-07
      vertex -1.52 -6.76699 5.72205e-07
      vertex -1.57438 -6.80332 5.72205e-07
    endloop
  endfacet
  facet normal 0 0 -1
    outer loop
      vertex -0.549999 2.7 5.72205e-07
      vertex -1.14059 6.71704 5.72205e-07
      vertex -1.07866 6.73806 5.72205e-07
    endloop
  endfacet
  facet normal 0 0 -1
    outer loop
      vertex -1.95471 -2.77179 5.72205e-07
      vertex -1.57438 -6.80332 5.72205e-07
      vertex -1.62355 -6.84645 5.72205e-07
    endloop
  endfacet
  facet normal 0 0 -1
    outer loop
      vertex -2.16518 3.13634 5.72205e-07
      vertex -0.549999 2.7 5.72205e-07
      vertex -2.11109 3.08891 5.72205e-07
    endloop
  endfacet
  facet normal 0 0 -1
    outer loop
      vertex -1.95471 -2.77179 5.72205e-07
      vertex -1.62355 -6.84645 5.72205e-07
      vertex -1.66668 -6.89562 5.72205e-07
    endloop
  endfacet
  facet normal 0 0 -1
    outer loop
      vertex -0.549999 2.7 5.72205e-07
      vertex -1.20474 6.70428 5.72205e-07
      vertex -1.14059 6.71704 5.72205e-07
    endloop
  endfacet
  facet normal 0 0 -1
    outer loop
      vertex -1.95471 -2.77179 5.72205e-07
      vertex -1.66668 -6.89562 5.72205e-07
      vertex -1.70301 -6.95 5.72205e-07
    endloop
  endfacet
  facet normal 0 0 -1
    outer loop
      vertex -0.549999 2.7 5.72205e-07
      vertex -2.16518 3.13634 5.72205e-07
      vertex -1.20474 6.70428 5.72205e-07
    endloop
  endfacet
  facet normal 0 0 -1
    outer loop
      vertex -1.95471 -2.77179 5.72205e-07
      vertex -1.70301 -6.95 5.72205e-07
      vertex -1.73194 -7.00866 5.72205e-07
    endloop
  endfacet
  facet normal 0 0 -1
    outer loop
      vertex -1.20474 6.70428 5.72205e-07
      vertex -2.16518 3.13634 5.72205e-07
      vertex -1.27 6.7 5.72205e-07
    endloop
  endfacet
  facet normal 0 0 -1
    outer loop
      vertex -1.95471 -2.77179 5.72205e-07
      vertex -1.73194 -7.00866 5.72205e-07
      vertex -1.75296 -7.07059 5.72205e-07
    endloop
  endfacet
  facet normal 0 0 -1
    outer loop
      vertex -2.225 3.17631 5.72205e-07
      vertex -1.27 6.7 5.72205e-07
      vertex -2.16518 3.13634 5.72205e-07
    endloop
  endfacet
  facet normal 0 0 -1
    outer loop
      vertex -1.95471 -2.77179 5.72205e-07
      vertex -1.75296 -7.07059 5.72205e-07
      vertex -1.76572 -7.13474 5.72205e-07
    endloop
  endfacet
  facet normal -0 0 -1
    outer loop
      vertex -1.27 6.7 5.72205e-07
      vertex -2.225 3.17631 5.72205e-07
      vertex -1.33526 6.70428 5.72205e-07
    endloop
  endfacet
  facet normal 0 0 -1
    outer loop
      vertex -1.95471 -2.77179 5.72205e-07
      vertex -1.76572 -7.13474 5.72205e-07
      vertex -1.77 -7.2 5.72205e-07
    endloop
  endfacet
  facet normal 0 0 -1
    outer loop
      vertex -2.28952 3.20813 5.72205e-07
      vertex -1.33526 6.70428 5.72205e-07
      vertex -2.225 3.17631 5.72205e-07
    endloop
  endfacet
  facet normal 0 0 -1
    outer loop
      vertex -1.0524 -8.97688 5.72205e-07
      vertex -0.742737 -8.97688 5.72205e-07
      vertex -0.742737 -10.7309 5.72205e-07
    endloop
  endfacet
  facet normal 0 0 -1
    outer loop
      vertex -0.742737 -8.97688 5.72205e-07
      vertex -0.774277 -7.26526 5.72205e-07
      vertex -0.77 -7.2 5.72205e-07
    endloop
  endfacet
  facet normal 0 0 -1
    outer loop
      vertex -1.0524 -11.0948 5.72205e-07
      vertex -0.742737 -10.7309 5.72205e-07
      vertex -0.784393 -11.0517 5.72205e-07
    endloop
  endfacet
  facet normal 0 0 -1
    outer loop
      vertex -0.742737 -8.97688 5.72205e-07
      vertex -0.787037 -7.32941 5.72205e-07
      vertex -0.774277 -7.26526 5.72205e-07
    endloop
  endfacet
  facet normal 0 0 -1
    outer loop
      vertex 0.545294 -2.62821 5.72205e-07
      vertex 0.549999 2.7 5.72205e-07
      vertex 0.549999 -2.7 5.72205e-07
    endloop
  endfacet
  facet normal 0 0 -1
    outer loop
      vertex 0.545294 -2.62821 5.72205e-07
      vertex 0.545294 2.62821 5.72205e-07
      vertex 0.549999 2.7 5.72205e-07
    endloop
  endfacet
  facet normal 0 0 -1
    outer loop
      vertex 0.531259 -2.55765 5.72205e-07
      vertex 0.545294 2.62821 5.72205e-07
      vertex 0.545294 -2.62821 5.72205e-07
    endloop
  endfacet
  facet normal 0 0 -1
    outer loop
      vertex 0.531259 -2.55765 5.72205e-07
      vertex 0.531259 2.55765 5.72205e-07
      vertex 0.545294 2.62821 5.72205e-07
    endloop
  endfacet
  facet normal 0 0 -1
    outer loop
      vertex 0.508133 -2.48952 5.72205e-07
      vertex 0.531259 2.55765 5.72205e-07
      vertex 0.531259 -2.55765 5.72205e-07
    endloop
  endfacet
  facet normal 0 0 -1
    outer loop
      vertex 0.508133 -2.48952 5.72205e-07
      vertex 0.508133 2.48952 5.72205e-07
      vertex 0.531259 2.55765 5.72205e-07
    endloop
  endfacet
  facet normal 0 0 -1
    outer loop
      vertex 0.476314 -2.425 5.72205e-07
      vertex 0.508133 2.48952 5.72205e-07
      vertex 0.508133 -2.48952 5.72205e-07
    endloop
  endfacet
  facet normal 0 0 -1
    outer loop
      vertex 0.476314 -2.425 5.72205e-07
      vertex 0.476314 2.425 5.72205e-07
      vertex 0.508133 2.48952 5.72205e-07
    endloop
  endfacet
  facet normal 0 0 -1
    outer loop
      vertex 0.436344 -2.36518 5.72205e-07
      vertex 0.476314 2.425 5.72205e-07
      vertex 0.476314 -2.425 5.72205e-07
    endloop
  endfacet
  facet normal 0 0 -1
    outer loop
      vertex 0.436344 -2.36518 5.72205e-07
      vertex 0.436344 2.36518 5.72205e-07
      vertex 0.476314 2.425 5.72205e-07
    endloop
  endfacet
  facet normal 0 0 -1
    outer loop
      vertex 0.388908 -2.31109 5.72205e-07
      vertex 0.436344 2.36518 5.72205e-07
      vertex 0.436344 -2.36518 5.72205e-07
    endloop
  endfacet
  facet normal 0 0 -1
    outer loop
      vertex 0.388908 -2.31109 5.72205e-07
      vertex 0.388908 2.31109 5.72205e-07
      vertex 0.436344 2.36518 5.72205e-07
    endloop
  endfacet
  facet normal 0 0 -1
    outer loop
      vertex 0.334818 -2.26366 5.72205e-07
      vertex 0.388908 2.31109 5.72205e-07
      vertex 0.388908 -2.31109 5.72205e-07
    endloop
  endfacet
  facet normal 0 0 -1
    outer loop
      vertex 0.334818 -2.26366 5.72205e-07
      vertex 0.334818 2.26366 5.72205e-07
      vertex 0.388908 2.31109 5.72205e-07
    endloop
  endfacet
  facet normal 0 0 -1
    outer loop
      vertex 0.275 -2.22369 5.72205e-07
      vertex 0.334818 2.26366 5.72205e-07
      vertex 0.334818 -2.26366 5.72205e-07
    endloop
  endfacet
  facet normal 0 0 -1
    outer loop
      vertex 0.275 -2.22369 5.72205e-07
      vertex 0.275 2.22369 5.72205e-07
      vertex 0.334818 2.26366 5.72205e-07
    endloop
  endfacet
  facet normal 0 0 -1
    outer loop
      vertex 0.210475 -2.19187 5.72205e-07
      vertex 0.275 2.22369 5.72205e-07
      vertex 0.275 -2.22369 5.72205e-07
    endloop
  endfacet
  facet normal 0 0 -1
    outer loop
      vertex 0.210475 -2.19187 5.72205e-07
      vertex 0.210475 2.19187 5.72205e-07
      vertex 0.275 2.22369 5.72205e-07
    endloop
  endfacet
  facet normal 0 0 -1
    outer loop
      vertex 0.14235 -2.16874 5.72205e-07
      vertex 0.210475 2.19187 5.72205e-07
      vertex 0.210475 -2.19187 5.72205e-07
    endloop
  endfacet
  facet normal 0 0 -1
    outer loop
      vertex 0.14235 -2.16874 5.72205e-07
      vertex 0.14235 2.16874 5.72205e-07
      vertex 0.210475 2.19187 5.72205e-07
    endloop
  endfacet
  facet normal 0 0 -1
    outer loop
      vertex 0.0717888 -2.15471 5.72205e-07
      vertex 0.14235 2.16874 5.72205e-07
      vertex 0.14235 -2.16874 5.72205e-07
    endloop
  endfacet
  facet normal 0 0 -1
    outer loop
      vertex 0.0717888 -2.15471 5.72205e-07
      vertex 0.0717888 2.15471 5.72205e-07
      vertex 0.14235 2.16874 5.72205e-07
    endloop
  endfacet
  facet normal 0 0 -1
    outer loop
      vertex 0 -2.15 5.72205e-07
      vertex 0.0717888 2.15471 5.72205e-07
      vertex 0.0717888 -2.15471 5.72205e-07
    endloop
  endfacet
  facet normal 0 0 -1
    outer loop
      vertex 0 -2.15 5.72205e-07
      vertex 0 2.15 5.72205e-07
      vertex 0.0717888 2.15471 5.72205e-07
    endloop
  endfacet
  facet normal 0 0 -1
    outer loop
      vertex -0.0717888 -2.15471 5.72205e-07
      vertex 0 2.15 5.72205e-07
      vertex 0 -2.15 5.72205e-07
    endloop
  endfacet
  facet normal 0 0 -1
    outer loop
      vertex -0.0717888 -2.15471 5.72205e-07
      vertex -0.0717888 2.15471 5.72205e-07
      vertex 0 2.15 5.72205e-07
    endloop
  endfacet
  facet normal 0 0 -1
    outer loop
      vertex -0.14235 -2.16874 5.72205e-07
      vertex -0.0717888 2.15471 5.72205e-07
      vertex -0.0717888 -2.15471 5.72205e-07
    endloop
  endfacet
  facet normal 0 0 -1
    outer loop
      vertex -0.14235 -2.16874 5.72205e-07
      vertex -0.14235 2.16874 5.72205e-07
      vertex -0.0717888 2.15471 5.72205e-07
    endloop
  endfacet
  facet normal 0 0 -1
    outer loop
      vertex -0.210475 -2.19187 5.72205e-07
      vertex -0.14235 2.16874 5.72205e-07
      vertex -0.14235 -2.16874 5.72205e-07
    endloop
  endfacet
  facet normal 0 0 -1
    outer loop
      vertex -0.210475 -2.19187 5.72205e-07
      vertex -0.210475 2.19187 5.72205e-07
      vertex -0.14235 2.16874 5.72205e-07
    endloop
  endfacet
  facet normal 0 0 -1
    outer loop
      vertex -0.275 -2.22369 5.72205e-07
      vertex -0.210475 2.19187 5.72205e-07
      vertex -0.210475 -2.19187 5.72205e-07
    endloop
  endfacet
  facet normal 0 0 -1
    outer loop
      vertex -0.275 -2.22369 5.72205e-07
      vertex -0.275 2.22369 5.72205e-07
      vertex -0.210475 2.19187 5.72205e-07
    endloop
  endfacet
  facet normal 0 0 -1
    outer loop
      vertex -0.476314 -2.425 5.72205e-07
      vertex -2.02369 -2.425 5.72205e-07
      vertex -0.436344 -2.36518 5.72205e-07
    endloop
  endfacet
  facet normal 0 0 -1
    outer loop
      vertex -2.06365 -2.36518 5.72205e-07
      vertex -0.436344 -2.36518 5.72205e-07
      vertex -2.02369 -2.425 5.72205e-07
    endloop
  endfacet
  facet normal 0 0 -1
    outer loop
      vertex -2.02369 -2.425 5.72205e-07
      vertex -0.476314 -2.425 5.72205e-07
      vertex -1.99187 -2.48952 5.72205e-07
    endloop
  endfacet
  facet normal 0 0 -1
    outer loop
      vertex -0.436344 -2.36518 5.72205e-07
      vertex -2.06365 -2.36518 5.72205e-07
      vertex -0.388908 -2.31109 5.72205e-07
    endloop
  endfacet
  facet normal 0 0 -1
    outer loop
      vertex -0.508133 -2.48952 5.72205e-07
      vertex -1.99187 -2.48952 5.72205e-07
      vertex -0.476314 -2.425 5.72205e-07
    endloop
  endfacet
  facet normal 0 0 -1
    outer loop
      vertex -2.11109 -2.31109 5.72205e-07
      vertex -0.388908 -2.31109 5.72205e-07
      vertex -2.06365 -2.36518 5.72205e-07
    endloop
  endfacet
  facet normal 0 0 -1
    outer loop
      vertex -1.99187 -2.48952 5.72205e-07
      vertex -0.508133 -2.48952 5.72205e-07
      vertex -1.96874 -2.55765 5.72205e-07
    endloop
  endfacet
  facet normal 0 0 -1
    outer loop
      vertex -0.334818 2.26366 5.72205e-07
      vertex -1.95 2.7 5.72205e-07
      vertex -0.388908 2.31109 5.72205e-07
    endloop
  endfacet
  facet normal 0 0 -1
    outer loop
      vertex -0.531259 -2.55765 5.72205e-07
      vertex -1.96874 -2.55765 5.72205e-07
      vertex -0.508133 -2.48952 5.72205e-07
    endloop
  endfacet
  facet normal 0 0 -1
    outer loop
      vertex -0.388908 2.31109 5.72205e-07
      vertex -1.95 2.7 5.72205e-07
      vertex -0.436344 2.36518 5.72205e-07
    endloop
  endfacet
  facet normal 0 0 -1
    outer loop
      vertex -1.96874 -2.55765 5.72205e-07
      vertex -0.531259 -2.55765 5.72205e-07
      vertex -1.95471 -2.62821 5.72205e-07
    endloop
  endfacet
  facet normal 0 0 -1
    outer loop
      vertex -0.436344 2.36518 5.72205e-07
      vertex -1.95 2.7 5.72205e-07
      vertex -0.476314 2.425 5.72205e-07
    endloop
  endfacet
  facet normal 0 0 -1
    outer loop
      vertex -1.95471 -2.62821 5.72205e-07
      vertex -0.531259 -2.55765 5.72205e-07
      vertex -0.545294 -2.62821 5.72205e-07
    endloop
  endfacet
  facet normal 0 0 -1
    outer loop
      vertex -0.476314 2.425 5.72205e-07
      vertex -1.95 2.7 5.72205e-07
      vertex -0.508133 2.48952 5.72205e-07
    endloop
  endfacet
  facet normal 0 0 -1
    outer loop
      vertex -1.95471 -2.62821 5.72205e-07
      vertex -0.545294 -2.62821 5.72205e-07
      vertex -0.549999 -2.7 5.72205e-07
    endloop
  endfacet
  facet normal 0 0 -1
    outer loop
      vertex -0.508133 2.48952 5.72205e-07
      vertex -1.95 2.7 5.72205e-07
      vertex -0.531259 2.55765 5.72205e-07
    endloop
  endfacet
  facet normal 0 0 -1
    outer loop
      vertex 0.77 -7.2 5.72205e-07
      vertex 0.545294 -2.77179 5.72205e-07
      vertex 0.549999 -2.7 5.72205e-07
    endloop
  endfacet
  facet normal 0 0 -1
    outer loop
      vertex 0.77 -7.2 5.72205e-07
      vertex 0.531259 -2.84235 5.72205e-07
      vertex 0.545294 -2.77179 5.72205e-07
    endloop
  endfacet
  facet normal 0 0 -1
    outer loop
      vertex 0.77 -7.2 5.72205e-07
      vertex 0.508133 -2.91048 5.72205e-07
      vertex 0.531259 -2.84235 5.72205e-07
    endloop
  endfacet
  facet normal 0 0 -1
    outer loop
      vertex 0.787037 -7.32941 5.72205e-07
      vertex -0.77 -7.2 5.72205e-07
      vertex 0.774277 -7.26526 5.72205e-07
    endloop
  endfacet
  facet normal 0 0 -1
    outer loop
      vertex 0.77 -7.2 5.72205e-07
      vertex 0.476314 -2.975 5.72205e-07
      vertex 0.508133 -2.91048 5.72205e-07
    endloop
  endfacet
  facet normal 0 0 -1
    outer loop
      vertex 0.77 -7.2 5.72205e-07
      vertex 0.436344 -3.03482 5.72205e-07
      vertex 0.476314 -2.975 5.72205e-07
    endloop
  endfacet
  facet normal 0 0 -1
    outer loop
      vertex 0.77 -7.2 5.72205e-07
      vertex 0.388908 -3.08891 5.72205e-07
      vertex 0.436344 -3.03482 5.72205e-07
    endloop
  endfacet
  facet normal 0 0 -1
    outer loop
      vertex -0.774277 -7.13474 5.72205e-07
      vertex 0.77 -7.2 5.72205e-07
      vertex -0.77 -7.2 5.72205e-07
    endloop
  endfacet
  facet normal 0 0 -1
    outer loop
      vertex 0.77 -7.2 5.72205e-07
      vertex 0.334818 -3.13634 5.72205e-07
      vertex 0.388908 -3.08891 5.72205e-07
    endloop
  endfacet
  facet normal 0 0 -1
    outer loop
      vertex 0.77 -7.2 5.72205e-07
      vertex 0.275 -3.17631 5.72205e-07
      vertex 0.334818 -3.13634 5.72205e-07
    endloop
  endfacet
  facet normal 0 0 -1
    outer loop
      vertex -0.295532 -8.97688 5.72205e-07
      vertex 0.407166 -9.14771 5.72205e-07
      vertex 0.15303 -9.14771 5.72205e-07
    endloop
  endfacet
  facet normal 0 0 -1
    outer loop
      vertex 0.77 -7.2 5.72205e-07
      vertex 0.210475 -3.20813 5.72205e-07
      vertex 0.275 -3.17631 5.72205e-07
    endloop
  endfacet
  facet normal 0 0 -1
    outer loop
      vertex 0.77 -7.2 5.72205e-07
      vertex 0.14235 -3.23126 5.72205e-07
      vertex 0.210475 -3.20813 5.72205e-07
    endloop
  endfacet
  facet normal 0 0 -1
    outer loop
      vertex 0.77 -7.2 5.72205e-07
      vertex 0.0717888 -3.24529 5.72205e-07
      vertex 0.14235 -3.23126 5.72205e-07
    endloop
  endfacet
  facet normal 0 0 -1
    outer loop
      vertex -0.836987 -6.95 5.72205e-07
      vertex 0.77 -7.2 5.72205e-07
      vertex -0.80806 -7.00866 5.72205e-07
    endloop
  endfacet
  facet normal 0 0 -1
    outer loop
      vertex -0.295532 -9.6685 5.72205e-07
      vertex 0.15303 -9.14771 5.72205e-07
      vertex -0.123337 -9.72128 5.72205e-07
    endloop
  endfacet
  facet normal 0 0 -1
    outer loop
      vertex 0.774277 -7.26526 5.72205e-07
      vertex -0.77 -7.2 5.72205e-07
      vertex 0.77 -7.2 5.72205e-07
    endloop
  endfacet
  facet normal 0 0 -1
    outer loop
      vertex -0.787037 -7.07059 5.72205e-07
      vertex 0.77 -7.2 5.72205e-07
      vertex -0.774277 -7.13474 5.72205e-07
    endloop
  endfacet
  facet normal 0 0 -1
    outer loop
      vertex -0.80806 -7.00866 5.72205e-07
      vertex 0.77 -7.2 5.72205e-07
      vertex -0.787037 -7.07059 5.72205e-07
    endloop
  endfacet
  facet normal -0 0 -1
    outer loop
      vertex 0.15303 -9.14771 5.72205e-07
      vertex -0.295532 -9.6685 5.72205e-07
      vertex -0.295532 -8.97688 5.72205e-07
    endloop
  endfacet
  facet normal 0 0 -1
    outer loop
      vertex -0.366379 -10.4476 5.72205e-07
      vertex -0.123337 -9.72128 5.72205e-07
      vertex -0.358032 -10.449 5.72205e-07
    endloop
  endfacet
  facet normal -0 0 -1
    outer loop
      vertex -0.123337 -9.72128 5.72205e-07
      vertex -0.366379 -10.4476 5.72205e-07
      vertex -0.295532 -9.6685 5.72205e-07
    endloop
  endfacet
  facet normal 0 0 -1
    outer loop
      vertex -0.873322 -6.89562 5.72205e-07
      vertex 0.77 -7.2 5.72205e-07
      vertex -0.836987 -6.95 5.72205e-07
    endloop
  endfacet
  facet normal 0 0 -1
    outer loop
      vertex -0.916446 -6.84645 5.72205e-07
      vertex 0.77 -7.2 5.72205e-07
      vertex -0.873322 -6.89562 5.72205e-07
    endloop
  endfacet
  facet normal 0 0 -1
    outer loop
      vertex -0.965619 -6.80332 5.72205e-07
      vertex 0.77 -7.2 5.72205e-07
      vertex -0.916446 -6.84645 5.72205e-07
    endloop
  endfacet
  facet normal 0 0 -1
    outer loop
      vertex 0.77 -7.2 5.72205e-07
      vertex -0.965619 -6.80332 5.72205e-07
      vertex 0.0717888 -3.24529 5.72205e-07
    endloop
  endfacet
  facet normal 0 0 -1
    outer loop
      vertex 0.0717888 -3.24529 5.72205e-07
      vertex -0.965619 -6.80332 5.72205e-07
      vertex 0 -3.25 5.72205e-07
    endloop
  endfacet
  facet normal 0 0 -1
    outer loop
      vertex -1.02 -6.76699 5.72205e-07
      vertex 0 -3.25 5.72205e-07
      vertex -0.965619 -6.80332 5.72205e-07
    endloop
  endfacet
  facet normal -0 0 -1
    outer loop
      vertex 0 -3.25 5.72205e-07
      vertex -1.02 -6.76699 5.72205e-07
      vertex -0.0717888 -3.24529 5.72205e-07
    endloop
  endfacet
  facet normal 0 0 -1
    outer loop
      vertex -1.07866 -6.73806 5.72205e-07
      vertex -0.0717888 -3.24529 5.72205e-07
      vertex -1.02 -6.76699 5.72205e-07
    endloop
  endfacet
  facet normal -0 0 -1
    outer loop
      vertex -0.0717888 -3.24529 5.72205e-07
      vertex -1.07866 -6.73806 5.72205e-07
      vertex -0.14235 -3.23126 5.72205e-07
    endloop
  endfacet
  facet normal 0 0 -1
    outer loop
      vertex -1.14059 -6.71704 5.72205e-07
      vertex -0.14235 -3.23126 5.72205e-07
      vertex -1.07866 -6.73806 5.72205e-07
    endloop
  endfacet
  facet normal 0 0 -1
    outer loop
      vertex -0.77 -7.2 5.72205e-07
      vertex -0.295532 -8.97688 5.72205e-07
      vertex -0.742737 -8.97688 5.72205e-07
    endloop
  endfacet
  facet normal 0 0 -1
    outer loop
      vertex -0.742737 -8.97688 5.72205e-07
      vertex -1.02 -7.63301 5.72205e-07
      vertex -0.965619 -7.59668 5.72205e-07
    endloop
  endfacet
  facet normal 0 0 -1
    outer loop
      vertex -0.742737 -8.97688 5.72205e-07
      vertex -1.07866 -7.66194 5.72205e-07
      vertex -1.02 -7.63301 5.72205e-07
    endloop
  endfacet
  facet normal 0 0 -1
    outer loop
      vertex -1.0524 -8.97688 5.72205e-07
      vertex -1.14059 -7.68296 5.72205e-07
      vertex -1.07866 -7.66194 5.72205e-07
    endloop
  endfacet
  facet normal 0 0 -1
    outer loop
      vertex -1.0524 -8.97688 5.72205e-07
      vertex -1.20474 -7.69572 5.72205e-07
      vertex -1.14059 -7.68296 5.72205e-07
    endloop
  endfacet
  facet normal 0 0 -1
    outer loop
      vertex -1.0524 -8.97688 5.72205e-07
      vertex -1.27 -7.7 5.72205e-07
      vertex -1.20474 -7.69572 5.72205e-07
    endloop
  endfacet
  facet normal 0 0 -1
    outer loop
      vertex -1.54126 -8.97688 5.72205e-07
      vertex -1.27 -7.7 5.72205e-07
      vertex -1.0524 -8.97688 5.72205e-07
    endloop
  endfacet
  facet normal -0 0 -1
    outer loop
      vertex -1.27 -7.7 5.72205e-07
      vertex -1.54126 -8.97688 5.72205e-07
      vertex -1.33526 -7.69572 5.72205e-07
    endloop
  endfacet
  facet normal -0 0 -1
    outer loop
      vertex -1.33526 -7.69572 5.72205e-07
      vertex -1.54126 -8.97688 5.72205e-07
      vertex -1.39941 -7.68296 5.72205e-07
    endloop
  endfacet
  facet normal -0 0 -1
    outer loop
      vertex -1.39941 -7.68296 5.72205e-07
      vertex -1.54126 -8.97688 5.72205e-07
      vertex -1.46134 -7.66194 5.72205e-07
    endloop
  endfacet
  facet normal -0 0 -1
    outer loop
      vertex -1.46134 -7.66194 5.72205e-07
      vertex -1.54126 -8.97688 5.72205e-07
      vertex -1.52 -7.63301 5.72205e-07
    endloop
  endfacet
  facet normal 0 0 -1
    outer loop
      vertex -2.03075 -9.00119 5.72205e-07
      vertex -1.54126 -8.97688 5.72205e-07
      vertex -1.98642 -9.01619 5.72205e-07
    endloop
  endfacet
  facet normal 0 0 -1
    outer loop
      vertex -1.89975 -9.05412 5.72205e-07
      vertex -1.54126 -8.97688 5.72205e-07
      vertex -1.85739 -9.07704 5.72205e-07
    endloop
  endfacet
  facet normal 0 0 -1
    outer loop
      vertex -1.94276 -9.03384 5.72205e-07
      vertex -1.54126 -8.97688 5.72205e-07
      vertex -1.89975 -9.05412 5.72205e-07
    endloop
  endfacet
  facet normal 0 0 -1
    outer loop
      vertex -1.54126 -10.7309 5.72205e-07
      vertex -1.89951 -9.4324 5.72205e-07
      vertex -1.73424 -9.16161 5.72205e-07
    endloop
  endfacet
  facet normal 0 0 -1
    outer loop
      vertex -1.54126 -10.7309 5.72205e-07
      vertex -1.91615 -10.6018 5.72205e-07
      vertex -1.89951 -9.4324 5.72205e-07
    endloop
  endfacet
  facet normal 0 0 -1
    outer loop
      vertex -2.80144 -9.97554 5.72205e-07
      vertex -1.89951 -9.4324 5.72205e-07
      vertex -1.91615 -10.6018 5.72205e-07
    endloop
  endfacet
  facet normal 0 0 -1
    outer loop
      vertex -2.79863 -10.169 5.72205e-07
      vertex -1.91615 -10.6018 5.72205e-07
      vertex -1.92934 -10.6104 5.72205e-07
    endloop
  endfacet
  facet normal 0 -0 -1
    outer loop
      vertex -2.79974 -9.95064 5.72205e-07
      vertex -1.89951 -9.4324 5.72205e-07
      vertex -2.80144 -9.97554 5.72205e-07
    endloop
  endfacet
  facet normal 0 0 -1
    outer loop
      vertex -2.79475 -10.2077 5.72205e-07
      vertex -1.92934 -10.6104 5.72205e-07
      vertex -1.94269 -10.619 5.72205e-07
    endloop
  endfacet
  facet normal 0 0 -1
    outer loop
      vertex -2.79475 -10.2077 5.72205e-07
      vertex -1.94269 -10.619 5.72205e-07
      vertex -1.95622 -10.6274 5.72205e-07
    endloop
  endfacet
  facet normal 0 -0 -1
    outer loop
      vertex -2.79758 -9.92554 5.72205e-07
      vertex -1.89951 -9.4324 5.72205e-07
      vertex -2.79974 -9.95064 5.72205e-07
    endloop
  endfacet
  facet normal 0 0 -1
    outer loop
      vertex -2.78978 -10.2459 5.72205e-07
      vertex -1.95622 -10.6274 5.72205e-07
      vertex -1.96991 -10.6358 5.72205e-07
    endloop
  endfacet
  facet normal 0 -0 -1
    outer loop
      vertex -2.79494 -9.90024 5.72205e-07
      vertex -1.89951 -9.4324 5.72205e-07
      vertex -2.79758 -9.92554 5.72205e-07
    endloop
  endfacet
  facet normal 0 0 -1
    outer loop
      vertex -2.78978 -10.2459 5.72205e-07
      vertex -1.96991 -10.6358 5.72205e-07
      vertex -1.98376 -10.644 5.72205e-07
    endloop
  endfacet
  facet normal 0 0 -1
    outer loop
      vertex -2.78371 -10.2835 5.72205e-07
      vertex -1.98376 -10.644 5.72205e-07
      vertex -1.9978 -10.6521 5.72205e-07
    endloop
  endfacet
  facet normal 0 -0 -1
    outer loop
      vertex -2.79179 -9.87474 5.72205e-07
      vertex -1.89951 -9.4324 5.72205e-07
      vertex -2.79494 -9.90024 5.72205e-07
    endloop
  endfacet
  facet normal 0 0 -1
    outer loop
      vertex -2.78371 -10.2835 5.72205e-07
      vertex -1.9978 -10.6521 5.72205e-07
      vertex -2.01199 -10.6601 5.72205e-07
    endloop
  endfacet
  facet normal -0 0 -1
    outer loop
      vertex -1.89951 -9.4324 5.72205e-07
      vertex -2.79179 -9.87474 5.72205e-07
      vertex -1.92062 -9.42078 5.72205e-07
    endloop
  endfacet
  facet normal 0 0 -1
    outer loop
      vertex -2.78371 -10.2835 5.72205e-07
      vertex -2.01199 -10.6601 5.72205e-07
      vertex -2.02632 -10.6679 5.72205e-07
    endloop
  endfacet
  facet normal 0 -0 -1
    outer loop
      vertex -2.78818 -9.84923 5.72205e-07
      vertex -1.92062 -9.42078 5.72205e-07
      vertex -2.79179 -9.87474 5.72205e-07
    endloop
  endfacet
  facet normal 0 0 -1
    outer loop
      vertex -2.77652 -10.3205 5.72205e-07
      vertex -2.02632 -10.6679 5.72205e-07
      vertex -2.04073 -10.6754 5.72205e-07
    endloop
  endfacet
  facet normal -0 0 -1
    outer loop
      vertex -1.92062 -9.42078 5.72205e-07
      vertex -2.78818 -9.84923 5.72205e-07
      vertex -1.94112 -9.40967 5.72205e-07
    endloop
  endfacet
  facet normal 0 0 -1
    outer loop
      vertex -2.77652 -10.3205 5.72205e-07
      vertex -2.04073 -10.6754 5.72205e-07
      vertex -2.05522 -10.6826 5.72205e-07
    endloop
  endfacet
  facet normal 0 -0 -1
    outer loop
      vertex -2.78404 -9.8239 5.72205e-07
      vertex -1.94112 -9.40967 5.72205e-07
      vertex -2.78818 -9.84923 5.72205e-07
    endloop
  endfacet
  facet normal 0 0 -1
    outer loop
      vertex -2.76814 -10.3566 5.72205e-07
      vertex -2.05522 -10.6826 5.72205e-07
      vertex -2.06981 -10.6896 5.72205e-07
    endloop
  endfacet
  facet normal 0 -0 -1
    outer loop
      vertex -2.77939 -9.79872 5.72205e-07
      vertex -1.94112 -9.40967 5.72205e-07
      vertex -2.78404 -9.8239 5.72205e-07
    endloop
  endfacet
  facet normal 0 0 -1
    outer loop
      vertex -2.76814 -10.3566 5.72205e-07
      vertex -2.06981 -10.6896 5.72205e-07
      vertex -2.08447 -10.6962 5.72205e-07
    endloop
  endfacet
  facet normal 0 0 -1
    outer loop
      vertex -2.76814 -10.3566 5.72205e-07
      vertex -2.08447 -10.6962 5.72205e-07
      vertex -2.09923 -10.7026 5.72205e-07
    endloop
  endfacet
  facet normal -0 0 -1
    outer loop
      vertex -1.94112 -9.40967 5.72205e-07
      vertex -2.77939 -9.79872 5.72205e-07
      vertex -1.96098 -9.39911 5.72205e-07
    endloop
  endfacet
  facet normal 0 0 -1
    outer loop
      vertex -2.7585 -10.3913 5.72205e-07
      vertex -2.09923 -10.7026 5.72205e-07
      vertex -2.11406 -10.7087 5.72205e-07
    endloop
  endfacet
  facet normal 0 -0 -1
    outer loop
      vertex -2.77423 -9.77373 5.72205e-07
      vertex -1.96098 -9.39911 5.72205e-07
      vertex -2.77939 -9.79872 5.72205e-07
    endloop
  endfacet
  facet normal 0 0 -1
    outer loop
      vertex -2.74757 -10.4248 5.72205e-07
      vertex -2.11406 -10.7087 5.72205e-07
      vertex -2.12892 -10.7145 5.72205e-07
    endloop
  endfacet
  facet normal -0 0 -1
    outer loop
      vertex -1.96098 -9.39911 5.72205e-07
      vertex -2.77423 -9.77373 5.72205e-07
      vertex -1.98022 -9.3891 5.72205e-07
    endloop
  endfacet
  facet normal 0 0 -1
    outer loop
      vertex -2.74757 -10.4248 5.72205e-07
      vertex -2.12892 -10.7145 5.72205e-07
      vertex -2.14377 -10.7199 5.72205e-07
    endloop
  endfacet
  facet normal 0 -0 -1
    outer loop
      vertex -2.76857 -9.74889 5.72205e-07
      vertex -1.98022 -9.3891 5.72205e-07
      vertex -2.77423 -9.77373 5.72205e-07
    endloop
  endfacet
  facet normal 0 0 -1
    outer loop
      vertex -2.73537 -10.4569 5.72205e-07
      vertex -2.14377 -10.7199 5.72205e-07
      vertex -2.15857 -10.725 5.72205e-07
    endloop
  endfacet
  facet normal -0 0 -1
    outer loop
      vertex -1.98022 -9.3891 5.72205e-07
      vertex -2.76857 -9.74889 5.72205e-07
      vertex -1.99884 -9.37961 5.72205e-07
    endloop
  endfacet
  facet normal 0 -0 -1
    outer loop
      vertex -2.76239 -9.72423 5.72205e-07
      vertex -1.99884 -9.37961 5.72205e-07
      vertex -2.76857 -9.74889 5.72205e-07
    endloop
  endfacet
  facet normal 0 0 -1
    outer loop
      vertex -2.73537 -10.4569 5.72205e-07
      vertex -2.15857 -10.725 5.72205e-07
      vertex -2.17336 -10.7298 5.72205e-07
    endloop
  endfacet
  facet normal 0 -0 -1
    outer loop
      vertex -2.75571 -9.69974 5.72205e-07
      vertex -2.01685 -9.37067 5.72205e-07
      vertex -2.76239 -9.72423 5.72205e-07
    endloop
  endfacet
  facet normal 0 0 -1
    outer loop
      vertex -2.72189 -10.4877 5.72205e-07
      vertex -2.17336 -10.7298 5.72205e-07
      vertex -2.18811 -10.7342 5.72205e-07
    endloop
  endfacet
  facet normal -0 0 -1
    outer loop
      vertex -2.01685 -9.37067 5.72205e-07
      vertex -2.75571 -9.69974 5.72205e-07
      vertex -2.03423 -9.36226 5.72205e-07
    endloop
  endfacet
  facet normal 0 0 -1
    outer loop
      vertex -2.72189 -10.4877 5.72205e-07
      vertex -2.18811 -10.7342 5.72205e-07
      vertex -2.20284 -10.7383 5.72205e-07
    endloop
  endfacet
  facet normal 0 -0 -1
    outer loop
      vertex -2.74847 -9.67555 5.72205e-07
      vertex -2.03423 -9.36226 5.72205e-07
      vertex -2.75571 -9.69974 5.72205e-07
    endloop
  endfacet
  facet normal 0 0 -1
    outer loop
      vertex -2.70714 -10.5173 5.72205e-07
      vertex -2.20284 -10.7383 5.72205e-07
      vertex -2.21754 -10.742 5.72205e-07
    endloop
  endfacet
  facet normal -0 0 -1
    outer loop
      vertex -2.03423 -9.36226 5.72205e-07
      vertex -2.74847 -9.67555 5.72205e-07
      vertex -2.0511 -9.35435 5.72205e-07
    endloop
  endfacet
  facet normal 0 0 -1
    outer loop
      vertex -2.70714 -10.5173 5.72205e-07
      vertex -2.21754 -10.742 5.72205e-07
      vertex -2.23213 -10.7453 5.72205e-07
    endloop
  endfacet
  facet normal 0 -0 -1
    outer loop
      vertex -2.74068 -9.65179 5.72205e-07
      vertex -2.0511 -9.35435 5.72205e-07
      vertex -2.74847 -9.67555 5.72205e-07
    endloop
  endfacet
  facet normal 0 0 -1
    outer loop
      vertex -2.70714 -10.5173 5.72205e-07
      vertex -2.23213 -10.7453 5.72205e-07
      vertex -2.24657 -10.7482 5.72205e-07
    endloop
  endfacet
  facet normal -0 0 -1
    outer loop
      vertex -2.0511 -9.35435 5.72205e-07
      vertex -2.74068 -9.65179 5.72205e-07
      vertex -2.06761 -9.34691 5.72205e-07
    endloop
  endfacet
  facet normal 0 0 -1
    outer loop
      vertex -2.70714 -10.5173 5.72205e-07
      vertex -2.24657 -10.7482 5.72205e-07
      vertex -2.26082 -10.7504 5.72205e-07
    endloop
  endfacet
  facet normal 0 -0 -1
    outer loop
      vertex -2.73232 -9.62845 5.72205e-07
      vertex -2.06761 -9.34691 5.72205e-07
      vertex -2.74068 -9.65179 5.72205e-07
    endloop
  endfacet
  facet normal 0 0 -1
    outer loop
      vertex -2.70714 -10.5173 5.72205e-07
      vertex -2.26082 -10.7504 5.72205e-07
      vertex -2.2749 -10.7522 5.72205e-07
    endloop
  endfacet
  facet normal -0 0 -1
    outer loop
      vertex -2.06761 -9.34691 5.72205e-07
      vertex -2.73232 -9.62845 5.72205e-07
      vertex -2.08376 -9.3399 5.72205e-07
    endloop
  endfacet
  facet normal 0 0 -1
    outer loop
      vertex -2.70714 -10.5173 5.72205e-07
      vertex -2.2749 -10.7522 5.72205e-07
      vertex -2.28882 -10.7535 5.72205e-07
    endloop
  endfacet
  facet normal 0 -0 -1
    outer loop
      vertex -2.72339 -9.60555 5.72205e-07
      vertex -2.08376 -9.3399 5.72205e-07
      vertex -2.73232 -9.62845 5.72205e-07
    endloop
  endfacet
  facet normal 0 0 -1
    outer loop
      vertex -2.70714 -10.5173 5.72205e-07
      vertex -2.28882 -10.7535 5.72205e-07
      vertex -2.30257 -10.7543 5.72205e-07
    endloop
  endfacet
  facet normal -0 0 -1
    outer loop
      vertex -2.08376 -9.3399 5.72205e-07
      vertex -2.72339 -9.60555 5.72205e-07
      vertex -2.09953 -9.33336 5.72205e-07
    endloop
  endfacet
  facet normal 0 0 -1
    outer loop
      vertex -2.70714 -10.5173 5.72205e-07
      vertex -2.30257 -10.7543 5.72205e-07
      vertex -2.31615 -10.7545 5.72205e-07
    endloop
  endfacet
  facet normal 0 -0 -1
    outer loop
      vertex -2.7139 -9.58305 5.72205e-07
      vertex -2.09953 -9.33336 5.72205e-07
      vertex -2.72339 -9.60555 5.72205e-07
    endloop
  endfacet
  facet normal -0 0 -1
    outer loop
      vertex -2.09953 -9.33336 5.72205e-07
      vertex -2.7139 -9.58305 5.72205e-07
      vertex -2.11493 -9.32727 5.72205e-07
    endloop
  endfacet
  facet normal 0 0 -1
    outer loop
      vertex -2.69112 -10.5455 5.72205e-07
      vertex -2.31615 -10.7545 5.72205e-07
      vertex -2.35303 -10.7534 5.72205e-07
    endloop
  endfacet
  facet normal 0 -0 -1
    outer loop
      vertex -2.70383 -9.56099 5.72205e-07
      vertex -2.11493 -9.32727 5.72205e-07
      vertex -2.7139 -9.58305 5.72205e-07
    endloop
  endfacet
  facet normal -0 0 -1
    outer loop
      vertex -2.11493 -9.32727 5.72205e-07
      vertex -2.70383 -9.56099 5.72205e-07
      vertex -2.12997 -9.32162 5.72205e-07
    endloop
  endfacet
  facet normal 0 0 -1
    outer loop
      vertex -2.67375 -10.5723 5.72205e-07
      vertex -2.35303 -10.7534 5.72205e-07
      vertex -2.38831 -10.7499 5.72205e-07
    endloop
  endfacet
  facet normal -0 0 -1
    outer loop
      vertex -2.12997 -9.32162 5.72205e-07
      vertex -2.70383 -9.56099 5.72205e-07
      vertex -2.14464 -9.31644 5.72205e-07
    endloop
  endfacet
  facet normal 0 0 -1
    outer loop
      vertex -2.63487 -10.6208 5.72205e-07
      vertex -2.38831 -10.7499 5.72205e-07
      vertex -2.42197 -10.7442 5.72205e-07
    endloop
  endfacet
  facet normal 0 -0 -1
    outer loop
      vertex -2.69321 -9.53934 5.72205e-07
      vertex -2.14464 -9.31644 5.72205e-07
      vertex -2.70383 -9.56099 5.72205e-07
    endloop
  endfacet
  facet normal 0 -0 -1
    outer loop
      vertex -2.68201 -9.51828 5.72205e-07
      vertex -2.15903 -9.31168 5.72205e-07
      vertex -2.69321 -9.53934 5.72205e-07
    endloop
  endfacet
  facet normal 0 0 -1
    outer loop
      vertex -2.59042 -10.6629 5.72205e-07
      vertex -2.42197 -10.7442 5.72205e-07
      vertex -2.45401 -10.7362 5.72205e-07
    endloop
  endfacet
  facet normal -0 0 -1
    outer loop
      vertex -2.15903 -9.31168 5.72205e-07
      vertex -2.68201 -9.51828 5.72205e-07
      vertex -2.1732 -9.30731 5.72205e-07
    endloop
  endfacet
  facet normal -0 0 -1
    outer loop
      vertex -2.1732 -9.30731 5.72205e-07
      vertex -2.68201 -9.51828 5.72205e-07
      vertex -2.18719 -9.30334 5.72205e-07
    endloop
  endfacet
  facet normal 0 0 -1
    outer loop
      vertex -2.56613 -10.6814 5.72205e-07
      vertex -2.45401 -10.7362 5.72205e-07
      vertex -2.48444 -10.7258 5.72205e-07
    endloop
  endfacet
  facet normal 0 -0 -1
    outer loop
      vertex -2.67024 -9.49796 5.72205e-07
      vertex -2.18719 -9.30334 5.72205e-07
      vertex -2.68201 -9.51828 5.72205e-07
    endloop
  endfacet
  facet normal 0 0 -1
    outer loop
      vertex -2.54044 -10.6983 5.72205e-07
      vertex -2.48444 -10.7258 5.72205e-07
      vertex -2.51324 -10.7132 5.72205e-07
    endloop
  endfacet
  facet normal -0 0 -1
    outer loop
      vertex -2.18719 -9.30334 5.72205e-07
      vertex -2.67024 -9.49796 5.72205e-07
      vertex -2.20097 -9.29977 5.72205e-07
    endloop
  endfacet
  facet normal 0 -0 -1
    outer loop
      vertex -2.65791 -9.47838 5.72205e-07
      vertex -2.21457 -9.2966 5.72205e-07
      vertex -2.67024 -9.49796 5.72205e-07
    endloop
  endfacet
  facet normal 0 0 -1
    outer loop
      vertex -2.56613 -10.6814 5.72205e-07
      vertex -2.48444 -10.7258 5.72205e-07
      vertex -2.54044 -10.6983 5.72205e-07
    endloop
  endfacet
  facet normal -0 0 -1
    outer loop
      vertex -2.21457 -9.2966 5.72205e-07
      vertex -2.65791 -9.47838 5.72205e-07
      vertex -2.22797 -9.29382 5.72205e-07
    endloop
  endfacet
  facet normal 0 0 -1
    outer loop
      vertex -2.45401 -10.7362 5.72205e-07
      vertex -2.56613 -10.6814 5.72205e-07
      vertex -2.59042 -10.6629 5.72205e-07
    endloop
  endfacet
  facet normal -0 0 -1
    outer loop
      vertex -2.22797 -9.29382 5.72205e-07
      vertex -2.65791 -9.47838 5.72205e-07
      vertex -2.24117 -9.29144 5.72205e-07
    endloop
  endfacet
  facet normal 0 -0 -1
    outer loop
      vertex -2.645 -9.45952 5.72205e-07
      vertex -2.24117 -9.29144 5.72205e-07
      vertex -2.65791 -9.47838 5.72205e-07
    endloop
  endfacet
  facet normal 0 0 -1
    outer loop
      vertex -2.42197 -10.7442 5.72205e-07
      vertex -2.59042 -10.6629 5.72205e-07
      vertex -2.61334 -10.6427 5.72205e-07
    endloop
  endfacet
  facet normal -0 0 -1
    outer loop
      vertex -2.24117 -9.29144 5.72205e-07
      vertex -2.645 -9.45952 5.72205e-07
      vertex -2.25427 -9.28941 5.72205e-07
    endloop
  endfacet
  facet normal 0 0 -1
    outer loop
      vertex -2.42197 -10.7442 5.72205e-07
      vertex -2.61334 -10.6427 5.72205e-07
      vertex -2.63487 -10.6208 5.72205e-07
    endloop
  endfacet
  facet normal -0 0 -1
    outer loop
      vertex -2.25427 -9.28941 5.72205e-07
      vertex -2.645 -9.45952 5.72205e-07
      vertex -2.26746 -9.2877 5.72205e-07
    endloop
  endfacet
  facet normal 0 -0 -1
    outer loop
      vertex -2.63155 -9.44142 5.72205e-07
      vertex -2.26746 -9.2877 5.72205e-07
      vertex -2.645 -9.45952 5.72205e-07
    endloop
  endfacet
  facet normal 0 0 -1
    outer loop
      vertex -2.38831 -10.7499 5.72205e-07
      vertex -2.63487 -10.6208 5.72205e-07
      vertex -2.65501 -10.5974 5.72205e-07
    endloop
  endfacet
  facet normal -0 0 -1
    outer loop
      vertex -2.26746 -9.2877 5.72205e-07
      vertex -2.63155 -9.44142 5.72205e-07
      vertex -2.28069 -9.2863 5.72205e-07
    endloop
  endfacet
  facet normal 0 0 -1
    outer loop
      vertex -2.38831 -10.7499 5.72205e-07
      vertex -2.65501 -10.5974 5.72205e-07
      vertex -2.67375 -10.5723 5.72205e-07
    endloop
  endfacet
  facet normal 0 -0 -1
    outer loop
      vertex -2.61752 -9.42404 5.72205e-07
      vertex -2.28069 -9.2863 5.72205e-07
      vertex -2.63155 -9.44142 5.72205e-07
    endloop
  endfacet
  facet normal -0 0 -1
    outer loop
      vertex -2.29398 -9.2852 5.72205e-07
      vertex -2.61752 -9.42404 5.72205e-07
      vertex -2.30733 -9.28442 5.72205e-07
    endloop
  endfacet
  facet normal 0 0 -1
    outer loop
      vertex -2.35303 -10.7534 5.72205e-07
      vertex -2.67375 -10.5723 5.72205e-07
      vertex -2.69112 -10.5455 5.72205e-07
    endloop
  endfacet
  facet normal 0 -0 -1
    outer loop
      vertex -2.60292 -9.40741 5.72205e-07
      vertex -2.30733 -9.28442 5.72205e-07
      vertex -2.61752 -9.42404 5.72205e-07
    endloop
  endfacet
  facet normal 0 0 -1
    outer loop
      vertex -2.31615 -10.7545 5.72205e-07
      vertex -2.69112 -10.5455 5.72205e-07
      vertex -2.70714 -10.5173 5.72205e-07
    endloop
  endfacet
  facet normal -0 0 -1
    outer loop
      vertex -2.30733 -9.28442 5.72205e-07
      vertex -2.60292 -9.40741 5.72205e-07
      vertex -2.32074 -9.28397 5.72205e-07
    endloop
  endfacet
  facet normal 0 -0 -1
    outer loop
      vertex -2.5556 -9.36293 5.72205e-07
      vertex -2.3342 -9.2838 5.72205e-07
      vertex -2.57198 -9.37679 5.72205e-07
    endloop
  endfacet
  facet normal 0 0 -1
    outer loop
      vertex -2.20284 -10.7383 5.72205e-07
      vertex -2.70714 -10.5173 5.72205e-07
      vertex -2.72189 -10.4877 5.72205e-07
    endloop
  endfacet
  facet normal 0 0 -1
    outer loop
      vertex -2.44473 -9.3008 5.72205e-07
      vertex -2.48418 -9.31712 5.72205e-07
      vertex -2.4648 -9.30829 5.72205e-07
    endloop
  endfacet
  facet normal 0 0 -1
    outer loop
      vertex -2.17336 -10.7298 5.72205e-07
      vertex -2.72189 -10.4877 5.72205e-07
      vertex -2.73537 -10.4569 5.72205e-07
    endloop
  endfacet
  facet normal 0 0 -1
    outer loop
      vertex -2.40256 -9.28992 5.72205e-07
      vertex -2.50293 -9.32713 5.72205e-07
      vertex -2.42398 -9.29468 5.72205e-07
    endloop
  endfacet
  facet normal 0 0 -1
    outer loop
      vertex -2.35767 -9.28448 5.72205e-07
      vertex -2.52109 -9.3381 5.72205e-07
      vertex -2.38045 -9.28653 5.72205e-07
    endloop
  endfacet
  facet normal 0 0 -1
    outer loop
      vertex -2.14377 -10.7199 5.72205e-07
      vertex -2.73537 -10.4569 5.72205e-07
      vertex -2.74757 -10.4248 5.72205e-07
    endloop
  endfacet
  facet normal 0 0 -1
    outer loop
      vertex -2.44473 -9.3008 5.72205e-07
      vertex -2.50293 -9.32713 5.72205e-07
      vertex -2.48418 -9.31712 5.72205e-07
    endloop
  endfacet
  facet normal 0 0 -1
    outer loop
      vertex -2.11406 -10.7087 5.72205e-07
      vertex -2.74757 -10.4248 5.72205e-07
      vertex -2.7585 -10.3913 5.72205e-07
    endloop
  endfacet
  facet normal 0 0 -1
    outer loop
      vertex -2.42398 -9.29468 5.72205e-07
      vertex -2.50293 -9.32713 5.72205e-07
      vertex -2.44473 -9.3008 5.72205e-07
    endloop
  endfacet
  facet normal 0 0 -1
    outer loop
      vertex -2.38045 -9.28653 5.72205e-07
      vertex -2.50293 -9.32713 5.72205e-07
      vertex -2.40256 -9.28992 5.72205e-07
    endloop
  endfacet
  facet normal 0 0 -1
    outer loop
      vertex -2.09923 -10.7026 5.72205e-07
      vertex -2.7585 -10.3913 5.72205e-07
      vertex -2.76814 -10.3566 5.72205e-07
    endloop
  endfacet
  facet normal 0 -0 -1
    outer loop
      vertex -2.50293 -9.32713 5.72205e-07
      vertex -2.38045 -9.28653 5.72205e-07
      vertex -2.52109 -9.3381 5.72205e-07
    endloop
  endfacet
  facet normal 0 0 -1
    outer loop
      vertex -2.05522 -10.6826 5.72205e-07
      vertex -2.76814 -10.3566 5.72205e-07
      vertex -2.77652 -10.3205 5.72205e-07
    endloop
  endfacet
  facet normal 0 -0 -1
    outer loop
      vertex -2.52109 -9.3381 5.72205e-07
      vertex -2.35767 -9.28448 5.72205e-07
      vertex -2.53864 -9.35004 5.72205e-07
    endloop
  endfacet
  facet normal 0 0 -1
    outer loop
      vertex -2.3342 -9.2838 5.72205e-07
      vertex -2.53864 -9.35004 5.72205e-07
      vertex -2.35767 -9.28448 5.72205e-07
    endloop
  endfacet
  facet normal 0 0 -1
    outer loop
      vertex -2.02632 -10.6679 5.72205e-07
      vertex -2.77652 -10.3205 5.72205e-07
      vertex -2.78371 -10.2835 5.72205e-07
    endloop
  endfacet
  facet normal 0 0 -1
    outer loop
      vertex -2.57198 -9.37679 5.72205e-07
      vertex -2.60292 -9.40741 5.72205e-07
      vertex -2.58774 -9.39162 5.72205e-07
    endloop
  endfacet
  facet normal 0 0 -1
    outer loop
      vertex -1.98376 -10.644 5.72205e-07
      vertex -2.78371 -10.2835 5.72205e-07
      vertex -2.78978 -10.2459 5.72205e-07
    endloop
  endfacet
  facet normal 0 -0 -1
    outer loop
      vertex -2.53864 -9.35004 5.72205e-07
      vertex -2.3342 -9.2838 5.72205e-07
      vertex -2.5556 -9.36293 5.72205e-07
    endloop
  endfacet
  facet normal -0 0 -1
    outer loop
      vertex -2.32074 -9.28397 5.72205e-07
      vertex -2.57198 -9.37679 5.72205e-07
      vertex -2.3342 -9.2838 5.72205e-07
    endloop
  endfacet
  facet normal 0 0 -1
    outer loop
      vertex -1.95622 -10.6274 5.72205e-07
      vertex -2.78978 -10.2459 5.72205e-07
      vertex -2.79475 -10.2077 5.72205e-07
    endloop
  endfacet
  facet normal 0 -0 -1
    outer loop
      vertex -2.57198 -9.37679 5.72205e-07
      vertex -2.32074 -9.28397 5.72205e-07
      vertex -2.60292 -9.40741 5.72205e-07
    endloop
  endfacet
  facet normal 0 0 -1
    outer loop
      vertex -1.92934 -10.6104 5.72205e-07
      vertex -2.79475 -10.2077 5.72205e-07
      vertex -2.79863 -10.169 5.72205e-07
    endloop
  endfacet
  facet normal -0 0 -1
    outer loop
      vertex -2.28069 -9.2863 5.72205e-07
      vertex -2.61752 -9.42404 5.72205e-07
      vertex -2.29398 -9.2852 5.72205e-07
    endloop
  endfacet
  facet normal -0 0 -1
    outer loop
      vertex -2.20097 -9.29977 5.72205e-07
      vertex -2.67024 -9.49796 5.72205e-07
      vertex -2.21457 -9.2966 5.72205e-07
    endloop
  endfacet
  facet normal 0 0 -1
    outer loop
      vertex -1.91615 -10.6018 5.72205e-07
      vertex -2.79863 -10.169 5.72205e-07
      vertex -2.80139 -10.1296 5.72205e-07
    endloop
  endfacet
  facet normal -0 0 -1
    outer loop
      vertex -2.14464 -9.31644 5.72205e-07
      vertex -2.69321 -9.53934 5.72205e-07
      vertex -2.15903 -9.31168 5.72205e-07
    endloop
  endfacet
  facet normal 0 0 -1
    outer loop
      vertex -1.91615 -10.6018 5.72205e-07
      vertex -2.80139 -10.1296 5.72205e-07
      vertex -2.80304 -10.0896 5.72205e-07
    endloop
  endfacet
  facet normal -0 0 -1
    outer loop
      vertex -1.99884 -9.37961 5.72205e-07
      vertex -2.76239 -9.72423 5.72205e-07
      vertex -2.01685 -9.37067 5.72205e-07
    endloop
  endfacet
  facet normal 0 0 -1
    outer loop
      vertex -1.91615 -10.6018 5.72205e-07
      vertex -2.80264 -10.0002 5.72205e-07
      vertex -2.80144 -9.97554 5.72205e-07
    endloop
  endfacet
  facet normal 0 0 -1
    outer loop
      vertex -1.91615 -10.6018 5.72205e-07
      vertex -2.80304 -10.0896 5.72205e-07
      vertex -2.8036 -10.049 5.72205e-07
    endloop
  endfacet
  facet normal 0 0 -1
    outer loop
      vertex -1.91615 -10.6018 5.72205e-07
      vertex -2.80336 -10.0247 5.72205e-07
      vertex -2.80264 -10.0002 5.72205e-07
    endloop
  endfacet
  facet normal 0 0 -1
    outer loop
      vertex -1.91615 -10.6018 5.72205e-07
      vertex -2.8036 -10.049 5.72205e-07
      vertex -2.80336 -10.0247 5.72205e-07
    endloop
  endfacet
  facet normal 0 0 -1
    outer loop
      vertex -1.98642 -9.01619 5.72205e-07
      vertex -1.54126 -8.97688 5.72205e-07
      vertex -1.94276 -9.03384 5.72205e-07
    endloop
  endfacet
  facet normal -0 0 -1
    outer loop
      vertex -1.54126 -8.97688 5.72205e-07
      vertex -2.03075 -9.00119 5.72205e-07
      vertex -1.52 -7.63301 5.72205e-07
    endloop
  endfacet
  facet normal 0 0 -1
    outer loop
      vertex -2.07588 -8.98848 5.72205e-07
      vertex -1.52 -7.63301 5.72205e-07
      vertex -2.03075 -9.00119 5.72205e-07
    endloop
  endfacet
  facet normal -0 0 -1
    outer loop
      vertex -1.52 -7.63301 5.72205e-07
      vertex -2.12201 -8.97772 5.72205e-07
      vertex -1.57438 -7.59668 5.72205e-07
    endloop
  endfacet
  facet normal 0 0 -1
    outer loop
      vertex -2.12201 -8.97772 5.72205e-07
      vertex -1.52 -7.63301 5.72205e-07
      vertex -2.07588 -8.98848 5.72205e-07
    endloop
  endfacet
  facet normal 0 0 -1
    outer loop
      vertex 0.708557 -9.78378 5.72205e-07
      vertex 0.943253 -10.449 5.72205e-07
      vertex 0.93631 -10.4504 5.72205e-07
    endloop
  endfacet
  facet normal 0 0 -1
    outer loop
      vertex 0.407166 -9.14771 5.72205e-07
      vertex 0.880753 -9.7421 5.72205e-07
      vertex 0.708557 -9.78378 5.72205e-07
    endloop
  endfacet
  facet normal 0 0 -1
    outer loop
      vertex 0.880753 -9.7421 5.72205e-07
      vertex 0.407166 -9.14771 5.72205e-07
      vertex 0.880753 -8.97688 5.72205e-07
    endloop
  endfacet
  facet normal 0 0 -1
    outer loop
      vertex -0.295532 -8.97688 5.72205e-07
      vertex 0.916446 -7.55355 5.72205e-07
      vertex 0.407166 -9.14771 5.72205e-07
    endloop
  endfacet
  facet normal -0 0 -1
    outer loop
      vertex 0.916446 -7.55355 5.72205e-07
      vertex -0.295532 -8.97688 5.72205e-07
      vertex 0.873322 -7.50438 5.72205e-07
    endloop
  endfacet
  facet normal -0 0 -1
    outer loop
      vertex 0.873322 -7.50438 5.72205e-07
      vertex -0.295532 -8.97688 5.72205e-07
      vertex 0.836987 -7.45 5.72205e-07
    endloop
  endfacet
  facet normal 0 0 -1
    outer loop
      vertex -0.77 -7.2 5.72205e-07
      vertex 0.836987 -7.45 5.72205e-07
      vertex -0.295532 -8.97688 5.72205e-07
    endloop
  endfacet
  facet normal 0 0 -1
    outer loop
      vertex 0.80806 -7.39134 5.72205e-07
      vertex -0.77 -7.2 5.72205e-07
      vertex 0.787037 -7.32941 5.72205e-07
    endloop
  endfacet
  facet normal 0 0 -1
    outer loop
      vertex 0.836987 -7.45 5.72205e-07
      vertex -0.77 -7.2 5.72205e-07
      vertex 0.80806 -7.39134 5.72205e-07
    endloop
  endfacet
  facet normal 0 0 -1
    outer loop
      vertex 0.943253 -10.449 5.72205e-07
      vertex 0.708557 -9.78378 5.72205e-07
      vertex 0.880753 -9.7421 5.72205e-07
    endloop
  endfacet
  facet normal -0 0 -1
    outer loop
      vertex 2.28952 -3.20813 5.72205e-07
      vertex 1.33526 -6.70428 5.72205e-07
      vertex 2.225 -3.17631 5.72205e-07
    endloop
  endfacet
  facet normal 0 0 -1
    outer loop
      vertex 1.95 2.7 5.72205e-07
      vertex 1.76572 7.13474 5.72205e-07
      vertex 1.77 7.2 5.72205e-07
    endloop
  endfacet
  facet normal 0 0 -1
    outer loop
      vertex 1.27 -6.7 5.72205e-07
      vertex 2.225 -3.17631 5.72205e-07
      vertex 1.33526 -6.70428 5.72205e-07
    endloop
  endfacet
  facet normal 0 0 -1
    outer loop
      vertex 1.95 2.7 5.72205e-07
      vertex 1.75296 7.07059 5.72205e-07
      vertex 1.76572 7.13474 5.72205e-07
    endloop
  endfacet
  facet normal -0 0 -1
    outer loop
      vertex 2.225 -3.17631 5.72205e-07
      vertex 1.27 -6.7 5.72205e-07
      vertex 2.16518 -3.13634 5.72205e-07
    endloop
  endfacet
  facet normal 0 0 -1
    outer loop
      vertex 1.95 2.7 5.72205e-07
      vertex 1.73194 7.00866 5.72205e-07
      vertex 1.75296 7.07059 5.72205e-07
    endloop
  endfacet
  facet normal 0 0 -1
    outer loop
      vertex 1.20474 -6.70428 5.72205e-07
      vertex 2.16518 -3.13634 5.72205e-07
      vertex 1.27 -6.7 5.72205e-07
    endloop
  endfacet
  facet normal 0 0 -1
    outer loop
      vertex 1.95 2.7 5.72205e-07
      vertex 1.70301 6.95 5.72205e-07
      vertex 1.73194 7.00866 5.72205e-07
    endloop
  endfacet
  facet normal -0 0 -1
    outer loop
      vertex 2.16518 -3.13634 5.72205e-07
      vertex 1.20474 -6.70428 5.72205e-07
      vertex 2.11109 -3.08891 5.72205e-07
    endloop
  endfacet
  facet normal 0 0 -1
    outer loop
      vertex 1.95 2.7 5.72205e-07
      vertex 1.66668 6.89562 5.72205e-07
      vertex 1.70301 6.95 5.72205e-07
    endloop
  endfacet
  facet normal 0 0 -1
    outer loop
      vertex 1.14059 -6.71704 5.72205e-07
      vertex 2.11109 -3.08891 5.72205e-07
      vertex 1.20474 -6.70428 5.72205e-07
    endloop
  endfacet
  facet normal 0 0 -1
    outer loop
      vertex 1.95 2.7 5.72205e-07
      vertex 1.62355 6.84645 5.72205e-07
      vertex 1.66668 6.89562 5.72205e-07
    endloop
  endfacet
  facet normal -0 0 -1
    outer loop
      vertex 2.11109 -3.08891 5.72205e-07
      vertex 1.14059 -6.71704 5.72205e-07
      vertex 2.06365 -3.03482 5.72205e-07
    endloop
  endfacet
  facet normal 0 0 -1
    outer loop
      vertex 1.95 2.7 5.72205e-07
      vertex 1.57438 6.80332 5.72205e-07
      vertex 1.62355 6.84645 5.72205e-07
    endloop
  endfacet
  facet normal 0 0 -1
    outer loop
      vertex 1.07866 -6.73806 5.72205e-07
      vertex 2.06365 -3.03482 5.72205e-07
      vertex 1.14059 -6.71704 5.72205e-07
    endloop
  endfacet
  facet normal 0 0 -1
    outer loop
      vertex 1.95 2.7 5.72205e-07
      vertex 1.52 6.76699 5.72205e-07
      vertex 1.57438 6.80332 5.72205e-07
    endloop
  endfacet
  facet normal -0 0 -1
    outer loop
      vertex 2.06365 -3.03482 5.72205e-07
      vertex 1.07866 -6.73806 5.72205e-07
      vertex 2.02369 -2.975 5.72205e-07
    endloop
  endfacet
  facet normal 0 0 -1
    outer loop
      vertex 1.95 2.7 5.72205e-07
      vertex 1.46134 6.73806 5.72205e-07
      vertex 1.52 6.76699 5.72205e-07
    endloop
  endfacet
  facet normal 0 0 -1
    outer loop
      vertex 1.02 -6.76699 5.72205e-07
      vertex 2.02369 -2.975 5.72205e-07
      vertex 1.07866 -6.73806 5.72205e-07
    endloop
  endfacet
  facet normal 0 0 -1
    outer loop
      vertex 1.95 2.7 5.72205e-07
      vertex 1.39941 6.71704 5.72205e-07
      vertex 1.46134 6.73806 5.72205e-07
    endloop
  endfacet
  facet normal -0 0 -1
    outer loop
      vertex 2.02369 -2.975 5.72205e-07
      vertex 1.02 -6.76699 5.72205e-07
      vertex 1.99187 -2.91048 5.72205e-07
    endloop
  endfacet
  facet normal 0 0 -1
    outer loop
      vertex 1.95 2.7 5.72205e-07
      vertex 1.33526 6.70428 5.72205e-07
      vertex 1.39941 6.71704 5.72205e-07
    endloop
  endfacet
  facet normal 0 0 -1
    outer loop
      vertex 0.965619 -6.80332 5.72205e-07
      vertex 1.99187 -2.91048 5.72205e-07
      vertex 1.02 -6.76699 5.72205e-07
    endloop
  endfacet
  facet normal 0 0 -1
    outer loop
      vertex 1.95 2.7 5.72205e-07
      vertex 1.27 6.7 5.72205e-07
      vertex 1.33526 6.70428 5.72205e-07
    endloop
  endfacet
  facet normal -0 0 -1
    outer loop
      vertex 1.99187 -2.91048 5.72205e-07
      vertex 0.965619 -6.80332 5.72205e-07
      vertex 1.96874 -2.84235 5.72205e-07
    endloop
  endfacet
  facet normal 0 0 -1
    outer loop
      vertex 1.95 2.7 5.72205e-07
      vertex 1.20474 6.70428 5.72205e-07
      vertex 1.27 6.7 5.72205e-07
    endloop
  endfacet
  facet normal 0 0 -1
    outer loop
      vertex 0.916446 -6.84645 5.72205e-07
      vertex 1.96874 -2.84235 5.72205e-07
      vertex 0.965619 -6.80332 5.72205e-07
    endloop
  endfacet
  facet normal 0 0 -1
    outer loop
      vertex 1.95 2.7 5.72205e-07
      vertex 1.14059 6.71704 5.72205e-07
      vertex 1.20474 6.70428 5.72205e-07
    endloop
  endfacet
  facet normal 0 0 -1
    outer loop
      vertex 0.873322 -6.89562 5.72205e-07
      vertex 1.96874 -2.84235 5.72205e-07
      vertex 0.916446 -6.84645 5.72205e-07
    endloop
  endfacet
  facet normal 0 0 -1
    outer loop
      vertex 1.95 2.7 5.72205e-07
      vertex 1.07866 6.73806 5.72205e-07
      vertex 1.14059 6.71704 5.72205e-07
    endloop
  endfacet
  facet normal -0 0 -1
    outer loop
      vertex 1.96874 -2.84235 5.72205e-07
      vertex 0.873322 -6.89562 5.72205e-07
      vertex 1.95471 -2.77179 5.72205e-07
    endloop
  endfacet
  facet normal 0 0 -1
    outer loop
      vertex 1.95 2.7 5.72205e-07
      vertex 1.02 6.76699 5.72205e-07
      vertex 1.07866 6.73806 5.72205e-07
    endloop
  endfacet
  facet normal 0 0 -1
    outer loop
      vertex 0.836987 -6.95 5.72205e-07
      vertex 1.95471 -2.77179 5.72205e-07
      vertex 0.873322 -6.89562 5.72205e-07
    endloop
  endfacet
  facet normal 0 0 -1
    outer loop
      vertex 1.95 2.7 5.72205e-07
      vertex 0.965619 6.80332 5.72205e-07
      vertex 1.02 6.76699 5.72205e-07
    endloop
  endfacet
  facet normal -0 0 -1
    outer loop
      vertex 1.95471 -2.77179 5.72205e-07
      vertex 0.836987 -6.95 5.72205e-07
      vertex 1.95 -2.7 5.72205e-07
    endloop
  endfacet
  facet normal 0 0 -1
    outer loop
      vertex 1.95 2.7 5.72205e-07
      vertex 0.916446 6.84645 5.72205e-07
      vertex 0.965619 6.80332 5.72205e-07
    endloop
  endfacet
  facet normal 0 0 -1
    outer loop
      vertex 0.80806 -7.00866 5.72205e-07
      vertex 1.95 -2.7 5.72205e-07
      vertex 0.836987 -6.95 5.72205e-07
    endloop
  endfacet
  facet normal 0 0 -1
    outer loop
      vertex 1.95 2.7 5.72205e-07
      vertex 0.873322 6.89562 5.72205e-07
      vertex 0.916446 6.84645 5.72205e-07
    endloop
  endfacet
  facet normal -0 0 -1
    outer loop
      vertex 1.95 -2.7 5.72205e-07
      vertex 0.80806 -7.00866 5.72205e-07
      vertex 1.95 2.7 5.72205e-07
    endloop
  endfacet
  facet normal 0 0 -1
    outer loop
      vertex 1.95 2.7 5.72205e-07
      vertex 0.836987 6.95 5.72205e-07
      vertex 0.873322 6.89562 5.72205e-07
    endloop
  endfacet
  facet normal 0 0 -1
    outer loop
      vertex 0.80806 7.00866 5.72205e-07
      vertex 1.95 2.7 5.72205e-07
      vertex 0.80806 -7.00866 5.72205e-07
    endloop
  endfacet
  facet normal 0 0 -1
    outer loop
      vertex 1.95 2.7 5.72205e-07
      vertex 0.80806 7.00866 5.72205e-07
      vertex 0.836987 6.95 5.72205e-07
    endloop
  endfacet
  facet normal 0 0 -1
    outer loop
      vertex 0.787037 -7.07059 5.72205e-07
      vertex 0.80806 7.00866 5.72205e-07
      vertex 0.80806 -7.00866 5.72205e-07
    endloop
  endfacet
  facet normal 0 0 -1
    outer loop
      vertex 0.787037 -7.07059 5.72205e-07
      vertex 0.787037 7.07059 5.72205e-07
      vertex 0.80806 7.00866 5.72205e-07
    endloop
  endfacet
  facet normal 0 0 -1
    outer loop
      vertex 0.774277 -7.13474 5.72205e-07
      vertex 0.787037 7.07059 5.72205e-07
      vertex 0.787037 -7.07059 5.72205e-07
    endloop
  endfacet
  facet normal 0 0 -1
    outer loop
      vertex 0.774277 -7.13474 5.72205e-07
      vertex 0.774277 7.13474 5.72205e-07
      vertex 0.787037 7.07059 5.72205e-07
    endloop
  endfacet
  facet normal 0 0 -1
    outer loop
      vertex 0.77 -7.2 5.72205e-07
      vertex 0.774277 7.13474 5.72205e-07
      vertex 0.774277 -7.13474 5.72205e-07
    endloop
  endfacet
  facet normal -0 0 -1
    outer loop
      vertex 0.774277 7.13474 5.72205e-07
      vertex 0.77 -7.2 5.72205e-07
      vertex 0.77 7.2 5.72205e-07
    endloop
  endfacet
  facet normal 0 0 -1
    outer loop
      vertex 3.04529 2.62821 5.72205e-07
      vertex 12.65 12.65 5.72205e-07
      vertex 3.04529 -2.62821 5.72205e-07
    endloop
  endfacet
  facet normal 0 0 -1
    outer loop
      vertex 12.65 12.65 5.72205e-07
      vertex 3.04529 2.62821 5.72205e-07
      vertex 3.05 2.7 5.72205e-07
    endloop
  endfacet
  facet normal 0 0 -1
    outer loop
      vertex 3.03126 -2.55765 5.72205e-07
      vertex 3.04529 2.62821 5.72205e-07
      vertex 3.04529 -2.62821 5.72205e-07
    endloop
  endfacet
  facet normal 0 0 -1
    outer loop
      vertex 3.03126 -2.55765 5.72205e-07
      vertex 3.03126 2.55765 5.72205e-07
      vertex 3.04529 2.62821 5.72205e-07
    endloop
  endfacet
  facet normal 0 0 -1
    outer loop
      vertex 3.00813 -2.48952 5.72205e-07
      vertex 3.03126 2.55765 5.72205e-07
      vertex 3.03126 -2.55765 5.72205e-07
    endloop
  endfacet
  facet normal 0 0 -1
    outer loop
      vertex 3.00813 -2.48952 5.72205e-07
      vertex 3.00813 2.48952 5.72205e-07
      vertex 3.03126 2.55765 5.72205e-07
    endloop
  endfacet
  facet normal 0 0 -1
    outer loop
      vertex 2.97631 -2.425 5.72205e-07
      vertex 3.00813 2.48952 5.72205e-07
      vertex 3.00813 -2.48952 5.72205e-07
    endloop
  endfacet
  facet normal 0 0 -1
    outer loop
      vertex 2.97631 -2.425 5.72205e-07
      vertex 2.97631 2.425 5.72205e-07
      vertex 3.00813 2.48952 5.72205e-07
    endloop
  endfacet
  facet normal 0 0 -1
    outer loop
      vertex 2.93634 -2.36518 5.72205e-07
      vertex 2.97631 2.425 5.72205e-07
      vertex 2.97631 -2.425 5.72205e-07
    endloop
  endfacet
  facet normal 0 0 -1
    outer loop
      vertex 2.93634 -2.36518 5.72205e-07
      vertex 2.93634 2.36518 5.72205e-07
      vertex 2.97631 2.425 5.72205e-07
    endloop
  endfacet
  facet normal 0 0 -1
    outer loop
      vertex 2.88891 -2.31109 5.72205e-07
      vertex 2.93634 2.36518 5.72205e-07
      vertex 2.93634 -2.36518 5.72205e-07
    endloop
  endfacet
  facet normal 0 0 -1
    outer loop
      vertex 2.88891 -2.31109 5.72205e-07
      vertex 2.88891 2.31109 5.72205e-07
      vertex 2.93634 2.36518 5.72205e-07
    endloop
  endfacet
  facet normal 0 0 -1
    outer loop
      vertex 2.83482 -2.26366 5.72205e-07
      vertex 2.88891 2.31109 5.72205e-07
      vertex 2.88891 -2.31109 5.72205e-07
    endloop
  endfacet
  facet normal 0 0 -1
    outer loop
      vertex 2.83482 -2.26366 5.72205e-07
      vertex 2.83482 2.26366 5.72205e-07
      vertex 2.88891 2.31109 5.72205e-07
    endloop
  endfacet
  facet normal 0 0 -1
    outer loop
      vertex 2.775 -2.22369 5.72205e-07
      vertex 2.83482 2.26366 5.72205e-07
      vertex 2.83482 -2.26366 5.72205e-07
    endloop
  endfacet
  facet normal 0 0 -1
    outer loop
      vertex 2.775 -2.22369 5.72205e-07
      vertex 2.775 2.22369 5.72205e-07
      vertex 2.83482 2.26366 5.72205e-07
    endloop
  endfacet
  facet normal 0 0 -1
    outer loop
      vertex 2.71047 -2.19187 5.72205e-07
      vertex 2.775 2.22369 5.72205e-07
      vertex 2.775 -2.22369 5.72205e-07
    endloop
  endfacet
  facet normal 0 0 -1
    outer loop
      vertex 2.71047 -2.19187 5.72205e-07
      vertex 2.71047 2.19187 5.72205e-07
      vertex 2.775 2.22369 5.72205e-07
    endloop
  endfacet
  facet normal 0 0 -1
    outer loop
      vertex 2.64235 -2.16874 5.72205e-07
      vertex 2.71047 2.19187 5.72205e-07
      vertex 2.71047 -2.19187 5.72205e-07
    endloop
  endfacet
  facet normal 0 0 -1
    outer loop
      vertex 2.64235 -2.16874 5.72205e-07
      vertex 2.64235 2.16874 5.72205e-07
      vertex 2.71047 2.19187 5.72205e-07
    endloop
  endfacet
  facet normal 0 0 -1
    outer loop
      vertex 2.57179 -2.15471 5.72205e-07
      vertex 2.64235 2.16874 5.72205e-07
      vertex 2.64235 -2.16874 5.72205e-07
    endloop
  endfacet
  facet normal 0 0 -1
    outer loop
      vertex 2.57179 -2.15471 5.72205e-07
      vertex 2.57179 2.15471 5.72205e-07
      vertex 2.64235 2.16874 5.72205e-07
    endloop
  endfacet
  facet normal 0 0 -1
    outer loop
      vertex 2.5 -2.15 5.72205e-07
      vertex 2.57179 2.15471 5.72205e-07
      vertex 2.57179 -2.15471 5.72205e-07
    endloop
  endfacet
  facet normal 0 0 -1
    outer loop
      vertex 2.5 -2.15 5.72205e-07
      vertex 2.5 2.15 5.72205e-07
      vertex 2.57179 2.15471 5.72205e-07
    endloop
  endfacet
  facet normal 0 0 -1
    outer loop
      vertex 2.42821 -2.15471 5.72205e-07
      vertex 2.5 2.15 5.72205e-07
      vertex 2.5 -2.15 5.72205e-07
    endloop
  endfacet
  facet normal 0 0 -1
    outer loop
      vertex 2.42821 -2.15471 5.72205e-07
      vertex 2.42821 2.15471 5.72205e-07
      vertex 2.5 2.15 5.72205e-07
    endloop
  endfacet
  facet normal 0 0 -1
    outer loop
      vertex 2.35765 -2.16874 5.72205e-07
      vertex 2.42821 2.15471 5.72205e-07
      vertex 2.42821 -2.15471 5.72205e-07
    endloop
  endfacet
  facet normal 0 0 -1
    outer loop
      vertex 2.35765 -2.16874 5.72205e-07
      vertex 2.35765 2.16874 5.72205e-07
      vertex 2.42821 2.15471 5.72205e-07
    endloop
  endfacet
  facet normal 0 0 -1
    outer loop
      vertex 2.28952 -2.19187 5.72205e-07
      vertex 2.35765 2.16874 5.72205e-07
      vertex 2.35765 -2.16874 5.72205e-07
    endloop
  endfacet
  facet normal 0 0 -1
    outer loop
      vertex 2.28952 -2.19187 5.72205e-07
      vertex 2.28952 2.19187 5.72205e-07
      vertex 2.35765 2.16874 5.72205e-07
    endloop
  endfacet
  facet normal 0 0 -1
    outer loop
      vertex 2.225 -2.22369 5.72205e-07
      vertex 2.28952 2.19187 5.72205e-07
      vertex 2.28952 -2.19187 5.72205e-07
    endloop
  endfacet
  facet normal 0 0 -1
    outer loop
      vertex 2.225 -2.22369 5.72205e-07
      vertex 2.225 2.22369 5.72205e-07
      vertex 2.28952 2.19187 5.72205e-07
    endloop
  endfacet
  facet normal 0 0 -1
    outer loop
      vertex 2.16518 -2.26366 5.72205e-07
      vertex 2.225 2.22369 5.72205e-07
      vertex 2.225 -2.22369 5.72205e-07
    endloop
  endfacet
  facet normal 0 0 -1
    outer loop
      vertex 2.16518 -2.26366 5.72205e-07
      vertex 2.16518 2.26366 5.72205e-07
      vertex 2.225 2.22369 5.72205e-07
    endloop
  endfacet
  facet normal 0 0 -1
    outer loop
      vertex 2.11109 -2.31109 5.72205e-07
      vertex 2.16518 2.26366 5.72205e-07
      vertex 2.16518 -2.26366 5.72205e-07
    endloop
  endfacet
  facet normal 0 0 -1
    outer loop
      vertex 2.11109 -2.31109 5.72205e-07
      vertex 2.11109 2.31109 5.72205e-07
      vertex 2.16518 2.26366 5.72205e-07
    endloop
  endfacet
  facet normal 0 0 -1
    outer loop
      vertex 2.06365 -2.36518 5.72205e-07
      vertex 2.11109 2.31109 5.72205e-07
      vertex 2.11109 -2.31109 5.72205e-07
    endloop
  endfacet
  facet normal 0 0 -1
    outer loop
      vertex 2.06365 -2.36518 5.72205e-07
      vertex 2.06365 2.36518 5.72205e-07
      vertex 2.11109 2.31109 5.72205e-07
    endloop
  endfacet
  facet normal 0 0 -1
    outer loop
      vertex 2.02369 -2.425 5.72205e-07
      vertex 2.06365 2.36518 5.72205e-07
      vertex 2.06365 -2.36518 5.72205e-07
    endloop
  endfacet
  facet normal 0 0 -1
    outer loop
      vertex 2.02369 -2.425 5.72205e-07
      vertex 2.02369 2.425 5.72205e-07
      vertex 2.06365 2.36518 5.72205e-07
    endloop
  endfacet
  facet normal 0 0 -1
    outer loop
      vertex 1.99187 -2.48952 5.72205e-07
      vertex 2.02369 2.425 5.72205e-07
      vertex 2.02369 -2.425 5.72205e-07
    endloop
  endfacet
  facet normal 0 0 -1
    outer loop
      vertex 1.99187 -2.48952 5.72205e-07
      vertex 1.99187 2.48952 5.72205e-07
      vertex 2.02369 2.425 5.72205e-07
    endloop
  endfacet
  facet normal 0 0 -1
    outer loop
      vertex 1.96874 -2.55765 5.72205e-07
      vertex 1.99187 2.48952 5.72205e-07
      vertex 1.99187 -2.48952 5.72205e-07
    endloop
  endfacet
  facet normal 0 0 -1
    outer loop
      vertex 1.96874 -2.55765 5.72205e-07
      vertex 1.96874 2.55765 5.72205e-07
      vertex 1.99187 2.48952 5.72205e-07
    endloop
  endfacet
  facet normal 0 0 -1
    outer loop
      vertex 1.95471 -2.62821 5.72205e-07
      vertex 1.96874 2.55765 5.72205e-07
      vertex 1.96874 -2.55765 5.72205e-07
    endloop
  endfacet
  facet normal 0 0 -1
    outer loop
      vertex 1.95471 -2.62821 5.72205e-07
      vertex 1.95471 2.62821 5.72205e-07
      vertex 1.96874 2.55765 5.72205e-07
    endloop
  endfacet
  facet normal 0 0 -1
    outer loop
      vertex 1.95 -2.7 5.72205e-07
      vertex 1.95471 2.62821 5.72205e-07
      vertex 1.95471 -2.62821 5.72205e-07
    endloop
  endfacet
  facet normal -0 0 -1
    outer loop
      vertex 1.95471 2.62821 5.72205e-07
      vertex 1.95 -2.7 5.72205e-07
      vertex 1.95 2.7 5.72205e-07
    endloop
  endfacet
  facet normal 0 0 -1
    outer loop
      vertex 12.65 -12.65 5.72205e-07
      vertex 3.04529 -2.77179 5.72205e-07
      vertex 3.05 -2.7 5.72205e-07
    endloop
  endfacet
  facet normal 0 0 -1
    outer loop
      vertex 12.65 -12.65 5.72205e-07
      vertex 3.03126 -2.84235 5.72205e-07
      vertex 3.04529 -2.77179 5.72205e-07
    endloop
  endfacet
  facet normal 0 0 -1
    outer loop
      vertex 12.65 -12.65 5.72205e-07
      vertex 3.00813 -2.91048 5.72205e-07
      vertex 3.03126 -2.84235 5.72205e-07
    endloop
  endfacet
  facet normal 0 0 -1
    outer loop
      vertex 3.35966 -8.97688 5.72205e-07
      vertex 2.97631 -2.975 5.72205e-07
      vertex 3.00813 -2.91048 5.72205e-07
    endloop
  endfacet
  facet normal 0 0 -1
    outer loop
      vertex 3.35966 -8.97688 5.72205e-07
      vertex 2.93634 -3.03482 5.72205e-07
      vertex 2.97631 -2.975 5.72205e-07
    endloop
  endfacet
  facet normal 0 0 -1
    outer loop
      vertex 3.35966 -8.97688 5.72205e-07
      vertex 2.88891 -3.08891 5.72205e-07
      vertex 2.93634 -3.03482 5.72205e-07
    endloop
  endfacet
  facet normal 0 0 -1
    outer loop
      vertex 1.75296 -7.32941 5.72205e-07
      vertex 3.35966 -8.97688 5.72205e-07
      vertex 2.8847 -8.97688 5.72205e-07
    endloop
  endfacet
  facet normal 0 0 -1
    outer loop
      vertex 1.76572 -7.13474 5.72205e-07
      vertex 3.35966 -8.97688 5.72205e-07
      vertex 1.77 -7.2 5.72205e-07
    endloop
  endfacet
  facet normal 0 0 -1
    outer loop
      vertex 3.35966 -8.97688 5.72205e-07
      vertex 2.83482 -3.13634 5.72205e-07
      vertex 2.88891 -3.08891 5.72205e-07
    endloop
  endfacet
  facet normal 0 0 -1
    outer loop
      vertex 2.02226 -8.97688 5.72205e-07
      vertex 2.8847 -8.97688 5.72205e-07
      vertex 2.7236 -9.5699 5.72205e-07
    endloop
  endfacet
  facet normal 0 0 -1
    outer loop
      vertex 1.75296 -7.07059 5.72205e-07
      vertex 3.35966 -8.97688 5.72205e-07
      vertex 1.76572 -7.13474 5.72205e-07
    endloop
  endfacet
  facet normal 0 0 -1
    outer loop
      vertex 3.35966 -8.97688 5.72205e-07
      vertex 1.75296 -7.07059 5.72205e-07
      vertex 2.83482 -3.13634 5.72205e-07
    endloop
  endfacet
  facet normal 0 0 -1
    outer loop
      vertex 1.73194 -7.00866 5.72205e-07
      vertex 2.83482 -3.13634 5.72205e-07
      vertex 1.75296 -7.07059 5.72205e-07
    endloop
  endfacet
  facet normal 0 0 -1
    outer loop
      vertex 2.83482 -3.13634 5.72205e-07
      vertex 1.73194 -7.00866 5.72205e-07
      vertex 2.775 -3.17631 5.72205e-07
    endloop
  endfacet
  facet normal 0 0 -1
    outer loop
      vertex 1.70301 -6.95 5.72205e-07
      vertex 2.775 -3.17631 5.72205e-07
      vertex 1.73194 -7.00866 5.72205e-07
    endloop
  endfacet
  facet normal 0 0 -1
    outer loop
      vertex 2.775 -3.17631 5.72205e-07
      vertex 1.70301 -6.95 5.72205e-07
      vertex 2.71047 -3.20813 5.72205e-07
    endloop
  endfacet
  facet normal 0 0 -1
    outer loop
      vertex 1.66668 -6.89562 5.72205e-07
      vertex 2.71047 -3.20813 5.72205e-07
      vertex 1.70301 -6.95 5.72205e-07
    endloop
  endfacet
  facet normal 0 0 -1
    outer loop
      vertex 2.71047 -3.20813 5.72205e-07
      vertex 1.66668 -6.89562 5.72205e-07
      vertex 2.64235 -3.23126 5.72205e-07
    endloop
  endfacet
  facet normal 0 0 -1
    outer loop
      vertex 2.02226 -8.97688 5.72205e-07
      vertex 2.7236 -9.5699 5.72205e-07
      vertex 2.17918 -9.5699 5.72205e-07
    endloop
  endfacet
  facet normal 0 0 -1
    outer loop
      vertex 1.62355 -6.84645 5.72205e-07
      vertex 2.64235 -3.23126 5.72205e-07
      vertex 1.66668 -6.89562 5.72205e-07
    endloop
  endfacet
  facet normal 0 0 -1
    outer loop
      vertex 2.64235 -3.23126 5.72205e-07
      vertex 1.62355 -6.84645 5.72205e-07
      vertex 2.57179 -3.24529 5.72205e-07
    endloop
  endfacet
  facet normal 0 0 -1
    outer loop
      vertex 1.57438 -6.80332 5.72205e-07
      vertex 2.57179 -3.24529 5.72205e-07
      vertex 1.62355 -6.84645 5.72205e-07
    endloop
  endfacet
  facet normal 0 0 -1
    outer loop
      vertex 2.57179 -3.24529 5.72205e-07
      vertex 1.57438 -6.80332 5.72205e-07
      vertex 2.5 -3.25 5.72205e-07
    endloop
  endfacet
  facet normal 0 0 -1
    outer loop
      vertex 1.66668 -7.50438 5.72205e-07
      vertex 2.8847 -8.97688 5.72205e-07
      vertex 2.02226 -8.97688 5.72205e-07
    endloop
  endfacet
  facet normal 0 0 -1
    outer loop
      vertex 1.52 -6.76699 5.72205e-07
      vertex 2.5 -3.25 5.72205e-07
      vertex 1.57438 -6.80332 5.72205e-07
    endloop
  endfacet
  facet normal -0 0 -1
    outer loop
      vertex 2.5 -3.25 5.72205e-07
      vertex 1.52 -6.76699 5.72205e-07
      vertex 2.42821 -3.24529 5.72205e-07
    endloop
  endfacet
  facet normal 0 0 -1
    outer loop
      vertex 1.46134 -6.73806 5.72205e-07
      vertex 2.42821 -3.24529 5.72205e-07
      vertex 1.52 -6.76699 5.72205e-07
    endloop
  endfacet
  facet normal -0 0 -1
    outer loop
      vertex 2.42821 -3.24529 5.72205e-07
      vertex 1.46134 -6.73806 5.72205e-07
      vertex 2.35765 -3.23126 5.72205e-07
    endloop
  endfacet
  facet normal -0 0 -1
    outer loop
      vertex 2.35765 -3.23126 5.72205e-07
      vertex 1.39941 -6.71704 5.72205e-07
      vertex 2.28952 -3.20813 5.72205e-07
    endloop
  endfacet
  facet normal 0 0 -1
    outer loop
      vertex 1.39941 -6.71704 5.72205e-07
      vertex 2.35765 -3.23126 5.72205e-07
      vertex 1.46134 -6.73806 5.72205e-07
    endloop
  endfacet
  facet normal 0 0 -1
    outer loop
      vertex 3.35966 -8.97688 5.72205e-07
      vertex 1.76572 -7.26526 5.72205e-07
      vertex 1.77 -7.2 5.72205e-07
    endloop
  endfacet
  facet normal 0 0 -1
    outer loop
      vertex 3.35966 -8.97688 5.72205e-07
      vertex 1.75296 -7.32941 5.72205e-07
      vertex 1.76572 -7.26526 5.72205e-07
    endloop
  endfacet
  facet normal 0 0 -1
    outer loop
      vertex 2.8847 -8.97688 5.72205e-07
      vertex 1.73194 -7.39134 5.72205e-07
      vertex 1.75296 -7.32941 5.72205e-07
    endloop
  endfacet
  facet normal 0 0 -1
    outer loop
      vertex 2.8847 -8.97688 5.72205e-07
      vertex 1.70301 -7.45 5.72205e-07
      vertex 1.73194 -7.39134 5.72205e-07
    endloop
  endfacet
  facet normal 0 0 -1
    outer loop
      vertex 2.8847 -8.97688 5.72205e-07
      vertex 1.66668 -7.50438 5.72205e-07
      vertex 1.70301 -7.45 5.72205e-07
    endloop
  endfacet
  facet normal 0 0 -1
    outer loop
      vertex 2.02226 -8.97688 5.72205e-07
      vertex 1.62355 -7.55355 5.72205e-07
      vertex 1.66668 -7.50438 5.72205e-07
    endloop
  endfacet
  facet normal 0 0 -1
    outer loop
      vertex 2.02226 -8.97688 5.72205e-07
      vertex 1.57438 -7.59668 5.72205e-07
      vertex 1.62355 -7.55355 5.72205e-07
    endloop
  endfacet
  facet normal 0 0 -1
    outer loop
      vertex 1.46134 -7.66194 5.72205e-07
      vertex 2.02226 -8.97688 5.72205e-07
      vertex 1.56812 -8.97688 5.72205e-07
    endloop
  endfacet
  facet normal 0 0 -1
    outer loop
      vertex 2.02226 -8.97688 5.72205e-07
      vertex 1.52 -7.63301 5.72205e-07
      vertex 1.57438 -7.59668 5.72205e-07
    endloop
  endfacet
  facet normal 0 0 -1
    outer loop
      vertex 3.00813 -2.91048 5.72205e-07
      vertex 12.65 -12.65 5.72205e-07
      vertex 3.35966 -8.97688 5.72205e-07
    endloop
  endfacet
  facet normal 0 0 -1
    outer loop
      vertex 12.65 -12.65 5.72205e-07
      vertex 2.69441 -11.0948 5.72205e-07
      vertex 3.35966 -8.97688 5.72205e-07
    endloop
  endfacet
  facet normal 0 0 -1
    outer loop
      vertex 1.34045 -11.0962 5.72205e-07
      vertex 2.69441 -11.0948 5.72205e-07
      vertex 12.65 -12.65 5.72205e-07
    endloop
  endfacet
  facet normal 0 0 -1
    outer loop
      vertex 1.34045 -11.0962 5.72205e-07
      vertex 2.12086 -10.7601 5.72205e-07
      vertex 2.16946 -11.0517 5.72205e-07
    endloop
  endfacet
  facet normal 0 0 -1
    outer loop
      vertex 2.02226 -8.97688 5.72205e-07
      vertex 1.46134 -7.66194 5.72205e-07
      vertex 1.52 -7.63301 5.72205e-07
    endloop
  endfacet
  facet normal 0 0 -1
    outer loop
      vertex 1.56812 -8.97688 5.72205e-07
      vertex 1.39941 -7.68296 5.72205e-07
      vertex 1.46134 -7.66194 5.72205e-07
    endloop
  endfacet
  facet normal 0 0 -1
    outer loop
      vertex 2.12086 -10.7601 5.72205e-07
      vertex 1.34045 -8.97688 5.72205e-07
      vertex 1.56812 -8.97688 5.72205e-07
    endloop
  endfacet
  facet normal 0 0 -1
    outer loop
      vertex 1.34045 -8.97688 5.72205e-07
      vertex 2.12086 -10.7601 5.72205e-07
      vertex 1.34045 -11.0962 5.72205e-07
    endloop
  endfacet
  facet normal -0 0 -1
    outer loop
      vertex 2.69441 -11.0948 5.72205e-07
      vertex 1.34045 -11.0962 5.72205e-07
      vertex 2.16946 -11.0517 5.72205e-07
    endloop
  endfacet
  facet normal 0 0 -1
    outer loop
      vertex -0.285812 -11.0934 5.72205e-07
      vertex 1.34045 -11.0962 5.72205e-07
      vertex 12.65 -12.65 5.72205e-07
    endloop
  endfacet
  facet normal -0 0 -1
    outer loop
      vertex 0.398849 -10.0865 5.72205e-07
      vertex 0.19191 -10.0893 5.72205e-07
      vertex 0.296066 -9.6685 5.72205e-07
    endloop
  endfacet
  facet normal 0 0 -1
    outer loop
      vertex 0.85437 -11.0531 5.72205e-07
      vertex 0.19191 -10.0893 5.72205e-07
      vertex 0.398849 -10.0865 5.72205e-07
    endloop
  endfacet
  facet normal -0 0 -1
    outer loop
      vertex 0.85437 -11.0531 5.72205e-07
      vertex -0.285812 -11.0934 5.72205e-07
      vertex 0.19191 -10.0893 5.72205e-07
    endloop
  endfacet
  facet normal 0 0 -1
    outer loop
      vertex 1.34045 -11.0962 5.72205e-07
      vertex -0.285812 -11.0934 5.72205e-07
      vertex 0.85437 -11.0531 5.72205e-07
    endloop
  endfacet
  facet normal 0 0 -1
    outer loop
      vertex -12.65 -12.65 5.72205e-07
      vertex -0.285812 -11.0934 5.72205e-07
      vertex 12.65 -12.65 5.72205e-07
    endloop
  endfacet
  facet normal 0 0 -1
    outer loop
      vertex -1.07866 -7.66194 5.72205e-07
      vertex -0.742737 -8.97688 5.72205e-07
      vertex -1.0524 -8.97688 5.72205e-07
    endloop
  endfacet
  facet normal 0 0 -1
    outer loop
      vertex -0.742737 -8.97688 5.72205e-07
      vertex -0.80806 -7.39134 5.72205e-07
      vertex -0.787037 -7.32941 5.72205e-07
    endloop
  endfacet
  facet normal 0 0 -1
    outer loop
      vertex -0.742737 -8.97688 5.72205e-07
      vertex -0.836987 -7.45 5.72205e-07
      vertex -0.80806 -7.39134 5.72205e-07
    endloop
  endfacet
  facet normal 0 0 -1
    outer loop
      vertex -0.742737 -8.97688 5.72205e-07
      vertex -0.873322 -7.50438 5.72205e-07
      vertex -0.836987 -7.45 5.72205e-07
    endloop
  endfacet
  facet normal 0 0 -1
    outer loop
      vertex -0.742737 -8.97688 5.72205e-07
      vertex -0.916446 -7.55355 5.72205e-07
      vertex -0.873322 -7.50438 5.72205e-07
    endloop
  endfacet
  facet normal 0 0 -1
    outer loop
      vertex -0.742737 -8.97688 5.72205e-07
      vertex -0.965619 -7.59668 5.72205e-07
      vertex -0.916446 -7.55355 5.72205e-07
    endloop
  endfacet
  facet normal -0 0 -1
    outer loop
      vertex -0.742737 -10.7309 5.72205e-07
      vertex -1.0524 -11.0948 5.72205e-07
      vertex -1.0524 -8.97688 5.72205e-07
    endloop
  endfacet
  facet normal -0 0 -1
    outer loop
      vertex -0.285812 -11.0934 5.72205e-07
      vertex -1.0524 -11.0948 5.72205e-07
      vertex -0.784393 -11.0517 5.72205e-07
    endloop
  endfacet
  facet normal 0 0 -1
    outer loop
      vertex -0.285812 -11.0934 5.72205e-07
      vertex -12.65 -12.65 5.72205e-07
      vertex -1.0524 -11.0948 5.72205e-07
    endloop
  endfacet
  facet normal 0 0 -1
    outer loop
      vertex -1.91615 -10.6018 5.72205e-07
      vertex -1.54126 -10.7309 5.72205e-07
      vertex -1.71062 -10.8434 5.72205e-07
    endloop
  endfacet
  facet normal 0 0 -1
    outer loop
      vertex -1.81569 -9.10258 5.72205e-07
      vertex -1.54126 -8.97688 5.72205e-07
      vertex -1.77464 -9.13078 5.72205e-07
    endloop
  endfacet
  facet normal 0 0 -1
    outer loop
      vertex -1.85739 -9.07704 5.72205e-07
      vertex -1.54126 -8.97688 5.72205e-07
      vertex -1.81569 -9.10258 5.72205e-07
    endloop
  endfacet
  facet normal 0 0 -1
    outer loop
      vertex -1.5871 -11.0517 5.72205e-07
      vertex -1.74637 -10.8756 5.72205e-07
      vertex -1.71062 -10.8434 5.72205e-07
    endloop
  endfacet
  facet normal 0 0 -1
    outer loop
      vertex -1.5871 -11.0517 5.72205e-07
      vertex -1.7838 -10.9056 5.72205e-07
      vertex -1.74637 -10.8756 5.72205e-07
    endloop
  endfacet
  facet normal 0 0 -1
    outer loop
      vertex -1.5871 -11.0517 5.72205e-07
      vertex -1.82291 -10.9333 5.72205e-07
      vertex -1.7838 -10.9056 5.72205e-07
    endloop
  endfacet
  facet normal 0 0 -1
    outer loop
      vertex -1.5871 -11.0517 5.72205e-07
      vertex -1.86368 -10.9588 5.72205e-07
      vertex -1.82291 -10.9333 5.72205e-07
    endloop
  endfacet
  facet normal 0 0 -1
    outer loop
      vertex -1.5871 -11.0517 5.72205e-07
      vertex -1.90611 -10.9821 5.72205e-07
      vertex -1.86368 -10.9588 5.72205e-07
    endloop
  endfacet
  facet normal 0 0 -1
    outer loop
      vertex -1.5871 -11.0517 5.72205e-07
      vertex -1.95023 -11.0031 5.72205e-07
      vertex -1.90611 -10.9821 5.72205e-07
    endloop
  endfacet
  facet normal 0 0 -1
    outer loop
      vertex -1.5871 -11.0517 5.72205e-07
      vertex -1.99602 -11.0219 5.72205e-07
      vertex -1.95023 -11.0031 5.72205e-07
    endloop
  endfacet
  facet normal 0 -0 -1
    outer loop
      vertex -2.23729 -11.0786 5.72205e-07
      vertex -1.0524 -11.0948 5.72205e-07
      vertex -2.28749 -11.0824 5.72205e-07
    endloop
  endfacet
  facet normal 0 0 -1
    outer loop
      vertex -1.5871 -11.0517 5.72205e-07
      vertex -2.04297 -11.0383 5.72205e-07
      vertex -1.99602 -11.0219 5.72205e-07
    endloop
  endfacet
  facet normal -0 0 -1
    outer loop
      vertex -1.5871 -11.0517 5.72205e-07
      vertex -2.09058 -11.0521 5.72205e-07
      vertex -2.04297 -11.0383 5.72205e-07
    endloop
  endfacet
  facet normal 0 0 -1
    outer loop
      vertex -1.5871 -11.0517 5.72205e-07
      vertex -2.13882 -11.0635 5.72205e-07
      vertex -2.09058 -11.0521 5.72205e-07
    endloop
  endfacet
  facet normal 0 0 -1
    outer loop
      vertex -1.5871 -11.0517 5.72205e-07
      vertex -2.18773 -11.0723 5.72205e-07
      vertex -2.13882 -11.0635 5.72205e-07
    endloop
  endfacet
  facet normal 0 0 -1
    outer loop
      vertex -1.5871 -11.0517 5.72205e-07
      vertex -2.23729 -11.0786 5.72205e-07
      vertex -2.18773 -11.0723 5.72205e-07
    endloop
  endfacet
  facet normal 0 0 -1
    outer loop
      vertex -1.0524 -11.0948 5.72205e-07
      vertex -2.23729 -11.0786 5.72205e-07
      vertex -1.5871 -11.0517 5.72205e-07
    endloop
  endfacet
  facet normal 0 -0 -1
    outer loop
      vertex -2.33836 -11.0837 5.72205e-07
      vertex -1.0524 -11.0948 5.72205e-07
      vertex -12.65 -12.65 5.72205e-07
    endloop
  endfacet
  facet normal 0 0 -1
    outer loop
      vertex -1.0524 -11.0948 5.72205e-07
      vertex -2.33836 -11.0837 5.72205e-07
      vertex -2.28749 -11.0824 5.72205e-07
    endloop
  endfacet
  facet normal -0 0 -1
    outer loop
      vertex -2.33836 -11.0837 5.72205e-07
      vertex -12.65 -12.65 5.72205e-07
      vertex -2.40686 -11.082 5.72205e-07
    endloop
  endfacet
  facet normal -0 0 -1
    outer loop
      vertex -3.28851 -10.1043 5.72205e-07
      vertex -12.65 -12.65 5.72205e-07
      vertex -3.28967 -10.0448 5.72205e-07
    endloop
  endfacet
  facet normal -0 0 -1
    outer loop
      vertex -3.28503 -10.163 5.72205e-07
      vertex -12.65 -12.65 5.72205e-07
      vertex -3.28851 -10.1043 5.72205e-07
    endloop
  endfacet
  facet normal -0 0 -1
    outer loop
      vertex -3.27922 -10.2208 5.72205e-07
      vertex -12.65 -12.65 5.72205e-07
      vertex -3.28503 -10.163 5.72205e-07
    endloop
  endfacet
  facet normal -0 0 -1
    outer loop
      vertex -3.27109 -10.2777 5.72205e-07
      vertex -12.65 -12.65 5.72205e-07
      vertex -3.27922 -10.2208 5.72205e-07
    endloop
  endfacet
  facet normal -0 0 -1
    outer loop
      vertex -3.26064 -10.3338 5.72205e-07
      vertex -12.65 -12.65 5.72205e-07
      vertex -3.27109 -10.2777 5.72205e-07
    endloop
  endfacet
  facet normal -0 0 -1
    outer loop
      vertex -3.24785 -10.389 5.72205e-07
      vertex -12.65 -12.65 5.72205e-07
      vertex -3.26064 -10.3338 5.72205e-07
    endloop
  endfacet
  facet normal -0 0 -1
    outer loop
      vertex -3.23274 -10.4434 5.72205e-07
      vertex -12.65 -12.65 5.72205e-07
      vertex -3.24785 -10.389 5.72205e-07
    endloop
  endfacet
  facet normal -0 0 -1
    outer loop
      vertex -3.21524 -10.4964 5.72205e-07
      vertex -12.65 -12.65 5.72205e-07
      vertex -3.23274 -10.4434 5.72205e-07
    endloop
  endfacet
  facet normal -0 0 -1
    outer loop
      vertex -3.19527 -10.5476 5.72205e-07
      vertex -12.65 -12.65 5.72205e-07
      vertex -3.21524 -10.4964 5.72205e-07
    endloop
  endfacet
  facet normal -0 0 -1
    outer loop
      vertex -3.17284 -10.5968 5.72205e-07
      vertex -12.65 -12.65 5.72205e-07
      vertex -3.19527 -10.5476 5.72205e-07
    endloop
  endfacet
  facet normal -0 0 -1
    outer loop
      vertex -3.14795 -10.6441 5.72205e-07
      vertex -12.65 -12.65 5.72205e-07
      vertex -3.17284 -10.5968 5.72205e-07
    endloop
  endfacet
  facet normal -0 0 -1
    outer loop
      vertex -3.12057 -10.6895 5.72205e-07
      vertex -12.65 -12.65 5.72205e-07
      vertex -3.14795 -10.6441 5.72205e-07
    endloop
  endfacet
  facet normal -0 0 -1
    outer loop
      vertex -3.09076 -10.733 5.72205e-07
      vertex -12.65 -12.65 5.72205e-07
      vertex -3.12057 -10.6895 5.72205e-07
    endloop
  endfacet
  facet normal -0 0 -1
    outer loop
      vertex -3.05846 -10.7747 5.72205e-07
      vertex -12.65 -12.65 5.72205e-07
      vertex -3.09076 -10.733 5.72205e-07
    endloop
  endfacet
  facet normal -0 0 -1
    outer loop
      vertex -3.02367 -10.8141 5.72205e-07
      vertex -12.65 -12.65 5.72205e-07
      vertex -3.05846 -10.7747 5.72205e-07
    endloop
  endfacet
  facet normal -0 0 -1
    outer loop
      vertex -2.98636 -10.8512 5.72205e-07
      vertex -12.65 -12.65 5.72205e-07
      vertex -3.02367 -10.8141 5.72205e-07
    endloop
  endfacet
  facet normal -0 0 -1
    outer loop
      vertex -2.94652 -10.8858 5.72205e-07
      vertex -12.65 -12.65 5.72205e-07
      vertex -2.98636 -10.8512 5.72205e-07
    endloop
  endfacet
  facet normal -0 0 -1
    outer loop
      vertex -2.90416 -10.9181 5.72205e-07
      vertex -12.65 -12.65 5.72205e-07
      vertex -2.94652 -10.8858 5.72205e-07
    endloop
  endfacet
  facet normal -0 0 -1
    outer loop
      vertex -2.85927 -10.9479 5.72205e-07
      vertex -12.65 -12.65 5.72205e-07
      vertex -2.90416 -10.9181 5.72205e-07
    endloop
  endfacet
  facet normal -0 0 -1
    outer loop
      vertex -2.81187 -10.9753 5.72205e-07
      vertex -12.65 -12.65 5.72205e-07
      vertex -2.85927 -10.9479 5.72205e-07
    endloop
  endfacet
  facet normal -0 0 -1
    outer loop
      vertex -2.76193 -11.0004 5.72205e-07
      vertex -12.65 -12.65 5.72205e-07
      vertex -2.81187 -10.9753 5.72205e-07
    endloop
  endfacet
  facet normal -0 0 -1
    outer loop
      vertex -2.70943 -11.0224 5.72205e-07
      vertex -12.65 -12.65 5.72205e-07
      vertex -2.76193 -11.0004 5.72205e-07
    endloop
  endfacet
  facet normal -0 0 -1
    outer loop
      vertex -2.65424 -11.0412 5.72205e-07
      vertex -12.65 -12.65 5.72205e-07
      vertex -2.70943 -11.0224 5.72205e-07
    endloop
  endfacet
  facet normal -0 0 -1
    outer loop
      vertex -2.59639 -11.0565 5.72205e-07
      vertex -12.65 -12.65 5.72205e-07
      vertex -2.65424 -11.0412 5.72205e-07
    endloop
  endfacet
  facet normal -0 0 -1
    outer loop
      vertex -2.53587 -11.0684 5.72205e-07
      vertex -12.65 -12.65 5.72205e-07
      vertex -2.59639 -11.0565 5.72205e-07
    endloop
  endfacet
  facet normal -0 0 -1
    outer loop
      vertex -2.4727 -11.0769 5.72205e-07
      vertex -12.65 -12.65 5.72205e-07
      vertex -2.53587 -11.0684 5.72205e-07
    endloop
  endfacet
  facet normal -0 0 -1
    outer loop
      vertex -2.40686 -11.082 5.72205e-07
      vertex -12.65 -12.65 5.72205e-07
      vertex -2.4727 -11.0769 5.72205e-07
    endloop
  endfacet
  facet normal 0 0 -1
    outer loop
      vertex 3.04529 -2.62821 5.72205e-07
      vertex 12.65 -12.65 5.72205e-07
      vertex 3.05 -2.7 5.72205e-07
    endloop
  endfacet
  facet normal 0 0 -1
    outer loop
      vertex 12.65 -12.65 5.72205e-07
      vertex 3.04529 -2.62821 5.72205e-07
      vertex 12.65 12.65 5.72205e-07
    endloop
  endfacet
  facet normal 0 0 -1
    outer loop
      vertex 3.04529 2.77179 5.72205e-07
      vertex 12.65 12.65 5.72205e-07
      vertex 3.05 2.7 5.72205e-07
    endloop
  endfacet
  facet normal 0 0 -1
    outer loop
      vertex 3.03126 2.84235 5.72205e-07
      vertex 12.65 12.65 5.72205e-07
      vertex 3.04529 2.77179 5.72205e-07
    endloop
  endfacet
  facet normal 0 0 -1
    outer loop
      vertex 3.00813 2.91048 5.72205e-07
      vertex 12.65 12.65 5.72205e-07
      vertex 3.03126 2.84235 5.72205e-07
    endloop
  endfacet
  facet normal 0 0 -1
    outer loop
      vertex 2.97631 2.975 5.72205e-07
      vertex 12.65 12.65 5.72205e-07
      vertex 3.00813 2.91048 5.72205e-07
    endloop
  endfacet
  facet normal 0 0 -1
    outer loop
      vertex 2.93634 3.03482 5.72205e-07
      vertex 12.65 12.65 5.72205e-07
      vertex 2.97631 2.975 5.72205e-07
    endloop
  endfacet
  facet normal 0 0 -1
    outer loop
      vertex 1.77 7.2 5.72205e-07
      vertex 2.93634 3.03482 5.72205e-07
      vertex 2.88891 3.08891 5.72205e-07
    endloop
  endfacet
  facet normal 0 0 -1
    outer loop
      vertex 1.77 7.2 5.72205e-07
      vertex 2.88891 3.08891 5.72205e-07
      vertex 2.83482 3.13634 5.72205e-07
    endloop
  endfacet
  facet normal 0 0 -1
    outer loop
      vertex 1.77 7.2 5.72205e-07
      vertex 2.83482 3.13634 5.72205e-07
      vertex 2.775 3.17631 5.72205e-07
    endloop
  endfacet
  facet normal 0 0 -1
    outer loop
      vertex 1.77 7.2 5.72205e-07
      vertex 2.775 3.17631 5.72205e-07
      vertex 2.71047 3.20813 5.72205e-07
    endloop
  endfacet
  facet normal 0 0 -1
    outer loop
      vertex 1.77 7.2 5.72205e-07
      vertex 2.71047 3.20813 5.72205e-07
      vertex 2.64235 3.23126 5.72205e-07
    endloop
  endfacet
  facet normal 0 0 -1
    outer loop
      vertex 1.77 7.2 5.72205e-07
      vertex 2.64235 3.23126 5.72205e-07
      vertex 2.57179 3.24529 5.72205e-07
    endloop
  endfacet
  facet normal 0 0 -1
    outer loop
      vertex 1.77 7.2 5.72205e-07
      vertex 2.57179 3.24529 5.72205e-07
      vertex 2.5 3.25 5.72205e-07
    endloop
  endfacet
  facet normal 0 0 -1
    outer loop
      vertex 1.77 7.2 5.72205e-07
      vertex 2.5 3.25 5.72205e-07
      vertex 2.42821 3.24529 5.72205e-07
    endloop
  endfacet
  facet normal 0 0 -1
    outer loop
      vertex 1.77 7.2 5.72205e-07
      vertex 2.42821 3.24529 5.72205e-07
      vertex 2.35765 3.23126 5.72205e-07
    endloop
  endfacet
  facet normal 0 0 -1
    outer loop
      vertex 1.77 7.2 5.72205e-07
      vertex 2.35765 3.23126 5.72205e-07
      vertex 2.28952 3.20813 5.72205e-07
    endloop
  endfacet
  facet normal 0 0 -1
    outer loop
      vertex 1.77 7.2 5.72205e-07
      vertex 2.28952 3.20813 5.72205e-07
      vertex 2.225 3.17631 5.72205e-07
    endloop
  endfacet
  facet normal 0 0 -1
    outer loop
      vertex 1.77 7.2 5.72205e-07
      vertex 2.225 3.17631 5.72205e-07
      vertex 2.16518 3.13634 5.72205e-07
    endloop
  endfacet
  facet normal 0 0 -1
    outer loop
      vertex 1.77 7.2 5.72205e-07
      vertex 2.16518 3.13634 5.72205e-07
      vertex 2.11109 3.08891 5.72205e-07
    endloop
  endfacet
  facet normal 0 0 -1
    outer loop
      vertex 1.33526 -6.70428 5.72205e-07
      vertex 2.28952 -3.20813 5.72205e-07
      vertex 1.39941 -6.71704 5.72205e-07
    endloop
  endfacet
  facet normal 0 0 -1
    outer loop
      vertex 1.77 7.2 5.72205e-07
      vertex 1.95471 2.77179 5.72205e-07
      vertex 1.95 2.7 5.72205e-07
    endloop
  endfacet
  facet normal 0 0 -1
    outer loop
      vertex 1.77 7.2 5.72205e-07
      vertex 1.96874 2.84235 5.72205e-07
      vertex 1.95471 2.77179 5.72205e-07
    endloop
  endfacet
  facet normal 0 0 -1
    outer loop
      vertex 1.77 7.2 5.72205e-07
      vertex 1.99187 2.91048 5.72205e-07
      vertex 1.96874 2.84235 5.72205e-07
    endloop
  endfacet
  facet normal 0 0 -1
    outer loop
      vertex 1.77 7.2 5.72205e-07
      vertex 2.02369 2.975 5.72205e-07
      vertex 1.99187 2.91048 5.72205e-07
    endloop
  endfacet
  facet normal 0 0 -1
    outer loop
      vertex 1.77 7.2 5.72205e-07
      vertex 2.06365 3.03482 5.72205e-07
      vertex 2.02369 2.975 5.72205e-07
    endloop
  endfacet
  facet normal 0 0 -1
    outer loop
      vertex 1.77 7.2 5.72205e-07
      vertex 2.11109 3.08891 5.72205e-07
      vertex 2.06365 3.03482 5.72205e-07
    endloop
  endfacet
  facet normal 0 0 -1
    outer loop
      vertex 2.93634 3.03482 5.72205e-07
      vertex 1.77 7.2 5.72205e-07
      vertex 12.65 12.65 5.72205e-07
    endloop
  endfacet
  facet normal 0 0 -1
    outer loop
      vertex 1.76572 7.26526 5.72205e-07
      vertex 12.65 12.65 5.72205e-07
      vertex 1.77 7.2 5.72205e-07
    endloop
  endfacet
  facet normal 0 0 -1
    outer loop
      vertex 1.75296 7.32941 5.72205e-07
      vertex 12.65 12.65 5.72205e-07
      vertex 1.76572 7.26526 5.72205e-07
    endloop
  endfacet
  facet normal 0 0 -1
    outer loop
      vertex 1.73194 7.39134 5.72205e-07
      vertex 12.65 12.65 5.72205e-07
      vertex 1.75296 7.32941 5.72205e-07
    endloop
  endfacet
  facet normal 0 0 -1
    outer loop
      vertex 1.70301 7.45 5.72205e-07
      vertex 12.65 12.65 5.72205e-07
      vertex 1.73194 7.39134 5.72205e-07
    endloop
  endfacet
  facet normal 0 0 -1
    outer loop
      vertex 1.66668 7.50438 5.72205e-07
      vertex 12.65 12.65 5.72205e-07
      vertex 1.70301 7.45 5.72205e-07
    endloop
  endfacet
  facet normal 0 0 -1
    outer loop
      vertex 1.62355 7.55355 5.72205e-07
      vertex 12.65 12.65 5.72205e-07
      vertex 1.66668 7.50438 5.72205e-07
    endloop
  endfacet
  facet normal 0 0 -1
    outer loop
      vertex 1.57438 7.59668 5.72205e-07
      vertex 12.65 12.65 5.72205e-07
      vertex 1.62355 7.55355 5.72205e-07
    endloop
  endfacet
  facet normal 0 0 -1
    outer loop
      vertex 1.52 7.63301 5.72205e-07
      vertex 12.65 12.65 5.72205e-07
      vertex 1.57438 7.59668 5.72205e-07
    endloop
  endfacet
  facet normal 0 0 -1
    outer loop
      vertex 1.46134 7.66194 5.72205e-07
      vertex 12.65 12.65 5.72205e-07
      vertex 1.52 7.63301 5.72205e-07
    endloop
  endfacet
  facet normal 0 0 -1
    outer loop
      vertex 1.39941 7.68296 5.72205e-07
      vertex 12.65 12.65 5.72205e-07
      vertex 1.46134 7.66194 5.72205e-07
    endloop
  endfacet
  facet normal 0 0 -1
    outer loop
      vertex 1.33526 7.69572 5.72205e-07
      vertex 12.65 12.65 5.72205e-07
      vertex 1.39941 7.68296 5.72205e-07
    endloop
  endfacet
  facet normal 0 0 -1
    outer loop
      vertex 1.27 7.7 5.72205e-07
      vertex 12.65 12.65 5.72205e-07
      vertex 1.33526 7.69572 5.72205e-07
    endloop
  endfacet
  facet normal 0 0 -1
    outer loop
      vertex 1.20474 7.69572 5.72205e-07
      vertex 12.65 12.65 5.72205e-07
      vertex 1.27 7.7 5.72205e-07
    endloop
  endfacet
  facet normal 0 0 -1
    outer loop
      vertex -1.20474 7.69572 5.72205e-07
      vertex 1.20474 7.69572 5.72205e-07
      vertex 1.14059 7.68296 5.72205e-07
    endloop
  endfacet
  facet normal 0 0 -1
    outer loop
      vertex -1.14059 7.68296 5.72205e-07
      vertex 1.14059 7.68296 5.72205e-07
      vertex 1.07866 7.66194 5.72205e-07
    endloop
  endfacet
  facet normal 0 0 -1
    outer loop
      vertex 0.77 -7.2 5.72205e-07
      vertex 0.549999 -2.7 5.72205e-07
      vertex 0.77 7.2 5.72205e-07
    endloop
  endfacet
  facet normal 0 0 -1
    outer loop
      vertex 0.549999 2.7 5.72205e-07
      vertex 0.77 7.2 5.72205e-07
      vertex 0.549999 -2.7 5.72205e-07
    endloop
  endfacet
  facet normal 0 0 -1
    outer loop
      vertex 0.545294 2.77179 5.72205e-07
      vertex 0.77 7.2 5.72205e-07
      vertex 0.549999 2.7 5.72205e-07
    endloop
  endfacet
  facet normal 0 0 -1
    outer loop
      vertex 0.531259 2.84235 5.72205e-07
      vertex 0.77 7.2 5.72205e-07
      vertex 0.545294 2.77179 5.72205e-07
    endloop
  endfacet
  facet normal 0 0 -1
    outer loop
      vertex 0.508133 2.91048 5.72205e-07
      vertex 0.77 7.2 5.72205e-07
      vertex 0.531259 2.84235 5.72205e-07
    endloop
  endfacet
  facet normal 0 0 -1
    outer loop
      vertex 0.476314 2.975 5.72205e-07
      vertex 0.77 7.2 5.72205e-07
      vertex 0.508133 2.91048 5.72205e-07
    endloop
  endfacet
  facet normal 0 0 -1
    outer loop
      vertex 0.436344 3.03482 5.72205e-07
      vertex 0.77 7.2 5.72205e-07
      vertex 0.476314 2.975 5.72205e-07
    endloop
  endfacet
  facet normal 0 0 -1
    outer loop
      vertex 0.388908 3.08891 5.72205e-07
      vertex 0.77 7.2 5.72205e-07
      vertex 0.436344 3.03482 5.72205e-07
    endloop
  endfacet
  facet normal 0 0 -1
    outer loop
      vertex 0.334818 3.13634 5.72205e-07
      vertex 0.77 7.2 5.72205e-07
      vertex 0.388908 3.08891 5.72205e-07
    endloop
  endfacet
  facet normal 0 0 -1
    outer loop
      vertex 0.275 3.17631 5.72205e-07
      vertex 0.77 7.2 5.72205e-07
      vertex 0.334818 3.13634 5.72205e-07
    endloop
  endfacet
  facet normal 0 0 -1
    outer loop
      vertex 0.210475 3.20813 5.72205e-07
      vertex 0.77 7.2 5.72205e-07
      vertex 0.275 3.17631 5.72205e-07
    endloop
  endfacet
  facet normal 0 0 -1
    outer loop
      vertex 0.14235 3.23126 5.72205e-07
      vertex 0.77 7.2 5.72205e-07
      vertex 0.210475 3.20813 5.72205e-07
    endloop
  endfacet
  facet normal 0 0 -1
    outer loop
      vertex 0.0717888 3.24529 5.72205e-07
      vertex 0.77 7.2 5.72205e-07
      vertex 0.14235 3.23126 5.72205e-07
    endloop
  endfacet
  facet normal 0 0 -1
    outer loop
      vertex 0 3.25 5.72205e-07
      vertex 0.77 7.2 5.72205e-07
      vertex 0.0717888 3.24529 5.72205e-07
    endloop
  endfacet
  facet normal 0 0 -1
    outer loop
      vertex -0.77 7.2 5.72205e-07
      vertex 0.77 7.2 5.72205e-07
      vertex 0 3.25 5.72205e-07
    endloop
  endfacet
  facet normal 0 0 -1
    outer loop
      vertex -0.77 7.2 5.72205e-07
      vertex 0 3.25 5.72205e-07
      vertex -0.0717888 3.24529 5.72205e-07
    endloop
  endfacet
  facet normal 0 0 -1
    outer loop
      vertex 0.77 7.2 5.72205e-07
      vertex -0.77 7.2 5.72205e-07
      vertex 0.774277 7.26526 5.72205e-07
    endloop
  endfacet
  facet normal 0 0 -1
    outer loop
      vertex -0.77 7.2 5.72205e-07
      vertex -0.0717888 3.24529 5.72205e-07
      vertex -0.14235 3.23126 5.72205e-07
    endloop
  endfacet
  facet normal 0 0 -1
    outer loop
      vertex -0.77 7.2 5.72205e-07
      vertex -0.14235 3.23126 5.72205e-07
      vertex -0.210475 3.20813 5.72205e-07
    endloop
  endfacet
  facet normal 0 0 -1
    outer loop
      vertex -0.77 7.2 5.72205e-07
      vertex -0.210475 3.20813 5.72205e-07
      vertex -0.275 3.17631 5.72205e-07
    endloop
  endfacet
  facet normal 0 0 -1
    outer loop
      vertex -0.77 7.2 5.72205e-07
      vertex -0.275 3.17631 5.72205e-07
      vertex -0.334818 3.13634 5.72205e-07
    endloop
  endfacet
  facet normal 0 0 -1
    outer loop
      vertex -0.77 7.2 5.72205e-07
      vertex -0.334818 3.13634 5.72205e-07
      vertex -0.388908 3.08891 5.72205e-07
    endloop
  endfacet
  facet normal 0 0 -1
    outer loop
      vertex -0.77 7.2 5.72205e-07
      vertex -0.388908 3.08891 5.72205e-07
      vertex -0.436344 3.03482 5.72205e-07
    endloop
  endfacet
  facet normal 0 0 -1
    outer loop
      vertex -0.77 7.2 5.72205e-07
      vertex -0.436344 3.03482 5.72205e-07
      vertex -0.476314 2.975 5.72205e-07
    endloop
  endfacet
  facet normal 0 0 -1
    outer loop
      vertex -0.77 7.2 5.72205e-07
      vertex -0.476314 2.975 5.72205e-07
      vertex -0.508133 2.91048 5.72205e-07
    endloop
  endfacet
  facet normal 0 0 -1
    outer loop
      vertex -0.77 7.2 5.72205e-07
      vertex -0.508133 2.91048 5.72205e-07
      vertex -0.531259 2.84235 5.72205e-07
    endloop
  endfacet
  facet normal -0 0 -1
    outer loop
      vertex -0.14235 -3.23126 5.72205e-07
      vertex -1.14059 -6.71704 5.72205e-07
      vertex -0.210475 -3.20813 5.72205e-07
    endloop
  endfacet
  facet normal 0 0 -1
    outer loop
      vertex -1.20474 -6.70428 5.72205e-07
      vertex -0.210475 -3.20813 5.72205e-07
      vertex -1.14059 -6.71704 5.72205e-07
    endloop
  endfacet
  facet normal 0 0 -1
    outer loop
      vertex -0.77 7.2 5.72205e-07
      vertex -0.545294 2.77179 5.72205e-07
      vertex -0.549999 2.7 5.72205e-07
    endloop
  endfacet
  facet normal 0 0 -1
    outer loop
      vertex -0.77 7.2 5.72205e-07
      vertex -0.531259 2.84235 5.72205e-07
      vertex -0.545294 2.77179 5.72205e-07
    endloop
  endfacet
  facet normal 0 0 -1
    outer loop
      vertex -0.774277 7.26526 5.72205e-07
      vertex 0.774277 7.26526 5.72205e-07
      vertex -0.77 7.2 5.72205e-07
    endloop
  endfacet
  facet normal 0 0 -1
    outer loop
      vertex 0.774277 7.26526 5.72205e-07
      vertex -0.774277 7.26526 5.72205e-07
      vertex 0.787037 7.32941 5.72205e-07
    endloop
  endfacet
  facet normal 0 0 -1
    outer loop
      vertex -0.787037 7.32941 5.72205e-07
      vertex 0.787037 7.32941 5.72205e-07
      vertex -0.774277 7.26526 5.72205e-07
    endloop
  endfacet
  facet normal 0 0 -1
    outer loop
      vertex 0.787037 7.32941 5.72205e-07
      vertex -0.787037 7.32941 5.72205e-07
      vertex 0.80806 7.39134 5.72205e-07
    endloop
  endfacet
  facet normal 0 0 -1
    outer loop
      vertex -0.80806 7.39134 5.72205e-07
      vertex 0.80806 7.39134 5.72205e-07
      vertex -0.787037 7.32941 5.72205e-07
    endloop
  endfacet
  facet normal 0 0 -1
    outer loop
      vertex 0.80806 7.39134 5.72205e-07
      vertex -0.80806 7.39134 5.72205e-07
      vertex 0.836987 7.45 5.72205e-07
    endloop
  endfacet
  facet normal 0 0 -1
    outer loop
      vertex -0.836987 7.45 5.72205e-07
      vertex 0.836987 7.45 5.72205e-07
      vertex -0.80806 7.39134 5.72205e-07
    endloop
  endfacet
  facet normal 0 0 -1
    outer loop
      vertex 0.836987 7.45 5.72205e-07
      vertex -0.836987 7.45 5.72205e-07
      vertex 0.873322 7.50438 5.72205e-07
    endloop
  endfacet
  facet normal 0 0 -1
    outer loop
      vertex -0.873322 7.50438 5.72205e-07
      vertex 0.873322 7.50438 5.72205e-07
      vertex -0.836987 7.45 5.72205e-07
    endloop
  endfacet
  facet normal 0 0 -1
    outer loop
      vertex 0.873322 7.50438 5.72205e-07
      vertex -0.873322 7.50438 5.72205e-07
      vertex 0.916446 7.55355 5.72205e-07
    endloop
  endfacet
  facet normal 0 0 -1
    outer loop
      vertex -0.916446 7.55355 5.72205e-07
      vertex 0.916446 7.55355 5.72205e-07
      vertex -0.873322 7.50438 5.72205e-07
    endloop
  endfacet
  facet normal 0 0 -1
    outer loop
      vertex 0.916446 7.55355 5.72205e-07
      vertex -0.916446 7.55355 5.72205e-07
      vertex 0.965619 7.59668 5.72205e-07
    endloop
  endfacet
  facet normal 0 0 -1
    outer loop
      vertex -0.965619 7.59668 5.72205e-07
      vertex 0.965619 7.59668 5.72205e-07
      vertex -0.916446 7.55355 5.72205e-07
    endloop
  endfacet
  facet normal 0 0 -1
    outer loop
      vertex 0.965619 7.59668 5.72205e-07
      vertex -0.965619 7.59668 5.72205e-07
      vertex 1.02 7.63301 5.72205e-07
    endloop
  endfacet
  facet normal 0 0 -1
    outer loop
      vertex -1.02 7.63301 5.72205e-07
      vertex 1.02 7.63301 5.72205e-07
      vertex -0.965619 7.59668 5.72205e-07
    endloop
  endfacet
  facet normal 0 0 -1
    outer loop
      vertex 1.02 7.63301 5.72205e-07
      vertex -1.02 7.63301 5.72205e-07
      vertex 1.07866 7.66194 5.72205e-07
    endloop
  endfacet
  facet normal 0 0 -1
    outer loop
      vertex -1.07866 7.66194 5.72205e-07
      vertex 1.07866 7.66194 5.72205e-07
      vertex -1.02 7.63301 5.72205e-07
    endloop
  endfacet
  facet normal 0 0 -1
    outer loop
      vertex -1.14059 7.68296 5.72205e-07
      vertex 1.07866 7.66194 5.72205e-07
      vertex -1.07866 7.66194 5.72205e-07
    endloop
  endfacet
  facet normal 0 0 -1
    outer loop
      vertex 1.14059 7.68296 5.72205e-07
      vertex -1.14059 7.68296 5.72205e-07
      vertex -1.20474 7.69572 5.72205e-07
    endloop
  endfacet
  facet normal 0 0 -1
    outer loop
      vertex 1.20474 7.69572 5.72205e-07
      vertex -1.20474 7.69572 5.72205e-07
      vertex 12.65 12.65 5.72205e-07
    endloop
  endfacet
  facet normal 0 0 -1
    outer loop
      vertex -1.27 7.7 5.72205e-07
      vertex 12.65 12.65 5.72205e-07
      vertex -1.20474 7.69572 5.72205e-07
    endloop
  endfacet
  facet normal 0 0 -1
    outer loop
      vertex -12.65 12.65 5.72205e-07
      vertex -1.27 7.7 5.72205e-07
      vertex -1.33526 7.69572 5.72205e-07
    endloop
  endfacet
  facet normal 0 0 -1
    outer loop
      vertex -12.65 12.65 5.72205e-07
      vertex -1.33526 7.69572 5.72205e-07
      vertex -1.39941 7.68296 5.72205e-07
    endloop
  endfacet
  facet normal 0 0 -1
    outer loop
      vertex -12.65 12.65 5.72205e-07
      vertex -1.39941 7.68296 5.72205e-07
      vertex -1.46134 7.66194 5.72205e-07
    endloop
  endfacet
  facet normal 0 0 -1
    outer loop
      vertex -2.16913 -8.96892 5.72205e-07
      vertex -1.57438 -7.59668 5.72205e-07
      vertex -2.12201 -8.97772 5.72205e-07
    endloop
  endfacet
  facet normal 0 0 -1
    outer loop
      vertex -2.21724 -8.96208 5.72205e-07
      vertex -1.57438 -7.59668 5.72205e-07
      vertex -2.16913 -8.96892 5.72205e-07
    endloop
  endfacet
  facet normal -0 0 -1
    outer loop
      vertex -1.57438 -7.59668 5.72205e-07
      vertex -2.21724 -8.96208 5.72205e-07
      vertex -1.62355 -7.55355 5.72205e-07
    endloop
  endfacet
  facet normal 0 0 -1
    outer loop
      vertex -2.26634 -8.9572 5.72205e-07
      vertex -1.62355 -7.55355 5.72205e-07
      vertex -2.21724 -8.96208 5.72205e-07
    endloop
  endfacet
  facet normal -0 0 -1
    outer loop
      vertex -1.33526 6.70428 5.72205e-07
      vertex -2.28952 3.20813 5.72205e-07
      vertex -1.39941 6.71704 5.72205e-07
    endloop
  endfacet
  facet normal 0 0 -1
    outer loop
      vertex -2.35765 3.23126 5.72205e-07
      vertex -1.39941 6.71704 5.72205e-07
      vertex -2.28952 3.20813 5.72205e-07
    endloop
  endfacet
  facet normal -0 0 -1
    outer loop
      vertex -1.39941 6.71704 5.72205e-07
      vertex -2.35765 3.23126 5.72205e-07
      vertex -1.46134 6.73806 5.72205e-07
    endloop
  endfacet
  facet normal 0 0 -1
    outer loop
      vertex -2.42821 3.24529 5.72205e-07
      vertex -1.46134 6.73806 5.72205e-07
      vertex -2.35765 3.23126 5.72205e-07
    endloop
  endfacet
  facet normal -0 0 -1
    outer loop
      vertex -1.46134 6.73806 5.72205e-07
      vertex -2.42821 3.24529 5.72205e-07
      vertex -1.52 6.76699 5.72205e-07
    endloop
  endfacet
  facet normal 0 0 -1
    outer loop
      vertex -2.5 3.25 5.72205e-07
      vertex -1.52 6.76699 5.72205e-07
      vertex -2.42821 3.24529 5.72205e-07
    endloop
  endfacet
  facet normal -0 0 -1
    outer loop
      vertex -1.52 6.76699 5.72205e-07
      vertex -2.5 3.25 5.72205e-07
      vertex -1.57438 6.80332 5.72205e-07
    endloop
  endfacet
  facet normal 0 0 -1
    outer loop
      vertex -2.57179 3.24529 5.72205e-07
      vertex -1.57438 6.80332 5.72205e-07
      vertex -2.5 3.25 5.72205e-07
    endloop
  endfacet
  facet normal -0 0 -1
    outer loop
      vertex -1.57438 6.80332 5.72205e-07
      vertex -2.57179 3.24529 5.72205e-07
      vertex -1.62355 6.84645 5.72205e-07
    endloop
  endfacet
  facet normal 0 0 -1
    outer loop
      vertex -2.64235 3.23126 5.72205e-07
      vertex -1.62355 6.84645 5.72205e-07
      vertex -2.57179 3.24529 5.72205e-07
    endloop
  endfacet
  facet normal -0 0 -1
    outer loop
      vertex -1.62355 6.84645 5.72205e-07
      vertex -2.64235 3.23126 5.72205e-07
      vertex -1.66668 6.89562 5.72205e-07
    endloop
  endfacet
  facet normal 0 0 -1
    outer loop
      vertex -2.71047 3.20813 5.72205e-07
      vertex -1.66668 6.89562 5.72205e-07
      vertex -2.64235 3.23126 5.72205e-07
    endloop
  endfacet
  facet normal -0 0 -1
    outer loop
      vertex -1.66668 6.89562 5.72205e-07
      vertex -2.71047 3.20813 5.72205e-07
      vertex -1.70301 6.95 5.72205e-07
    endloop
  endfacet
  facet normal 0 0 -1
    outer loop
      vertex -2.775 3.17631 5.72205e-07
      vertex -1.70301 6.95 5.72205e-07
      vertex -2.71047 3.20813 5.72205e-07
    endloop
  endfacet
  facet normal -0 0 -1
    outer loop
      vertex -1.70301 6.95 5.72205e-07
      vertex -2.775 3.17631 5.72205e-07
      vertex -1.73194 7.00866 5.72205e-07
    endloop
  endfacet
  facet normal 0 0 -1
    outer loop
      vertex -2.83482 3.13634 5.72205e-07
      vertex -1.73194 7.00866 5.72205e-07
      vertex -2.775 3.17631 5.72205e-07
    endloop
  endfacet
  facet normal -0 0 -1
    outer loop
      vertex -1.73194 7.00866 5.72205e-07
      vertex -2.83482 3.13634 5.72205e-07
      vertex -1.75296 7.07059 5.72205e-07
    endloop
  endfacet
  facet normal 0 0 -1
    outer loop
      vertex -2.88891 3.08891 5.72205e-07
      vertex -1.75296 7.07059 5.72205e-07
      vertex -2.83482 3.13634 5.72205e-07
    endloop
  endfacet
  facet normal -0 0 -1
    outer loop
      vertex -1.75296 7.07059 5.72205e-07
      vertex -2.88891 3.08891 5.72205e-07
      vertex -1.76572 7.13474 5.72205e-07
    endloop
  endfacet
  facet normal 0 0 -1
    outer loop
      vertex -2.93634 3.03482 5.72205e-07
      vertex -1.76572 7.13474 5.72205e-07
      vertex -2.88891 3.08891 5.72205e-07
    endloop
  endfacet
  facet normal -0 0 -1
    outer loop
      vertex -1.76572 7.13474 5.72205e-07
      vertex -2.93634 3.03482 5.72205e-07
      vertex -1.77 7.2 5.72205e-07
    endloop
  endfacet
  facet normal 0 0 -1
    outer loop
      vertex -12.65 12.65 5.72205e-07
      vertex -1.77 7.2 5.72205e-07
      vertex -2.93634 3.03482 5.72205e-07
    endloop
  endfacet
  facet normal 0 0 -1
    outer loop
      vertex -1.77 7.2 5.72205e-07
      vertex -12.65 12.65 5.72205e-07
      vertex -1.76572 7.26526 5.72205e-07
    endloop
  endfacet
  facet normal 0 0 -1
    outer loop
      vertex -12.65 12.65 5.72205e-07
      vertex -2.93634 3.03482 5.72205e-07
      vertex -2.97631 2.975 5.72205e-07
    endloop
  endfacet
  facet normal 0 0 -1
    outer loop
      vertex -12.65 12.65 5.72205e-07
      vertex -2.97631 2.975 5.72205e-07
      vertex -3.00813 2.91048 5.72205e-07
    endloop
  endfacet
  facet normal 0 0 -1
    outer loop
      vertex -12.65 12.65 5.72205e-07
      vertex -3.00813 2.91048 5.72205e-07
      vertex -3.03126 2.84235 5.72205e-07
    endloop
  endfacet
  facet normal -0 0 -1
    outer loop
      vertex -3.03126 -2.84235 5.72205e-07
      vertex -12.65 -12.65 5.72205e-07
      vertex -3.04529 -2.77179 5.72205e-07
    endloop
  endfacet
  facet normal -0 0 -1
    outer loop
      vertex -3.04529 -2.77179 5.72205e-07
      vertex -12.65 -12.65 5.72205e-07
      vertex -3.05 -2.7 5.72205e-07
    endloop
  endfacet
  facet normal 0 0 -1
    outer loop
      vertex -12.65 -12.65 5.72205e-07
      vertex -3.13591 -9.41203 5.72205e-07
      vertex -3.162 -9.46164 5.72205e-07
    endloop
  endfacet
  facet normal 0 0 -1
    outer loop
      vertex -12.65 -12.65 5.72205e-07
      vertex -3.162 -9.46164 5.72205e-07
      vertex -3.18579 -9.51328 5.72205e-07
    endloop
  endfacet
  facet normal 0 0 -1
    outer loop
      vertex -12.65 -12.65 5.72205e-07
      vertex -3.18579 -9.51328 5.72205e-07
      vertex -3.20729 -9.56696 5.72205e-07
    endloop
  endfacet
  facet normal 0 0 -1
    outer loop
      vertex -12.65 -12.65 5.72205e-07
      vertex -3.20729 -9.56696 5.72205e-07
      vertex -3.2265 -9.62268 5.72205e-07
    endloop
  endfacet
  facet normal 0 0 -1
    outer loop
      vertex -12.65 -12.65 5.72205e-07
      vertex -3.2265 -9.62268 5.72205e-07
      vertex -3.24326 -9.67993 5.72205e-07
    endloop
  endfacet
  facet normal 0 0 -1
    outer loop
      vertex -12.65 -12.65 5.72205e-07
      vertex -3.24326 -9.67993 5.72205e-07
      vertex -3.25745 -9.7382 5.72205e-07
    endloop
  endfacet
  facet normal 0 0 -1
    outer loop
      vertex -12.65 -12.65 5.72205e-07
      vertex -3.25745 -9.7382 5.72205e-07
      vertex -3.26904 -9.7975 5.72205e-07
    endloop
  endfacet
  facet normal 0 0 -1
    outer loop
      vertex -12.65 -12.65 5.72205e-07
      vertex -3.26904 -9.7975 5.72205e-07
      vertex -3.27808 -9.8578 5.72205e-07
    endloop
  endfacet
  facet normal 0 0 -1
    outer loop
      vertex -12.65 -12.65 5.72205e-07
      vertex -3.27808 -9.8578 5.72205e-07
      vertex -3.28452 -9.91914 5.72205e-07
    endloop
  endfacet
  facet normal 0 0 -1
    outer loop
      vertex -12.65 -12.65 5.72205e-07
      vertex -3.28452 -9.91914 5.72205e-07
      vertex -3.28839 -9.98149 5.72205e-07
    endloop
  endfacet
  facet normal 0 0 -1
    outer loop
      vertex -12.65 -12.65 5.72205e-07
      vertex -3.28839 -9.98149 5.72205e-07
      vertex -3.28967 -10.0448 5.72205e-07
    endloop
  endfacet
  facet normal 0 0 -1
    outer loop
      vertex -12.65 12.65 5.72205e-07
      vertex -3.04529 2.62821 5.72205e-07
      vertex -12.65 -12.65 5.72205e-07
    endloop
  endfacet
  facet normal 0 0 -1
    outer loop
      vertex -3.04529 2.62821 5.72205e-07
      vertex -12.65 12.65 5.72205e-07
      vertex -3.05 2.7 5.72205e-07
    endloop
  endfacet
  facet normal 0 0 -1
    outer loop
      vertex -3.05 2.7 5.72205e-07
      vertex -12.65 12.65 5.72205e-07
      vertex -3.04529 2.77179 5.72205e-07
    endloop
  endfacet
  facet normal 0 0 -1
    outer loop
      vertex -3.04529 2.77179 5.72205e-07
      vertex -12.65 12.65 5.72205e-07
      vertex -3.03126 2.84235 5.72205e-07
    endloop
  endfacet
  facet normal 0 0 -1
    outer loop
      vertex -1.76572 7.26526 5.72205e-07
      vertex -12.65 12.65 5.72205e-07
      vertex -1.75296 7.32941 5.72205e-07
    endloop
  endfacet
  facet normal 0 0 -1
    outer loop
      vertex -1.75296 7.32941 5.72205e-07
      vertex -12.65 12.65 5.72205e-07
      vertex -1.73194 7.39134 5.72205e-07
    endloop
  endfacet
  facet normal 0 0 -1
    outer loop
      vertex -1.27 7.7 5.72205e-07
      vertex -12.65 12.65 5.72205e-07
      vertex 12.65 12.65 5.72205e-07
    endloop
  endfacet
  facet normal 0 0 -1
    outer loop
      vertex -1.52 7.63301 5.72205e-07
      vertex -12.65 12.65 5.72205e-07
      vertex -1.46134 7.66194 5.72205e-07
    endloop
  endfacet
  facet normal 0 0 -1
    outer loop
      vertex -1.57438 7.59668 5.72205e-07
      vertex -12.65 12.65 5.72205e-07
      vertex -1.52 7.63301 5.72205e-07
    endloop
  endfacet
  facet normal 0 0 -1
    outer loop
      vertex -1.62355 7.55355 5.72205e-07
      vertex -12.65 12.65 5.72205e-07
      vertex -1.57438 7.59668 5.72205e-07
    endloop
  endfacet
  facet normal 0 0 -1
    outer loop
      vertex -1.66668 7.50438 5.72205e-07
      vertex -12.65 12.65 5.72205e-07
      vertex -1.62355 7.55355 5.72205e-07
    endloop
  endfacet
  facet normal 0 0 -1
    outer loop
      vertex -1.70301 7.45 5.72205e-07
      vertex -12.65 12.65 5.72205e-07
      vertex -1.66668 7.50438 5.72205e-07
    endloop
  endfacet
  facet normal 0 0 -1
    outer loop
      vertex -1.73194 7.39134 5.72205e-07
      vertex -12.65 12.65 5.72205e-07
      vertex -1.70301 7.45 5.72205e-07
    endloop
  endfacet
  facet normal 0 0 -1
    outer loop
      vertex 1.33526 -7.69572 5.72205e-07
      vertex 1.56812 -8.97688 5.72205e-07
      vertex 1.34045 -8.97688 5.72205e-07
    endloop
  endfacet
  facet normal 0 0 -1
    outer loop
      vertex 1.56812 -8.97688 5.72205e-07
      vertex 1.33526 -7.69572 5.72205e-07
      vertex 1.39941 -7.68296 5.72205e-07
    endloop
  endfacet
  facet normal 0 0 -1
    outer loop
      vertex 1.34045 -8.97688 5.72205e-07
      vertex 1.27 -7.7 5.72205e-07
      vertex 1.33526 -7.69572 5.72205e-07
    endloop
  endfacet
  facet normal 0 0 -1
    outer loop
      vertex 1.34045 -8.97688 5.72205e-07
      vertex 1.20474 -7.69572 5.72205e-07
      vertex 1.27 -7.7 5.72205e-07
    endloop
  endfacet
  facet normal 0 0 -1
    outer loop
      vertex 0.880753 -8.97688 5.72205e-07
      vertex 1.20474 -7.69572 5.72205e-07
      vertex 1.34045 -8.97688 5.72205e-07
    endloop
  endfacet
  facet normal -0 0 -1
    outer loop
      vertex 1.20474 -7.69572 5.72205e-07
      vertex 0.880753 -8.97688 5.72205e-07
      vertex 1.14059 -7.68296 5.72205e-07
    endloop
  endfacet
  facet normal -0 0 -1
    outer loop
      vertex 1.14059 -7.68296 5.72205e-07
      vertex 0.880753 -8.97688 5.72205e-07
      vertex 1.07866 -7.66194 5.72205e-07
    endloop
  endfacet
  facet normal -0 0 -1
    outer loop
      vertex 1.07866 -7.66194 5.72205e-07
      vertex 0.880753 -8.97688 5.72205e-07
      vertex 1.02 -7.63301 5.72205e-07
    endloop
  endfacet
  facet normal -0 0 -1
    outer loop
      vertex 1.02 -7.63301 5.72205e-07
      vertex 0.880753 -8.97688 5.72205e-07
      vertex 0.965619 -7.59668 5.72205e-07
    endloop
  endfacet
  facet normal -0 0 -1
    outer loop
      vertex 0.965619 -7.59668 5.72205e-07
      vertex 0.880753 -8.97688 5.72205e-07
      vertex 0.916446 -7.55355 5.72205e-07
    endloop
  endfacet
  facet normal 0 0 -1
    outer loop
      vertex 0.407166 -9.14771 5.72205e-07
      vertex 0.916446 -7.55355 5.72205e-07
      vertex 0.880753 -8.97688 5.72205e-07
    endloop
  endfacet
  facet normal 0 0 -1
    outer loop
      vertex 2.37778 -10.3518 5.72205e-07
      vertex 2.52359 -10.3518 5.72205e-07
      vertex 2.45137 -10.867 5.72205e-07
    endloop
  endfacet
  facet normal 0 0 -1
    outer loop
      vertex 2.37778 -10.3518 5.72205e-07
      vertex 2.64166 -9.87404 5.72205e-07
      vertex 2.52359 -10.3518 5.72205e-07
    endloop
  endfacet
  facet normal -0 0 -1
    outer loop
      vertex 2.64166 -9.87404 5.72205e-07
      vertex 2.37778 -10.3518 5.72205e-07
      vertex 2.26112 -9.87404 5.72205e-07
    endloop
  endfacet
  facet normal 0 0 1
    outer loop
      vertex -0.545294 -2.62821 1.6
      vertex -1.95 -2.7 1.6
      vertex -0.549999 -2.7 1.6
    endloop
  endfacet
  facet normal 0 0 1
    outer loop
      vertex -0.334818 -2.26366 1.6
      vertex -1.95471 -2.62821 1.6
      vertex -1.95 -2.7 1.6
    endloop
  endfacet
  facet normal 0 0 1
    outer loop
      vertex -0.388908 2.31109 1.6
      vertex -2.11109 2.31109 1.6
      vertex -0.334818 2.26366 1.6
    endloop
  endfacet
  facet normal 0 0 1
    outer loop
      vertex -0.334818 -2.26366 1.6
      vertex -1.96874 -2.55765 1.6
      vertex -1.95471 -2.62821 1.6
    endloop
  endfacet
  facet normal 0 0 1
    outer loop
      vertex -2.16518 2.26366 1.6
      vertex -0.334818 2.26366 1.6
      vertex -2.11109 2.31109 1.6
    endloop
  endfacet
  facet normal 0 0 1
    outer loop
      vertex -0.334818 -2.26366 1.6
      vertex -1.99187 -2.48952 1.6
      vertex -1.96874 -2.55765 1.6
    endloop
  endfacet
  facet normal 0 0 1
    outer loop
      vertex -0.334818 2.26366 1.6
      vertex -2.16518 2.26366 1.6
      vertex -0.275 2.22369 1.6
    endloop
  endfacet
  facet normal 0 0 1
    outer loop
      vertex -0.334818 -2.26366 1.6
      vertex -2.02369 -2.425 1.6
      vertex -1.99187 -2.48952 1.6
    endloop
  endfacet
  facet normal 0 0 1
    outer loop
      vertex -2.225 2.22369 1.6
      vertex -0.275 2.22369 1.6
      vertex -2.16518 2.26366 1.6
    endloop
  endfacet
  facet normal 0 0 1
    outer loop
      vertex -0.334818 -2.26366 1.6
      vertex -2.06365 -2.36518 1.6
      vertex -2.02369 -2.425 1.6
    endloop
  endfacet
  facet normal 0 0 1
    outer loop
      vertex -2.28952 2.19187 1.6
      vertex -0.275 2.22369 1.6
      vertex -2.225 2.22369 1.6
    endloop
  endfacet
  facet normal 0 0 1
    outer loop
      vertex -0.334818 -2.26366 1.6
      vertex -2.11109 -2.31109 1.6
      vertex -2.06365 -2.36518 1.6
    endloop
  endfacet
  facet normal 0 0 1
    outer loop
      vertex -0.275 2.22369 1.6
      vertex -2.28952 2.19187 1.6
      vertex -0.275 -2.22369 1.6
    endloop
  endfacet
  facet normal 0 0 1
    outer loop
      vertex -0.334818 -2.26366 1.6
      vertex -2.16518 -2.26366 1.6
      vertex -2.11109 -2.31109 1.6
    endloop
  endfacet
  facet normal -0 0 1
    outer loop
      vertex -2.28952 -2.19187 1.6
      vertex -0.275 -2.22369 1.6
      vertex -2.28952 2.19187 1.6
    endloop
  endfacet
  facet normal 0 0 1
    outer loop
      vertex -0.334818 -2.26366 1.6
      vertex -2.225 -2.22369 1.6
      vertex -2.16518 -2.26366 1.6
    endloop
  endfacet
  facet normal 0 -0 1
    outer loop
      vertex -2.225 -2.22369 1.6
      vertex -0.275 -2.22369 1.6
      vertex -2.28952 -2.19187 1.6
    endloop
  endfacet
  facet normal 0 0 1
    outer loop
      vertex -0.275 -2.22369 1.6
      vertex -2.225 -2.22369 1.6
      vertex -0.334818 -2.26366 1.6
    endloop
  endfacet
  facet normal -0 0 1
    outer loop
      vertex -2.35765 2.16874 1.6
      vertex -2.28952 -2.19187 1.6
      vertex -2.28952 2.19187 1.6
    endloop
  endfacet
  facet normal 0 0 1
    outer loop
      vertex -2.35765 2.16874 1.6
      vertex -2.35765 -2.16874 1.6
      vertex -2.28952 -2.19187 1.6
    endloop
  endfacet
  facet normal -0 0 1
    outer loop
      vertex -2.42821 2.15471 1.6
      vertex -2.35765 -2.16874 1.6
      vertex -2.35765 2.16874 1.6
    endloop
  endfacet
  facet normal 0 0 1
    outer loop
      vertex -2.42821 2.15471 1.6
      vertex -2.42821 -2.15471 1.6
      vertex -2.35765 -2.16874 1.6
    endloop
  endfacet
  facet normal -0 0 1
    outer loop
      vertex -2.5 2.15 1.6
      vertex -2.42821 -2.15471 1.6
      vertex -2.42821 2.15471 1.6
    endloop
  endfacet
  facet normal 0 0 1
    outer loop
      vertex -2.5 2.15 1.6
      vertex -2.5 -2.15 1.6
      vertex -2.42821 -2.15471 1.6
    endloop
  endfacet
  facet normal 0 0 1
    outer loop
      vertex -4.6 -0.9 1.6
      vertex -2.5 2.15 1.6
      vertex -2.57179 2.15471 1.6
    endloop
  endfacet
  facet normal 0 0 1
    outer loop
      vertex -2.5 2.15 1.6
      vertex -4.6 -0.9 1.6
      vertex -2.5 -2.15 1.6
    endloop
  endfacet
  facet normal 0 0 1
    outer loop
      vertex -4.6 -0.9 1.6
      vertex -2.57179 2.15471 1.6
      vertex -2.64235 2.16874 1.6
    endloop
  endfacet
  facet normal 0 0 1
    outer loop
      vertex -2.5 -2.15 1.6
      vertex -4.6 -0.9 1.6
      vertex -2.57179 -2.15471 1.6
    endloop
  endfacet
  facet normal 0 0 1
    outer loop
      vertex -4.6 -0.9 1.6
      vertex -2.64235 2.16874 1.6
      vertex -2.71047 2.19187 1.6
    endloop
  endfacet
  facet normal 0 0 1
    outer loop
      vertex -2.57179 -2.15471 1.6
      vertex -4.6 -0.9 1.6
      vertex -2.64235 -2.16874 1.6
    endloop
  endfacet
  facet normal 0 0 1
    outer loop
      vertex -4.6 -0.9 1.6
      vertex -2.71047 2.19187 1.6
      vertex -2.775 2.22369 1.6
    endloop
  endfacet
  facet normal 0 0 1
    outer loop
      vertex -2.64235 -2.16874 1.6
      vertex -4.6 -0.9 1.6
      vertex -2.71047 -2.19187 1.6
    endloop
  endfacet
  facet normal 0 0 1
    outer loop
      vertex -4.6 -0.9 1.6
      vertex -2.775 2.22369 1.6
      vertex -2.83482 2.26366 1.6
    endloop
  endfacet
  facet normal 0 0 1
    outer loop
      vertex -2.71047 -2.19187 1.6
      vertex -4.6 -0.9 1.6
      vertex -2.775 -2.22369 1.6
    endloop
  endfacet
  facet normal 0 0 1
    outer loop
      vertex -4.6 -0.9 1.6
      vertex -2.83482 2.26366 1.6
      vertex -2.88891 2.31109 1.6
    endloop
  endfacet
  facet normal 0 0 1
    outer loop
      vertex -2.775 -2.22369 1.6
      vertex -4.6 -0.9 1.6
      vertex -2.83482 -2.26366 1.6
    endloop
  endfacet
  facet normal 0 0 1
    outer loop
      vertex -4.6 -0.9 1.6
      vertex -2.88891 2.31109 1.6
      vertex -2.93634 2.36518 1.6
    endloop
  endfacet
  facet normal -0 0 1
    outer loop
      vertex -4.6 -1.7 1.6
      vertex -2.83482 -2.26366 1.6
      vertex -4.6 -0.9 1.6
    endloop
  endfacet
  facet normal 0 0 1
    outer loop
      vertex -4.6 -0.9 1.6
      vertex -2.93634 2.36518 1.6
      vertex -2.97631 2.425 1.6
    endloop
  endfacet
  facet normal 0 0 1
    outer loop
      vertex -2.83482 -2.26366 1.6
      vertex -4.6 -1.7 1.6
      vertex -2.88891 -2.31109 1.6
    endloop
  endfacet
  facet normal 0 0 1
    outer loop
      vertex -4.6 -0.9 1.6
      vertex -2.97631 2.425 1.6
      vertex -3.00813 2.48952 1.6
    endloop
  endfacet
  facet normal 0 0 1
    outer loop
      vertex -2.88891 -2.31109 1.6
      vertex -4.6 -1.7 1.6
      vertex -2.93634 -2.36518 1.6
    endloop
  endfacet
  facet normal 0 0 1
    outer loop
      vertex -4.6 -0.9 1.6
      vertex -3.00813 2.48952 1.6
      vertex -3.03126 2.55765 1.6
    endloop
  endfacet
  facet normal 0 0 1
    outer loop
      vertex -2.93634 -2.36518 1.6
      vertex -4.6 -1.7 1.6
      vertex -2.97631 -2.425 1.6
    endloop
  endfacet
  facet normal 0 0 1
    outer loop
      vertex -4.6 -0.9 1.6
      vertex -3.03126 2.55765 1.6
      vertex -3.04529 2.62821 1.6
    endloop
  endfacet
  facet normal 0 0 1
    outer loop
      vertex -2.97631 -2.425 1.6
      vertex -4.6 -1.7 1.6
      vertex -3.00813 -2.48952 1.6
    endloop
  endfacet
  facet normal 0 0 1
    outer loop
      vertex -4.6 -0.9 1.6
      vertex -3.04529 2.62821 1.6
      vertex -3.05 2.7 1.6
    endloop
  endfacet
  facet normal 0 0 1
    outer loop
      vertex -3.00813 -2.48952 1.6
      vertex -4.6 -1.7 1.6
      vertex -3.03126 -2.55765 1.6
    endloop
  endfacet
  facet normal 0 0 1
    outer loop
      vertex -0.210475 3.20813 1.6
      vertex -1.20474 6.70428 1.6
      vertex -0.275 3.17631 1.6
    endloop
  endfacet
  facet normal 0 0 1
    outer loop
      vertex -0.549999 -2.7 1.6
      vertex -0.774277 -7.13474 1.6
      vertex -0.77 -7.2 1.6
    endloop
  endfacet
  facet normal -0 0 1
    outer loop
      vertex -1.27 6.7 1.6
      vertex -0.275 3.17631 1.6
      vertex -1.20474 6.70428 1.6
    endloop
  endfacet
  facet normal 0 0 1
    outer loop
      vertex -0.549999 -2.7 1.6
      vertex -0.787037 -7.07059 1.6
      vertex -0.774277 -7.13474 1.6
    endloop
  endfacet
  facet normal 0 0 1
    outer loop
      vertex -2.225 3.17631 1.6
      vertex -0.275 3.17631 1.6
      vertex -1.27 6.7 1.6
    endloop
  endfacet
  facet normal 0 0 1
    outer loop
      vertex -0.549999 -2.7 1.6
      vertex -0.80806 -7.00866 1.6
      vertex -0.787037 -7.07059 1.6
    endloop
  endfacet
  facet normal 0 0 1
    outer loop
      vertex -1.95471 2.62821 1.6
      vertex -0.549999 2.7 1.6
      vertex -1.95 2.7 1.6
    endloop
  endfacet
  facet normal 0 0 1
    outer loop
      vertex -0.531259 -2.55765 1.6
      vertex -1.95 -2.7 1.6
      vertex -0.545294 -2.62821 1.6
    endloop
  endfacet
  facet normal 0 0 1
    outer loop
      vertex -0.275 3.17631 1.6
      vertex -2.225 3.17631 1.6
      vertex -0.334818 3.13634 1.6
    endloop
  endfacet
  facet normal 0 0 1
    outer loop
      vertex -1.95471 -2.77179 1.6
      vertex -0.549999 -2.7 1.6
      vertex -1.95 -2.7 1.6
    endloop
  endfacet
  facet normal 0 -0 1
    outer loop
      vertex -2.16518 3.13634 1.6
      vertex -0.334818 3.13634 1.6
      vertex -2.225 3.17631 1.6
    endloop
  endfacet
  facet normal 0 0 1
    outer loop
      vertex -0.549999 -2.7 1.6
      vertex -0.836987 -6.95 1.6
      vertex -0.80806 -7.00866 1.6
    endloop
  endfacet
  facet normal 0 0 1
    outer loop
      vertex -0.334818 3.13634 1.6
      vertex -2.16518 3.13634 1.6
      vertex -0.388908 3.08891 1.6
    endloop
  endfacet
  facet normal 0 0 1
    outer loop
      vertex -1.96874 -2.84235 1.6
      vertex -0.549999 -2.7 1.6
      vertex -1.95471 -2.77179 1.6
    endloop
  endfacet
  facet normal 0 -0 1
    outer loop
      vertex -2.06365 3.03482 1.6
      vertex -0.436344 3.03482 1.6
      vertex -2.11109 3.08891 1.6
    endloop
  endfacet
  facet normal 0 0 1
    outer loop
      vertex -0.549999 -2.7 1.6
      vertex -0.873322 -6.89562 1.6
      vertex -0.836987 -6.95 1.6
    endloop
  endfacet
  facet normal 0 0 1
    outer loop
      vertex -0.436344 3.03482 1.6
      vertex -2.06365 3.03482 1.6
      vertex -0.476314 2.975 1.6
    endloop
  endfacet
  facet normal 0 0 1
    outer loop
      vertex -1.99187 -2.91048 1.6
      vertex -0.549999 -2.7 1.6
      vertex -1.96874 -2.84235 1.6
    endloop
  endfacet
  facet normal 0 -0 1
    outer loop
      vertex -2.02369 2.975 1.6
      vertex -0.476314 2.975 1.6
      vertex -2.06365 3.03482 1.6
    endloop
  endfacet
  facet normal 0 0 1
    outer loop
      vertex -0.549999 -2.7 1.6
      vertex -0.916446 -6.84645 1.6
      vertex -0.873322 -6.89562 1.6
    endloop
  endfacet
  facet normal 0 0 1
    outer loop
      vertex -0.476314 2.975 1.6
      vertex -2.02369 2.975 1.6
      vertex -0.508133 2.91048 1.6
    endloop
  endfacet
  facet normal 0 0 1
    outer loop
      vertex -0.549999 -2.7 1.6
      vertex -0.965619 -6.80332 1.6
      vertex -0.916446 -6.84645 1.6
    endloop
  endfacet
  facet normal 0 -0 1
    outer loop
      vertex -2.11109 3.08891 1.6
      vertex -0.388908 3.08891 1.6
      vertex -2.16518 3.13634 1.6
    endloop
  endfacet
  facet normal 0 0 1
    outer loop
      vertex -2.02369 -2.975 1.6
      vertex -0.549999 -2.7 1.6
      vertex -1.99187 -2.91048 1.6
    endloop
  endfacet
  facet normal 0 0 1
    outer loop
      vertex -2.225 3.17631 1.6
      vertex -1.27 6.7 1.6
      vertex -1.33526 6.70428 1.6
    endloop
  endfacet
  facet normal 0 0 1
    outer loop
      vertex -0.549999 -2.7 1.6
      vertex -1.02 -6.76699 1.6
      vertex -0.965619 -6.80332 1.6
    endloop
  endfacet
  facet normal 0 0 1
    outer loop
      vertex -2.28952 3.20813 1.6
      vertex -1.33526 6.70428 1.6
      vertex -1.39941 6.71704 1.6
    endloop
  endfacet
  facet normal 0 0 1
    outer loop
      vertex -2.06365 -3.03482 1.6
      vertex -0.549999 -2.7 1.6
      vertex -2.02369 -2.975 1.6
    endloop
  endfacet
  facet normal 0 0 1
    outer loop
      vertex -2.35765 3.23126 1.6
      vertex -1.39941 6.71704 1.6
      vertex -1.46134 6.73806 1.6
    endloop
  endfacet
  facet normal 0 0 1
    outer loop
      vertex -0.549999 -2.7 1.6
      vertex -1.07866 -6.73806 1.6
      vertex -1.02 -6.76699 1.6
    endloop
  endfacet
  facet normal 0 0 1
    outer loop
      vertex -2.42821 3.24529 1.6
      vertex -1.46134 6.73806 1.6
      vertex -1.52 6.76699 1.6
    endloop
  endfacet
  facet normal 0 0 1
    outer loop
      vertex -2.11109 -3.08891 1.6
      vertex -0.549999 -2.7 1.6
      vertex -2.06365 -3.03482 1.6
    endloop
  endfacet
  facet normal 0 0 1
    outer loop
      vertex -2.5 3.25 1.6
      vertex -1.52 6.76699 1.6
      vertex -1.57438 6.80332 1.6
    endloop
  endfacet
  facet normal 0 0 1
    outer loop
      vertex -0.549999 -2.7 1.6
      vertex -1.14059 -6.71704 1.6
      vertex -1.07866 -6.73806 1.6
    endloop
  endfacet
  facet normal 0 0 1
    outer loop
      vertex -2.57179 3.24529 1.6
      vertex -1.57438 6.80332 1.6
      vertex -1.62355 6.84645 1.6
    endloop
  endfacet
  facet normal 0 0 1
    outer loop
      vertex -2.16518 -3.13634 1.6
      vertex -0.549999 -2.7 1.6
      vertex -2.11109 -3.08891 1.6
    endloop
  endfacet
  facet normal 0 0 1
    outer loop
      vertex -2.64235 3.23126 1.6
      vertex -1.62355 6.84645 1.6
      vertex -1.66668 6.89562 1.6
    endloop
  endfacet
  facet normal 0 0 1
    outer loop
      vertex -0.549999 -2.7 1.6
      vertex -1.20474 -6.70428 1.6
      vertex -1.14059 -6.71704 1.6
    endloop
  endfacet
  facet normal 0 0 1
    outer loop
      vertex -2.71047 3.20813 1.6
      vertex -1.66668 6.89562 1.6
      vertex -1.70301 6.95 1.6
    endloop
  endfacet
  facet normal 0 0 1
    outer loop
      vertex -0.549999 -2.7 1.6
      vertex -2.16518 -3.13634 1.6
      vertex -1.20474 -6.70428 1.6
    endloop
  endfacet
  facet normal 0 0 1
    outer loop
      vertex -2.775 3.17631 1.6
      vertex -1.70301 6.95 1.6
      vertex -1.73194 7.00866 1.6
    endloop
  endfacet
  facet normal 0 0 1
    outer loop
      vertex -1.20474 -6.70428 1.6
      vertex -2.16518 -3.13634 1.6
      vertex -1.27 -6.7 1.6
    endloop
  endfacet
  facet normal 0 0 1
    outer loop
      vertex -2.83482 3.13634 1.6
      vertex -1.73194 7.00866 1.6
      vertex -1.75296 7.07059 1.6
    endloop
  endfacet
  facet normal -0 0 1
    outer loop
      vertex -2.225 -3.17631 1.6
      vertex -1.27 -6.7 1.6
      vertex -2.16518 -3.13634 1.6
    endloop
  endfacet
  facet normal 0 0 1
    outer loop
      vertex -2.88891 3.08891 1.6
      vertex -1.75296 7.07059 1.6
      vertex -1.76572 7.13474 1.6
    endloop
  endfacet
  facet normal 0 0 1
    outer loop
      vertex -1.27 -6.7 1.6
      vertex -2.225 -3.17631 1.6
      vertex -1.33526 -6.70428 1.6
    endloop
  endfacet
  facet normal 0 0 1
    outer loop
      vertex -2.93634 3.03482 1.6
      vertex -1.76572 7.13474 1.6
      vertex -1.77 7.2 1.6
    endloop
  endfacet
  facet normal -0 0 1
    outer loop
      vertex -2.28952 -3.20813 1.6
      vertex -1.33526 -6.70428 1.6
      vertex -2.225 -3.17631 1.6
    endloop
  endfacet
  facet normal 0 0 1
    outer loop
      vertex 1.95471 -2.62821 1.6
      vertex 0.549999 -2.7 1.6
      vertex 1.95 -2.7 1.6
    endloop
  endfacet
  facet normal 0 0 1
    outer loop
      vertex 2.16518 -2.26366 1.6
      vertex 0.545294 -2.62821 1.6
      vertex 0.549999 -2.7 1.6
    endloop
  endfacet
  facet normal 0 0 1
    outer loop
      vertex 2.11109 2.31109 1.6
      vertex 0.388908 2.31109 1.6
      vertex 2.16518 2.26366 1.6
    endloop
  endfacet
  facet normal 0 0 1
    outer loop
      vertex 2.16518 -2.26366 1.6
      vertex 0.531259 -2.55765 1.6
      vertex 0.545294 -2.62821 1.6
    endloop
  endfacet
  facet normal 0 0 1
    outer loop
      vertex 0.334818 2.26366 1.6
      vertex 2.16518 2.26366 1.6
      vertex 0.388908 2.31109 1.6
    endloop
  endfacet
  facet normal 0 0 1
    outer loop
      vertex 2.16518 -2.26366 1.6
      vertex 0.508133 -2.48952 1.6
      vertex 0.531259 -2.55765 1.6
    endloop
  endfacet
  facet normal 0 0 1
    outer loop
      vertex 2.16518 2.26366 1.6
      vertex 0.334818 2.26366 1.6
      vertex 2.225 2.22369 1.6
    endloop
  endfacet
  facet normal 0 0 1
    outer loop
      vertex 2.16518 -2.26366 1.6
      vertex 0.476314 -2.425 1.6
      vertex 0.508133 -2.48952 1.6
    endloop
  endfacet
  facet normal 0 0 1
    outer loop
      vertex 0.275 2.22369 1.6
      vertex 2.225 2.22369 1.6
      vertex 0.334818 2.26366 1.6
    endloop
  endfacet
  facet normal 0 0 1
    outer loop
      vertex 2.16518 -2.26366 1.6
      vertex 0.436344 -2.36518 1.6
      vertex 0.476314 -2.425 1.6
    endloop
  endfacet
  facet normal 0 0 1
    outer loop
      vertex 0.210475 2.19187 1.6
      vertex 2.225 2.22369 1.6
      vertex 0.275 2.22369 1.6
    endloop
  endfacet
  facet normal 0 0 1
    outer loop
      vertex 2.16518 -2.26366 1.6
      vertex 0.388908 -2.31109 1.6
      vertex 0.436344 -2.36518 1.6
    endloop
  endfacet
  facet normal 0 0 1
    outer loop
      vertex 2.225 2.22369 1.6
      vertex 0.210475 2.19187 1.6
      vertex 2.225 -2.22369 1.6
    endloop
  endfacet
  facet normal 0 0 1
    outer loop
      vertex 2.16518 -2.26366 1.6
      vertex 0.334818 -2.26366 1.6
      vertex 0.388908 -2.31109 1.6
    endloop
  endfacet
  facet normal -0 0 1
    outer loop
      vertex 0.210475 -2.19187 1.6
      vertex 2.225 -2.22369 1.6
      vertex 0.210475 2.19187 1.6
    endloop
  endfacet
  facet normal 0 0 1
    outer loop
      vertex 2.16518 -2.26366 1.6
      vertex 0.275 -2.22369 1.6
      vertex 0.334818 -2.26366 1.6
    endloop
  endfacet
  facet normal 0 -0 1
    outer loop
      vertex 0.275 -2.22369 1.6
      vertex 2.225 -2.22369 1.6
      vertex 0.210475 -2.19187 1.6
    endloop
  endfacet
  facet normal 0 0 1
    outer loop
      vertex 2.225 -2.22369 1.6
      vertex 0.275 -2.22369 1.6
      vertex 2.16518 -2.26366 1.6
    endloop
  endfacet
  facet normal -0 0 1
    outer loop
      vertex 0.14235 2.16874 1.6
      vertex 0.210475 -2.19187 1.6
      vertex 0.210475 2.19187 1.6
    endloop
  endfacet
  facet normal 0 0 1
    outer loop
      vertex 0.14235 2.16874 1.6
      vertex 0.14235 -2.16874 1.6
      vertex 0.210475 -2.19187 1.6
    endloop
  endfacet
  facet normal -0 0 1
    outer loop
      vertex 0.0717888 2.15471 1.6
      vertex 0.14235 -2.16874 1.6
      vertex 0.14235 2.16874 1.6
    endloop
  endfacet
  facet normal 0 0 1
    outer loop
      vertex 0.0717888 2.15471 1.6
      vertex 0.0717888 -2.15471 1.6
      vertex 0.14235 -2.16874 1.6
    endloop
  endfacet
  facet normal -0 0 1
    outer loop
      vertex 0 2.15 1.6
      vertex 0.0717888 -2.15471 1.6
      vertex 0.0717888 2.15471 1.6
    endloop
  endfacet
  facet normal 0 0 1
    outer loop
      vertex 0 2.15 1.6
      vertex 0 -2.15 1.6
      vertex 0.0717888 -2.15471 1.6
    endloop
  endfacet
  facet normal 0 0 1
    outer loop
      vertex -0.0717888 2.15471 1.6
      vertex 0 -2.15 1.6
      vertex 0 2.15 1.6
    endloop
  endfacet
  facet normal 0 0 1
    outer loop
      vertex -0.0717888 2.15471 1.6
      vertex -0.0717888 -2.15471 1.6
      vertex 0 -2.15 1.6
    endloop
  endfacet
  facet normal 0 0 1
    outer loop
      vertex -0.14235 2.16874 1.6
      vertex -0.0717888 -2.15471 1.6
      vertex -0.0717888 2.15471 1.6
    endloop
  endfacet
  facet normal 0 0 1
    outer loop
      vertex -0.14235 2.16874 1.6
      vertex -0.14235 -2.16874 1.6
      vertex -0.0717888 -2.15471 1.6
    endloop
  endfacet
  facet normal 0 0 1
    outer loop
      vertex -0.210475 2.19187 1.6
      vertex -0.14235 -2.16874 1.6
      vertex -0.14235 2.16874 1.6
    endloop
  endfacet
  facet normal 0 0 1
    outer loop
      vertex -0.210475 2.19187 1.6
      vertex -0.210475 -2.19187 1.6
      vertex -0.14235 -2.16874 1.6
    endloop
  endfacet
  facet normal 0 0 1
    outer loop
      vertex -0.275 2.22369 1.6
      vertex -0.210475 -2.19187 1.6
      vertex -0.210475 2.19187 1.6
    endloop
  endfacet
  facet normal 0 0 1
    outer loop
      vertex -0.275 2.22369 1.6
      vertex -0.275 -2.22369 1.6
      vertex -0.210475 -2.19187 1.6
    endloop
  endfacet
  facet normal 0 0 1
    outer loop
      vertex -0.476314 2.425 1.6
      vertex -2.02369 2.425 1.6
      vertex -0.436344 2.36518 1.6
    endloop
  endfacet
  facet normal 0 0 1
    outer loop
      vertex -2.06365 2.36518 1.6
      vertex -0.436344 2.36518 1.6
      vertex -2.02369 2.425 1.6
    endloop
  endfacet
  facet normal 0 0 1
    outer loop
      vertex -2.02369 2.425 1.6
      vertex -0.476314 2.425 1.6
      vertex -1.99187 2.48952 1.6
    endloop
  endfacet
  facet normal 0 0 1
    outer loop
      vertex -0.436344 2.36518 1.6
      vertex -2.06365 2.36518 1.6
      vertex -0.388908 2.31109 1.6
    endloop
  endfacet
  facet normal 0 0 1
    outer loop
      vertex -0.508133 2.48952 1.6
      vertex -1.99187 2.48952 1.6
      vertex -0.476314 2.425 1.6
    endloop
  endfacet
  facet normal 0 0 1
    outer loop
      vertex -2.11109 2.31109 1.6
      vertex -0.388908 2.31109 1.6
      vertex -2.06365 2.36518 1.6
    endloop
  endfacet
  facet normal 0 0 1
    outer loop
      vertex -1.99187 2.48952 1.6
      vertex -0.508133 2.48952 1.6
      vertex -1.96874 2.55765 1.6
    endloop
  endfacet
  facet normal 0 0 1
    outer loop
      vertex -0.334818 -2.26366 1.6
      vertex -1.95 -2.7 1.6
      vertex -0.388908 -2.31109 1.6
    endloop
  endfacet
  facet normal 0 0 1
    outer loop
      vertex -0.531259 2.55765 1.6
      vertex -1.96874 2.55765 1.6
      vertex -0.508133 2.48952 1.6
    endloop
  endfacet
  facet normal 0 0 1
    outer loop
      vertex -0.388908 -2.31109 1.6
      vertex -1.95 -2.7 1.6
      vertex -0.436344 -2.36518 1.6
    endloop
  endfacet
  facet normal 0 0 1
    outer loop
      vertex -1.96874 2.55765 1.6
      vertex -0.531259 2.55765 1.6
      vertex -1.95471 2.62821 1.6
    endloop
  endfacet
  facet normal 0 0 1
    outer loop
      vertex -0.436344 -2.36518 1.6
      vertex -1.95 -2.7 1.6
      vertex -0.476314 -2.425 1.6
    endloop
  endfacet
  facet normal -0 0 1
    outer loop
      vertex -1.95471 2.62821 1.6
      vertex -0.531259 2.55765 1.6
      vertex -0.545294 2.62821 1.6
    endloop
  endfacet
  facet normal 0 0 1
    outer loop
      vertex -0.476314 -2.425 1.6
      vertex -1.95 -2.7 1.6
      vertex -0.508133 -2.48952 1.6
    endloop
  endfacet
  facet normal 0 0 1
    outer loop
      vertex -1.95471 2.62821 1.6
      vertex -0.545294 2.62821 1.6
      vertex -0.549999 2.7 1.6
    endloop
  endfacet
  facet normal 0 0 1
    outer loop
      vertex -0.508133 -2.48952 1.6
      vertex -1.95 -2.7 1.6
      vertex -0.531259 -2.55765 1.6
    endloop
  endfacet
  facet normal 0 0 1
    outer loop
      vertex 2.28952 3.20813 1.6
      vertex 1.33526 6.70428 1.6
      vertex 2.225 3.17631 1.6
    endloop
  endfacet
  facet normal 0 0 1
    outer loop
      vertex 1.95 -2.7 1.6
      vertex 1.76572 -7.13474 1.6
      vertex 1.77 -7.2 1.6
    endloop
  endfacet
  facet normal -0 0 1
    outer loop
      vertex 1.27 6.7 1.6
      vertex 2.225 3.17631 1.6
      vertex 1.33526 6.70428 1.6
    endloop
  endfacet
  facet normal 0 0 1
    outer loop
      vertex 1.95 -2.7 1.6
      vertex 1.75296 -7.07059 1.6
      vertex 1.76572 -7.13474 1.6
    endloop
  endfacet
  facet normal 0 0 1
    outer loop
      vertex 0.275 3.17631 1.6
      vertex 2.225 3.17631 1.6
      vertex 1.27 6.7 1.6
    endloop
  endfacet
  facet normal 0 0 1
    outer loop
      vertex 1.95 -2.7 1.6
      vertex 1.73194 -7.00866 1.6
      vertex 1.75296 -7.07059 1.6
    endloop
  endfacet
  facet normal 0 0 1
    outer loop
      vertex 0.545294 2.62821 1.6
      vertex 1.95 2.7 1.6
      vertex 0.549999 2.7 1.6
    endloop
  endfacet
  facet normal 0 0 1
    outer loop
      vertex 1.96874 -2.55765 1.6
      vertex 0.549999 -2.7 1.6
      vertex 1.95471 -2.62821 1.6
    endloop
  endfacet
  facet normal 0 0 1
    outer loop
      vertex 2.225 3.17631 1.6
      vertex 0.275 3.17631 1.6
      vertex 2.16518 3.13634 1.6
    endloop
  endfacet
  facet normal 0 0 1
    outer loop
      vertex 0.545294 -2.77179 1.6
      vertex 1.95 -2.7 1.6
      vertex 0.549999 -2.7 1.6
    endloop
  endfacet
  facet normal 0 -0 1
    outer loop
      vertex 0.334818 3.13634 1.6
      vertex 2.16518 3.13634 1.6
      vertex 0.275 3.17631 1.6
    endloop
  endfacet
  facet normal 0 0 1
    outer loop
      vertex 1.95 -2.7 1.6
      vertex 1.70301 -6.95 1.6
      vertex 1.73194 -7.00866 1.6
    endloop
  endfacet
  facet normal 0 0 1
    outer loop
      vertex 2.16518 3.13634 1.6
      vertex 0.334818 3.13634 1.6
      vertex 2.11109 3.08891 1.6
    endloop
  endfacet
  facet normal 0 0 1
    outer loop
      vertex 1.95 -2.7 1.6
      vertex 1.66668 -6.89562 1.6
      vertex 1.70301 -6.95 1.6
    endloop
  endfacet
  facet normal 0 -0 1
    outer loop
      vertex 0.388908 3.08891 1.6
      vertex 2.11109 3.08891 1.6
      vertex 0.334818 3.13634 1.6
    endloop
  endfacet
  facet normal 0 0 1
    outer loop
      vertex 0.531259 -2.84235 1.6
      vertex 1.95 -2.7 1.6
      vertex 0.545294 -2.77179 1.6
    endloop
  endfacet
  facet normal 0 0 1
    outer loop
      vertex 2.06365 3.03482 1.6
      vertex 0.436344 3.03482 1.6
      vertex 2.02369 2.975 1.6
    endloop
  endfacet
  facet normal 0 0 1
    outer loop
      vertex 1.95 -2.7 1.6
      vertex 1.62355 -6.84645 1.6
      vertex 1.66668 -6.89562 1.6
    endloop
  endfacet
  facet normal 0 -0 1
    outer loop
      vertex 0.476314 2.975 1.6
      vertex 2.02369 2.975 1.6
      vertex 0.436344 3.03482 1.6
    endloop
  endfacet
  facet normal 0 0 1
    outer loop
      vertex 0.508133 -2.91048 1.6
      vertex 1.95 -2.7 1.6
      vertex 0.531259 -2.84235 1.6
    endloop
  endfacet
  facet normal 0 0 1
    outer loop
      vertex 2.02369 2.975 1.6
      vertex 0.476314 2.975 1.6
      vertex 1.99187 2.91048 1.6
    endloop
  endfacet
  facet normal 0 0 1
    outer loop
      vertex 1.95 -2.7 1.6
      vertex 1.57438 -6.80332 1.6
      vertex 1.62355 -6.84645 1.6
    endloop
  endfacet
  facet normal 0 -0 1
    outer loop
      vertex 0.436344 3.03482 1.6
      vertex 2.06365 3.03482 1.6
      vertex 0.388908 3.08891 1.6
    endloop
  endfacet
  facet normal 0 0 1
    outer loop
      vertex 0.476314 -2.975 1.6
      vertex 1.95 -2.7 1.6
      vertex 0.508133 -2.91048 1.6
    endloop
  endfacet
  facet normal 0 0 1
    outer loop
      vertex 0.275 3.17631 1.6
      vertex 1.27 6.7 1.6
      vertex 1.20474 6.70428 1.6
    endloop
  endfacet
  facet normal 0 0 1
    outer loop
      vertex 1.95 -2.7 1.6
      vertex 1.52 -6.76699 1.6
      vertex 1.57438 -6.80332 1.6
    endloop
  endfacet
  facet normal 0 0 1
    outer loop
      vertex 0.210475 3.20813 1.6
      vertex 1.20474 6.70428 1.6
      vertex 1.14059 6.71704 1.6
    endloop
  endfacet
  facet normal 0 0 1
    outer loop
      vertex 0.436344 -3.03482 1.6
      vertex 1.95 -2.7 1.6
      vertex 0.476314 -2.975 1.6
    endloop
  endfacet
  facet normal 0 0 1
    outer loop
      vertex 0.14235 3.23126 1.6
      vertex 1.14059 6.71704 1.6
      vertex 1.07866 6.73806 1.6
    endloop
  endfacet
  facet normal 0 0 1
    outer loop
      vertex 1.95 -2.7 1.6
      vertex 1.46134 -6.73806 1.6
      vertex 1.52 -6.76699 1.6
    endloop
  endfacet
  facet normal 0 0 1
    outer loop
      vertex 0.0717888 3.24529 1.6
      vertex 1.07866 6.73806 1.6
      vertex 1.02 6.76699 1.6
    endloop
  endfacet
  facet normal 0 0 1
    outer loop
      vertex 0.388908 -3.08891 1.6
      vertex 1.95 -2.7 1.6
      vertex 0.436344 -3.03482 1.6
    endloop
  endfacet
  facet normal 0 0 1
    outer loop
      vertex 0.916446 6.84645 1.6
      vertex -0.916446 6.84645 1.6
      vertex 0.965619 6.80332 1.6
    endloop
  endfacet
  facet normal 0 0 1
    outer loop
      vertex 1.95 -2.7 1.6
      vertex 1.39941 -6.71704 1.6
      vertex 1.46134 -6.73806 1.6
    endloop
  endfacet
  facet normal 0 0 1
    outer loop
      vertex 0.80806 7.00866 1.6
      vertex -0.80806 7.00866 1.6
      vertex 0.836987 6.95 1.6
    endloop
  endfacet
  facet normal 0 0 1
    outer loop
      vertex 0.334818 -3.13634 1.6
      vertex 1.95 -2.7 1.6
      vertex 0.388908 -3.08891 1.6
    endloop
  endfacet
  facet normal 0 0 1
    outer loop
      vertex -0.80806 7.00866 1.6
      vertex 0.80806 7.00866 1.6
      vertex -0.787037 7.07059 1.6
    endloop
  endfacet
  facet normal 0 0 1
    outer loop
      vertex 1.95 -2.7 1.6
      vertex 1.33526 -6.70428 1.6
      vertex 1.39941 -6.71704 1.6
    endloop
  endfacet
  facet normal 0 0 1
    outer loop
      vertex 0.787037 7.07059 1.6
      vertex -0.787037 7.07059 1.6
      vertex 0.80806 7.00866 1.6
    endloop
  endfacet
  facet normal 0 0 1
    outer loop
      vertex 1.95 -2.7 1.6
      vertex 0.334818 -3.13634 1.6
      vertex 1.33526 -6.70428 1.6
    endloop
  endfacet
  facet normal 0 0 1
    outer loop
      vertex -0.787037 7.07059 1.6
      vertex 0.787037 7.07059 1.6
      vertex -0.774277 7.13474 1.6
    endloop
  endfacet
  facet normal 0 0 1
    outer loop
      vertex 1.33526 -6.70428 1.6
      vertex 0.334818 -3.13634 1.6
      vertex 1.27 -6.7 1.6
    endloop
  endfacet
  facet normal 0 0 1
    outer loop
      vertex 0.774277 7.13474 1.6
      vertex -0.774277 7.13474 1.6
      vertex 0.787037 7.07059 1.6
    endloop
  endfacet
  facet normal -0 0 1
    outer loop
      vertex 0.275 -3.17631 1.6
      vertex 1.27 -6.7 1.6
      vertex 0.334818 -3.13634 1.6
    endloop
  endfacet
  facet normal 0 0 1
    outer loop
      vertex -0.774277 7.13474 1.6
      vertex 0.774277 7.13474 1.6
      vertex -0.77 7.2 1.6
    endloop
  endfacet
  facet normal 0 0 1
    outer loop
      vertex 1.27 -6.7 1.6
      vertex 0.275 -3.17631 1.6
      vertex 1.20474 -6.70428 1.6
    endloop
  endfacet
  facet normal -0 0 1
    outer loop
      vertex -0.77 7.2 1.6
      vertex 0.774277 7.13474 1.6
      vertex 0.77 7.2 1.6
    endloop
  endfacet
  facet normal -0 0 1
    outer loop
      vertex 0.210475 -3.20813 1.6
      vertex 1.20474 -6.70428 1.6
      vertex 0.275 -3.17631 1.6
    endloop
  endfacet
  facet normal -0 0 1
    outer loop
      vertex 3.03126 2.55765 1.6
      vertex 4.6 -0.9 1.6
      vertex 3.04529 2.62821 1.6
    endloop
  endfacet
  facet normal 0 0 1
    outer loop
      vertex 4.6 -0.9 1.6
      vertex 3.04529 -2.62821 1.6
      vertex 3.05 -2.7 1.6
    endloop
  endfacet
  facet normal -0 0 1
    outer loop
      vertex 3.00813 2.48952 1.6
      vertex 4.6 -0.9 1.6
      vertex 3.03126 2.55765 1.6
    endloop
  endfacet
  facet normal 0 0 1
    outer loop
      vertex 4.6 -0.9 1.6
      vertex 3.03126 -2.55765 1.6
      vertex 3.04529 -2.62821 1.6
    endloop
  endfacet
  facet normal -0 0 1
    outer loop
      vertex 2.97631 2.425 1.6
      vertex 4.6 -0.9 1.6
      vertex 3.00813 2.48952 1.6
    endloop
  endfacet
  facet normal 0 0 1
    outer loop
      vertex 4.6 -0.9 1.6
      vertex 3.00813 -2.48952 1.6
      vertex 3.03126 -2.55765 1.6
    endloop
  endfacet
  facet normal -0 0 1
    outer loop
      vertex 2.93634 2.36518 1.6
      vertex 4.6 -0.9 1.6
      vertex 2.97631 2.425 1.6
    endloop
  endfacet
  facet normal 0 0 1
    outer loop
      vertex 4.6 -0.9 1.6
      vertex 2.97631 -2.425 1.6
      vertex 3.00813 -2.48952 1.6
    endloop
  endfacet
  facet normal -0 0 1
    outer loop
      vertex 2.88891 2.31109 1.6
      vertex 4.6 -0.9 1.6
      vertex 2.93634 2.36518 1.6
    endloop
  endfacet
  facet normal 0 0 1
    outer loop
      vertex 4.6 -0.9 1.6
      vertex 2.93634 -2.36518 1.6
      vertex 2.97631 -2.425 1.6
    endloop
  endfacet
  facet normal -0 0 1
    outer loop
      vertex 2.83482 2.26366 1.6
      vertex 4.6 -0.9 1.6
      vertex 2.88891 2.31109 1.6
    endloop
  endfacet
  facet normal 0 0 1
    outer loop
      vertex 4.6 -0.9 1.6
      vertex 2.88891 -2.31109 1.6
      vertex 2.93634 -2.36518 1.6
    endloop
  endfacet
  facet normal -0 0 1
    outer loop
      vertex 2.775 2.22369 1.6
      vertex 4.6 -0.9 1.6
      vertex 2.83482 2.26366 1.6
    endloop
  endfacet
  facet normal 0 0 1
    outer loop
      vertex 4.6 -0.9 1.6
      vertex 2.83482 -2.26366 1.6
      vertex 2.88891 -2.31109 1.6
    endloop
  endfacet
  facet normal -0 0 1
    outer loop
      vertex 2.71047 2.19187 1.6
      vertex 4.6 -0.9 1.6
      vertex 2.775 2.22369 1.6
    endloop
  endfacet
  facet normal 0 0 1
    outer loop
      vertex 4.6 -0.9 1.6
      vertex 2.775 -2.22369 1.6
      vertex 2.83482 -2.26366 1.6
    endloop
  endfacet
  facet normal -0 0 1
    outer loop
      vertex 2.64235 2.16874 1.6
      vertex 4.6 -0.9 1.6
      vertex 2.71047 2.19187 1.6
    endloop
  endfacet
  facet normal 0 0 1
    outer loop
      vertex 4.6 -0.9 1.6
      vertex 2.71047 -2.19187 1.6
      vertex 2.775 -2.22369 1.6
    endloop
  endfacet
  facet normal -0 0 1
    outer loop
      vertex 2.57179 2.15471 1.6
      vertex 4.6 -0.9 1.6
      vertex 2.64235 2.16874 1.6
    endloop
  endfacet
  facet normal 0 0 1
    outer loop
      vertex 4.6 -0.9 1.6
      vertex 2.64235 -2.16874 1.6
      vertex 2.71047 -2.19187 1.6
    endloop
  endfacet
  facet normal -0 0 1
    outer loop
      vertex 2.5 2.15 1.6
      vertex 4.6 -0.9 1.6
      vertex 2.57179 2.15471 1.6
    endloop
  endfacet
  facet normal 0 0 1
    outer loop
      vertex 4.6 -0.9 1.6
      vertex 2.57179 -2.15471 1.6
      vertex 2.64235 -2.16874 1.6
    endloop
  endfacet
  facet normal 0 0 1
    outer loop
      vertex 2.5 -2.15 1.6
      vertex 4.6 -0.9 1.6
      vertex 2.5 2.15 1.6
    endloop
  endfacet
  facet normal 0 0 1
    outer loop
      vertex 4.6 -0.9 1.6
      vertex 2.5 -2.15 1.6
      vertex 2.57179 -2.15471 1.6
    endloop
  endfacet
  facet normal 0 0 1
    outer loop
      vertex 2.42821 2.15471 1.6
      vertex 2.5 -2.15 1.6
      vertex 2.5 2.15 1.6
    endloop
  endfacet
  facet normal 0 0 1
    outer loop
      vertex 2.42821 2.15471 1.6
      vertex 2.42821 -2.15471 1.6
      vertex 2.5 -2.15 1.6
    endloop
  endfacet
  facet normal 0 0 1
    outer loop
      vertex 2.35765 2.16874 1.6
      vertex 2.42821 -2.15471 1.6
      vertex 2.42821 2.15471 1.6
    endloop
  endfacet
  facet normal 0 0 1
    outer loop
      vertex 2.35765 2.16874 1.6
      vertex 2.35765 -2.16874 1.6
      vertex 2.42821 -2.15471 1.6
    endloop
  endfacet
  facet normal 0 0 1
    outer loop
      vertex 2.28952 2.19187 1.6
      vertex 2.35765 -2.16874 1.6
      vertex 2.35765 2.16874 1.6
    endloop
  endfacet
  facet normal 0 0 1
    outer loop
      vertex 2.28952 2.19187 1.6
      vertex 2.28952 -2.19187 1.6
      vertex 2.35765 -2.16874 1.6
    endloop
  endfacet
  facet normal 0 0 1
    outer loop
      vertex 2.225 2.22369 1.6
      vertex 2.28952 -2.19187 1.6
      vertex 2.28952 2.19187 1.6
    endloop
  endfacet
  facet normal 0 0 1
    outer loop
      vertex 2.225 2.22369 1.6
      vertex 2.225 -2.22369 1.6
      vertex 2.28952 -2.19187 1.6
    endloop
  endfacet
  facet normal 0 0 1
    outer loop
      vertex 2.02369 2.425 1.6
      vertex 0.476314 2.425 1.6
      vertex 2.06365 2.36518 1.6
    endloop
  endfacet
  facet normal 0 0 1
    outer loop
      vertex 0.436344 2.36518 1.6
      vertex 2.06365 2.36518 1.6
      vertex 0.476314 2.425 1.6
    endloop
  endfacet
  facet normal 0 0 1
    outer loop
      vertex 0.476314 2.425 1.6
      vertex 2.02369 2.425 1.6
      vertex 0.508133 2.48952 1.6
    endloop
  endfacet
  facet normal 0 0 1
    outer loop
      vertex 2.06365 2.36518 1.6
      vertex 0.436344 2.36518 1.6
      vertex 2.11109 2.31109 1.6
    endloop
  endfacet
  facet normal 0 0 1
    outer loop
      vertex 1.99187 2.48952 1.6
      vertex 0.508133 2.48952 1.6
      vertex 2.02369 2.425 1.6
    endloop
  endfacet
  facet normal 0 0 1
    outer loop
      vertex 0.388908 2.31109 1.6
      vertex 2.11109 2.31109 1.6
      vertex 0.436344 2.36518 1.6
    endloop
  endfacet
  facet normal 0 0 1
    outer loop
      vertex 0.508133 2.48952 1.6
      vertex 1.99187 2.48952 1.6
      vertex 0.531259 2.55765 1.6
    endloop
  endfacet
  facet normal 0 0 1
    outer loop
      vertex 2.16518 -2.26366 1.6
      vertex 0.549999 -2.7 1.6
      vertex 2.11109 -2.31109 1.6
    endloop
  endfacet
  facet normal 0 0 1
    outer loop
      vertex 1.96874 2.55765 1.6
      vertex 0.531259 2.55765 1.6
      vertex 1.99187 2.48952 1.6
    endloop
  endfacet
  facet normal 0 0 1
    outer loop
      vertex 2.11109 -2.31109 1.6
      vertex 0.549999 -2.7 1.6
      vertex 2.06365 -2.36518 1.6
    endloop
  endfacet
  facet normal 0 0 1
    outer loop
      vertex 0.531259 2.55765 1.6
      vertex 1.96874 2.55765 1.6
      vertex 0.545294 2.62821 1.6
    endloop
  endfacet
  facet normal 0 0 1
    outer loop
      vertex 2.06365 -2.36518 1.6
      vertex 0.549999 -2.7 1.6
      vertex 2.02369 -2.425 1.6
    endloop
  endfacet
  facet normal -0 0 1
    outer loop
      vertex 0.545294 2.62821 1.6
      vertex 1.96874 2.55765 1.6
      vertex 1.95471 2.62821 1.6
    endloop
  endfacet
  facet normal 0 0 1
    outer loop
      vertex 2.02369 -2.425 1.6
      vertex 0.549999 -2.7 1.6
      vertex 1.99187 -2.48952 1.6
    endloop
  endfacet
  facet normal 0 0 1
    outer loop
      vertex 0.545294 2.62821 1.6
      vertex 1.95471 2.62821 1.6
      vertex 1.95 2.7 1.6
    endloop
  endfacet
  facet normal 0 0 1
    outer loop
      vertex 1.99187 -2.48952 1.6
      vertex 0.549999 -2.7 1.6
      vertex 1.96874 -2.55765 1.6
    endloop
  endfacet
  facet normal 0 0 1
    outer loop
      vertex 12.65 12.65 1.6
      vertex 10 -0.9 1.6
      vertex 12.65 -12.65 1.6
    endloop
  endfacet
  facet normal -0 0 1
    outer loop
      vertex 2.97631 2.975 1.6
      vertex 10 -0.9 1.6
      vertex 12.65 12.65 1.6
    endloop
  endfacet
  facet normal -0 0 1
    outer loop
      vertex 3.04529 2.62821 1.6
      vertex 4.6 -0.9 1.6
      vertex 3.05 2.7 1.6
    endloop
  endfacet
  facet normal -0 -0 1
    outer loop
      vertex 3.05 2.7 1.6
      vertex 10 -0.9 1.6
      vertex 3.04529 2.77179 1.6
    endloop
  endfacet
  facet normal 0 0 1
    outer loop
      vertex 10 -0.9 1.6
      vertex 3.05 2.7 1.6
      vertex 4.6 -0.9 1.6
    endloop
  endfacet
  facet normal 0 0 1
    outer loop
      vertex 10 -0.9 1.6
      vertex 3.03126 2.84235 1.6
      vertex 3.04529 2.77179 1.6
    endloop
  endfacet
  facet normal 0 0 1
    outer loop
      vertex 10 -0.9 1.6
      vertex 3.00813 2.91048 1.6
      vertex 3.03126 2.84235 1.6
    endloop
  endfacet
  facet normal 0 0 1
    outer loop
      vertex 10 -0.9 1.6
      vertex 2.97631 2.975 1.6
      vertex 3.00813 2.91048 1.6
    endloop
  endfacet
  facet normal 0 0 1
    outer loop
      vertex 12.65 12.65 1.6
      vertex 2.93634 3.03482 1.6
      vertex 2.97631 2.975 1.6
    endloop
  endfacet
  facet normal -0 0 1
    outer loop
      vertex 1.77 7.2 1.6
      vertex 2.93634 3.03482 1.6
      vertex 12.65 12.65 1.6
    endloop
  endfacet
  facet normal -0 0 1
    outer loop
      vertex 1.76572 7.13474 1.6
      vertex 2.93634 3.03482 1.6
      vertex 1.77 7.2 1.6
    endloop
  endfacet
  facet normal 0 0 1
    outer loop
      vertex 2.93634 3.03482 1.6
      vertex 1.76572 7.13474 1.6
      vertex 2.88891 3.08891 1.6
    endloop
  endfacet
  facet normal -0 0 1
    outer loop
      vertex 1.75296 7.07059 1.6
      vertex 2.88891 3.08891 1.6
      vertex 1.76572 7.13474 1.6
    endloop
  endfacet
  facet normal 0 0 1
    outer loop
      vertex 2.88891 3.08891 1.6
      vertex 1.75296 7.07059 1.6
      vertex 2.83482 3.13634 1.6
    endloop
  endfacet
  facet normal -0 0 1
    outer loop
      vertex 1.73194 7.00866 1.6
      vertex 2.83482 3.13634 1.6
      vertex 1.75296 7.07059 1.6
    endloop
  endfacet
  facet normal 0 0 1
    outer loop
      vertex 2.83482 3.13634 1.6
      vertex 1.73194 7.00866 1.6
      vertex 2.775 3.17631 1.6
    endloop
  endfacet
  facet normal -0 0 1
    outer loop
      vertex 1.70301 6.95 1.6
      vertex 2.775 3.17631 1.6
      vertex 1.73194 7.00866 1.6
    endloop
  endfacet
  facet normal 0 0 1
    outer loop
      vertex 2.775 3.17631 1.6
      vertex 1.70301 6.95 1.6
      vertex 2.71047 3.20813 1.6
    endloop
  endfacet
  facet normal -0 0 1
    outer loop
      vertex 1.66668 6.89562 1.6
      vertex 2.71047 3.20813 1.6
      vertex 1.70301 6.95 1.6
    endloop
  endfacet
  facet normal 0 0 1
    outer loop
      vertex 2.71047 3.20813 1.6
      vertex 1.66668 6.89562 1.6
      vertex 2.64235 3.23126 1.6
    endloop
  endfacet
  facet normal -0 0 1
    outer loop
      vertex 1.62355 6.84645 1.6
      vertex 2.64235 3.23126 1.6
      vertex 1.66668 6.89562 1.6
    endloop
  endfacet
  facet normal 0 0 1
    outer loop
      vertex 2.64235 3.23126 1.6
      vertex 1.62355 6.84645 1.6
      vertex 2.57179 3.24529 1.6
    endloop
  endfacet
  facet normal 0 0 1
    outer loop
      vertex 2.35765 3.23126 1.6
      vertex 1.39941 6.71704 1.6
      vertex 2.28952 3.20813 1.6
    endloop
  endfacet
  facet normal -0 0 1
    outer loop
      vertex 1.39941 6.71704 1.6
      vertex 2.35765 3.23126 1.6
      vertex 1.46134 6.73806 1.6
    endloop
  endfacet
  facet normal 0 0 1
    outer loop
      vertex 2.42821 3.24529 1.6
      vertex 1.46134 6.73806 1.6
      vertex 2.35765 3.23126 1.6
    endloop
  endfacet
  facet normal -0 0 1
    outer loop
      vertex 1.46134 6.73806 1.6
      vertex 2.42821 3.24529 1.6
      vertex 1.52 6.76699 1.6
    endloop
  endfacet
  facet normal 0 0 1
    outer loop
      vertex 2.5 3.25 1.6
      vertex 1.52 6.76699 1.6
      vertex 2.42821 3.24529 1.6
    endloop
  endfacet
  facet normal -0 0 1
    outer loop
      vertex 1.52 6.76699 1.6
      vertex 2.5 3.25 1.6
      vertex 1.57438 6.80332 1.6
    endloop
  endfacet
  facet normal 0 0 1
    outer loop
      vertex 2.57179 3.24529 1.6
      vertex 1.57438 6.80332 1.6
      vertex 2.5 3.25 1.6
    endloop
  endfacet
  facet normal -0 0 1
    outer loop
      vertex 1.57438 6.80332 1.6
      vertex 2.57179 3.24529 1.6
      vertex 1.62355 6.84645 1.6
    endloop
  endfacet
  facet normal 0 0 1
    outer loop
      vertex 12.65 12.65 1.6
      vertex 1.76572 7.26526 1.6
      vertex 1.77 7.2 1.6
    endloop
  endfacet
  facet normal 0 0 1
    outer loop
      vertex 12.65 12.65 1.6
      vertex 1.75296 7.32941 1.6
      vertex 1.76572 7.26526 1.6
    endloop
  endfacet
  facet normal 0 0 1
    outer loop
      vertex 12.65 12.65 1.6
      vertex 1.73194 7.39134 1.6
      vertex 1.75296 7.32941 1.6
    endloop
  endfacet
  facet normal 0 0 1
    outer loop
      vertex 12.65 12.65 1.6
      vertex 1.70301 7.45 1.6
      vertex 1.73194 7.39134 1.6
    endloop
  endfacet
  facet normal 0 0 1
    outer loop
      vertex 12.65 12.65 1.6
      vertex 1.66668 7.50438 1.6
      vertex 1.70301 7.45 1.6
    endloop
  endfacet
  facet normal 0 0 1
    outer loop
      vertex 12.65 12.65 1.6
      vertex 1.62355 7.55355 1.6
      vertex 1.66668 7.50438 1.6
    endloop
  endfacet
  facet normal 0 0 1
    outer loop
      vertex 12.65 12.65 1.6
      vertex 1.57438 7.59668 1.6
      vertex 1.62355 7.55355 1.6
    endloop
  endfacet
  facet normal 0 0 1
    outer loop
      vertex 12.65 12.65 1.6
      vertex 1.52 7.63301 1.6
      vertex 1.57438 7.59668 1.6
    endloop
  endfacet
  facet normal 0 0 1
    outer loop
      vertex 12.65 12.65 1.6
      vertex 1.46134 7.66194 1.6
      vertex 1.52 7.63301 1.6
    endloop
  endfacet
  facet normal 0 0 1
    outer loop
      vertex 12.65 12.65 1.6
      vertex 1.39941 7.68296 1.6
      vertex 1.46134 7.66194 1.6
    endloop
  endfacet
  facet normal 0 0 1
    outer loop
      vertex 12.65 12.65 1.6
      vertex 1.33526 7.69572 1.6
      vertex 1.39941 7.68296 1.6
    endloop
  endfacet
  facet normal 0 0 1
    outer loop
      vertex 12.65 12.65 1.6
      vertex 1.27 7.7 1.6
      vertex 1.33526 7.69572 1.6
    endloop
  endfacet
  facet normal 0 0 1
    outer loop
      vertex 12.65 12.65 1.6
      vertex 1.20474 7.69572 1.6
      vertex 1.27 7.7 1.6
    endloop
  endfacet
  facet normal 0 0 1
    outer loop
      vertex -1.20474 7.69572 1.6
      vertex 1.20474 7.69572 1.6
      vertex 12.65 12.65 1.6
    endloop
  endfacet
  facet normal 0 0 1
    outer loop
      vertex 1.20474 7.69572 1.6
      vertex -1.20474 7.69572 1.6
      vertex 1.14059 7.68296 1.6
    endloop
  endfacet
  facet normal 0 0 1
    outer loop
      vertex 1.20474 -6.70428 1.6
      vertex 0.210475 -3.20813 1.6
      vertex 1.14059 -6.71704 1.6
    endloop
  endfacet
  facet normal 0 0 1
    outer loop
      vertex 1.95 2.7 1.6
      vertex 0.545294 2.77179 1.6
      vertex 0.549999 2.7 1.6
    endloop
  endfacet
  facet normal 0 0 1
    outer loop
      vertex 1.95471 2.77179 1.6
      vertex 0.545294 2.77179 1.6
      vertex 1.95 2.7 1.6
    endloop
  endfacet
  facet normal 0 -0 1
    outer loop
      vertex 0.545294 2.77179 1.6
      vertex 1.95471 2.77179 1.6
      vertex 0.531259 2.84235 1.6
    endloop
  endfacet
  facet normal 0 0 1
    outer loop
      vertex 1.96874 2.84235 1.6
      vertex 0.531259 2.84235 1.6
      vertex 1.95471 2.77179 1.6
    endloop
  endfacet
  facet normal 0 0 1
    outer loop
      vertex -0.77 7.2 1.6
      vertex 0.77 7.2 1.6
      vertex 0.774277 7.26526 1.6
    endloop
  endfacet
  facet normal 0 -0 1
    outer loop
      vertex 0.531259 2.84235 1.6
      vertex 1.96874 2.84235 1.6
      vertex 0.508133 2.91048 1.6
    endloop
  endfacet
  facet normal 0 0 1
    outer loop
      vertex 1.99187 2.91048 1.6
      vertex 0.508133 2.91048 1.6
      vertex 1.96874 2.84235 1.6
    endloop
  endfacet
  facet normal 0 -0 1
    outer loop
      vertex 0.508133 2.91048 1.6
      vertex 1.99187 2.91048 1.6
      vertex 0.476314 2.975 1.6
    endloop
  endfacet
  facet normal 0 0 1
    outer loop
      vertex 2.11109 3.08891 1.6
      vertex 0.388908 3.08891 1.6
      vertex 2.06365 3.03482 1.6
    endloop
  endfacet
  facet normal 0 0 1
    outer loop
      vertex 1.20474 6.70428 1.6
      vertex 0.210475 3.20813 1.6
      vertex 0.275 3.17631 1.6
    endloop
  endfacet
  facet normal 0 0 1
    outer loop
      vertex 1.14059 6.71704 1.6
      vertex 0.14235 3.23126 1.6
      vertex 0.210475 3.20813 1.6
    endloop
  endfacet
  facet normal 0 0 1
    outer loop
      vertex 1.07866 6.73806 1.6
      vertex 0.0717888 3.24529 1.6
      vertex 0.14235 3.23126 1.6
    endloop
  endfacet
  facet normal 0 0 1
    outer loop
      vertex 1.02 6.76699 1.6
      vertex 0 3.25 1.6
      vertex 0.0717888 3.24529 1.6
    endloop
  endfacet
  facet normal 0 0 1
    outer loop
      vertex -0.836987 6.95 1.6
      vertex 0.836987 6.95 1.6
      vertex -0.80806 7.00866 1.6
    endloop
  endfacet
  facet normal 0 0 1
    outer loop
      vertex -0.774277 7.26526 1.6
      vertex 0.774277 7.26526 1.6
      vertex 0.787037 7.32941 1.6
    endloop
  endfacet
  facet normal 0 0 1
    outer loop
      vertex 0.873322 6.89562 1.6
      vertex -0.873322 6.89562 1.6
      vertex 0.916446 6.84645 1.6
    endloop
  endfacet
  facet normal 0 0 1
    outer loop
      vertex 0.836987 6.95 1.6
      vertex -0.836987 6.95 1.6
      vertex 0.873322 6.89562 1.6
    endloop
  endfacet
  facet normal 0 0 1
    outer loop
      vertex -0.873322 6.89562 1.6
      vertex 0.873322 6.89562 1.6
      vertex -0.836987 6.95 1.6
    endloop
  endfacet
  facet normal 0 0 1
    outer loop
      vertex -0.916446 6.84645 1.6
      vertex 0.916446 6.84645 1.6
      vertex -0.873322 6.89562 1.6
    endloop
  endfacet
  facet normal 0 0 1
    outer loop
      vertex -0.965619 6.80332 1.6
      vertex 0.965619 6.80332 1.6
      vertex -0.916446 6.84645 1.6
    endloop
  endfacet
  facet normal 0 0 1
    outer loop
      vertex 0.965619 6.80332 1.6
      vertex -0.965619 6.80332 1.6
      vertex 1.02 6.76699 1.6
    endloop
  endfacet
  facet normal 0 0 1
    outer loop
      vertex -1.02 6.76699 1.6
      vertex 1.02 6.76699 1.6
      vertex -0.965619 6.80332 1.6
    endloop
  endfacet
  facet normal 0 0 1
    outer loop
      vertex 1.02 6.76699 1.6
      vertex -1.02 6.76699 1.6
      vertex 0 3.25 1.6
    endloop
  endfacet
  facet normal 0 0 1
    outer loop
      vertex 0 3.25 1.6
      vertex -1.02 6.76699 1.6
      vertex -0.0717888 3.24529 1.6
    endloop
  endfacet
  facet normal 0 0 1
    outer loop
      vertex -0.14235 3.23126 1.6
      vertex -1.14059 6.71704 1.6
      vertex -0.210475 3.20813 1.6
    endloop
  endfacet
  facet normal -0 0 1
    outer loop
      vertex -1.14059 6.71704 1.6
      vertex -0.14235 3.23126 1.6
      vertex -1.07866 6.73806 1.6
    endloop
  endfacet
  facet normal 0 0 1
    outer loop
      vertex -0.0717888 3.24529 1.6
      vertex -1.07866 6.73806 1.6
      vertex -0.14235 3.23126 1.6
    endloop
  endfacet
  facet normal -0 0 1
    outer loop
      vertex -1.07866 6.73806 1.6
      vertex -0.0717888 3.24529 1.6
      vertex -1.02 6.76699 1.6
    endloop
  endfacet
  facet normal 0 0 1
    outer loop
      vertex -0.787037 7.32941 1.6
      vertex 0.787037 7.32941 1.6
      vertex 0.80806 7.39134 1.6
    endloop
  endfacet
  facet normal 0 0 1
    outer loop
      vertex -0.80806 7.39134 1.6
      vertex 0.80806 7.39134 1.6
      vertex 0.836987 7.45 1.6
    endloop
  endfacet
  facet normal 0 0 1
    outer loop
      vertex -0.836987 7.45 1.6
      vertex 0.836987 7.45 1.6
      vertex 0.873322 7.50438 1.6
    endloop
  endfacet
  facet normal 0 0 1
    outer loop
      vertex -0.873322 7.50438 1.6
      vertex 0.873322 7.50438 1.6
      vertex 0.916446 7.55355 1.6
    endloop
  endfacet
  facet normal 0 0 1
    outer loop
      vertex -0.916446 7.55355 1.6
      vertex 0.916446 7.55355 1.6
      vertex 0.965619 7.59668 1.6
    endloop
  endfacet
  facet normal 0 0 1
    outer loop
      vertex -0.965619 7.59668 1.6
      vertex 0.965619 7.59668 1.6
      vertex 1.02 7.63301 1.6
    endloop
  endfacet
  facet normal 0 0 1
    outer loop
      vertex -1.02 7.63301 1.6
      vertex 1.02 7.63301 1.6
      vertex 1.07866 7.66194 1.6
    endloop
  endfacet
  facet normal 0 -0 1
    outer loop
      vertex -1.14059 7.68296 1.6
      vertex 1.14059 7.68296 1.6
      vertex -1.20474 7.69572 1.6
    endloop
  endfacet
  facet normal 0 0 1
    outer loop
      vertex 0.774277 7.26526 1.6
      vertex -0.774277 7.26526 1.6
      vertex -0.77 7.2 1.6
    endloop
  endfacet
  facet normal 0 0 1
    outer loop
      vertex 0.787037 7.32941 1.6
      vertex -0.787037 7.32941 1.6
      vertex -0.774277 7.26526 1.6
    endloop
  endfacet
  facet normal 0 0 1
    outer loop
      vertex 0.80806 7.39134 1.6
      vertex -0.80806 7.39134 1.6
      vertex -0.787037 7.32941 1.6
    endloop
  endfacet
  facet normal 0 0 1
    outer loop
      vertex 0.836987 7.45 1.6
      vertex -0.836987 7.45 1.6
      vertex -0.80806 7.39134 1.6
    endloop
  endfacet
  facet normal 0 0 1
    outer loop
      vertex 0.873322 7.50438 1.6
      vertex -0.873322 7.50438 1.6
      vertex -0.836987 7.45 1.6
    endloop
  endfacet
  facet normal 0 0 1
    outer loop
      vertex 0.916446 7.55355 1.6
      vertex -0.916446 7.55355 1.6
      vertex -0.873322 7.50438 1.6
    endloop
  endfacet
  facet normal 0 0 1
    outer loop
      vertex 0.965619 7.59668 1.6
      vertex -0.965619 7.59668 1.6
      vertex -0.916446 7.55355 1.6
    endloop
  endfacet
  facet normal 0 0 1
    outer loop
      vertex 1.02 7.63301 1.6
      vertex -1.02 7.63301 1.6
      vertex -0.965619 7.59668 1.6
    endloop
  endfacet
  facet normal 0 0 1
    outer loop
      vertex 1.07866 7.66194 1.6
      vertex -1.07866 7.66194 1.6
      vertex -1.02 7.63301 1.6
    endloop
  endfacet
  facet normal 0 0 1
    outer loop
      vertex 1.07866 7.66194 1.6
      vertex -1.14059 7.68296 1.6
      vertex -1.07866 7.66194 1.6
    endloop
  endfacet
  facet normal 0 0 1
    outer loop
      vertex 1.14059 7.68296 1.6
      vertex -1.14059 7.68296 1.6
      vertex 1.07866 7.66194 1.6
    endloop
  endfacet
  facet normal 0 0 1
    outer loop
      vertex 12.65 12.65 1.6
      vertex -1.27 7.7 1.6
      vertex -1.20474 7.69572 1.6
    endloop
  endfacet
  facet normal -0 0 1
    outer loop
      vertex -12.65 12.65 1.6
      vertex -1.27 7.7 1.6
      vertex 12.65 12.65 1.6
    endloop
  endfacet
  facet normal 0 0 1
    outer loop
      vertex -1.27 7.7 1.6
      vertex -12.65 12.65 1.6
      vertex -1.33526 7.69572 1.6
    endloop
  endfacet
  facet normal 0 0 1
    outer loop
      vertex -1.33526 7.69572 1.6
      vertex -12.65 12.65 1.6
      vertex -1.39941 7.68296 1.6
    endloop
  endfacet
  facet normal 0 0 1
    outer loop
      vertex -1.33526 -6.70428 1.6
      vertex -2.28952 -3.20813 1.6
      vertex -1.39941 -6.71704 1.6
    endloop
  endfacet
  facet normal 0 0 1
    outer loop
      vertex -0.549999 2.7 1.6
      vertex -1.95471 2.77179 1.6
      vertex -1.95 2.7 1.6
    endloop
  endfacet
  facet normal 0 0 1
    outer loop
      vertex -0.545294 2.77179 1.6
      vertex -1.95471 2.77179 1.6
      vertex -0.549999 2.7 1.6
    endloop
  endfacet
  facet normal 0 -0 1
    outer loop
      vertex -1.95471 2.77179 1.6
      vertex -0.545294 2.77179 1.6
      vertex -1.96874 2.84235 1.6
    endloop
  endfacet
  facet normal 0 0 1
    outer loop
      vertex -0.531259 2.84235 1.6
      vertex -1.96874 2.84235 1.6
      vertex -0.545294 2.77179 1.6
    endloop
  endfacet
  facet normal 0 -0 1
    outer loop
      vertex -1.96874 2.84235 1.6
      vertex -0.531259 2.84235 1.6
      vertex -1.99187 2.91048 1.6
    endloop
  endfacet
  facet normal 0 0 1
    outer loop
      vertex -12.65 12.65 1.6
      vertex -1.77 7.2 1.6
      vertex -1.76572 7.26526 1.6
    endloop
  endfacet
  facet normal 0 0 1
    outer loop
      vertex -0.508133 2.91048 1.6
      vertex -1.99187 2.91048 1.6
      vertex -0.531259 2.84235 1.6
    endloop
  endfacet
  facet normal 0 -0 1
    outer loop
      vertex -1.99187 2.91048 1.6
      vertex -0.508133 2.91048 1.6
      vertex -2.02369 2.975 1.6
    endloop
  endfacet
  facet normal 0 0 1
    outer loop
      vertex -0.388908 3.08891 1.6
      vertex -2.11109 3.08891 1.6
      vertex -0.436344 3.03482 1.6
    endloop
  endfacet
  facet normal 0 0 1
    outer loop
      vertex -1.33526 6.70428 1.6
      vertex -2.28952 3.20813 1.6
      vertex -2.225 3.17631 1.6
    endloop
  endfacet
  facet normal 0 0 1
    outer loop
      vertex -1.39941 6.71704 1.6
      vertex -2.35765 3.23126 1.6
      vertex -2.28952 3.20813 1.6
    endloop
  endfacet
  facet normal 0 0 1
    outer loop
      vertex -1.46134 6.73806 1.6
      vertex -2.42821 3.24529 1.6
      vertex -2.35765 3.23126 1.6
    endloop
  endfacet
  facet normal 0 0 1
    outer loop
      vertex -1.52 6.76699 1.6
      vertex -2.5 3.25 1.6
      vertex -2.42821 3.24529 1.6
    endloop
  endfacet
  facet normal 0 0 1
    outer loop
      vertex -1.57438 6.80332 1.6
      vertex -2.57179 3.24529 1.6
      vertex -2.5 3.25 1.6
    endloop
  endfacet
  facet normal 0 0 1
    outer loop
      vertex -12.65 12.65 1.6
      vertex -1.76572 7.26526 1.6
      vertex -1.75296 7.32941 1.6
    endloop
  endfacet
  facet normal 0 0 1
    outer loop
      vertex -1.62355 6.84645 1.6
      vertex -2.64235 3.23126 1.6
      vertex -2.57179 3.24529 1.6
    endloop
  endfacet
  facet normal 0 0 1
    outer loop
      vertex -1.66668 6.89562 1.6
      vertex -2.71047 3.20813 1.6
      vertex -2.64235 3.23126 1.6
    endloop
  endfacet
  facet normal 0 0 1
    outer loop
      vertex -1.70301 6.95 1.6
      vertex -2.775 3.17631 1.6
      vertex -2.71047 3.20813 1.6
    endloop
  endfacet
  facet normal 0 0 1
    outer loop
      vertex -1.73194 7.00866 1.6
      vertex -2.83482 3.13634 1.6
      vertex -2.775 3.17631 1.6
    endloop
  endfacet
  facet normal 0 0 1
    outer loop
      vertex -1.75296 7.07059 1.6
      vertex -2.88891 3.08891 1.6
      vertex -2.83482 3.13634 1.6
    endloop
  endfacet
  facet normal 0 0 1
    outer loop
      vertex -1.76572 7.13474 1.6
      vertex -2.93634 3.03482 1.6
      vertex -2.88891 3.08891 1.6
    endloop
  endfacet
  facet normal 0 0 1
    outer loop
      vertex -1.77 7.2 1.6
      vertex -12.65 12.65 1.6
      vertex -2.93634 3.03482 1.6
    endloop
  endfacet
  facet normal 0 0 1
    outer loop
      vertex -2.93634 3.03482 1.6
      vertex -12.65 12.65 1.6
      vertex -2.97631 2.975 1.6
    endloop
  endfacet
  facet normal 0 -0 1
    outer loop
      vertex -10 -0.9 1.6
      vertex -2.97631 2.975 1.6
      vertex -12.65 12.65 1.6
    endloop
  endfacet
  facet normal 0 0 1
    outer loop
      vertex -3.03126 -2.55765 1.6
      vertex -4.6 -1.7 1.6
      vertex -3.04529 -2.62821 1.6
    endloop
  endfacet
  facet normal 0 0 1
    outer loop
      vertex -10 -0.9 1.6
      vertex -3.05 2.7 1.6
      vertex -3.04529 2.77179 1.6
    endloop
  endfacet
  facet normal 0 0 1
    outer loop
      vertex -10 -0.9 1.6
      vertex -3.04529 2.77179 1.6
      vertex -3.03126 2.84235 1.6
    endloop
  endfacet
  facet normal 0 0 1
    outer loop
      vertex -2.97631 2.975 1.6
      vertex -10 -0.9 1.6
      vertex -3.00813 2.91048 1.6
    endloop
  endfacet
  facet normal 0 0 1
    outer loop
      vertex -12.65 12.65 1.6
      vertex -1.75296 7.32941 1.6
      vertex -1.73194 7.39134 1.6
    endloop
  endfacet
  facet normal 0 0 1
    outer loop
      vertex -3.05 2.7 1.6
      vertex -10 -0.9 1.6
      vertex -4.6 -0.9 1.6
    endloop
  endfacet
  facet normal 0 0 1
    outer loop
      vertex -12.65 12.65 1.6
      vertex -1.73194 7.39134 1.6
      vertex -1.70301 7.45 1.6
    endloop
  endfacet
  facet normal 0 0 1
    outer loop
      vertex -12.65 12.65 1.6
      vertex -1.70301 7.45 1.6
      vertex -1.66668 7.50438 1.6
    endloop
  endfacet
  facet normal 0 0 1
    outer loop
      vertex -12.65 12.65 1.6
      vertex -1.66668 7.50438 1.6
      vertex -1.62355 7.55355 1.6
    endloop
  endfacet
  facet normal 0 0 1
    outer loop
      vertex -12.65 -12.65 1.6
      vertex -10 -0.9 1.6
      vertex -12.65 12.65 1.6
    endloop
  endfacet
  facet normal 0 0 1
    outer loop
      vertex -3.00813 2.91048 1.6
      vertex -10 -0.9 1.6
      vertex -3.03126 2.84235 1.6
    endloop
  endfacet
  facet normal 0 0 1
    outer loop
      vertex -1.57438 7.59668 1.6
      vertex -12.65 12.65 1.6
      vertex -1.62355 7.55355 1.6
    endloop
  endfacet
  facet normal 0 0 1
    outer loop
      vertex -1.52 7.63301 1.6
      vertex -12.65 12.65 1.6
      vertex -1.57438 7.59668 1.6
    endloop
  endfacet
  facet normal 0 0 1
    outer loop
      vertex -1.46134 7.66194 1.6
      vertex -12.65 12.65 1.6
      vertex -1.52 7.63301 1.6
    endloop
  endfacet
  facet normal 0 0 1
    outer loop
      vertex -1.39941 7.68296 1.6
      vertex -12.65 12.65 1.6
      vertex -1.46134 7.66194 1.6
    endloop
  endfacet
  facet normal -0 0 1
    outer loop
      vertex 10 -1.7 1.6
      vertex 12.65 -12.65 1.6
      vertex 10 -0.9 1.6
    endloop
  endfacet
  facet normal 0 0 1
    outer loop
      vertex 1.77 -7.2 1.6
      vertex 10 -1.7 1.6
      vertex 4.6 -1.7 1.6
    endloop
  endfacet
  facet normal 0 0 1
    outer loop
      vertex 4.6 -0.9 1.6
      vertex 3.05 -2.7 1.6
      vertex 4.6 -1.7 1.6
    endloop
  endfacet
  facet normal 0 0 1
    outer loop
      vertex 3.04529 -2.77179 1.6
      vertex 4.6 -1.7 1.6
      vertex 3.05 -2.7 1.6
    endloop
  endfacet
  facet normal 0 0 1
    outer loop
      vertex 3.03126 -2.84235 1.6
      vertex 4.6 -1.7 1.6
      vertex 3.04529 -2.77179 1.6
    endloop
  endfacet
  facet normal 0 0 1
    outer loop
      vertex 3.00813 -2.91048 1.6
      vertex 4.6 -1.7 1.6
      vertex 3.03126 -2.84235 1.6
    endloop
  endfacet
  facet normal 0 0 1
    outer loop
      vertex 2.97631 -2.975 1.6
      vertex 4.6 -1.7 1.6
      vertex 3.00813 -2.91048 1.6
    endloop
  endfacet
  facet normal 0 0 1
    outer loop
      vertex 2.93634 -3.03482 1.6
      vertex 4.6 -1.7 1.6
      vertex 2.97631 -2.975 1.6
    endloop
  endfacet
  facet normal 0 0 1
    outer loop
      vertex 1.77 -7.2 1.6
      vertex 4.6 -1.7 1.6
      vertex 2.93634 -3.03482 1.6
    endloop
  endfacet
  facet normal 0 0 1
    outer loop
      vertex 1.77 -7.2 1.6
      vertex 2.93634 -3.03482 1.6
      vertex 2.88891 -3.08891 1.6
    endloop
  endfacet
  facet normal 0 0 1
    outer loop
      vertex 1.77 -7.2 1.6
      vertex 2.88891 -3.08891 1.6
      vertex 2.83482 -3.13634 1.6
    endloop
  endfacet
  facet normal 0 0 1
    outer loop
      vertex 1.77 -7.2 1.6
      vertex 2.83482 -3.13634 1.6
      vertex 2.775 -3.17631 1.6
    endloop
  endfacet
  facet normal 0 0 1
    outer loop
      vertex 1.77 -7.2 1.6
      vertex 2.775 -3.17631 1.6
      vertex 2.71047 -3.20813 1.6
    endloop
  endfacet
  facet normal 0 0 1
    outer loop
      vertex 1.77 -7.2 1.6
      vertex 2.71047 -3.20813 1.6
      vertex 2.64235 -3.23126 1.6
    endloop
  endfacet
  facet normal 0 0 1
    outer loop
      vertex 1.77 -7.2 1.6
      vertex 2.64235 -3.23126 1.6
      vertex 2.57179 -3.24529 1.6
    endloop
  endfacet
  facet normal 0 0 1
    outer loop
      vertex 1.77 -7.2 1.6
      vertex 2.57179 -3.24529 1.6
      vertex 2.5 -3.25 1.6
    endloop
  endfacet
  facet normal 0 0 1
    outer loop
      vertex 1.77 -7.2 1.6
      vertex 2.5 -3.25 1.6
      vertex 2.42821 -3.24529 1.6
    endloop
  endfacet
  facet normal 0 0 1
    outer loop
      vertex 1.77 -7.2 1.6
      vertex 2.42821 -3.24529 1.6
      vertex 2.35765 -3.23126 1.6
    endloop
  endfacet
  facet normal 0 0 1
    outer loop
      vertex 1.77 -7.2 1.6
      vertex 2.35765 -3.23126 1.6
      vertex 2.28952 -3.20813 1.6
    endloop
  endfacet
  facet normal 0 0 1
    outer loop
      vertex 1.77 -7.2 1.6
      vertex 2.28952 -3.20813 1.6
      vertex 2.225 -3.17631 1.6
    endloop
  endfacet
  facet normal 0 0 1
    outer loop
      vertex 1.77 -7.2 1.6
      vertex 2.225 -3.17631 1.6
      vertex 2.16518 -3.13634 1.6
    endloop
  endfacet
  facet normal 0 0 1
    outer loop
      vertex 1.77 -7.2 1.6
      vertex 2.16518 -3.13634 1.6
      vertex 2.11109 -3.08891 1.6
    endloop
  endfacet
  facet normal -0 0 1
    outer loop
      vertex 1.33526 6.70428 1.6
      vertex 2.28952 3.20813 1.6
      vertex 1.39941 6.71704 1.6
    endloop
  endfacet
  facet normal 0 0 1
    outer loop
      vertex 1.77 -7.2 1.6
      vertex 1.95471 -2.77179 1.6
      vertex 1.95 -2.7 1.6
    endloop
  endfacet
  facet normal 0 0 1
    outer loop
      vertex 1.77 -7.2 1.6
      vertex 1.96874 -2.84235 1.6
      vertex 1.95471 -2.77179 1.6
    endloop
  endfacet
  facet normal 0 0 1
    outer loop
      vertex 1.77 -7.2 1.6
      vertex 1.99187 -2.91048 1.6
      vertex 1.96874 -2.84235 1.6
    endloop
  endfacet
  facet normal 0 0 1
    outer loop
      vertex 1.77 -7.2 1.6
      vertex 2.02369 -2.975 1.6
      vertex 1.99187 -2.91048 1.6
    endloop
  endfacet
  facet normal 0 0 1
    outer loop
      vertex 1.77 -7.2 1.6
      vertex 2.06365 -3.03482 1.6
      vertex 2.02369 -2.975 1.6
    endloop
  endfacet
  facet normal 0 0 1
    outer loop
      vertex 1.77 -7.2 1.6
      vertex 2.11109 -3.08891 1.6
      vertex 2.06365 -3.03482 1.6
    endloop
  endfacet
  facet normal 0 0 1
    outer loop
      vertex 1.76572 -7.26526 1.6
      vertex 10 -1.7 1.6
      vertex 1.77 -7.2 1.6
    endloop
  endfacet
  facet normal 0 0 1
    outer loop
      vertex 10 -1.7 1.6
      vertex 1.76572 -7.26526 1.6
      vertex 12.65 -12.65 1.6
    endloop
  endfacet
  facet normal -0 0 1
    outer loop
      vertex 1.75296 -7.32941 1.6
      vertex 12.65 -12.65 1.6
      vertex 1.76572 -7.26526 1.6
    endloop
  endfacet
  facet normal -0 0 1
    outer loop
      vertex 1.73194 -7.39134 1.6
      vertex 12.65 -12.65 1.6
      vertex 1.75296 -7.32941 1.6
    endloop
  endfacet
  facet normal -0 0 1
    outer loop
      vertex 1.70301 -7.45 1.6
      vertex 12.65 -12.65 1.6
      vertex 1.73194 -7.39134 1.6
    endloop
  endfacet
  facet normal -0 0 1
    outer loop
      vertex 1.66668 -7.50438 1.6
      vertex 12.65 -12.65 1.6
      vertex 1.70301 -7.45 1.6
    endloop
  endfacet
  facet normal -0 0 1
    outer loop
      vertex 1.62355 -7.55355 1.6
      vertex 12.65 -12.65 1.6
      vertex 1.66668 -7.50438 1.6
    endloop
  endfacet
  facet normal -0 0 1
    outer loop
      vertex 1.57438 -7.59668 1.6
      vertex 12.65 -12.65 1.6
      vertex 1.62355 -7.55355 1.6
    endloop
  endfacet
  facet normal -0 0 1
    outer loop
      vertex 1.52 -7.63301 1.6
      vertex 12.65 -12.65 1.6
      vertex 1.57438 -7.59668 1.6
    endloop
  endfacet
  facet normal -0 0 1
    outer loop
      vertex 1.46134 -7.66194 1.6
      vertex 12.65 -12.65 1.6
      vertex 1.52 -7.63301 1.6
    endloop
  endfacet
  facet normal -0 0 1
    outer loop
      vertex 1.39941 -7.68296 1.6
      vertex 12.65 -12.65 1.6
      vertex 1.46134 -7.66194 1.6
    endloop
  endfacet
  facet normal -0 0 1
    outer loop
      vertex 1.33526 -7.69572 1.6
      vertex 12.65 -12.65 1.6
      vertex 1.39941 -7.68296 1.6
    endloop
  endfacet
  facet normal -0 0 1
    outer loop
      vertex 1.27 -7.7 1.6
      vertex 12.65 -12.65 1.6
      vertex 1.33526 -7.69572 1.6
    endloop
  endfacet
  facet normal 0 0 1
    outer loop
      vertex 1.20474 -7.69572 1.6
      vertex 12.65 -12.65 1.6
      vertex 1.27 -7.7 1.6
    endloop
  endfacet
  facet normal 0 0 1
    outer loop
      vertex -1.20474 -7.69572 1.6
      vertex 1.20474 -7.69572 1.6
      vertex 1.14059 -7.68296 1.6
    endloop
  endfacet
  facet normal 0 0 1
    outer loop
      vertex -1.14059 -7.68296 1.6
      vertex 1.14059 -7.68296 1.6
      vertex 1.07866 -7.66194 1.6
    endloop
  endfacet
  facet normal -0 0 1
    outer loop
      vertex 0.14235 -3.23126 1.6
      vertex 1.14059 -6.71704 1.6
      vertex 0.210475 -3.20813 1.6
    endloop
  endfacet
  facet normal 0 0 1
    outer loop
      vertex 1.14059 -6.71704 1.6
      vertex 0.14235 -3.23126 1.6
      vertex 1.07866 -6.73806 1.6
    endloop
  endfacet
  facet normal -0 0 1
    outer loop
      vertex 0.0717888 -3.24529 1.6
      vertex 1.07866 -6.73806 1.6
      vertex 0.14235 -3.23126 1.6
    endloop
  endfacet
  facet normal 0 0 1
    outer loop
      vertex 1.07866 -6.73806 1.6
      vertex 0.0717888 -3.24529 1.6
      vertex 1.02 -6.76699 1.6
    endloop
  endfacet
  facet normal -0 0 1
    outer loop
      vertex 0 -3.25 1.6
      vertex 1.02 -6.76699 1.6
      vertex 0.0717888 -3.24529 1.6
    endloop
  endfacet
  facet normal 0 0 1
    outer loop
      vertex 1.02 -6.76699 1.6
      vertex 0 -3.25 1.6
      vertex 0.965619 -6.80332 1.6
    endloop
  endfacet
  facet normal 0 0 1
    outer loop
      vertex -0.0717888 -3.24529 1.6
      vertex 0.965619 -6.80332 1.6
      vertex 0 -3.25 1.6
    endloop
  endfacet
  facet normal 0 0 1
    outer loop
      vertex -0.77 -7.2 1.6
      vertex 0.965619 -6.80332 1.6
      vertex -0.0717888 -3.24529 1.6
    endloop
  endfacet
  facet normal 0 0 1
    outer loop
      vertex 0.965619 -6.80332 1.6
      vertex -0.77 -7.2 1.6
      vertex 0.916446 -6.84645 1.6
    endloop
  endfacet
  facet normal 0 0 1
    outer loop
      vertex 0.916446 -6.84645 1.6
      vertex -0.77 -7.2 1.6
      vertex 0.873322 -6.89562 1.6
    endloop
  endfacet
  facet normal 0 0 1
    outer loop
      vertex 0.873322 -6.89562 1.6
      vertex -0.77 -7.2 1.6
      vertex 0.836987 -6.95 1.6
    endloop
  endfacet
  facet normal 0 0 1
    outer loop
      vertex 0.80806 -7.00866 1.6
      vertex -0.77 -7.2 1.6
      vertex 0.787037 -7.07059 1.6
    endloop
  endfacet
  facet normal 0 0 1
    outer loop
      vertex 0.787037 -7.07059 1.6
      vertex -0.77 -7.2 1.6
      vertex 0.774277 -7.13474 1.6
    endloop
  endfacet
  facet normal 0 0 1
    outer loop
      vertex 0.774277 -7.13474 1.6
      vertex -0.77 -7.2 1.6
      vertex 0.77 -7.2 1.6
    endloop
  endfacet
  facet normal 0 0 1
    outer loop
      vertex 0.836987 -6.95 1.6
      vertex -0.77 -7.2 1.6
      vertex 0.80806 -7.00866 1.6
    endloop
  endfacet
  facet normal 0 0 1
    outer loop
      vertex 0.77 -7.2 1.6
      vertex -0.77 -7.2 1.6
      vertex 0.774277 -7.26526 1.6
    endloop
  endfacet
  facet normal 0 0 1
    outer loop
      vertex -0.77 -7.2 1.6
      vertex -0.0717888 -3.24529 1.6
      vertex -0.14235 -3.23126 1.6
    endloop
  endfacet
  facet normal 0 0 1
    outer loop
      vertex -0.77 -7.2 1.6
      vertex -0.14235 -3.23126 1.6
      vertex -0.210475 -3.20813 1.6
    endloop
  endfacet
  facet normal 0 0 1
    outer loop
      vertex -0.77 -7.2 1.6
      vertex -0.210475 -3.20813 1.6
      vertex -0.275 -3.17631 1.6
    endloop
  endfacet
  facet normal 0 0 1
    outer loop
      vertex -0.77 -7.2 1.6
      vertex -0.275 -3.17631 1.6
      vertex -0.334818 -3.13634 1.6
    endloop
  endfacet
  facet normal 0 0 1
    outer loop
      vertex -0.77 -7.2 1.6
      vertex -0.334818 -3.13634 1.6
      vertex -0.388908 -3.08891 1.6
    endloop
  endfacet
  facet normal 0 0 1
    outer loop
      vertex -0.77 -7.2 1.6
      vertex -0.388908 -3.08891 1.6
      vertex -0.436344 -3.03482 1.6
    endloop
  endfacet
  facet normal 0 0 1
    outer loop
      vertex -0.77 -7.2 1.6
      vertex -0.436344 -3.03482 1.6
      vertex -0.476314 -2.975 1.6
    endloop
  endfacet
  facet normal 0 0 1
    outer loop
      vertex -0.77 -7.2 1.6
      vertex -0.476314 -2.975 1.6
      vertex -0.508133 -2.91048 1.6
    endloop
  endfacet
  facet normal 0 0 1
    outer loop
      vertex -0.77 -7.2 1.6
      vertex -0.508133 -2.91048 1.6
      vertex -0.531259 -2.84235 1.6
    endloop
  endfacet
  facet normal -0 0 1
    outer loop
      vertex -1.20474 6.70428 1.6
      vertex -0.210475 3.20813 1.6
      vertex -1.14059 6.71704 1.6
    endloop
  endfacet
  facet normal 0 0 1
    outer loop
      vertex -0.77 -7.2 1.6
      vertex -0.545294 -2.77179 1.6
      vertex -0.549999 -2.7 1.6
    endloop
  endfacet
  facet normal 0 0 1
    outer loop
      vertex -0.77 -7.2 1.6
      vertex -0.531259 -2.84235 1.6
      vertex -0.545294 -2.77179 1.6
    endloop
  endfacet
  facet normal 0 0 1
    outer loop
      vertex -0.774277 -7.26526 1.6
      vertex 0.774277 -7.26526 1.6
      vertex -0.77 -7.2 1.6
    endloop
  endfacet
  facet normal 0 0 1
    outer loop
      vertex 0.774277 -7.26526 1.6
      vertex -0.774277 -7.26526 1.6
      vertex 0.787037 -7.32941 1.6
    endloop
  endfacet
  facet normal 0 0 1
    outer loop
      vertex -0.787037 -7.32941 1.6
      vertex 0.787037 -7.32941 1.6
      vertex -0.774277 -7.26526 1.6
    endloop
  endfacet
  facet normal 0 0 1
    outer loop
      vertex 0.787037 -7.32941 1.6
      vertex -0.787037 -7.32941 1.6
      vertex 0.80806 -7.39134 1.6
    endloop
  endfacet
  facet normal 0 0 1
    outer loop
      vertex -0.80806 -7.39134 1.6
      vertex 0.80806 -7.39134 1.6
      vertex -0.787037 -7.32941 1.6
    endloop
  endfacet
  facet normal 0 0 1
    outer loop
      vertex 0.80806 -7.39134 1.6
      vertex -0.80806 -7.39134 1.6
      vertex 0.836987 -7.45 1.6
    endloop
  endfacet
  facet normal 0 0 1
    outer loop
      vertex -0.836987 -7.45 1.6
      vertex 0.836987 -7.45 1.6
      vertex -0.80806 -7.39134 1.6
    endloop
  endfacet
  facet normal 0 0 1
    outer loop
      vertex 0.836987 -7.45 1.6
      vertex -0.836987 -7.45 1.6
      vertex 0.873322 -7.50438 1.6
    endloop
  endfacet
  facet normal 0 0 1
    outer loop
      vertex -0.873322 -7.50438 1.6
      vertex 0.873322 -7.50438 1.6
      vertex -0.836987 -7.45 1.6
    endloop
  endfacet
  facet normal 0 0 1
    outer loop
      vertex 0.873322 -7.50438 1.6
      vertex -0.873322 -7.50438 1.6
      vertex 0.916446 -7.55355 1.6
    endloop
  endfacet
  facet normal 0 0 1
    outer loop
      vertex -0.916446 -7.55355 1.6
      vertex 0.916446 -7.55355 1.6
      vertex -0.873322 -7.50438 1.6
    endloop
  endfacet
  facet normal 0 0 1
    outer loop
      vertex 0.916446 -7.55355 1.6
      vertex -0.916446 -7.55355 1.6
      vertex 0.965619 -7.59668 1.6
    endloop
  endfacet
  facet normal 0 0 1
    outer loop
      vertex -0.965619 -7.59668 1.6
      vertex 0.965619 -7.59668 1.6
      vertex -0.916446 -7.55355 1.6
    endloop
  endfacet
  facet normal 0 0 1
    outer loop
      vertex 0.965619 -7.59668 1.6
      vertex -0.965619 -7.59668 1.6
      vertex 1.02 -7.63301 1.6
    endloop
  endfacet
  facet normal 0 0 1
    outer loop
      vertex -1.02 -7.63301 1.6
      vertex 1.02 -7.63301 1.6
      vertex -0.965619 -7.59668 1.6
    endloop
  endfacet
  facet normal 0 0 1
    outer loop
      vertex 1.02 -7.63301 1.6
      vertex -1.02 -7.63301 1.6
      vertex 1.07866 -7.66194 1.6
    endloop
  endfacet
  facet normal 0 0 1
    outer loop
      vertex -1.07866 -7.66194 1.6
      vertex 1.07866 -7.66194 1.6
      vertex -1.02 -7.63301 1.6
    endloop
  endfacet
  facet normal 0 0 1
    outer loop
      vertex -1.14059 -7.68296 1.6
      vertex 1.07866 -7.66194 1.6
      vertex -1.07866 -7.66194 1.6
    endloop
  endfacet
  facet normal 0 0 1
    outer loop
      vertex 1.14059 -7.68296 1.6
      vertex -1.14059 -7.68296 1.6
      vertex -1.20474 -7.69572 1.6
    endloop
  endfacet
  facet normal 0 0 1
    outer loop
      vertex 1.20474 -7.69572 1.6
      vertex -1.20474 -7.69572 1.6
      vertex 12.65 -12.65 1.6
    endloop
  endfacet
  facet normal -0 0 1
    outer loop
      vertex -1.27 -7.7 1.6
      vertex 12.65 -12.65 1.6
      vertex -1.20474 -7.69572 1.6
    endloop
  endfacet
  facet normal 0 0 1
    outer loop
      vertex -12.65 -12.65 1.6
      vertex -1.27 -7.7 1.6
      vertex -1.33526 -7.69572 1.6
    endloop
  endfacet
  facet normal 0 0 1
    outer loop
      vertex -12.65 -12.65 1.6
      vertex -1.33526 -7.69572 1.6
      vertex -1.39941 -7.68296 1.6
    endloop
  endfacet
  facet normal 0 0 1
    outer loop
      vertex -12.65 -12.65 1.6
      vertex -1.39941 -7.68296 1.6
      vertex -1.46134 -7.66194 1.6
    endloop
  endfacet
  facet normal -0 0 1
    outer loop
      vertex -2.35765 -3.23126 1.6
      vertex -1.39941 -6.71704 1.6
      vertex -2.28952 -3.20813 1.6
    endloop
  endfacet
  facet normal 0 0 1
    outer loop
      vertex -1.39941 -6.71704 1.6
      vertex -2.35765 -3.23126 1.6
      vertex -1.46134 -6.73806 1.6
    endloop
  endfacet
  facet normal -0 0 1
    outer loop
      vertex -2.42821 -3.24529 1.6
      vertex -1.46134 -6.73806 1.6
      vertex -2.35765 -3.23126 1.6
    endloop
  endfacet
  facet normal 0 0 1
    outer loop
      vertex -1.46134 -6.73806 1.6
      vertex -2.42821 -3.24529 1.6
      vertex -1.52 -6.76699 1.6
    endloop
  endfacet
  facet normal -0 0 1
    outer loop
      vertex -2.5 -3.25 1.6
      vertex -1.52 -6.76699 1.6
      vertex -2.42821 -3.24529 1.6
    endloop
  endfacet
  facet normal 0 0 1
    outer loop
      vertex -1.52 -6.76699 1.6
      vertex -2.5 -3.25 1.6
      vertex -1.57438 -6.80332 1.6
    endloop
  endfacet
  facet normal 0 0 1
    outer loop
      vertex -2.57179 -3.24529 1.6
      vertex -1.57438 -6.80332 1.6
      vertex -2.5 -3.25 1.6
    endloop
  endfacet
  facet normal 0 0 1
    outer loop
      vertex -1.57438 -6.80332 1.6
      vertex -2.57179 -3.24529 1.6
      vertex -1.62355 -6.84645 1.6
    endloop
  endfacet
  facet normal 0 0 1
    outer loop
      vertex -2.64235 -3.23126 1.6
      vertex -1.62355 -6.84645 1.6
      vertex -2.57179 -3.24529 1.6
    endloop
  endfacet
  facet normal 0 0 1
    outer loop
      vertex -1.62355 -6.84645 1.6
      vertex -2.64235 -3.23126 1.6
      vertex -1.66668 -6.89562 1.6
    endloop
  endfacet
  facet normal 0 0 1
    outer loop
      vertex -2.71047 -3.20813 1.6
      vertex -1.66668 -6.89562 1.6
      vertex -2.64235 -3.23126 1.6
    endloop
  endfacet
  facet normal 0 0 1
    outer loop
      vertex -1.66668 -6.89562 1.6
      vertex -2.71047 -3.20813 1.6
      vertex -1.70301 -6.95 1.6
    endloop
  endfacet
  facet normal 0 0 1
    outer loop
      vertex -2.775 -3.17631 1.6
      vertex -1.70301 -6.95 1.6
      vertex -2.71047 -3.20813 1.6
    endloop
  endfacet
  facet normal 0 0 1
    outer loop
      vertex -1.70301 -6.95 1.6
      vertex -2.775 -3.17631 1.6
      vertex -1.73194 -7.00866 1.6
    endloop
  endfacet
  facet normal 0 0 1
    outer loop
      vertex -2.83482 -3.13634 1.6
      vertex -1.73194 -7.00866 1.6
      vertex -2.775 -3.17631 1.6
    endloop
  endfacet
  facet normal 0 0 1
    outer loop
      vertex -1.73194 -7.00866 1.6
      vertex -2.83482 -3.13634 1.6
      vertex -1.75296 -7.07059 1.6
    endloop
  endfacet
  facet normal 0 0 1
    outer loop
      vertex -2.88891 -3.08891 1.6
      vertex -1.75296 -7.07059 1.6
      vertex -2.83482 -3.13634 1.6
    endloop
  endfacet
  facet normal 0 0 1
    outer loop
      vertex -1.75296 -7.07059 1.6
      vertex -2.88891 -3.08891 1.6
      vertex -1.76572 -7.13474 1.6
    endloop
  endfacet
  facet normal 0 0 1
    outer loop
      vertex -2.93634 -3.03482 1.6
      vertex -1.76572 -7.13474 1.6
      vertex -2.88891 -3.08891 1.6
    endloop
  endfacet
  facet normal 0 0 1
    outer loop
      vertex -4.6 -1.7 1.6
      vertex -1.76572 -7.13474 1.6
      vertex -2.93634 -3.03482 1.6
    endloop
  endfacet
  facet normal -0 0 1
    outer loop
      vertex -10 -1.7 1.6
      vertex -1.76572 -7.13474 1.6
      vertex -4.6 -1.7 1.6
    endloop
  endfacet
  facet normal 0 0 1
    outer loop
      vertex -1.76572 -7.13474 1.6
      vertex -10 -1.7 1.6
      vertex -1.77 -7.2 1.6
    endloop
  endfacet
  facet normal 0 0 1
    outer loop
      vertex -4.6 -1.7 1.6
      vertex -2.93634 -3.03482 1.6
      vertex -2.97631 -2.975 1.6
    endloop
  endfacet
  facet normal 0 0 1
    outer loop
      vertex -4.6 -1.7 1.6
      vertex -2.97631 -2.975 1.6
      vertex -3.00813 -2.91048 1.6
    endloop
  endfacet
  facet normal 0 0 1
    outer loop
      vertex -4.6 -1.7 1.6
      vertex -3.00813 -2.91048 1.6
      vertex -3.03126 -2.84235 1.6
    endloop
  endfacet
  facet normal 0 0 1
    outer loop
      vertex -3.04529 -2.62821 1.6
      vertex -4.6 -1.7 1.6
      vertex -3.05 -2.7 1.6
    endloop
  endfacet
  facet normal 0 0 1
    outer loop
      vertex -3.05 -2.7 1.6
      vertex -4.6 -1.7 1.6
      vertex -3.04529 -2.77179 1.6
    endloop
  endfacet
  facet normal 0 0 1
    outer loop
      vertex -3.04529 -2.77179 1.6
      vertex -4.6 -1.7 1.6
      vertex -3.03126 -2.84235 1.6
    endloop
  endfacet
  facet normal 0 0 1
    outer loop
      vertex -1.77 -7.2 1.6
      vertex -10 -1.7 1.6
      vertex -1.76572 -7.26526 1.6
    endloop
  endfacet
  facet normal 0 0 1
    outer loop
      vertex -12.65 -12.65 1.6
      vertex -1.76572 -7.26526 1.6
      vertex -10 -1.7 1.6
    endloop
  endfacet
  facet normal 0 0 1
    outer loop
      vertex -1.76572 -7.26526 1.6
      vertex -12.65 -12.65 1.6
      vertex -1.75296 -7.32941 1.6
    endloop
  endfacet
  facet normal 0 0 1
    outer loop
      vertex -1.75296 -7.32941 1.6
      vertex -12.65 -12.65 1.6
      vertex -1.73194 -7.39134 1.6
    endloop
  endfacet
  facet normal 0 0 1
    outer loop
      vertex -1.73194 -7.39134 1.6
      vertex -12.65 -12.65 1.6
      vertex -1.70301 -7.45 1.6
    endloop
  endfacet
  facet normal 0 0 1
    outer loop
      vertex -1.70301 -7.45 1.6
      vertex -12.65 -12.65 1.6
      vertex -1.66668 -7.50438 1.6
    endloop
  endfacet
  facet normal 0 0 1
    outer loop
      vertex -1.66668 -7.50438 1.6
      vertex -12.65 -12.65 1.6
      vertex -1.62355 -7.55355 1.6
    endloop
  endfacet
  facet normal 0 0 1
    outer loop
      vertex -1.27 -7.7 1.6
      vertex -12.65 -12.65 1.6
      vertex 12.65 -12.65 1.6
    endloop
  endfacet
  facet normal 0 0 1
    outer loop
      vertex -1.52 -7.63301 1.6
      vertex -12.65 -12.65 1.6
      vertex -1.46134 -7.66194 1.6
    endloop
  endfacet
  facet normal 0 0 1
    outer loop
      vertex -1.57438 -7.59668 1.6
      vertex -12.65 -12.65 1.6
      vertex -1.52 -7.63301 1.6
    endloop
  endfacet
  facet normal 0 0 1
    outer loop
      vertex -1.62355 -7.55355 1.6
      vertex -12.65 -12.65 1.6
      vertex -1.57438 -7.59668 1.6
    endloop
  endfacet
  facet normal 0 0 1
    outer loop
      vertex -10 -0.9 1.6
      vertex -12.65 -12.65 1.6
      vertex -10 -1.7 1.6
    endloop
  endfacet
  facet normal -1 0 0
    outer loop
      vertex -12.65 -12.65 5.72205e-07
      vertex -12.65 12.65 1.6
      vertex -12.65 12.65 5.72205e-07
    endloop
  endfacet
  facet normal -1 -0 0
    outer loop
      vertex -12.65 12.65 1.6
      vertex -12.65 -12.65 5.72205e-07
      vertex -12.65 -12.65 1.6
    endloop
  endfacet
  facet normal 0 -1 0
    outer loop
      vertex -12.65 -12.65 5.72205e-07
      vertex 12.65 -12.65 1.6
      vertex -12.65 -12.65 1.6
    endloop
  endfacet
  facet normal 0 -1 -0
    outer loop
      vertex 12.65 -12.65 1.6
      vertex -12.65 -12.65 5.72205e-07
      vertex 12.65 -12.65 5.72205e-07
    endloop
  endfacet
  facet normal 0 1 -0
    outer loop
      vertex 12.65 12.65 5.72205e-07
      vertex -12.65 12.65 1.6
      vertex 12.65 12.65 1.6
    endloop
  endfacet
  facet normal 0 1 0
    outer loop
      vertex -12.65 12.65 1.6
      vertex 12.65 12.65 5.72205e-07
      vertex -12.65 12.65 5.72205e-07
    endloop
  endfacet
  facet normal -0.0654673 -0.997855 0
    outer loop
      vertex -2.5 3.25 5.72205e-07
      vertex -2.42821 3.24529 1.6
      vertex -2.5 3.25 1.6
    endloop
  endfacet
  facet normal -0.0654673 -0.997855 -0
    outer loop
      vertex -2.42821 3.24529 1.6
      vertex -2.5 3.25 5.72205e-07
      vertex -2.42821 3.24529 5.72205e-07
    endloop
  endfacet
  facet normal -0.980799 0.19502 0
    outer loop
      vertex -1.96874 2.55765 5.72205e-07
      vertex -1.95471 2.62821 1.6
      vertex -1.95471 2.62821 5.72205e-07
    endloop
  endfacet
  facet normal -0.980799 0.19502 0
    outer loop
      vertex -1.95471 2.62821 1.6
      vertex -1.96874 2.55765 5.72205e-07
      vertex -1.96874 2.55765 1.6
    endloop
  endfacet
  facet normal -0.997855 0.0654673 0
    outer loop
      vertex -1.95471 2.62821 5.72205e-07
      vertex -1.95 2.7 1.6
      vertex -1.95 2.7 5.72205e-07
    endloop
  endfacet
  facet normal -0.997855 0.0654673 0
    outer loop
      vertex -1.95 2.7 1.6
      vertex -1.95471 2.62821 5.72205e-07
      vertex -1.95471 2.62821 1.6
    endloop
  endfacet
  facet normal 0.89686 0.442314 0
    outer loop
      vertex -2.97631 2.425 1.6
      vertex -3.00813 2.48952 5.72205e-07
      vertex -3.00813 2.48952 1.6
    endloop
  endfacet
  facet normal 0.89686 0.442314 0
    outer loop
      vertex -3.00813 2.48952 5.72205e-07
      vertex -2.97631 2.425 1.6
      vertex -2.97631 2.425 5.72205e-07
    endloop
  endfacet
  facet normal -0.831537 0.55547 0
    outer loop
      vertex -2.06365 2.36518 5.72205e-07
      vertex -2.02369 2.425 1.6
      vertex -2.02369 2.425 5.72205e-07
    endloop
  endfacet
  facet normal -0.831537 0.55547 0
    outer loop
      vertex -2.02369 2.425 1.6
      vertex -2.06365 2.36518 5.72205e-07
      vertex -2.06365 2.36518 1.6
    endloop
  endfacet
  facet normal -0.555566 -0.831472 0
    outer loop
      vertex -2.225 3.17631 5.72205e-07
      vertex -2.16518 3.13634 1.6
      vertex -2.225 3.17631 1.6
    endloop
  endfacet
  facet normal -0.555566 -0.831472 -0
    outer loop
      vertex -2.16518 3.13634 1.6
      vertex -2.225 3.17631 5.72205e-07
      vertex -2.16518 3.13634 5.72205e-07
    endloop
  endfacet
  facet normal -0.75181 0.65938 0
    outer loop
      vertex -2.11109 2.31109 5.72205e-07
      vertex -2.06365 2.36518 1.6
      vertex -2.06365 2.36518 5.72205e-07
    endloop
  endfacet
  facet normal -0.75181 0.65938 0
    outer loop
      vertex -2.06365 2.36518 1.6
      vertex -2.11109 2.31109 5.72205e-07
      vertex -2.11109 2.31109 1.6
    endloop
  endfacet
  facet normal -0.980799 -0.19502 0
    outer loop
      vertex -1.95471 2.77179 5.72205e-07
      vertex -1.96874 2.84235 1.6
      vertex -1.96874 2.84235 5.72205e-07
    endloop
  endfacet
  facet normal -0.980799 -0.19502 0
    outer loop
      vertex -1.96874 2.84235 1.6
      vertex -1.95471 2.77179 5.72205e-07
      vertex -1.95471 2.77179 1.6
    endloop
  endfacet
  facet normal 0.442259 0.896887 -0
    outer loop
      vertex -2.71047 2.19187 5.72205e-07
      vertex -2.775 2.22369 1.6
      vertex -2.71047 2.19187 1.6
    endloop
  endfacet
  facet normal 0.442259 0.896887 0
    outer loop
      vertex -2.775 2.22369 1.6
      vertex -2.71047 2.19187 5.72205e-07
      vertex -2.775 2.22369 5.72205e-07
    endloop
  endfacet
  facet normal -0.19502 -0.980799 0
    outer loop
      vertex -2.42821 3.24529 5.72205e-07
      vertex -2.35765 3.23126 1.6
      vertex -2.42821 3.24529 1.6
    endloop
  endfacet
  facet normal -0.19502 -0.980799 -0
    outer loop
      vertex -2.35765 3.23126 1.6
      vertex -2.42821 3.24529 5.72205e-07
      vertex -2.35765 3.23126 5.72205e-07
    endloop
  endfacet
  facet normal -0.555566 0.831472 0
    outer loop
      vertex -2.16518 2.26366 5.72205e-07
      vertex -2.225 2.22369 1.6
      vertex -2.16518 2.26366 1.6
    endloop
  endfacet
  facet normal -0.555566 0.831472 0
    outer loop
      vertex -2.225 2.22369 1.6
      vertex -2.16518 2.26366 5.72205e-07
      vertex -2.225 2.22369 5.72205e-07
    endloop
  endfacet
  facet normal 0.659301 -0.751879 0
    outer loop
      vertex -2.88891 3.08891 5.72205e-07
      vertex -2.83482 3.13634 1.6
      vertex -2.88891 3.08891 1.6
    endloop
  endfacet
  facet normal 0.659301 -0.751879 0
    outer loop
      vertex -2.83482 3.13634 1.6
      vertex -2.88891 3.08891 5.72205e-07
      vertex -2.83482 3.13634 5.72205e-07
    endloop
  endfacet
  facet normal 0.89686 -0.442314 0
    outer loop
      vertex -3.00813 2.91048 1.6
      vertex -2.97631 2.975 5.72205e-07
      vertex -2.97631 2.975 1.6
    endloop
  endfacet
  facet normal 0.89686 -0.442314 0
    outer loop
      vertex -2.97631 2.975 5.72205e-07
      vertex -3.00813 2.91048 1.6
      vertex -3.00813 2.91048 5.72205e-07
    endloop
  endfacet
  facet normal 0.0654673 -0.997855 0
    outer loop
      vertex -2.57179 3.24529 5.72205e-07
      vertex -2.5 3.25 1.6
      vertex -2.57179 3.24529 1.6
    endloop
  endfacet
  facet normal 0.0654673 -0.997855 0
    outer loop
      vertex -2.5 3.25 1.6
      vertex -2.57179 3.24529 5.72205e-07
      vertex -2.5 3.25 5.72205e-07
    endloop
  endfacet
  facet normal 0.442259 -0.896887 0
    outer loop
      vertex -2.775 3.17631 5.72205e-07
      vertex -2.71047 3.20813 1.6
      vertex -2.775 3.17631 1.6
    endloop
  endfacet
  facet normal 0.442259 -0.896887 0
    outer loop
      vertex -2.71047 3.20813 1.6
      vertex -2.775 3.17631 5.72205e-07
      vertex -2.71047 3.20813 5.72205e-07
    endloop
  endfacet
  facet normal -0.831537 -0.55547 0
    outer loop
      vertex -2.02369 2.975 5.72205e-07
      vertex -2.06365 3.03482 1.6
      vertex -2.06365 3.03482 5.72205e-07
    endloop
  endfacet
  facet normal -0.831537 -0.55547 0
    outer loop
      vertex -2.06365 3.03482 1.6
      vertex -2.02369 2.975 5.72205e-07
      vertex -2.02369 2.975 1.6
    endloop
  endfacet
  facet normal 0.997855 -0.0654673 0
    outer loop
      vertex -3.05 2.7 1.6
      vertex -3.04529 2.77179 5.72205e-07
      vertex -3.04529 2.77179 1.6
    endloop
  endfacet
  facet normal 0.997855 -0.0654673 0
    outer loop
      vertex -3.04529 2.77179 5.72205e-07
      vertex -3.05 2.7 1.6
      vertex -3.05 2.7 5.72205e-07
    endloop
  endfacet
  facet normal -0.75181 -0.65938 0
    outer loop
      vertex -2.06365 3.03482 5.72205e-07
      vertex -2.11109 3.08891 1.6
      vertex -2.11109 3.08891 5.72205e-07
    endloop
  endfacet
  facet normal -0.75181 -0.65938 0
    outer loop
      vertex -2.11109 3.08891 1.6
      vertex -2.06365 3.03482 5.72205e-07
      vertex -2.06365 3.03482 1.6
    endloop
  endfacet
  facet normal -0.659301 -0.751879 0
    outer loop
      vertex -2.16518 3.13634 5.72205e-07
      vertex -2.11109 3.08891 1.6
      vertex -2.16518 3.13634 1.6
    endloop
  endfacet
  facet normal -0.659301 -0.751879 -0
    outer loop
      vertex -2.11109 3.08891 1.6
      vertex -2.16518 3.13634 5.72205e-07
      vertex -2.11109 3.08891 5.72205e-07
    endloop
  endfacet
  facet normal 0.19502 0.980799 -0
    outer loop
      vertex -2.57179 2.15471 5.72205e-07
      vertex -2.64235 2.16874 1.6
      vertex -2.57179 2.15471 1.6
    endloop
  endfacet
  facet normal 0.19502 0.980799 0
    outer loop
      vertex -2.64235 2.16874 1.6
      vertex -2.57179 2.15471 5.72205e-07
      vertex -2.64235 2.16874 5.72205e-07
    endloop
  endfacet
  facet normal -0.0654673 0.997855 0
    outer loop
      vertex -2.42821 2.15471 5.72205e-07
      vertex -2.5 2.15 1.6
      vertex -2.42821 2.15471 1.6
    endloop
  endfacet
  facet normal -0.0654673 0.997855 0
    outer loop
      vertex -2.5 2.15 1.6
      vertex -2.42821 2.15471 5.72205e-07
      vertex -2.5 2.15 5.72205e-07
    endloop
  endfacet
  facet normal -0.321477 0.946918 0
    outer loop
      vertex -2.28952 2.19187 5.72205e-07
      vertex -2.35765 2.16874 1.6
      vertex -2.28952 2.19187 1.6
    endloop
  endfacet
  facet normal -0.321477 0.946918 0
    outer loop
      vertex -2.35765 2.16874 1.6
      vertex -2.28952 2.19187 5.72205e-07
      vertex -2.35765 2.16874 5.72205e-07
    endloop
  endfacet
  facet normal -0.442314 0.89686 0
    outer loop
      vertex -2.225 2.22369 5.72205e-07
      vertex -2.28952 2.19187 1.6
      vertex -2.225 2.22369 1.6
    endloop
  endfacet
  facet normal -0.442314 0.89686 0
    outer loop
      vertex -2.28952 2.19187 1.6
      vertex -2.225 2.22369 5.72205e-07
      vertex -2.28952 2.19187 5.72205e-07
    endloop
  endfacet
  facet normal 0.946918 -0.321477 0
    outer loop
      vertex -3.03126 2.84235 1.6
      vertex -3.00813 2.91048 5.72205e-07
      vertex -3.00813 2.91048 1.6
    endloop
  endfacet
  facet normal 0.946918 -0.321477 0
    outer loop
      vertex -3.00813 2.91048 5.72205e-07
      vertex -3.03126 2.84235 1.6
      vertex -3.03126 2.84235 5.72205e-07
    endloop
  endfacet
  facet normal 0.0654673 0.997855 -0
    outer loop
      vertex -2.5 2.15 5.72205e-07
      vertex -2.57179 2.15471 1.6
      vertex -2.5 2.15 1.6
    endloop
  endfacet
  facet normal 0.0654673 0.997855 0
    outer loop
      vertex -2.57179 2.15471 1.6
      vertex -2.5 2.15 5.72205e-07
      vertex -2.57179 2.15471 5.72205e-07
    endloop
  endfacet
  facet normal -0.946918 0.321477 0
    outer loop
      vertex -1.99187 2.48952 5.72205e-07
      vertex -1.96874 2.55765 1.6
      vertex -1.96874 2.55765 5.72205e-07
    endloop
  endfacet
  facet normal -0.946918 0.321477 0
    outer loop
      vertex -1.96874 2.55765 1.6
      vertex -1.99187 2.48952 5.72205e-07
      vertex -1.99187 2.48952 1.6
    endloop
  endfacet
  facet normal -0.659301 0.751879 0
    outer loop
      vertex -2.11109 2.31109 5.72205e-07
      vertex -2.16518 2.26366 1.6
      vertex -2.11109 2.31109 1.6
    endloop
  endfacet
  facet normal -0.659301 0.751879 0
    outer loop
      vertex -2.16518 2.26366 1.6
      vertex -2.11109 2.31109 5.72205e-07
      vertex -2.16518 2.26366 5.72205e-07
    endloop
  endfacet
  facet normal 0.321519 -0.946903 0
    outer loop
      vertex -2.71047 3.20813 5.72205e-07
      vertex -2.64235 3.23126 1.6
      vertex -2.71047 3.20813 1.6
    endloop
  endfacet
  facet normal 0.321519 -0.946903 0
    outer loop
      vertex -2.64235 3.23126 1.6
      vertex -2.71047 3.20813 5.72205e-07
      vertex -2.64235 3.23126 5.72205e-07
    endloop
  endfacet
  facet normal 0.831472 -0.555566 0
    outer loop
      vertex -2.97631 2.975 1.6
      vertex -2.93634 3.03482 5.72205e-07
      vertex -2.93634 3.03482 1.6
    endloop
  endfacet
  facet normal 0.831472 -0.555566 0
    outer loop
      vertex -2.93634 3.03482 5.72205e-07
      vertex -2.97631 2.975 1.6
      vertex -2.97631 2.975 5.72205e-07
    endloop
  endfacet
  facet normal -0.997855 -0.0654673 0
    outer loop
      vertex -1.95 2.7 5.72205e-07
      vertex -1.95471 2.77179 1.6
      vertex -1.95471 2.77179 5.72205e-07
    endloop
  endfacet
  facet normal -0.997855 -0.0654673 0
    outer loop
      vertex -1.95471 2.77179 1.6
      vertex -1.95 2.7 5.72205e-07
      vertex -1.95 2.7 1.6
    endloop
  endfacet
  facet normal 0.321519 0.946903 -0
    outer loop
      vertex -2.64235 2.16874 5.72205e-07
      vertex -2.71047 2.19187 1.6
      vertex -2.64235 2.16874 1.6
    endloop
  endfacet
  facet normal 0.321519 0.946903 0
    outer loop
      vertex -2.71047 2.19187 1.6
      vertex -2.64235 2.16874 5.72205e-07
      vertex -2.71047 2.19187 5.72205e-07
    endloop
  endfacet
  facet normal 0.659301 0.751879 -0
    outer loop
      vertex -2.83482 2.26366 5.72205e-07
      vertex -2.88891 2.31109 1.6
      vertex -2.83482 2.26366 1.6
    endloop
  endfacet
  facet normal 0.659301 0.751879 0
    outer loop
      vertex -2.88891 2.31109 1.6
      vertex -2.83482 2.26366 5.72205e-07
      vertex -2.88891 2.31109 5.72205e-07
    endloop
  endfacet
  facet normal -0.89686 0.442314 0
    outer loop
      vertex -2.02369 2.425 5.72205e-07
      vertex -1.99187 2.48952 1.6
      vertex -1.99187 2.48952 5.72205e-07
    endloop
  endfacet
  facet normal -0.89686 0.442314 0
    outer loop
      vertex -1.99187 2.48952 1.6
      vertex -2.02369 2.425 5.72205e-07
      vertex -2.02369 2.425 1.6
    endloop
  endfacet
  facet normal 0.831472 0.555566 0
    outer loop
      vertex -2.93634 2.36518 1.6
      vertex -2.97631 2.425 5.72205e-07
      vertex -2.97631 2.425 1.6
    endloop
  endfacet
  facet normal 0.831472 0.555566 0
    outer loop
      vertex -2.97631 2.425 5.72205e-07
      vertex -2.93634 2.36518 1.6
      vertex -2.93634 2.36518 5.72205e-07
    endloop
  endfacet
  facet normal 0.751879 -0.659301 0
    outer loop
      vertex -2.93634 3.03482 1.6
      vertex -2.88891 3.08891 5.72205e-07
      vertex -2.88891 3.08891 1.6
    endloop
  endfacet
  facet normal 0.751879 -0.659301 0
    outer loop
      vertex -2.88891 3.08891 5.72205e-07
      vertex -2.93634 3.03482 1.6
      vertex -2.93634 3.03482 5.72205e-07
    endloop
  endfacet
  facet normal -0.19502 0.980799 0
    outer loop
      vertex -2.35765 2.16874 5.72205e-07
      vertex -2.42821 2.15471 1.6
      vertex -2.35765 2.16874 1.6
    endloop
  endfacet
  facet normal -0.19502 0.980799 0
    outer loop
      vertex -2.42821 2.15471 1.6
      vertex -2.35765 2.16874 5.72205e-07
      vertex -2.42821 2.15471 5.72205e-07
    endloop
  endfacet
  facet normal 0.751879 0.659301 0
    outer loop
      vertex -2.88891 2.31109 1.6
      vertex -2.93634 2.36518 5.72205e-07
      vertex -2.93634 2.36518 1.6
    endloop
  endfacet
  facet normal 0.751879 0.659301 0
    outer loop
      vertex -2.93634 2.36518 5.72205e-07
      vertex -2.88891 2.31109 1.6
      vertex -2.88891 2.31109 5.72205e-07
    endloop
  endfacet
  facet normal 0.980799 0.19502 0
    outer loop
      vertex -3.03126 2.55765 1.6
      vertex -3.04529 2.62821 5.72205e-07
      vertex -3.04529 2.62821 1.6
    endloop
  endfacet
  facet normal 0.980799 0.19502 0
    outer loop
      vertex -3.04529 2.62821 5.72205e-07
      vertex -3.03126 2.55765 1.6
      vertex -3.03126 2.55765 5.72205e-07
    endloop
  endfacet
  facet normal 0.555566 0.831472 -0
    outer loop
      vertex -2.775 2.22369 5.72205e-07
      vertex -2.83482 2.26366 1.6
      vertex -2.775 2.22369 1.6
    endloop
  endfacet
  facet normal 0.555566 0.831472 0
    outer loop
      vertex -2.83482 2.26366 1.6
      vertex -2.775 2.22369 5.72205e-07
      vertex -2.83482 2.26366 5.72205e-07
    endloop
  endfacet
  facet normal 0.946918 0.321477 0
    outer loop
      vertex -3.00813 2.48952 1.6
      vertex -3.03126 2.55765 5.72205e-07
      vertex -3.03126 2.55765 1.6
    endloop
  endfacet
  facet normal 0.946918 0.321477 0
    outer loop
      vertex -3.03126 2.55765 5.72205e-07
      vertex -3.00813 2.48952 1.6
      vertex -3.00813 2.48952 5.72205e-07
    endloop
  endfacet
  facet normal 0.980799 -0.19502 0
    outer loop
      vertex -3.04529 2.77179 1.6
      vertex -3.03126 2.84235 5.72205e-07
      vertex -3.03126 2.84235 1.6
    endloop
  endfacet
  facet normal 0.980799 -0.19502 0
    outer loop
      vertex -3.03126 2.84235 5.72205e-07
      vertex -3.04529 2.77179 1.6
      vertex -3.04529 2.77179 5.72205e-07
    endloop
  endfacet
  facet normal 0.997855 0.0654673 0
    outer loop
      vertex -3.04529 2.62821 1.6
      vertex -3.05 2.7 5.72205e-07
      vertex -3.05 2.7 1.6
    endloop
  endfacet
  facet normal 0.997855 0.0654673 0
    outer loop
      vertex -3.05 2.7 5.72205e-07
      vertex -3.04529 2.62821 1.6
      vertex -3.04529 2.62821 5.72205e-07
    endloop
  endfacet
  facet normal 0.555566 -0.831472 0
    outer loop
      vertex -2.83482 3.13634 5.72205e-07
      vertex -2.775 3.17631 1.6
      vertex -2.83482 3.13634 1.6
    endloop
  endfacet
  facet normal 0.555566 -0.831472 0
    outer loop
      vertex -2.775 3.17631 1.6
      vertex -2.83482 3.13634 5.72205e-07
      vertex -2.775 3.17631 5.72205e-07
    endloop
  endfacet
  facet normal -0.321477 -0.946918 0
    outer loop
      vertex -2.35765 3.23126 5.72205e-07
      vertex -2.28952 3.20813 1.6
      vertex -2.35765 3.23126 1.6
    endloop
  endfacet
  facet normal -0.321477 -0.946918 -0
    outer loop
      vertex -2.28952 3.20813 1.6
      vertex -2.35765 3.23126 5.72205e-07
      vertex -2.28952 3.20813 5.72205e-07
    endloop
  endfacet
  facet normal 0.19502 -0.980799 0
    outer loop
      vertex -2.64235 3.23126 5.72205e-07
      vertex -2.57179 3.24529 1.6
      vertex -2.64235 3.23126 1.6
    endloop
  endfacet
  facet normal 0.19502 -0.980799 0
    outer loop
      vertex -2.57179 3.24529 1.6
      vertex -2.64235 3.23126 5.72205e-07
      vertex -2.57179 3.24529 5.72205e-07
    endloop
  endfacet
  facet normal -0.442314 -0.89686 0
    outer loop
      vertex -2.28952 3.20813 5.72205e-07
      vertex -2.225 3.17631 1.6
      vertex -2.28952 3.20813 1.6
    endloop
  endfacet
  facet normal -0.442314 -0.89686 -0
    outer loop
      vertex -2.225 3.17631 1.6
      vertex -2.28952 3.20813 5.72205e-07
      vertex -2.225 3.17631 5.72205e-07
    endloop
  endfacet
  facet normal -0.89686 -0.442314 0
    outer loop
      vertex -1.99187 2.91048 5.72205e-07
      vertex -2.02369 2.975 1.6
      vertex -2.02369 2.975 5.72205e-07
    endloop
  endfacet
  facet normal -0.89686 -0.442314 0
    outer loop
      vertex -2.02369 2.975 1.6
      vertex -1.99187 2.91048 5.72205e-07
      vertex -1.99187 2.91048 1.6
    endloop
  endfacet
  facet normal -0.946918 -0.321477 0
    outer loop
      vertex -1.96874 2.84235 5.72205e-07
      vertex -1.99187 2.91048 1.6
      vertex -1.99187 2.91048 5.72205e-07
    endloop
  endfacet
  facet normal -0.946918 -0.321477 0
    outer loop
      vertex -1.99187 2.91048 1.6
      vertex -1.96874 2.84235 5.72205e-07
      vertex -1.96874 2.84235 1.6
    endloop
  endfacet
  facet normal -0.980799 0.19502 0
    outer loop
      vertex -1.96874 -2.84235 5.72205e-07
      vertex -1.95471 -2.77179 1.6
      vertex -1.95471 -2.77179 5.72205e-07
    endloop
  endfacet
  facet normal -0.980799 0.19502 0
    outer loop
      vertex -1.95471 -2.77179 1.6
      vertex -1.96874 -2.84235 5.72205e-07
      vertex -1.96874 -2.84235 1.6
    endloop
  endfacet
  facet normal -0.997855 0.0654673 0
    outer loop
      vertex -1.95471 -2.77179 5.72205e-07
      vertex -1.95 -2.7 1.6
      vertex -1.95 -2.7 5.72205e-07
    endloop
  endfacet
  facet normal -0.997855 0.0654673 0
    outer loop
      vertex -1.95 -2.7 1.6
      vertex -1.95471 -2.77179 5.72205e-07
      vertex -1.95471 -2.77179 1.6
    endloop
  endfacet
  facet normal -0.89686 -0.442314 0
    outer loop
      vertex -1.99187 -2.48952 5.72205e-07
      vertex -2.02369 -2.425 1.6
      vertex -2.02369 -2.425 5.72205e-07
    endloop
  endfacet
  facet normal -0.89686 -0.442314 0
    outer loop
      vertex -2.02369 -2.425 1.6
      vertex -1.99187 -2.48952 5.72205e-07
      vertex -1.99187 -2.48952 1.6
    endloop
  endfacet
  facet normal -0.75181 -0.65938 0
    outer loop
      vertex -2.06365 -2.36518 5.72205e-07
      vertex -2.11109 -2.31109 1.6
      vertex -2.11109 -2.31109 5.72205e-07
    endloop
  endfacet
  facet normal -0.75181 -0.65938 0
    outer loop
      vertex -2.11109 -2.31109 1.6
      vertex -2.06365 -2.36518 5.72205e-07
      vertex -2.06365 -2.36518 1.6
    endloop
  endfacet
  facet normal 0.321519 0.946903 -0
    outer loop
      vertex -2.64235 -3.23126 5.72205e-07
      vertex -2.71047 -3.20813 1.6
      vertex -2.64235 -3.23126 1.6
    endloop
  endfacet
  facet normal 0.321519 0.946903 0
    outer loop
      vertex -2.71047 -3.20813 1.6
      vertex -2.64235 -3.23126 5.72205e-07
      vertex -2.71047 -3.20813 5.72205e-07
    endloop
  endfacet
  facet normal -0.831537 0.55547 0
    outer loop
      vertex -2.06365 -3.03482 5.72205e-07
      vertex -2.02369 -2.975 1.6
      vertex -2.02369 -2.975 5.72205e-07
    endloop
  endfacet
  facet normal -0.831537 0.55547 0
    outer loop
      vertex -2.02369 -2.975 1.6
      vertex -2.06365 -3.03482 5.72205e-07
      vertex -2.06365 -3.03482 1.6
    endloop
  endfacet
  facet normal -0.89686 0.442314 0
    outer loop
      vertex -2.02369 -2.975 5.72205e-07
      vertex -1.99187 -2.91048 1.6
      vertex -1.99187 -2.91048 5.72205e-07
    endloop
  endfacet
  facet normal -0.89686 0.442314 0
    outer loop
      vertex -1.99187 -2.91048 1.6
      vertex -2.02369 -2.975 5.72205e-07
      vertex -2.02369 -2.975 1.6
    endloop
  endfacet
  facet normal -0.659301 -0.751879 0
    outer loop
      vertex -2.16518 -2.26366 5.72205e-07
      vertex -2.11109 -2.31109 1.6
      vertex -2.16518 -2.26366 1.6
    endloop
  endfacet
  facet normal -0.659301 -0.751879 -0
    outer loop
      vertex -2.11109 -2.31109 1.6
      vertex -2.16518 -2.26366 5.72205e-07
      vertex -2.11109 -2.31109 5.72205e-07
    endloop
  endfacet
  facet normal -0.980799 -0.19502 0
    outer loop
      vertex -1.95471 -2.62821 5.72205e-07
      vertex -1.96874 -2.55765 1.6
      vertex -1.96874 -2.55765 5.72205e-07
    endloop
  endfacet
  facet normal -0.980799 -0.19502 0
    outer loop
      vertex -1.96874 -2.55765 1.6
      vertex -1.95471 -2.62821 5.72205e-07
      vertex -1.95471 -2.62821 1.6
    endloop
  endfacet
  facet normal -0.946918 -0.321477 0
    outer loop
      vertex -1.96874 -2.55765 5.72205e-07
      vertex -1.99187 -2.48952 1.6
      vertex -1.99187 -2.48952 5.72205e-07
    endloop
  endfacet
  facet normal -0.946918 -0.321477 0
    outer loop
      vertex -1.99187 -2.48952 1.6
      vertex -1.96874 -2.55765 5.72205e-07
      vertex -1.96874 -2.55765 1.6
    endloop
  endfacet
  facet normal -0.19502 0.980799 0
    outer loop
      vertex -2.35765 -3.23126 5.72205e-07
      vertex -2.42821 -3.24529 1.6
      vertex -2.35765 -3.23126 1.6
    endloop
  endfacet
  facet normal -0.19502 0.980799 0
    outer loop
      vertex -2.42821 -3.24529 1.6
      vertex -2.35765 -3.23126 5.72205e-07
      vertex -2.42821 -3.24529 5.72205e-07
    endloop
  endfacet
  facet normal -0.321477 0.946918 0
    outer loop
      vertex -2.28952 -3.20813 5.72205e-07
      vertex -2.35765 -3.23126 1.6
      vertex -2.28952 -3.20813 1.6
    endloop
  endfacet
  facet normal -0.321477 0.946918 0
    outer loop
      vertex -2.35765 -3.23126 1.6
      vertex -2.28952 -3.20813 5.72205e-07
      vertex -2.35765 -3.23126 5.72205e-07
    endloop
  endfacet
  facet normal -0.831537 -0.55547 0
    outer loop
      vertex -2.02369 -2.425 5.72205e-07
      vertex -2.06365 -2.36518 1.6
      vertex -2.06365 -2.36518 5.72205e-07
    endloop
  endfacet
  facet normal -0.831537 -0.55547 0
    outer loop
      vertex -2.06365 -2.36518 1.6
      vertex -2.02369 -2.425 5.72205e-07
      vertex -2.02369 -2.425 1.6
    endloop
  endfacet
  facet normal -0.555566 -0.831472 0
    outer loop
      vertex -2.225 -2.22369 5.72205e-07
      vertex -2.16518 -2.26366 1.6
      vertex -2.225 -2.22369 1.6
    endloop
  endfacet
  facet normal -0.555566 -0.831472 -0
    outer loop
      vertex -2.16518 -2.26366 1.6
      vertex -2.225 -2.22369 5.72205e-07
      vertex -2.16518 -2.26366 5.72205e-07
    endloop
  endfacet
  facet normal -0.442314 -0.89686 0
    outer loop
      vertex -2.28952 -2.19187 5.72205e-07
      vertex -2.225 -2.22369 1.6
      vertex -2.28952 -2.19187 1.6
    endloop
  endfacet
  facet normal -0.442314 -0.89686 -0
    outer loop
      vertex -2.225 -2.22369 1.6
      vertex -2.28952 -2.19187 5.72205e-07
      vertex -2.225 -2.22369 5.72205e-07
    endloop
  endfacet
  facet normal -0.442314 0.89686 0
    outer loop
      vertex -2.225 -3.17631 5.72205e-07
      vertex -2.28952 -3.20813 1.6
      vertex -2.225 -3.17631 1.6
    endloop
  endfacet
  facet normal -0.442314 0.89686 0
    outer loop
      vertex -2.28952 -3.20813 1.6
      vertex -2.225 -3.17631 5.72205e-07
      vertex -2.28952 -3.20813 5.72205e-07
    endloop
  endfacet
  facet normal -0.0654673 0.997855 0
    outer loop
      vertex -2.42821 -3.24529 5.72205e-07
      vertex -2.5 -3.25 1.6
      vertex -2.42821 -3.24529 1.6
    endloop
  endfacet
  facet normal -0.0654673 0.997855 0
    outer loop
      vertex -2.5 -3.25 1.6
      vertex -2.42821 -3.24529 5.72205e-07
      vertex -2.5 -3.25 5.72205e-07
    endloop
  endfacet
  facet normal 0.19502 -0.980799 0
    outer loop
      vertex -2.64235 -2.16874 5.72205e-07
      vertex -2.57179 -2.15471 1.6
      vertex -2.64235 -2.16874 1.6
    endloop
  endfacet
  facet normal 0.19502 -0.980799 0
    outer loop
      vertex -2.57179 -2.15471 1.6
      vertex -2.64235 -2.16874 5.72205e-07
      vertex -2.57179 -2.15471 5.72205e-07
    endloop
  endfacet
  facet normal 0.831472 0.555566 0
    outer loop
      vertex -2.93634 -3.03482 1.6
      vertex -2.97631 -2.975 5.72205e-07
      vertex -2.97631 -2.975 1.6
    endloop
  endfacet
  facet normal 0.831472 0.555566 0
    outer loop
      vertex -2.97631 -2.975 5.72205e-07
      vertex -2.93634 -3.03482 1.6
      vertex -2.93634 -3.03482 5.72205e-07
    endloop
  endfacet
  facet normal 0.831472 -0.555566 0
    outer loop
      vertex -2.97631 -2.425 1.6
      vertex -2.93634 -2.36518 5.72205e-07
      vertex -2.93634 -2.36518 1.6
    endloop
  endfacet
  facet normal 0.831472 -0.555566 0
    outer loop
      vertex -2.93634 -2.36518 5.72205e-07
      vertex -2.97631 -2.425 1.6
      vertex -2.97631 -2.425 5.72205e-07
    endloop
  endfacet
  facet normal 0.751879 -0.659301 0
    outer loop
      vertex -2.93634 -2.36518 1.6
      vertex -2.88891 -2.31109 5.72205e-07
      vertex -2.88891 -2.31109 1.6
    endloop
  endfacet
  facet normal 0.751879 -0.659301 0
    outer loop
      vertex -2.88891 -2.31109 5.72205e-07
      vertex -2.93634 -2.36518 1.6
      vertex -2.93634 -2.36518 5.72205e-07
    endloop
  endfacet
  facet normal 0.89686 -0.442314 0
    outer loop
      vertex -3.00813 -2.48952 1.6
      vertex -2.97631 -2.425 5.72205e-07
      vertex -2.97631 -2.425 1.6
    endloop
  endfacet
  facet normal 0.89686 -0.442314 0
    outer loop
      vertex -2.97631 -2.425 5.72205e-07
      vertex -3.00813 -2.48952 1.6
      vertex -3.00813 -2.48952 5.72205e-07
    endloop
  endfacet
  facet normal 0.751879 0.659301 0
    outer loop
      vertex -2.88891 -3.08891 1.6
      vertex -2.93634 -3.03482 5.72205e-07
      vertex -2.93634 -3.03482 1.6
    endloop
  endfacet
  facet normal 0.751879 0.659301 0
    outer loop
      vertex -2.93634 -3.03482 5.72205e-07
      vertex -2.88891 -3.08891 1.6
      vertex -2.88891 -3.08891 5.72205e-07
    endloop
  endfacet
  facet normal -0.659301 0.751879 0
    outer loop
      vertex -2.11109 -3.08891 5.72205e-07
      vertex -2.16518 -3.13634 1.6
      vertex -2.11109 -3.08891 1.6
    endloop
  endfacet
  facet normal -0.659301 0.751879 0
    outer loop
      vertex -2.16518 -3.13634 1.6
      vertex -2.11109 -3.08891 5.72205e-07
      vertex -2.16518 -3.13634 5.72205e-07
    endloop
  endfacet
  facet normal -0.19502 -0.980799 0
    outer loop
      vertex -2.42821 -2.15471 5.72205e-07
      vertex -2.35765 -2.16874 1.6
      vertex -2.42821 -2.15471 1.6
    endloop
  endfacet
  facet normal -0.19502 -0.980799 -0
    outer loop
      vertex -2.35765 -2.16874 1.6
      vertex -2.42821 -2.15471 5.72205e-07
      vertex -2.35765 -2.16874 5.72205e-07
    endloop
  endfacet
  facet normal 0.946918 -0.321477 0
    outer loop
      vertex -3.03126 -2.55765 1.6
      vertex -3.00813 -2.48952 5.72205e-07
      vertex -3.00813 -2.48952 1.6
    endloop
  endfacet
  facet normal 0.946918 -0.321477 0
    outer loop
      vertex -3.00813 -2.48952 5.72205e-07
      vertex -3.03126 -2.55765 1.6
      vertex -3.03126 -2.55765 5.72205e-07
    endloop
  endfacet
  facet normal -0.555566 0.831472 0
    outer loop
      vertex -2.16518 -3.13634 5.72205e-07
      vertex -2.225 -3.17631 1.6
      vertex -2.16518 -3.13634 1.6
    endloop
  endfacet
  facet normal -0.555566 0.831472 0
    outer loop
      vertex -2.225 -3.17631 1.6
      vertex -2.16518 -3.13634 5.72205e-07
      vertex -2.225 -3.17631 5.72205e-07
    endloop
  endfacet
  facet normal -0.997855 -0.0654673 0
    outer loop
      vertex -1.95 -2.7 5.72205e-07
      vertex -1.95471 -2.62821 1.6
      vertex -1.95471 -2.62821 5.72205e-07
    endloop
  endfacet
  facet normal -0.997855 -0.0654673 0
    outer loop
      vertex -1.95471 -2.62821 1.6
      vertex -1.95 -2.7 5.72205e-07
      vertex -1.95 -2.7 1.6
    endloop
  endfacet
  facet normal 0.442259 0.896887 -0
    outer loop
      vertex -2.71047 -3.20813 5.72205e-07
      vertex -2.775 -3.17631 1.6
      vertex -2.71047 -3.20813 1.6
    endloop
  endfacet
  facet normal 0.442259 0.896887 0
    outer loop
      vertex -2.775 -3.17631 1.6
      vertex -2.71047 -3.20813 5.72205e-07
      vertex -2.775 -3.17631 5.72205e-07
    endloop
  endfacet
  facet normal -0.321477 -0.946918 0
    outer loop
      vertex -2.35765 -2.16874 5.72205e-07
      vertex -2.28952 -2.19187 1.6
      vertex -2.35765 -2.16874 1.6
    endloop
  endfacet
  facet normal -0.321477 -0.946918 -0
    outer loop
      vertex -2.28952 -2.19187 1.6
      vertex -2.35765 -2.16874 5.72205e-07
      vertex -2.28952 -2.19187 5.72205e-07
    endloop
  endfacet
  facet normal 0.946918 0.321477 0
    outer loop
      vertex -3.00813 -2.91048 1.6
      vertex -3.03126 -2.84235 5.72205e-07
      vertex -3.03126 -2.84235 1.6
    endloop
  endfacet
  facet normal 0.946918 0.321477 0
    outer loop
      vertex -3.03126 -2.84235 5.72205e-07
      vertex -3.00813 -2.91048 1.6
      vertex -3.00813 -2.91048 5.72205e-07
    endloop
  endfacet
  facet normal -0.0654673 -0.997855 0
    outer loop
      vertex -2.5 -2.15 5.72205e-07
      vertex -2.42821 -2.15471 1.6
      vertex -2.5 -2.15 1.6
    endloop
  endfacet
  facet normal -0.0654673 -0.997855 -0
    outer loop
      vertex -2.42821 -2.15471 1.6
      vertex -2.5 -2.15 5.72205e-07
      vertex -2.42821 -2.15471 5.72205e-07
    endloop
  endfacet
  facet normal 0.555566 0.831472 -0
    outer loop
      vertex -2.775 -3.17631 5.72205e-07
      vertex -2.83482 -3.13634 1.6
      vertex -2.775 -3.17631 1.6
    endloop
  endfacet
  facet normal 0.555566 0.831472 0
    outer loop
      vertex -2.83482 -3.13634 1.6
      vertex -2.775 -3.17631 5.72205e-07
      vertex -2.83482 -3.13634 5.72205e-07
    endloop
  endfacet
  facet normal 0.997855 -0.0654673 0
    outer loop
      vertex -3.05 -2.7 1.6
      vertex -3.04529 -2.62821 5.72205e-07
      vertex -3.04529 -2.62821 1.6
    endloop
  endfacet
  facet normal 0.997855 -0.0654673 0
    outer loop
      vertex -3.04529 -2.62821 5.72205e-07
      vertex -3.05 -2.7 1.6
      vertex -3.05 -2.7 5.72205e-07
    endloop
  endfacet
  facet normal -0.75181 0.65938 0
    outer loop
      vertex -2.11109 -3.08891 5.72205e-07
      vertex -2.06365 -3.03482 1.6
      vertex -2.06365 -3.03482 5.72205e-07
    endloop
  endfacet
  facet normal -0.75181 0.65938 0
    outer loop
      vertex -2.06365 -3.03482 1.6
      vertex -2.11109 -3.08891 5.72205e-07
      vertex -2.11109 -3.08891 1.6
    endloop
  endfacet
  facet normal 0.659301 0.751879 -0
    outer loop
      vertex -2.83482 -3.13634 5.72205e-07
      vertex -2.88891 -3.08891 1.6
      vertex -2.83482 -3.13634 1.6
    endloop
  endfacet
  facet normal 0.659301 0.751879 0
    outer loop
      vertex -2.88891 -3.08891 1.6
      vertex -2.83482 -3.13634 5.72205e-07
      vertex -2.88891 -3.08891 5.72205e-07
    endloop
  endfacet
  facet normal 0.0654673 -0.997855 0
    outer loop
      vertex -2.57179 -2.15471 5.72205e-07
      vertex -2.5 -2.15 1.6
      vertex -2.57179 -2.15471 1.6
    endloop
  endfacet
  facet normal 0.0654673 -0.997855 0
    outer loop
      vertex -2.5 -2.15 1.6
      vertex -2.57179 -2.15471 5.72205e-07
      vertex -2.5 -2.15 5.72205e-07
    endloop
  endfacet
  facet normal -0.946918 0.321477 0
    outer loop
      vertex -1.99187 -2.91048 5.72205e-07
      vertex -1.96874 -2.84235 1.6
      vertex -1.96874 -2.84235 5.72205e-07
    endloop
  endfacet
  facet normal -0.946918 0.321477 0
    outer loop
      vertex -1.96874 -2.84235 1.6
      vertex -1.99187 -2.91048 5.72205e-07
      vertex -1.99187 -2.91048 1.6
    endloop
  endfacet
  facet normal 0.19502 0.980799 -0
    outer loop
      vertex -2.57179 -3.24529 5.72205e-07
      vertex -2.64235 -3.23126 1.6
      vertex -2.57179 -3.24529 1.6
    endloop
  endfacet
  facet normal 0.19502 0.980799 0
    outer loop
      vertex -2.64235 -3.23126 1.6
      vertex -2.57179 -3.24529 5.72205e-07
      vertex -2.64235 -3.23126 5.72205e-07
    endloop
  endfacet
  facet normal 0.980799 -0.19502 0
    outer loop
      vertex -3.04529 -2.62821 1.6
      vertex -3.03126 -2.55765 5.72205e-07
      vertex -3.03126 -2.55765 1.6
    endloop
  endfacet
  facet normal 0.980799 -0.19502 0
    outer loop
      vertex -3.03126 -2.55765 5.72205e-07
      vertex -3.04529 -2.62821 1.6
      vertex -3.04529 -2.62821 5.72205e-07
    endloop
  endfacet
  facet normal 0.442259 -0.896887 0
    outer loop
      vertex -2.775 -2.22369 5.72205e-07
      vertex -2.71047 -2.19187 1.6
      vertex -2.775 -2.22369 1.6
    endloop
  endfacet
  facet normal 0.442259 -0.896887 0
    outer loop
      vertex -2.71047 -2.19187 1.6
      vertex -2.775 -2.22369 5.72205e-07
      vertex -2.71047 -2.19187 5.72205e-07
    endloop
  endfacet
  facet normal 0.321519 -0.946903 0
    outer loop
      vertex -2.71047 -2.19187 5.72205e-07
      vertex -2.64235 -2.16874 1.6
      vertex -2.71047 -2.19187 1.6
    endloop
  endfacet
  facet normal 0.321519 -0.946903 0
    outer loop
      vertex -2.64235 -2.16874 1.6
      vertex -2.71047 -2.19187 5.72205e-07
      vertex -2.64235 -2.16874 5.72205e-07
    endloop
  endfacet
  facet normal 0.0654673 0.997855 -0
    outer loop
      vertex -2.5 -3.25 5.72205e-07
      vertex -2.57179 -3.24529 1.6
      vertex -2.5 -3.25 1.6
    endloop
  endfacet
  facet normal 0.0654673 0.997855 0
    outer loop
      vertex -2.57179 -3.24529 1.6
      vertex -2.5 -3.25 5.72205e-07
      vertex -2.57179 -3.24529 5.72205e-07
    endloop
  endfacet
  facet normal 0.980799 0.19502 0
    outer loop
      vertex -3.03126 -2.84235 1.6
      vertex -3.04529 -2.77179 5.72205e-07
      vertex -3.04529 -2.77179 1.6
    endloop
  endfacet
  facet normal 0.980799 0.19502 0
    outer loop
      vertex -3.04529 -2.77179 5.72205e-07
      vertex -3.03126 -2.84235 1.6
      vertex -3.03126 -2.84235 5.72205e-07
    endloop
  endfacet
  facet normal 0.997855 0.0654673 0
    outer loop
      vertex -3.04529 -2.77179 1.6
      vertex -3.05 -2.7 5.72205e-07
      vertex -3.05 -2.7 1.6
    endloop
  endfacet
  facet normal 0.997855 0.0654673 0
    outer loop
      vertex -3.05 -2.7 5.72205e-07
      vertex -3.04529 -2.77179 1.6
      vertex -3.04529 -2.77179 5.72205e-07
    endloop
  endfacet
  facet normal 0.555566 -0.831472 0
    outer loop
      vertex -2.83482 -2.26366 5.72205e-07
      vertex -2.775 -2.22369 1.6
      vertex -2.83482 -2.26366 1.6
    endloop
  endfacet
  facet normal 0.555566 -0.831472 0
    outer loop
      vertex -2.775 -2.22369 1.6
      vertex -2.83482 -2.26366 5.72205e-07
      vertex -2.775 -2.22369 5.72205e-07
    endloop
  endfacet
  facet normal 0.89686 0.442314 0
    outer loop
      vertex -2.97631 -2.975 1.6
      vertex -3.00813 -2.91048 5.72205e-07
      vertex -3.00813 -2.91048 1.6
    endloop
  endfacet
  facet normal 0.89686 0.442314 0
    outer loop
      vertex -3.00813 -2.91048 5.72205e-07
      vertex -2.97631 -2.975 1.6
      vertex -2.97631 -2.975 5.72205e-07
    endloop
  endfacet
  facet normal 0.659301 -0.751879 0
    outer loop
      vertex -2.88891 -2.31109 5.72205e-07
      vertex -2.83482 -2.26366 1.6
      vertex -2.88891 -2.31109 1.6
    endloop
  endfacet
  facet normal 0.659301 -0.751879 0
    outer loop
      vertex -2.83482 -2.26366 1.6
      vertex -2.88891 -2.31109 5.72205e-07
      vertex -2.83482 -2.26366 5.72205e-07
    endloop
  endfacet
  facet normal -0.0654684 -0.997855 0
    outer loop
      vertex 0 3.25 5.72205e-07
      vertex 0.0717888 3.24529 1.6
      vertex 0 3.25 1.6
    endloop
  endfacet
  facet normal -0.0654684 -0.997855 -0
    outer loop
      vertex 0.0717888 3.24529 1.6
      vertex 0 3.25 5.72205e-07
      vertex 0.0717888 3.24529 5.72205e-07
    endloop
  endfacet
  facet normal -0.980786 0.195087 0
    outer loop
      vertex 0.531259 2.55765 5.72205e-07
      vertex 0.545294 2.62821 1.6
      vertex 0.545294 2.62821 5.72205e-07
    endloop
  endfacet
  facet normal -0.980786 0.195087 0
    outer loop
      vertex 0.545294 2.62821 1.6
      vertex 0.531259 2.55765 5.72205e-07
      vertex 0.531259 2.55765 1.6
    endloop
  endfacet
  facet normal -0.997859 0.0653981 0
    outer loop
      vertex 0.545294 2.62821 5.72205e-07
      vertex 0.549999 2.7 1.6
      vertex 0.549999 2.7 5.72205e-07
    endloop
  endfacet
  facet normal -0.997859 0.0653981 0
    outer loop
      vertex 0.549999 2.7 1.6
      vertex 0.545294 2.62821 5.72205e-07
      vertex 0.545294 2.62821 1.6
    endloop
  endfacet
  facet normal 0.896866 0.442303 0
    outer loop
      vertex -0.476314 2.425 1.6
      vertex -0.508133 2.48952 5.72205e-07
      vertex -0.508133 2.48952 1.6
    endloop
  endfacet
  facet normal 0.896866 0.442303 0
    outer loop
      vertex -0.508133 2.48952 5.72205e-07
      vertex -0.476314 2.425 1.6
      vertex -0.476314 2.425 5.72205e-07
    endloop
  endfacet
  facet normal -0.831472 0.555566 0
    outer loop
      vertex 0.436344 2.36518 5.72205e-07
      vertex 0.476314 2.425 1.6
      vertex 0.476314 2.425 5.72205e-07
    endloop
  endfacet
  facet normal -0.831472 0.555566 0
    outer loop
      vertex 0.476314 2.425 1.6
      vertex 0.436344 2.36518 5.72205e-07
      vertex 0.436344 2.36518 1.6
    endloop
  endfacet
  facet normal -0.555579 -0.831464 0
    outer loop
      vertex 0.275 3.17631 5.72205e-07
      vertex 0.334818 3.13634 1.6
      vertex 0.275 3.17631 1.6
    endloop
  endfacet
  facet normal -0.555579 -0.831464 -0
    outer loop
      vertex 0.334818 3.13634 1.6
      vertex 0.275 3.17631 5.72205e-07
      vertex 0.334818 3.13634 5.72205e-07
    endloop
  endfacet
  facet normal -0.751837 0.659349 0
    outer loop
      vertex 0.388908 2.31109 5.72205e-07
      vertex 0.436344 2.36518 1.6
      vertex 0.436344 2.36518 5.72205e-07
    endloop
  endfacet
  facet normal -0.751837 0.659349 0
    outer loop
      vertex 0.436344 2.36518 1.6
      vertex 0.388908 2.31109 5.72205e-07
      vertex 0.388908 2.31109 1.6
    endloop
  endfacet
  facet normal -0.980786 -0.195087 0
    outer loop
      vertex 0.545294 2.77179 5.72205e-07
      vertex 0.531259 2.84235 1.6
      vertex 0.531259 2.84235 5.72205e-07
    endloop
  endfacet
  facet normal -0.980786 -0.195087 0
    outer loop
      vertex 0.531259 2.84235 1.6
      vertex 0.545294 2.77179 5.72205e-07
      vertex 0.545294 2.77179 1.6
    endloop
  endfacet
  facet normal 0.442286 0.896874 -0
    outer loop
      vertex -0.210475 2.19187 5.72205e-07
      vertex -0.275 2.22369 1.6
      vertex -0.210475 2.19187 1.6
    endloop
  endfacet
  facet normal 0.442286 0.896874 0
    outer loop
      vertex -0.275 2.22369 1.6
      vertex -0.210475 2.19187 5.72205e-07
      vertex -0.275 2.22369 5.72205e-07
    endloop
  endfacet
  facet normal -0.195017 -0.9808 0
    outer loop
      vertex 0.0717888 3.24529 5.72205e-07
      vertex 0.14235 3.23126 1.6
      vertex 0.0717888 3.24529 1.6
    endloop
  endfacet
  facet normal -0.195017 -0.9808 -0
    outer loop
      vertex 0.14235 3.23126 1.6
      vertex 0.0717888 3.24529 5.72205e-07
      vertex 0.14235 3.23126 5.72205e-07
    endloop
  endfacet
  facet normal -0.555579 0.831464 0
    outer loop
      vertex 0.334818 2.26366 5.72205e-07
      vertex 0.275 2.22369 1.6
      vertex 0.334818 2.26366 1.6
    endloop
  endfacet
  facet normal -0.555579 0.831464 0
    outer loop
      vertex 0.275 2.22369 1.6
      vertex 0.334818 2.26366 5.72205e-07
      vertex 0.275 2.22369 5.72205e-07
    endloop
  endfacet
  facet normal 0.659301 -0.751879 0
    outer loop
      vertex -0.388908 3.08891 5.72205e-07
      vertex -0.334818 3.13634 1.6
      vertex -0.388908 3.08891 1.6
    endloop
  endfacet
  facet normal 0.659301 -0.751879 0
    outer loop
      vertex -0.334818 3.13634 1.6
      vertex -0.388908 3.08891 5.72205e-07
      vertex -0.334818 3.13634 5.72205e-07
    endloop
  endfacet
  facet normal 0.896866 -0.442303 0
    outer loop
      vertex -0.508133 2.91048 1.6
      vertex -0.476314 2.975 5.72205e-07
      vertex -0.476314 2.975 1.6
    endloop
  endfacet
  facet normal 0.896866 -0.442303 0
    outer loop
      vertex -0.476314 2.975 5.72205e-07
      vertex -0.508133 2.91048 1.6
      vertex -0.508133 2.91048 5.72205e-07
    endloop
  endfacet
  facet normal 0.0654684 -0.997855 0
    outer loop
      vertex -0.0717888 3.24529 5.72205e-07
      vertex 0 3.25 1.6
      vertex -0.0717888 3.24529 1.6
    endloop
  endfacet
  facet normal 0.0654684 -0.997855 0
    outer loop
      vertex 0 3.25 1.6
      vertex -0.0717888 3.24529 5.72205e-07
      vertex 0 3.25 5.72205e-07
    endloop
  endfacet
  facet normal 0.442286 -0.896874 0
    outer loop
      vertex -0.275 3.17631 5.72205e-07
      vertex -0.210475 3.20813 1.6
      vertex -0.275 3.17631 1.6
    endloop
  endfacet
  facet normal 0.442286 -0.896874 0
    outer loop
      vertex -0.210475 3.20813 1.6
      vertex -0.275 3.17631 5.72205e-07
      vertex -0.210475 3.20813 5.72205e-07
    endloop
  endfacet
  facet normal -0.831472 -0.555566 0
    outer loop
      vertex 0.476314 2.975 5.72205e-07
      vertex 0.436344 3.03482 1.6
      vertex 0.436344 3.03482 5.72205e-07
    endloop
  endfacet
  facet normal -0.831472 -0.555566 0
    outer loop
      vertex 0.436344 3.03482 1.6
      vertex 0.476314 2.975 5.72205e-07
      vertex 0.476314 2.975 1.6
    endloop
  endfacet
  facet normal 0.997859 -0.0653981 0
    outer loop
      vertex -0.549999 2.7 1.6
      vertex -0.545294 2.77179 5.72205e-07
      vertex -0.545294 2.77179 1.6
    endloop
  endfacet
  facet normal 0.997859 -0.0653981 0
    outer loop
      vertex -0.545294 2.77179 5.72205e-07
      vertex -0.549999 2.7 1.6
      vertex -0.549999 2.7 5.72205e-07
    endloop
  endfacet
  facet normal -0.751837 -0.659349 0
    outer loop
      vertex 0.436344 3.03482 5.72205e-07
      vertex 0.388908 3.08891 1.6
      vertex 0.388908 3.08891 5.72205e-07
    endloop
  endfacet
  facet normal -0.751837 -0.659349 0
    outer loop
      vertex 0.388908 3.08891 1.6
      vertex 0.436344 3.03482 5.72205e-07
      vertex 0.436344 3.03482 1.6
    endloop
  endfacet
  facet normal -0.659301 -0.751879 0
    outer loop
      vertex 0.334818 3.13634 5.72205e-07
      vertex 0.388908 3.08891 1.6
      vertex 0.334818 3.13634 1.6
    endloop
  endfacet
  facet normal -0.659301 -0.751879 -0
    outer loop
      vertex 0.388908 3.08891 1.6
      vertex 0.334818 3.13634 5.72205e-07
      vertex 0.388908 3.08891 5.72205e-07
    endloop
  endfacet
  facet normal 0.195017 0.9808 -0
    outer loop
      vertex -0.0717888 2.15471 5.72205e-07
      vertex -0.14235 2.16874 1.6
      vertex -0.0717888 2.15471 1.6
    endloop
  endfacet
  facet normal 0.195017 0.9808 0
    outer loop
      vertex -0.14235 2.16874 1.6
      vertex -0.0717888 2.15471 5.72205e-07
      vertex -0.14235 2.16874 5.72205e-07
    endloop
  endfacet
  facet normal -0.321498 0.94691 0
    outer loop
      vertex 0.210475 2.19187 5.72205e-07
      vertex 0.14235 2.16874 1.6
      vertex 0.210475 2.19187 1.6
    endloop
  endfacet
  facet normal -0.321498 0.94691 0
    outer loop
      vertex 0.14235 2.16874 1.6
      vertex 0.210475 2.19187 5.72205e-07
      vertex 0.14235 2.16874 5.72205e-07
    endloop
  endfacet
  facet normal -0.442286 0.896874 0
    outer loop
      vertex 0.275 2.22369 5.72205e-07
      vertex 0.210475 2.19187 1.6
      vertex 0.275 2.22369 1.6
    endloop
  endfacet
  facet normal -0.442286 0.896874 0
    outer loop
      vertex 0.210475 2.19187 1.6
      vertex 0.275 2.22369 5.72205e-07
      vertex 0.210475 2.19187 5.72205e-07
    endloop
  endfacet
  facet normal 0.946934 -0.321427 0
    outer loop
      vertex -0.531259 2.84235 1.6
      vertex -0.508133 2.91048 5.72205e-07
      vertex -0.508133 2.91048 1.6
    endloop
  endfacet
  facet normal 0.946934 -0.321427 0
    outer loop
      vertex -0.508133 2.91048 5.72205e-07
      vertex -0.531259 2.84235 1.6
      vertex -0.531259 2.84235 5.72205e-07
    endloop
  endfacet
  facet normal 0.0654684 0.997855 -0
    outer loop
      vertex 0 2.15 5.72205e-07
      vertex -0.0717888 2.15471 1.6
      vertex 0 2.15 1.6
    endloop
  endfacet
  facet normal 0.0654684 0.997855 0
    outer loop
      vertex -0.0717888 2.15471 1.6
      vertex 0 2.15 5.72205e-07
      vertex -0.0717888 2.15471 5.72205e-07
    endloop
  endfacet
  facet normal -0.946934 0.321427 0
    outer loop
      vertex 0.508133 2.48952 5.72205e-07
      vertex 0.531259 2.55765 1.6
      vertex 0.531259 2.55765 5.72205e-07
    endloop
  endfacet
  facet normal -0.946934 0.321427 0
    outer loop
      vertex 0.531259 2.55765 1.6
      vertex 0.508133 2.48952 5.72205e-07
      vertex 0.508133 2.48952 1.6
    endloop
  endfacet
  facet normal -0.659301 0.751879 0
    outer loop
      vertex 0.388908 2.31109 5.72205e-07
      vertex 0.334818 2.26366 1.6
      vertex 0.388908 2.31109 1.6
    endloop
  endfacet
  facet normal -0.659301 0.751879 0
    outer loop
      vertex 0.334818 2.26366 1.6
      vertex 0.388908 2.31109 5.72205e-07
      vertex 0.334818 2.26366 5.72205e-07
    endloop
  endfacet
  facet normal 0.321498 -0.94691 0
    outer loop
      vertex -0.210475 3.20813 5.72205e-07
      vertex -0.14235 3.23126 1.6
      vertex -0.210475 3.20813 1.6
    endloop
  endfacet
  facet normal 0.321498 -0.94691 0
    outer loop
      vertex -0.14235 3.23126 1.6
      vertex -0.210475 3.20813 5.72205e-07
      vertex -0.14235 3.23126 5.72205e-07
    endloop
  endfacet
  facet normal 0.831472 -0.555566 0
    outer loop
      vertex -0.476314 2.975 1.6
      vertex -0.436344 3.03482 5.72205e-07
      vertex -0.436344 3.03482 1.6
    endloop
  endfacet
  facet normal 0.831472 -0.555566 0
    outer loop
      vertex -0.436344 3.03482 5.72205e-07
      vertex -0.476314 2.975 1.6
      vertex -0.476314 2.975 5.72205e-07
    endloop
  endfacet
  facet normal -0.997859 -0.0653981 0
    outer loop
      vertex 0.549999 2.7 5.72205e-07
      vertex 0.545294 2.77179 1.6
      vertex 0.545294 2.77179 5.72205e-07
    endloop
  endfacet
  facet normal -0.997859 -0.0653981 0
    outer loop
      vertex 0.545294 2.77179 1.6
      vertex 0.549999 2.7 5.72205e-07
      vertex 0.549999 2.7 1.6
    endloop
  endfacet
  facet normal 0.321498 0.94691 -0
    outer loop
      vertex -0.14235 2.16874 5.72205e-07
      vertex -0.210475 2.19187 1.6
      vertex -0.14235 2.16874 1.6
    endloop
  endfacet
  facet normal 0.321498 0.94691 0
    outer loop
      vertex -0.210475 2.19187 1.6
      vertex -0.14235 2.16874 5.72205e-07
      vertex -0.210475 2.19187 5.72205e-07
    endloop
  endfacet
  facet normal 0.659301 0.751879 -0
    outer loop
      vertex -0.334818 2.26366 5.72205e-07
      vertex -0.388908 2.31109 1.6
      vertex -0.334818 2.26366 1.6
    endloop
  endfacet
  facet normal 0.659301 0.751879 0
    outer loop
      vertex -0.388908 2.31109 1.6
      vertex -0.334818 2.26366 5.72205e-07
      vertex -0.388908 2.31109 5.72205e-07
    endloop
  endfacet
  facet normal -0.896866 0.442303 0
    outer loop
      vertex 0.476314 2.425 5.72205e-07
      vertex 0.508133 2.48952 1.6
      vertex 0.508133 2.48952 5.72205e-07
    endloop
  endfacet
  facet normal -0.896866 0.442303 0
    outer loop
      vertex 0.508133 2.48952 1.6
      vertex 0.476314 2.425 5.72205e-07
      vertex 0.476314 2.425 1.6
    endloop
  endfacet
  facet normal 0.831472 0.555566 0
    outer loop
      vertex -0.436344 2.36518 1.6
      vertex -0.476314 2.425 5.72205e-07
      vertex -0.476314 2.425 1.6
    endloop
  endfacet
  facet normal 0.831472 0.555566 0
    outer loop
      vertex -0.476314 2.425 5.72205e-07
      vertex -0.436344 2.36518 1.6
      vertex -0.436344 2.36518 5.72205e-07
    endloop
  endfacet
  facet normal 0.751837 -0.659349 0
    outer loop
      vertex -0.436344 3.03482 1.6
      vertex -0.388908 3.08891 5.72205e-07
      vertex -0.388908 3.08891 1.6
    endloop
  endfacet
  facet normal 0.751837 -0.659349 0
    outer loop
      vertex -0.388908 3.08891 5.72205e-07
      vertex -0.436344 3.03482 1.6
      vertex -0.436344 3.03482 5.72205e-07
    endloop
  endfacet
  facet normal -0.195017 0.9808 0
    outer loop
      vertex 0.14235 2.16874 5.72205e-07
      vertex 0.0717888 2.15471 1.6
      vertex 0.14235 2.16874 1.6
    endloop
  endfacet
  facet normal -0.195017 0.9808 0
    outer loop
      vertex 0.0717888 2.15471 1.6
      vertex 0.14235 2.16874 5.72205e-07
      vertex 0.0717888 2.15471 5.72205e-07
    endloop
  endfacet
  facet normal 0.751837 0.659349 0
    outer loop
      vertex -0.388908 2.31109 1.6
      vertex -0.436344 2.36518 5.72205e-07
      vertex -0.436344 2.36518 1.6
    endloop
  endfacet
  facet normal 0.751837 0.659349 0
    outer loop
      vertex -0.436344 2.36518 5.72205e-07
      vertex -0.388908 2.31109 1.6
      vertex -0.388908 2.31109 5.72205e-07
    endloop
  endfacet
  facet normal 0.980786 0.195087 0
    outer loop
      vertex -0.531259 2.55765 1.6
      vertex -0.545294 2.62821 5.72205e-07
      vertex -0.545294 2.62821 1.6
    endloop
  endfacet
  facet normal 0.980786 0.195087 0
    outer loop
      vertex -0.545294 2.62821 5.72205e-07
      vertex -0.531259 2.55765 1.6
      vertex -0.531259 2.55765 5.72205e-07
    endloop
  endfacet
  facet normal 0.555579 0.831464 -0
    outer loop
      vertex -0.275 2.22369 5.72205e-07
      vertex -0.334818 2.26366 1.6
      vertex -0.275 2.22369 1.6
    endloop
  endfacet
  facet normal 0.555579 0.831464 0
    outer loop
      vertex -0.334818 2.26366 1.6
      vertex -0.275 2.22369 5.72205e-07
      vertex -0.334818 2.26366 5.72205e-07
    endloop
  endfacet
  facet normal 0.946934 0.321427 0
    outer loop
      vertex -0.508133 2.48952 1.6
      vertex -0.531259 2.55765 5.72205e-07
      vertex -0.531259 2.55765 1.6
    endloop
  endfacet
  facet normal 0.946934 0.321427 0
    outer loop
      vertex -0.531259 2.55765 5.72205e-07
      vertex -0.508133 2.48952 1.6
      vertex -0.508133 2.48952 5.72205e-07
    endloop
  endfacet
  facet normal 0.980786 -0.195087 0
    outer loop
      vertex -0.545294 2.77179 1.6
      vertex -0.531259 2.84235 5.72205e-07
      vertex -0.531259 2.84235 1.6
    endloop
  endfacet
  facet normal 0.980786 -0.195087 0
    outer loop
      vertex -0.531259 2.84235 5.72205e-07
      vertex -0.545294 2.77179 1.6
      vertex -0.545294 2.77179 5.72205e-07
    endloop
  endfacet
  facet normal 0.997859 0.0653981 0
    outer loop
      vertex -0.545294 2.62821 1.6
      vertex -0.549999 2.7 5.72205e-07
      vertex -0.549999 2.7 1.6
    endloop
  endfacet
  facet normal 0.997859 0.0653981 0
    outer loop
      vertex -0.549999 2.7 5.72205e-07
      vertex -0.545294 2.62821 1.6
      vertex -0.545294 2.62821 5.72205e-07
    endloop
  endfacet
  facet normal 0.555579 -0.831464 0
    outer loop
      vertex -0.334818 3.13634 5.72205e-07
      vertex -0.275 3.17631 1.6
      vertex -0.334818 3.13634 1.6
    endloop
  endfacet
  facet normal 0.555579 -0.831464 0
    outer loop
      vertex -0.275 3.17631 1.6
      vertex -0.334818 3.13634 5.72205e-07
      vertex -0.275 3.17631 5.72205e-07
    endloop
  endfacet
  facet normal -0.321498 -0.94691 0
    outer loop
      vertex 0.14235 3.23126 5.72205e-07
      vertex 0.210475 3.20813 1.6
      vertex 0.14235 3.23126 1.6
    endloop
  endfacet
  facet normal -0.321498 -0.94691 -0
    outer loop
      vertex 0.210475 3.20813 1.6
      vertex 0.14235 3.23126 5.72205e-07
      vertex 0.210475 3.20813 5.72205e-07
    endloop
  endfacet
  facet normal -0.0654684 0.997855 0
    outer loop
      vertex 0.0717888 2.15471 5.72205e-07
      vertex 0 2.15 1.6
      vertex 0.0717888 2.15471 1.6
    endloop
  endfacet
  facet normal -0.0654684 0.997855 0
    outer loop
      vertex 0 2.15 1.6
      vertex 0.0717888 2.15471 5.72205e-07
      vertex 0 2.15 5.72205e-07
    endloop
  endfacet
  facet normal 0.195017 -0.9808 0
    outer loop
      vertex -0.14235 3.23126 5.72205e-07
      vertex -0.0717888 3.24529 1.6
      vertex -0.14235 3.23126 1.6
    endloop
  endfacet
  facet normal 0.195017 -0.9808 0
    outer loop
      vertex -0.0717888 3.24529 1.6
      vertex -0.14235 3.23126 5.72205e-07
      vertex -0.0717888 3.24529 5.72205e-07
    endloop
  endfacet
  facet normal -0.442286 -0.896874 0
    outer loop
      vertex 0.210475 3.20813 5.72205e-07
      vertex 0.275 3.17631 1.6
      vertex 0.210475 3.20813 1.6
    endloop
  endfacet
  facet normal -0.442286 -0.896874 -0
    outer loop
      vertex 0.275 3.17631 1.6
      vertex 0.210475 3.20813 5.72205e-07
      vertex 0.275 3.17631 5.72205e-07
    endloop
  endfacet
  facet normal -0.896866 -0.442303 0
    outer loop
      vertex 0.508133 2.91048 5.72205e-07
      vertex 0.476314 2.975 1.6
      vertex 0.476314 2.975 5.72205e-07
    endloop
  endfacet
  facet normal -0.896866 -0.442303 0
    outer loop
      vertex 0.476314 2.975 1.6
      vertex 0.508133 2.91048 5.72205e-07
      vertex 0.508133 2.91048 1.6
    endloop
  endfacet
  facet normal -0.946934 -0.321427 0
    outer loop
      vertex 0.531259 2.84235 5.72205e-07
      vertex 0.508133 2.91048 1.6
      vertex 0.508133 2.91048 5.72205e-07
    endloop
  endfacet
  facet normal -0.946934 -0.321427 0
    outer loop
      vertex 0.508133 2.91048 1.6
      vertex 0.531259 2.84235 5.72205e-07
      vertex 0.531259 2.84235 1.6
    endloop
  endfacet
  facet normal -0.980786 0.195087 0
    outer loop
      vertex 0.531259 -2.84235 5.72205e-07
      vertex 0.545294 -2.77179 1.6
      vertex 0.545294 -2.77179 5.72205e-07
    endloop
  endfacet
  facet normal -0.980786 0.195087 0
    outer loop
      vertex 0.545294 -2.77179 1.6
      vertex 0.531259 -2.84235 5.72205e-07
      vertex 0.531259 -2.84235 1.6
    endloop
  endfacet
  facet normal -0.997859 0.0653981 0
    outer loop
      vertex 0.545294 -2.77179 5.72205e-07
      vertex 0.549999 -2.7 1.6
      vertex 0.549999 -2.7 5.72205e-07
    endloop
  endfacet
  facet normal -0.997859 0.0653981 0
    outer loop
      vertex 0.549999 -2.7 1.6
      vertex 0.545294 -2.77179 5.72205e-07
      vertex 0.545294 -2.77179 1.6
    endloop
  endfacet
  facet normal -0.896866 -0.442303 0
    outer loop
      vertex 0.508133 -2.48952 5.72205e-07
      vertex 0.476314 -2.425 1.6
      vertex 0.476314 -2.425 5.72205e-07
    endloop
  endfacet
  facet normal -0.896866 -0.442303 0
    outer loop
      vertex 0.476314 -2.425 1.6
      vertex 0.508133 -2.48952 5.72205e-07
      vertex 0.508133 -2.48952 1.6
    endloop
  endfacet
  facet normal -0.751837 -0.659349 0
    outer loop
      vertex 0.436344 -2.36518 5.72205e-07
      vertex 0.388908 -2.31109 1.6
      vertex 0.388908 -2.31109 5.72205e-07
    endloop
  endfacet
  facet normal -0.751837 -0.659349 0
    outer loop
      vertex 0.388908 -2.31109 1.6
      vertex 0.436344 -2.36518 5.72205e-07
      vertex 0.436344 -2.36518 1.6
    endloop
  endfacet
  facet normal 0.321498 0.94691 -0
    outer loop
      vertex -0.14235 -3.23126 5.72205e-07
      vertex -0.210475 -3.20813 1.6
      vertex -0.14235 -3.23126 1.6
    endloop
  endfacet
  facet normal 0.321498 0.94691 0
    outer loop
      vertex -0.210475 -3.20813 1.6
      vertex -0.14235 -3.23126 5.72205e-07
      vertex -0.210475 -3.20813 5.72205e-07
    endloop
  endfacet
  facet normal -0.831472 0.555566 0
    outer loop
      vertex 0.436344 -3.03482 5.72205e-07
      vertex 0.476314 -2.975 1.6
      vertex 0.476314 -2.975 5.72205e-07
    endloop
  endfacet
  facet normal -0.831472 0.555566 0
    outer loop
      vertex 0.476314 -2.975 1.6
      vertex 0.436344 -3.03482 5.72205e-07
      vertex 0.436344 -3.03482 1.6
    endloop
  endfacet
  facet normal -0.896866 0.442303 0
    outer loop
      vertex 0.476314 -2.975 5.72205e-07
      vertex 0.508133 -2.91048 1.6
      vertex 0.508133 -2.91048 5.72205e-07
    endloop
  endfacet
  facet normal -0.896866 0.442303 0
    outer loop
      vertex 0.508133 -2.91048 1.6
      vertex 0.476314 -2.975 5.72205e-07
      vertex 0.476314 -2.975 1.6
    endloop
  endfacet
  facet normal -0.659301 -0.751879 0
    outer loop
      vertex 0.334818 -2.26366 5.72205e-07
      vertex 0.388908 -2.31109 1.6
      vertex 0.334818 -2.26366 1.6
    endloop
  endfacet
  facet normal -0.659301 -0.751879 -0
    outer loop
      vertex 0.388908 -2.31109 1.6
      vertex 0.334818 -2.26366 5.72205e-07
      vertex 0.388908 -2.31109 5.72205e-07
    endloop
  endfacet
  facet normal -0.980786 -0.195087 0
    outer loop
      vertex 0.545294 -2.62821 5.72205e-07
      vertex 0.531259 -2.55765 1.6
      vertex 0.531259 -2.55765 5.72205e-07
    endloop
  endfacet
  facet normal -0.980786 -0.195087 0
    outer loop
      vertex 0.531259 -2.55765 1.6
      vertex 0.545294 -2.62821 5.72205e-07
      vertex 0.545294 -2.62821 1.6
    endloop
  endfacet
  facet normal -0.946934 -0.321427 0
    outer loop
      vertex 0.531259 -2.55765 5.72205e-07
      vertex 0.508133 -2.48952 1.6
      vertex 0.508133 -2.48952 5.72205e-07
    endloop
  endfacet
  facet normal -0.946934 -0.321427 0
    outer loop
      vertex 0.508133 -2.48952 1.6
      vertex 0.531259 -2.55765 5.72205e-07
      vertex 0.531259 -2.55765 1.6
    endloop
  endfacet
  facet normal -0.195017 0.9808 0
    outer loop
      vertex 0.14235 -3.23126 5.72205e-07
      vertex 0.0717888 -3.24529 1.6
      vertex 0.14235 -3.23126 1.6
    endloop
  endfacet
  facet normal -0.195017 0.9808 0
    outer loop
      vertex 0.0717888 -3.24529 1.6
      vertex 0.14235 -3.23126 5.72205e-07
      vertex 0.0717888 -3.24529 5.72205e-07
    endloop
  endfacet
  facet normal -0.321498 0.94691 0
    outer loop
      vertex 0.210475 -3.20813 5.72205e-07
      vertex 0.14235 -3.23126 1.6
      vertex 0.210475 -3.20813 1.6
    endloop
  endfacet
  facet normal -0.321498 0.94691 0
    outer loop
      vertex 0.14235 -3.23126 1.6
      vertex 0.210475 -3.20813 5.72205e-07
      vertex 0.14235 -3.23126 5.72205e-07
    endloop
  endfacet
  facet normal -0.831472 -0.555566 0
    outer loop
      vertex 0.476314 -2.425 5.72205e-07
      vertex 0.436344 -2.36518 1.6
      vertex 0.436344 -2.36518 5.72205e-07
    endloop
  endfacet
  facet normal -0.831472 -0.555566 0
    outer loop
      vertex 0.436344 -2.36518 1.6
      vertex 0.476314 -2.425 5.72205e-07
      vertex 0.476314 -2.425 1.6
    endloop
  endfacet
  facet normal -0.555579 -0.831464 0
    outer loop
      vertex 0.275 -2.22369 5.72205e-07
      vertex 0.334818 -2.26366 1.6
      vertex 0.275 -2.22369 1.6
    endloop
  endfacet
  facet normal -0.555579 -0.831464 -0
    outer loop
      vertex 0.334818 -2.26366 1.6
      vertex 0.275 -2.22369 5.72205e-07
      vertex 0.334818 -2.26366 5.72205e-07
    endloop
  endfacet
  facet normal -0.442286 -0.896874 0
    outer loop
      vertex 0.210475 -2.19187 5.72205e-07
      vertex 0.275 -2.22369 1.6
      vertex 0.210475 -2.19187 1.6
    endloop
  endfacet
  facet normal -0.442286 -0.896874 -0
    outer loop
      vertex 0.275 -2.22369 1.6
      vertex 0.210475 -2.19187 5.72205e-07
      vertex 0.275 -2.22369 5.72205e-07
    endloop
  endfacet
  facet normal -0.442286 0.896874 0
    outer loop
      vertex 0.275 -3.17631 5.72205e-07
      vertex 0.210475 -3.20813 1.6
      vertex 0.275 -3.17631 1.6
    endloop
  endfacet
  facet normal -0.442286 0.896874 0
    outer loop
      vertex 0.210475 -3.20813 1.6
      vertex 0.275 -3.17631 5.72205e-07
      vertex 0.210475 -3.20813 5.72205e-07
    endloop
  endfacet
  facet normal -0.0654684 0.997855 0
    outer loop
      vertex 0.0717888 -3.24529 5.72205e-07
      vertex 0 -3.25 1.6
      vertex 0.0717888 -3.24529 1.6
    endloop
  endfacet
  facet normal -0.0654684 0.997855 0
    outer loop
      vertex 0 -3.25 1.6
      vertex 0.0717888 -3.24529 5.72205e-07
      vertex 0 -3.25 5.72205e-07
    endloop
  endfacet
  facet normal 0.195017 -0.9808 0
    outer loop
      vertex -0.14235 -2.16874 5.72205e-07
      vertex -0.0717888 -2.15471 1.6
      vertex -0.14235 -2.16874 1.6
    endloop
  endfacet
  facet normal 0.195017 -0.9808 0
    outer loop
      vertex -0.0717888 -2.15471 1.6
      vertex -0.14235 -2.16874 5.72205e-07
      vertex -0.0717888 -2.15471 5.72205e-07
    endloop
  endfacet
  facet normal 0.831472 0.555566 0
    outer loop
      vertex -0.436344 -3.03482 1.6
      vertex -0.476314 -2.975 5.72205e-07
      vertex -0.476314 -2.975 1.6
    endloop
  endfacet
  facet normal 0.831472 0.555566 0
    outer loop
      vertex -0.476314 -2.975 5.72205e-07
      vertex -0.436344 -3.03482 1.6
      vertex -0.436344 -3.03482 5.72205e-07
    endloop
  endfacet
  facet normal 0.831472 -0.555566 0
    outer loop
      vertex -0.476314 -2.425 1.6
      vertex -0.436344 -2.36518 5.72205e-07
      vertex -0.436344 -2.36518 1.6
    endloop
  endfacet
  facet normal 0.831472 -0.555566 0
    outer loop
      vertex -0.436344 -2.36518 5.72205e-07
      vertex -0.476314 -2.425 1.6
      vertex -0.476314 -2.425 5.72205e-07
    endloop
  endfacet
  facet normal 0.751837 -0.659349 0
    outer loop
      vertex -0.436344 -2.36518 1.6
      vertex -0.388908 -2.31109 5.72205e-07
      vertex -0.388908 -2.31109 1.6
    endloop
  endfacet
  facet normal 0.751837 -0.659349 0
    outer loop
      vertex -0.388908 -2.31109 5.72205e-07
      vertex -0.436344 -2.36518 1.6
      vertex -0.436344 -2.36518 5.72205e-07
    endloop
  endfacet
  facet normal 0.896866 -0.442303 0
    outer loop
      vertex -0.508133 -2.48952 1.6
      vertex -0.476314 -2.425 5.72205e-07
      vertex -0.476314 -2.425 1.6
    endloop
  endfacet
  facet normal 0.896866 -0.442303 0
    outer loop
      vertex -0.476314 -2.425 5.72205e-07
      vertex -0.508133 -2.48952 1.6
      vertex -0.508133 -2.48952 5.72205e-07
    endloop
  endfacet
  facet normal 0.751837 0.659349 0
    outer loop
      vertex -0.388908 -3.08891 1.6
      vertex -0.436344 -3.03482 5.72205e-07
      vertex -0.436344 -3.03482 1.6
    endloop
  endfacet
  facet normal 0.751837 0.659349 0
    outer loop
      vertex -0.436344 -3.03482 5.72205e-07
      vertex -0.388908 -3.08891 1.6
      vertex -0.388908 -3.08891 5.72205e-07
    endloop
  endfacet
  facet normal -0.659301 0.751879 0
    outer loop
      vertex 0.388908 -3.08891 5.72205e-07
      vertex 0.334818 -3.13634 1.6
      vertex 0.388908 -3.08891 1.6
    endloop
  endfacet
  facet normal -0.659301 0.751879 0
    outer loop
      vertex 0.334818 -3.13634 1.6
      vertex 0.388908 -3.08891 5.72205e-07
      vertex 0.334818 -3.13634 5.72205e-07
    endloop
  endfacet
  facet normal -0.195017 -0.9808 0
    outer loop
      vertex 0.0717888 -2.15471 5.72205e-07
      vertex 0.14235 -2.16874 1.6
      vertex 0.0717888 -2.15471 1.6
    endloop
  endfacet
  facet normal -0.195017 -0.9808 -0
    outer loop
      vertex 0.14235 -2.16874 1.6
      vertex 0.0717888 -2.15471 5.72205e-07
      vertex 0.14235 -2.16874 5.72205e-07
    endloop
  endfacet
  facet normal 0.946934 -0.321427 0
    outer loop
      vertex -0.531259 -2.55765 1.6
      vertex -0.508133 -2.48952 5.72205e-07
      vertex -0.508133 -2.48952 1.6
    endloop
  endfacet
  facet normal 0.946934 -0.321427 0
    outer loop
      vertex -0.508133 -2.48952 5.72205e-07
      vertex -0.531259 -2.55765 1.6
      vertex -0.531259 -2.55765 5.72205e-07
    endloop
  endfacet
  facet normal -0.555579 0.831464 0
    outer loop
      vertex 0.334818 -3.13634 5.72205e-07
      vertex 0.275 -3.17631 1.6
      vertex 0.334818 -3.13634 1.6
    endloop
  endfacet
  facet normal -0.555579 0.831464 0
    outer loop
      vertex 0.275 -3.17631 1.6
      vertex 0.334818 -3.13634 5.72205e-07
      vertex 0.275 -3.17631 5.72205e-07
    endloop
  endfacet
  facet normal -0.997859 -0.0653981 0
    outer loop
      vertex 0.549999 -2.7 5.72205e-07
      vertex 0.545294 -2.62821 1.6
      vertex 0.545294 -2.62821 5.72205e-07
    endloop
  endfacet
  facet normal -0.997859 -0.0653981 0
    outer loop
      vertex 0.545294 -2.62821 1.6
      vertex 0.549999 -2.7 5.72205e-07
      vertex 0.549999 -2.7 1.6
    endloop
  endfacet
  facet normal 0.442286 0.896874 -0
    outer loop
      vertex -0.210475 -3.20813 5.72205e-07
      vertex -0.275 -3.17631 1.6
      vertex -0.210475 -3.20813 1.6
    endloop
  endfacet
  facet normal 0.442286 0.896874 0
    outer loop
      vertex -0.275 -3.17631 1.6
      vertex -0.210475 -3.20813 5.72205e-07
      vertex -0.275 -3.17631 5.72205e-07
    endloop
  endfacet
  facet normal 0.946934 0.321427 0
    outer loop
      vertex -0.508133 -2.91048 1.6
      vertex -0.531259 -2.84235 5.72205e-07
      vertex -0.531259 -2.84235 1.6
    endloop
  endfacet
  facet normal 0.946934 0.321427 0
    outer loop
      vertex -0.531259 -2.84235 5.72205e-07
      vertex -0.508133 -2.91048 1.6
      vertex -0.508133 -2.91048 5.72205e-07
    endloop
  endfacet
  facet normal -0.0654684 -0.997855 0
    outer loop
      vertex 0 -2.15 5.72205e-07
      vertex 0.0717888 -2.15471 1.6
      vertex 0 -2.15 1.6
    endloop
  endfacet
  facet normal -0.0654684 -0.997855 -0
    outer loop
      vertex 0.0717888 -2.15471 1.6
      vertex 0 -2.15 5.72205e-07
      vertex 0.0717888 -2.15471 5.72205e-07
    endloop
  endfacet
  facet normal 0.555579 0.831464 -0
    outer loop
      vertex -0.275 -3.17631 5.72205e-07
      vertex -0.334818 -3.13634 1.6
      vertex -0.275 -3.17631 1.6
    endloop
  endfacet
  facet normal 0.555579 0.831464 0
    outer loop
      vertex -0.334818 -3.13634 1.6
      vertex -0.275 -3.17631 5.72205e-07
      vertex -0.334818 -3.13634 5.72205e-07
    endloop
  endfacet
  facet normal -0.321498 -0.94691 0
    outer loop
      vertex 0.14235 -2.16874 5.72205e-07
      vertex 0.210475 -2.19187 1.6
      vertex 0.14235 -2.16874 1.6
    endloop
  endfacet
  facet normal -0.321498 -0.94691 -0
    outer loop
      vertex 0.210475 -2.19187 1.6
      vertex 0.14235 -2.16874 5.72205e-07
      vertex 0.210475 -2.19187 5.72205e-07
    endloop
  endfacet
  facet normal 0.997859 -0.0653981 0
    outer loop
      vertex -0.549999 -2.7 1.6
      vertex -0.545294 -2.62821 5.72205e-07
      vertex -0.545294 -2.62821 1.6
    endloop
  endfacet
  facet normal 0.997859 -0.0653981 0
    outer loop
      vertex -0.545294 -2.62821 5.72205e-07
      vertex -0.549999 -2.7 1.6
      vertex -0.549999 -2.7 5.72205e-07
    endloop
  endfacet
  facet normal -0.751837 0.659349 0
    outer loop
      vertex 0.388908 -3.08891 5.72205e-07
      vertex 0.436344 -3.03482 1.6
      vertex 0.436344 -3.03482 5.72205e-07
    endloop
  endfacet
  facet normal -0.751837 0.659349 0
    outer loop
      vertex 0.436344 -3.03482 1.6
      vertex 0.388908 -3.08891 5.72205e-07
      vertex 0.388908 -3.08891 1.6
    endloop
  endfacet
  facet normal 0.659301 0.751879 -0
    outer loop
      vertex -0.334818 -3.13634 5.72205e-07
      vertex -0.388908 -3.08891 1.6
      vertex -0.334818 -3.13634 1.6
    endloop
  endfacet
  facet normal 0.659301 0.751879 0
    outer loop
      vertex -0.388908 -3.08891 1.6
      vertex -0.334818 -3.13634 5.72205e-07
      vertex -0.388908 -3.08891 5.72205e-07
    endloop
  endfacet
  facet normal 0.0654684 -0.997855 0
    outer loop
      vertex -0.0717888 -2.15471 5.72205e-07
      vertex 0 -2.15 1.6
      vertex -0.0717888 -2.15471 1.6
    endloop
  endfacet
  facet normal 0.0654684 -0.997855 0
    outer loop
      vertex 0 -2.15 1.6
      vertex -0.0717888 -2.15471 5.72205e-07
      vertex 0 -2.15 5.72205e-07
    endloop
  endfacet
  facet normal -0.946934 0.321427 0
    outer loop
      vertex 0.508133 -2.91048 5.72205e-07
      vertex 0.531259 -2.84235 1.6
      vertex 0.531259 -2.84235 5.72205e-07
    endloop
  endfacet
  facet normal -0.946934 0.321427 0
    outer loop
      vertex 0.531259 -2.84235 1.6
      vertex 0.508133 -2.91048 5.72205e-07
      vertex 0.508133 -2.91048 1.6
    endloop
  endfacet
  facet normal 0.195017 0.9808 -0
    outer loop
      vertex -0.0717888 -3.24529 5.72205e-07
      vertex -0.14235 -3.23126 1.6
      vertex -0.0717888 -3.24529 1.6
    endloop
  endfacet
  facet normal 0.195017 0.9808 0
    outer loop
      vertex -0.14235 -3.23126 1.6
      vertex -0.0717888 -3.24529 5.72205e-07
      vertex -0.14235 -3.23126 5.72205e-07
    endloop
  endfacet
  facet normal 0.980786 -0.195087 0
    outer loop
      vertex -0.545294 -2.62821 1.6
      vertex -0.531259 -2.55765 5.72205e-07
      vertex -0.531259 -2.55765 1.6
    endloop
  endfacet
  facet normal 0.980786 -0.195087 0
    outer loop
      vertex -0.531259 -2.55765 5.72205e-07
      vertex -0.545294 -2.62821 1.6
      vertex -0.545294 -2.62821 5.72205e-07
    endloop
  endfacet
  facet normal 0.442286 -0.896874 0
    outer loop
      vertex -0.275 -2.22369 5.72205e-07
      vertex -0.210475 -2.19187 1.6
      vertex -0.275 -2.22369 1.6
    endloop
  endfacet
  facet normal 0.442286 -0.896874 0
    outer loop
      vertex -0.210475 -2.19187 1.6
      vertex -0.275 -2.22369 5.72205e-07
      vertex -0.210475 -2.19187 5.72205e-07
    endloop
  endfacet
  facet normal 0.321498 -0.94691 0
    outer loop
      vertex -0.210475 -2.19187 5.72205e-07
      vertex -0.14235 -2.16874 1.6
      vertex -0.210475 -2.19187 1.6
    endloop
  endfacet
  facet normal 0.321498 -0.94691 0
    outer loop
      vertex -0.14235 -2.16874 1.6
      vertex -0.210475 -2.19187 5.72205e-07
      vertex -0.14235 -2.16874 5.72205e-07
    endloop
  endfacet
  facet normal 0.0654684 0.997855 -0
    outer loop
      vertex 0 -3.25 5.72205e-07
      vertex -0.0717888 -3.24529 1.6
      vertex 0 -3.25 1.6
    endloop
  endfacet
  facet normal 0.0654684 0.997855 0
    outer loop
      vertex -0.0717888 -3.24529 1.6
      vertex 0 -3.25 5.72205e-07
      vertex -0.0717888 -3.24529 5.72205e-07
    endloop
  endfacet
  facet normal 0.980786 0.195087 0
    outer loop
      vertex -0.531259 -2.84235 1.6
      vertex -0.545294 -2.77179 5.72205e-07
      vertex -0.545294 -2.77179 1.6
    endloop
  endfacet
  facet normal 0.980786 0.195087 0
    outer loop
      vertex -0.545294 -2.77179 5.72205e-07
      vertex -0.531259 -2.84235 1.6
      vertex -0.531259 -2.84235 5.72205e-07
    endloop
  endfacet
  facet normal 0.997859 0.0653981 0
    outer loop
      vertex -0.545294 -2.77179 1.6
      vertex -0.549999 -2.7 5.72205e-07
      vertex -0.549999 -2.7 1.6
    endloop
  endfacet
  facet normal 0.997859 0.0653981 0
    outer loop
      vertex -0.549999 -2.7 5.72205e-07
      vertex -0.545294 -2.77179 1.6
      vertex -0.545294 -2.77179 5.72205e-07
    endloop
  endfacet
  facet normal 0.555579 -0.831464 0
    outer loop
      vertex -0.334818 -2.26366 5.72205e-07
      vertex -0.275 -2.22369 1.6
      vertex -0.334818 -2.26366 1.6
    endloop
  endfacet
  facet normal 0.555579 -0.831464 0
    outer loop
      vertex -0.275 -2.22369 1.6
      vertex -0.334818 -2.26366 5.72205e-07
      vertex -0.275 -2.22369 5.72205e-07
    endloop
  endfacet
  facet normal 0.896866 0.442303 0
    outer loop
      vertex -0.476314 -2.975 1.6
      vertex -0.508133 -2.91048 5.72205e-07
      vertex -0.508133 -2.91048 1.6
    endloop
  endfacet
  facet normal 0.896866 0.442303 0
    outer loop
      vertex -0.508133 -2.91048 5.72205e-07
      vertex -0.476314 -2.975 1.6
      vertex -0.476314 -2.975 5.72205e-07
    endloop
  endfacet
  facet normal 0.659301 -0.751879 0
    outer loop
      vertex -0.388908 -2.31109 5.72205e-07
      vertex -0.334818 -2.26366 1.6
      vertex -0.388908 -2.31109 1.6
    endloop
  endfacet
  facet normal 0.659301 -0.751879 0
    outer loop
      vertex -0.334818 -2.26366 1.6
      vertex -0.388908 -2.31109 5.72205e-07
      vertex -0.334818 -2.26366 5.72205e-07
    endloop
  endfacet
  facet normal -0.0654673 -0.997855 0
    outer loop
      vertex 2.5 3.25 5.72205e-07
      vertex 2.57179 3.24529 1.6
      vertex 2.5 3.25 1.6
    endloop
  endfacet
  facet normal -0.0654673 -0.997855 -0
    outer loop
      vertex 2.57179 3.24529 1.6
      vertex 2.5 3.25 5.72205e-07
      vertex 2.57179 3.24529 5.72205e-07
    endloop
  endfacet
  facet normal -0.980799 0.19502 0
    outer loop
      vertex 3.03126 2.55765 5.72205e-07
      vertex 3.04529 2.62821 1.6
      vertex 3.04529 2.62821 5.72205e-07
    endloop
  endfacet
  facet normal -0.980799 0.19502 0
    outer loop
      vertex 3.04529 2.62821 1.6
      vertex 3.03126 2.55765 5.72205e-07
      vertex 3.03126 2.55765 1.6
    endloop
  endfacet
  facet normal -0.997855 0.0654673 0
    outer loop
      vertex 3.04529 2.62821 5.72205e-07
      vertex 3.05 2.7 1.6
      vertex 3.05 2.7 5.72205e-07
    endloop
  endfacet
  facet normal -0.997855 0.0654673 0
    outer loop
      vertex 3.05 2.7 1.6
      vertex 3.04529 2.62821 5.72205e-07
      vertex 3.04529 2.62821 1.6
    endloop
  endfacet
  facet normal 0.89686 0.442314 0
    outer loop
      vertex 2.02369 2.425 1.6
      vertex 1.99187 2.48952 5.72205e-07
      vertex 1.99187 2.48952 1.6
    endloop
  endfacet
  facet normal 0.89686 0.442314 0
    outer loop
      vertex 1.99187 2.48952 5.72205e-07
      vertex 2.02369 2.425 1.6
      vertex 2.02369 2.425 5.72205e-07
    endloop
  endfacet
  facet normal -0.831472 0.555566 0
    outer loop
      vertex 2.93634 2.36518 5.72205e-07
      vertex 2.97631 2.425 1.6
      vertex 2.97631 2.425 5.72205e-07
    endloop
  endfacet
  facet normal -0.831472 0.555566 0
    outer loop
      vertex 2.97631 2.425 1.6
      vertex 2.93634 2.36518 5.72205e-07
      vertex 2.93634 2.36518 1.6
    endloop
  endfacet
  facet normal -0.555566 -0.831472 0
    outer loop
      vertex 2.775 3.17631 5.72205e-07
      vertex 2.83482 3.13634 1.6
      vertex 2.775 3.17631 1.6
    endloop
  endfacet
  facet normal -0.555566 -0.831472 -0
    outer loop
      vertex 2.83482 3.13634 1.6
      vertex 2.775 3.17631 5.72205e-07
      vertex 2.83482 3.13634 5.72205e-07
    endloop
  endfacet
  facet normal -0.751879 0.659301 0
    outer loop
      vertex 2.88891 2.31109 5.72205e-07
      vertex 2.93634 2.36518 1.6
      vertex 2.93634 2.36518 5.72205e-07
    endloop
  endfacet
  facet normal -0.751879 0.659301 0
    outer loop
      vertex 2.93634 2.36518 1.6
      vertex 2.88891 2.31109 5.72205e-07
      vertex 2.88891 2.31109 1.6
    endloop
  endfacet
  facet normal -0.980799 -0.19502 0
    outer loop
      vertex 3.04529 2.77179 5.72205e-07
      vertex 3.03126 2.84235 1.6
      vertex 3.03126 2.84235 5.72205e-07
    endloop
  endfacet
  facet normal -0.980799 -0.19502 0
    outer loop
      vertex 3.03126 2.84235 1.6
      vertex 3.04529 2.77179 5.72205e-07
      vertex 3.04529 2.77179 1.6
    endloop
  endfacet
  facet normal 0.442314 0.89686 -0
    outer loop
      vertex 2.28952 2.19187 5.72205e-07
      vertex 2.225 2.22369 1.6
      vertex 2.28952 2.19187 1.6
    endloop
  endfacet
  facet normal 0.442314 0.89686 0
    outer loop
      vertex 2.225 2.22369 1.6
      vertex 2.28952 2.19187 5.72205e-07
      vertex 2.225 2.22369 5.72205e-07
    endloop
  endfacet
  facet normal -0.19502 -0.980799 0
    outer loop
      vertex 2.57179 3.24529 5.72205e-07
      vertex 2.64235 3.23126 1.6
      vertex 2.57179 3.24529 1.6
    endloop
  endfacet
  facet normal -0.19502 -0.980799 -0
    outer loop
      vertex 2.64235 3.23126 1.6
      vertex 2.57179 3.24529 5.72205e-07
      vertex 2.64235 3.23126 5.72205e-07
    endloop
  endfacet
  facet normal -0.555566 0.831472 0
    outer loop
      vertex 2.83482 2.26366 5.72205e-07
      vertex 2.775 2.22369 1.6
      vertex 2.83482 2.26366 1.6
    endloop
  endfacet
  facet normal -0.555566 0.831472 0
    outer loop
      vertex 2.775 2.22369 1.6
      vertex 2.83482 2.26366 5.72205e-07
      vertex 2.775 2.22369 5.72205e-07
    endloop
  endfacet
  facet normal 0.659301 -0.751879 0
    outer loop
      vertex 2.11109 3.08891 5.72205e-07
      vertex 2.16518 3.13634 1.6
      vertex 2.11109 3.08891 1.6
    endloop
  endfacet
  facet normal 0.659301 -0.751879 0
    outer loop
      vertex 2.16518 3.13634 1.6
      vertex 2.11109 3.08891 5.72205e-07
      vertex 2.16518 3.13634 5.72205e-07
    endloop
  endfacet
  facet normal 0.89686 -0.442314 0
    outer loop
      vertex 1.99187 2.91048 1.6
      vertex 2.02369 2.975 5.72205e-07
      vertex 2.02369 2.975 1.6
    endloop
  endfacet
  facet normal 0.89686 -0.442314 0
    outer loop
      vertex 2.02369 2.975 5.72205e-07
      vertex 1.99187 2.91048 1.6
      vertex 1.99187 2.91048 5.72205e-07
    endloop
  endfacet
  facet normal 0.0654673 -0.997855 0
    outer loop
      vertex 2.42821 3.24529 5.72205e-07
      vertex 2.5 3.25 1.6
      vertex 2.42821 3.24529 1.6
    endloop
  endfacet
  facet normal 0.0654673 -0.997855 0
    outer loop
      vertex 2.5 3.25 1.6
      vertex 2.42821 3.24529 5.72205e-07
      vertex 2.5 3.25 5.72205e-07
    endloop
  endfacet
  facet normal 0.442314 -0.89686 0
    outer loop
      vertex 2.225 3.17631 5.72205e-07
      vertex 2.28952 3.20813 1.6
      vertex 2.225 3.17631 1.6
    endloop
  endfacet
  facet normal 0.442314 -0.89686 0
    outer loop
      vertex 2.28952 3.20813 1.6
      vertex 2.225 3.17631 5.72205e-07
      vertex 2.28952 3.20813 5.72205e-07
    endloop
  endfacet
  facet normal -0.831472 -0.555566 0
    outer loop
      vertex 2.97631 2.975 5.72205e-07
      vertex 2.93634 3.03482 1.6
      vertex 2.93634 3.03482 5.72205e-07
    endloop
  endfacet
  facet normal -0.831472 -0.555566 0
    outer loop
      vertex 2.93634 3.03482 1.6
      vertex 2.97631 2.975 5.72205e-07
      vertex 2.97631 2.975 1.6
    endloop
  endfacet
  facet normal 0.997855 -0.0654673 0
    outer loop
      vertex 1.95 2.7 1.6
      vertex 1.95471 2.77179 5.72205e-07
      vertex 1.95471 2.77179 1.6
    endloop
  endfacet
  facet normal 0.997855 -0.0654673 0
    outer loop
      vertex 1.95471 2.77179 5.72205e-07
      vertex 1.95 2.7 1.6
      vertex 1.95 2.7 5.72205e-07
    endloop
  endfacet
  facet normal -0.751879 -0.659301 0
    outer loop
      vertex 2.93634 3.03482 5.72205e-07
      vertex 2.88891 3.08891 1.6
      vertex 2.88891 3.08891 5.72205e-07
    endloop
  endfacet
  facet normal -0.751879 -0.659301 0
    outer loop
      vertex 2.88891 3.08891 1.6
      vertex 2.93634 3.03482 5.72205e-07
      vertex 2.93634 3.03482 1.6
    endloop
  endfacet
  facet normal -0.659301 -0.751879 0
    outer loop
      vertex 2.83482 3.13634 5.72205e-07
      vertex 2.88891 3.08891 1.6
      vertex 2.83482 3.13634 1.6
    endloop
  endfacet
  facet normal -0.659301 -0.751879 -0
    outer loop
      vertex 2.88891 3.08891 1.6
      vertex 2.83482 3.13634 5.72205e-07
      vertex 2.88891 3.08891 5.72205e-07
    endloop
  endfacet
  facet normal 0.19502 0.980799 -0
    outer loop
      vertex 2.42821 2.15471 5.72205e-07
      vertex 2.35765 2.16874 1.6
      vertex 2.42821 2.15471 1.6
    endloop
  endfacet
  facet normal 0.19502 0.980799 0
    outer loop
      vertex 2.35765 2.16874 1.6
      vertex 2.42821 2.15471 5.72205e-07
      vertex 2.35765 2.16874 5.72205e-07
    endloop
  endfacet
  facet normal -0.321519 0.946903 0
    outer loop
      vertex 2.71047 2.19187 5.72205e-07
      vertex 2.64235 2.16874 1.6
      vertex 2.71047 2.19187 1.6
    endloop
  endfacet
  facet normal -0.321519 0.946903 0
    outer loop
      vertex 2.64235 2.16874 1.6
      vertex 2.71047 2.19187 5.72205e-07
      vertex 2.64235 2.16874 5.72205e-07
    endloop
  endfacet
  facet normal -0.442259 0.896887 0
    outer loop
      vertex 2.775 2.22369 5.72205e-07
      vertex 2.71047 2.19187 1.6
      vertex 2.775 2.22369 1.6
    endloop
  endfacet
  facet normal -0.442259 0.896887 0
    outer loop
      vertex 2.71047 2.19187 1.6
      vertex 2.775 2.22369 5.72205e-07
      vertex 2.71047 2.19187 5.72205e-07
    endloop
  endfacet
  facet normal 0.946918 -0.321477 0
    outer loop
      vertex 1.96874 2.84235 1.6
      vertex 1.99187 2.91048 5.72205e-07
      vertex 1.99187 2.91048 1.6
    endloop
  endfacet
  facet normal 0.946918 -0.321477 0
    outer loop
      vertex 1.99187 2.91048 5.72205e-07
      vertex 1.96874 2.84235 1.6
      vertex 1.96874 2.84235 5.72205e-07
    endloop
  endfacet
  facet normal 0.0654673 0.997855 -0
    outer loop
      vertex 2.5 2.15 5.72205e-07
      vertex 2.42821 2.15471 1.6
      vertex 2.5 2.15 1.6
    endloop
  endfacet
  facet normal 0.0654673 0.997855 0
    outer loop
      vertex 2.42821 2.15471 1.6
      vertex 2.5 2.15 5.72205e-07
      vertex 2.42821 2.15471 5.72205e-07
    endloop
  endfacet
  facet normal -0.946918 0.321477 0
    outer loop
      vertex 3.00813 2.48952 5.72205e-07
      vertex 3.03126 2.55765 1.6
      vertex 3.03126 2.55765 5.72205e-07
    endloop
  endfacet
  facet normal -0.946918 0.321477 0
    outer loop
      vertex 3.03126 2.55765 1.6
      vertex 3.00813 2.48952 5.72205e-07
      vertex 3.00813 2.48952 1.6
    endloop
  endfacet
  facet normal -0.659301 0.751879 0
    outer loop
      vertex 2.88891 2.31109 5.72205e-07
      vertex 2.83482 2.26366 1.6
      vertex 2.88891 2.31109 1.6
    endloop
  endfacet
  facet normal -0.659301 0.751879 0
    outer loop
      vertex 2.83482 2.26366 1.6
      vertex 2.88891 2.31109 5.72205e-07
      vertex 2.83482 2.26366 5.72205e-07
    endloop
  endfacet
  facet normal -0.321519 -0.946903 0
    outer loop
      vertex 2.64235 3.23126 5.72205e-07
      vertex 2.71047 3.20813 1.6
      vertex 2.64235 3.23126 1.6
    endloop
  endfacet
  facet normal -0.321519 -0.946903 -0
    outer loop
      vertex 2.71047 3.20813 1.6
      vertex 2.64235 3.23126 5.72205e-07
      vertex 2.71047 3.20813 5.72205e-07
    endloop
  endfacet
  facet normal 0.321477 -0.946918 0
    outer loop
      vertex 2.28952 3.20813 5.72205e-07
      vertex 2.35765 3.23126 1.6
      vertex 2.28952 3.20813 1.6
    endloop
  endfacet
  facet normal 0.321477 -0.946918 0
    outer loop
      vertex 2.35765 3.23126 1.6
      vertex 2.28952 3.20813 5.72205e-07
      vertex 2.35765 3.23126 5.72205e-07
    endloop
  endfacet
  facet normal 0.831537 -0.55547 0
    outer loop
      vertex 2.02369 2.975 1.6
      vertex 2.06365 3.03482 5.72205e-07
      vertex 2.06365 3.03482 1.6
    endloop
  endfacet
  facet normal 0.831537 -0.55547 0
    outer loop
      vertex 2.06365 3.03482 5.72205e-07
      vertex 2.02369 2.975 1.6
      vertex 2.02369 2.975 5.72205e-07
    endloop
  endfacet
  facet normal -0.997855 -0.0654673 0
    outer loop
      vertex 3.05 2.7 5.72205e-07
      vertex 3.04529 2.77179 1.6
      vertex 3.04529 2.77179 5.72205e-07
    endloop
  endfacet
  facet normal -0.997855 -0.0654673 0
    outer loop
      vertex 3.04529 2.77179 1.6
      vertex 3.05 2.7 5.72205e-07
      vertex 3.05 2.7 1.6
    endloop
  endfacet
  facet normal 0.321477 0.946918 -0
    outer loop
      vertex 2.35765 2.16874 5.72205e-07
      vertex 2.28952 2.19187 1.6
      vertex 2.35765 2.16874 1.6
    endloop
  endfacet
  facet normal 0.321477 0.946918 0
    outer loop
      vertex 2.28952 2.19187 1.6
      vertex 2.35765 2.16874 5.72205e-07
      vertex 2.28952 2.19187 5.72205e-07
    endloop
  endfacet
  facet normal 0.659301 0.751879 -0
    outer loop
      vertex 2.16518 2.26366 5.72205e-07
      vertex 2.11109 2.31109 1.6
      vertex 2.16518 2.26366 1.6
    endloop
  endfacet
  facet normal 0.659301 0.751879 0
    outer loop
      vertex 2.11109 2.31109 1.6
      vertex 2.16518 2.26366 5.72205e-07
      vertex 2.11109 2.31109 5.72205e-07
    endloop
  endfacet
  facet normal -0.89686 0.442314 0
    outer loop
      vertex 2.97631 2.425 5.72205e-07
      vertex 3.00813 2.48952 1.6
      vertex 3.00813 2.48952 5.72205e-07
    endloop
  endfacet
  facet normal -0.89686 0.442314 0
    outer loop
      vertex 3.00813 2.48952 1.6
      vertex 2.97631 2.425 5.72205e-07
      vertex 2.97631 2.425 1.6
    endloop
  endfacet
  facet normal 0.831537 0.55547 0
    outer loop
      vertex 2.06365 2.36518 1.6
      vertex 2.02369 2.425 5.72205e-07
      vertex 2.02369 2.425 1.6
    endloop
  endfacet
  facet normal 0.831537 0.55547 0
    outer loop
      vertex 2.02369 2.425 5.72205e-07
      vertex 2.06365 2.36518 1.6
      vertex 2.06365 2.36518 5.72205e-07
    endloop
  endfacet
  facet normal 0.75181 -0.65938 0
    outer loop
      vertex 2.06365 3.03482 1.6
      vertex 2.11109 3.08891 5.72205e-07
      vertex 2.11109 3.08891 1.6
    endloop
  endfacet
  facet normal 0.75181 -0.65938 0
    outer loop
      vertex 2.11109 3.08891 5.72205e-07
      vertex 2.06365 3.03482 1.6
      vertex 2.06365 3.03482 5.72205e-07
    endloop
  endfacet
  facet normal -0.19502 0.980799 0
    outer loop
      vertex 2.64235 2.16874 5.72205e-07
      vertex 2.57179 2.15471 1.6
      vertex 2.64235 2.16874 1.6
    endloop
  endfacet
  facet normal -0.19502 0.980799 0
    outer loop
      vertex 2.57179 2.15471 1.6
      vertex 2.64235 2.16874 5.72205e-07
      vertex 2.57179 2.15471 5.72205e-07
    endloop
  endfacet
  facet normal 0.75181 0.65938 0
    outer loop
      vertex 2.11109 2.31109 1.6
      vertex 2.06365 2.36518 5.72205e-07
      vertex 2.06365 2.36518 1.6
    endloop
  endfacet
  facet normal 0.75181 0.65938 0
    outer loop
      vertex 2.06365 2.36518 5.72205e-07
      vertex 2.11109 2.31109 1.6
      vertex 2.11109 2.31109 5.72205e-07
    endloop
  endfacet
  facet normal 0.980799 0.19502 0
    outer loop
      vertex 1.96874 2.55765 1.6
      vertex 1.95471 2.62821 5.72205e-07
      vertex 1.95471 2.62821 1.6
    endloop
  endfacet
  facet normal 0.980799 0.19502 0
    outer loop
      vertex 1.95471 2.62821 5.72205e-07
      vertex 1.96874 2.55765 1.6
      vertex 1.96874 2.55765 5.72205e-07
    endloop
  endfacet
  facet normal 0.555566 0.831472 -0
    outer loop
      vertex 2.225 2.22369 5.72205e-07
      vertex 2.16518 2.26366 1.6
      vertex 2.225 2.22369 1.6
    endloop
  endfacet
  facet normal 0.555566 0.831472 0
    outer loop
      vertex 2.16518 2.26366 1.6
      vertex 2.225 2.22369 5.72205e-07
      vertex 2.16518 2.26366 5.72205e-07
    endloop
  endfacet
  facet normal 0.946918 0.321477 0
    outer loop
      vertex 1.99187 2.48952 1.6
      vertex 1.96874 2.55765 5.72205e-07
      vertex 1.96874 2.55765 1.6
    endloop
  endfacet
  facet normal 0.946918 0.321477 0
    outer loop
      vertex 1.96874 2.55765 5.72205e-07
      vertex 1.99187 2.48952 1.6
      vertex 1.99187 2.48952 5.72205e-07
    endloop
  endfacet
  facet normal 0.980799 -0.19502 0
    outer loop
      vertex 1.95471 2.77179 1.6
      vertex 1.96874 2.84235 5.72205e-07
      vertex 1.96874 2.84235 1.6
    endloop
  endfacet
  facet normal 0.980799 -0.19502 0
    outer loop
      vertex 1.96874 2.84235 5.72205e-07
      vertex 1.95471 2.77179 1.6
      vertex 1.95471 2.77179 5.72205e-07
    endloop
  endfacet
  facet normal 0.997855 0.0654673 0
    outer loop
      vertex 1.95471 2.62821 1.6
      vertex 1.95 2.7 5.72205e-07
      vertex 1.95 2.7 1.6
    endloop
  endfacet
  facet normal 0.997855 0.0654673 0
    outer loop
      vertex 1.95 2.7 5.72205e-07
      vertex 1.95471 2.62821 1.6
      vertex 1.95471 2.62821 5.72205e-07
    endloop
  endfacet
  facet normal 0.555566 -0.831472 0
    outer loop
      vertex 2.16518 3.13634 5.72205e-07
      vertex 2.225 3.17631 1.6
      vertex 2.16518 3.13634 1.6
    endloop
  endfacet
  facet normal 0.555566 -0.831472 0
    outer loop
      vertex 2.225 3.17631 1.6
      vertex 2.16518 3.13634 5.72205e-07
      vertex 2.225 3.17631 5.72205e-07
    endloop
  endfacet
  facet normal -0.0654673 0.997855 0
    outer loop
      vertex 2.57179 2.15471 5.72205e-07
      vertex 2.5 2.15 1.6
      vertex 2.57179 2.15471 1.6
    endloop
  endfacet
  facet normal -0.0654673 0.997855 0
    outer loop
      vertex 2.5 2.15 1.6
      vertex 2.57179 2.15471 5.72205e-07
      vertex 2.5 2.15 5.72205e-07
    endloop
  endfacet
  facet normal 0.19502 -0.980799 0
    outer loop
      vertex 2.35765 3.23126 5.72205e-07
      vertex 2.42821 3.24529 1.6
      vertex 2.35765 3.23126 1.6
    endloop
  endfacet
  facet normal 0.19502 -0.980799 0
    outer loop
      vertex 2.42821 3.24529 1.6
      vertex 2.35765 3.23126 5.72205e-07
      vertex 2.42821 3.24529 5.72205e-07
    endloop
  endfacet
  facet normal -0.442259 -0.896887 0
    outer loop
      vertex 2.71047 3.20813 5.72205e-07
      vertex 2.775 3.17631 1.6
      vertex 2.71047 3.20813 1.6
    endloop
  endfacet
  facet normal -0.442259 -0.896887 -0
    outer loop
      vertex 2.775 3.17631 1.6
      vertex 2.71047 3.20813 5.72205e-07
      vertex 2.775 3.17631 5.72205e-07
    endloop
  endfacet
  facet normal -0.89686 -0.442314 0
    outer loop
      vertex 3.00813 2.91048 5.72205e-07
      vertex 2.97631 2.975 1.6
      vertex 2.97631 2.975 5.72205e-07
    endloop
  endfacet
  facet normal -0.89686 -0.442314 0
    outer loop
      vertex 2.97631 2.975 1.6
      vertex 3.00813 2.91048 5.72205e-07
      vertex 3.00813 2.91048 1.6
    endloop
  endfacet
  facet normal -0.946918 -0.321477 0
    outer loop
      vertex 3.03126 2.84235 5.72205e-07
      vertex 3.00813 2.91048 1.6
      vertex 3.00813 2.91048 5.72205e-07
    endloop
  endfacet
  facet normal -0.946918 -0.321477 0
    outer loop
      vertex 3.00813 2.91048 1.6
      vertex 3.03126 2.84235 5.72205e-07
      vertex 3.03126 2.84235 1.6
    endloop
  endfacet
  facet normal -0.980799 0.19502 0
    outer loop
      vertex 3.03126 -2.84235 5.72205e-07
      vertex 3.04529 -2.77179 1.6
      vertex 3.04529 -2.77179 5.72205e-07
    endloop
  endfacet
  facet normal -0.980799 0.19502 0
    outer loop
      vertex 3.04529 -2.77179 1.6
      vertex 3.03126 -2.84235 5.72205e-07
      vertex 3.03126 -2.84235 1.6
    endloop
  endfacet
  facet normal -0.997855 0.0654673 0
    outer loop
      vertex 3.04529 -2.77179 5.72205e-07
      vertex 3.05 -2.7 1.6
      vertex 3.05 -2.7 5.72205e-07
    endloop
  endfacet
  facet normal -0.997855 0.0654673 0
    outer loop
      vertex 3.05 -2.7 1.6
      vertex 3.04529 -2.77179 5.72205e-07
      vertex 3.04529 -2.77179 1.6
    endloop
  endfacet
  facet normal -0.89686 -0.442314 0
    outer loop
      vertex 3.00813 -2.48952 5.72205e-07
      vertex 2.97631 -2.425 1.6
      vertex 2.97631 -2.425 5.72205e-07
    endloop
  endfacet
  facet normal -0.89686 -0.442314 0
    outer loop
      vertex 2.97631 -2.425 1.6
      vertex 3.00813 -2.48952 5.72205e-07
      vertex 3.00813 -2.48952 1.6
    endloop
  endfacet
  facet normal -0.751879 -0.659301 0
    outer loop
      vertex 2.93634 -2.36518 5.72205e-07
      vertex 2.88891 -2.31109 1.6
      vertex 2.88891 -2.31109 5.72205e-07
    endloop
  endfacet
  facet normal -0.751879 -0.659301 0
    outer loop
      vertex 2.88891 -2.31109 1.6
      vertex 2.93634 -2.36518 5.72205e-07
      vertex 2.93634 -2.36518 1.6
    endloop
  endfacet
  facet normal 0.321477 0.946918 -0
    outer loop
      vertex 2.35765 -3.23126 5.72205e-07
      vertex 2.28952 -3.20813 1.6
      vertex 2.35765 -3.23126 1.6
    endloop
  endfacet
  facet normal 0.321477 0.946918 0
    outer loop
      vertex 2.28952 -3.20813 1.6
      vertex 2.35765 -3.23126 5.72205e-07
      vertex 2.28952 -3.20813 5.72205e-07
    endloop
  endfacet
  facet normal -0.831472 0.555566 0
    outer loop
      vertex 2.93634 -3.03482 5.72205e-07
      vertex 2.97631 -2.975 1.6
      vertex 2.97631 -2.975 5.72205e-07
    endloop
  endfacet
  facet normal -0.831472 0.555566 0
    outer loop
      vertex 2.97631 -2.975 1.6
      vertex 2.93634 -3.03482 5.72205e-07
      vertex 2.93634 -3.03482 1.6
    endloop
  endfacet
  facet normal -0.89686 0.442314 0
    outer loop
      vertex 2.97631 -2.975 5.72205e-07
      vertex 3.00813 -2.91048 1.6
      vertex 3.00813 -2.91048 5.72205e-07
    endloop
  endfacet
  facet normal -0.89686 0.442314 0
    outer loop
      vertex 3.00813 -2.91048 1.6
      vertex 2.97631 -2.975 5.72205e-07
      vertex 2.97631 -2.975 1.6
    endloop
  endfacet
  facet normal -0.659301 -0.751879 0
    outer loop
      vertex 2.83482 -2.26366 5.72205e-07
      vertex 2.88891 -2.31109 1.6
      vertex 2.83482 -2.26366 1.6
    endloop
  endfacet
  facet normal -0.659301 -0.751879 -0
    outer loop
      vertex 2.88891 -2.31109 1.6
      vertex 2.83482 -2.26366 5.72205e-07
      vertex 2.88891 -2.31109 5.72205e-07
    endloop
  endfacet
  facet normal -0.980799 -0.19502 0
    outer loop
      vertex 3.04529 -2.62821 5.72205e-07
      vertex 3.03126 -2.55765 1.6
      vertex 3.03126 -2.55765 5.72205e-07
    endloop
  endfacet
  facet normal -0.980799 -0.19502 0
    outer loop
      vertex 3.03126 -2.55765 1.6
      vertex 3.04529 -2.62821 5.72205e-07
      vertex 3.04529 -2.62821 1.6
    endloop
  endfacet
  facet normal -0.946918 -0.321477 0
    outer loop
      vertex 3.03126 -2.55765 5.72205e-07
      vertex 3.00813 -2.48952 1.6
      vertex 3.00813 -2.48952 5.72205e-07
    endloop
  endfacet
  facet normal -0.946918 -0.321477 0
    outer loop
      vertex 3.00813 -2.48952 1.6
      vertex 3.03126 -2.55765 5.72205e-07
      vertex 3.03126 -2.55765 1.6
    endloop
  endfacet
  facet normal -0.19502 0.980799 0
    outer loop
      vertex 2.64235 -3.23126 5.72205e-07
      vertex 2.57179 -3.24529 1.6
      vertex 2.64235 -3.23126 1.6
    endloop
  endfacet
  facet normal -0.19502 0.980799 0
    outer loop
      vertex 2.57179 -3.24529 1.6
      vertex 2.64235 -3.23126 5.72205e-07
      vertex 2.57179 -3.24529 5.72205e-07
    endloop
  endfacet
  facet normal -0.321519 0.946903 0
    outer loop
      vertex 2.71047 -3.20813 5.72205e-07
      vertex 2.64235 -3.23126 1.6
      vertex 2.71047 -3.20813 1.6
    endloop
  endfacet
  facet normal -0.321519 0.946903 0
    outer loop
      vertex 2.64235 -3.23126 1.6
      vertex 2.71047 -3.20813 5.72205e-07
      vertex 2.64235 -3.23126 5.72205e-07
    endloop
  endfacet
  facet normal -0.831472 -0.555566 0
    outer loop
      vertex 2.97631 -2.425 5.72205e-07
      vertex 2.93634 -2.36518 1.6
      vertex 2.93634 -2.36518 5.72205e-07
    endloop
  endfacet
  facet normal -0.831472 -0.555566 0
    outer loop
      vertex 2.93634 -2.36518 1.6
      vertex 2.97631 -2.425 5.72205e-07
      vertex 2.97631 -2.425 1.6
    endloop
  endfacet
  facet normal -0.555566 -0.831472 0
    outer loop
      vertex 2.775 -2.22369 5.72205e-07
      vertex 2.83482 -2.26366 1.6
      vertex 2.775 -2.22369 1.6
    endloop
  endfacet
  facet normal -0.555566 -0.831472 -0
    outer loop
      vertex 2.83482 -2.26366 1.6
      vertex 2.775 -2.22369 5.72205e-07
      vertex 2.83482 -2.26366 5.72205e-07
    endloop
  endfacet
  facet normal -0.442259 -0.896887 0
    outer loop
      vertex 2.71047 -2.19187 5.72205e-07
      vertex 2.775 -2.22369 1.6
      vertex 2.71047 -2.19187 1.6
    endloop
  endfacet
  facet normal -0.442259 -0.896887 -0
    outer loop
      vertex 2.775 -2.22369 1.6
      vertex 2.71047 -2.19187 5.72205e-07
      vertex 2.775 -2.22369 5.72205e-07
    endloop
  endfacet
  facet normal -0.442259 0.896887 0
    outer loop
      vertex 2.775 -3.17631 5.72205e-07
      vertex 2.71047 -3.20813 1.6
      vertex 2.775 -3.17631 1.6
    endloop
  endfacet
  facet normal -0.442259 0.896887 0
    outer loop
      vertex 2.71047 -3.20813 1.6
      vertex 2.775 -3.17631 5.72205e-07
      vertex 2.71047 -3.20813 5.72205e-07
    endloop
  endfacet
  facet normal -0.0654673 0.997855 0
    outer loop
      vertex 2.57179 -3.24529 5.72205e-07
      vertex 2.5 -3.25 1.6
      vertex 2.57179 -3.24529 1.6
    endloop
  endfacet
  facet normal -0.0654673 0.997855 0
    outer loop
      vertex 2.5 -3.25 1.6
      vertex 2.57179 -3.24529 5.72205e-07
      vertex 2.5 -3.25 5.72205e-07
    endloop
  endfacet
  facet normal 0.19502 -0.980799 0
    outer loop
      vertex 2.35765 -2.16874 5.72205e-07
      vertex 2.42821 -2.15471 1.6
      vertex 2.35765 -2.16874 1.6
    endloop
  endfacet
  facet normal 0.19502 -0.980799 0
    outer loop
      vertex 2.42821 -2.15471 1.6
      vertex 2.35765 -2.16874 5.72205e-07
      vertex 2.42821 -2.15471 5.72205e-07
    endloop
  endfacet
  facet normal 0.831537 0.55547 0
    outer loop
      vertex 2.06365 -3.03482 1.6
      vertex 2.02369 -2.975 5.72205e-07
      vertex 2.02369 -2.975 1.6
    endloop
  endfacet
  facet normal 0.831537 0.55547 0
    outer loop
      vertex 2.02369 -2.975 5.72205e-07
      vertex 2.06365 -3.03482 1.6
      vertex 2.06365 -3.03482 5.72205e-07
    endloop
  endfacet
  facet normal 0.831537 -0.55547 0
    outer loop
      vertex 2.02369 -2.425 1.6
      vertex 2.06365 -2.36518 5.72205e-07
      vertex 2.06365 -2.36518 1.6
    endloop
  endfacet
  facet normal 0.831537 -0.55547 0
    outer loop
      vertex 2.06365 -2.36518 5.72205e-07
      vertex 2.02369 -2.425 1.6
      vertex 2.02369 -2.425 5.72205e-07
    endloop
  endfacet
  facet normal 0.75181 -0.65938 0
    outer loop
      vertex 2.06365 -2.36518 1.6
      vertex 2.11109 -2.31109 5.72205e-07
      vertex 2.11109 -2.31109 1.6
    endloop
  endfacet
  facet normal 0.75181 -0.65938 0
    outer loop
      vertex 2.11109 -2.31109 5.72205e-07
      vertex 2.06365 -2.36518 1.6
      vertex 2.06365 -2.36518 5.72205e-07
    endloop
  endfacet
  facet normal 0.89686 -0.442314 0
    outer loop
      vertex 1.99187 -2.48952 1.6
      vertex 2.02369 -2.425 5.72205e-07
      vertex 2.02369 -2.425 1.6
    endloop
  endfacet
  facet normal 0.89686 -0.442314 0
    outer loop
      vertex 2.02369 -2.425 5.72205e-07
      vertex 1.99187 -2.48952 1.6
      vertex 1.99187 -2.48952 5.72205e-07
    endloop
  endfacet
  facet normal 0.75181 0.65938 0
    outer loop
      vertex 2.11109 -3.08891 1.6
      vertex 2.06365 -3.03482 5.72205e-07
      vertex 2.06365 -3.03482 1.6
    endloop
  endfacet
  facet normal 0.75181 0.65938 0
    outer loop
      vertex 2.06365 -3.03482 5.72205e-07
      vertex 2.11109 -3.08891 1.6
      vertex 2.11109 -3.08891 5.72205e-07
    endloop
  endfacet
  facet normal -0.659301 0.751879 0
    outer loop
      vertex 2.88891 -3.08891 5.72205e-07
      vertex 2.83482 -3.13634 1.6
      vertex 2.88891 -3.08891 1.6
    endloop
  endfacet
  facet normal -0.659301 0.751879 0
    outer loop
      vertex 2.83482 -3.13634 1.6
      vertex 2.88891 -3.08891 5.72205e-07
      vertex 2.83482 -3.13634 5.72205e-07
    endloop
  endfacet
  facet normal -0.19502 -0.980799 0
    outer loop
      vertex 2.57179 -2.15471 5.72205e-07
      vertex 2.64235 -2.16874 1.6
      vertex 2.57179 -2.15471 1.6
    endloop
  endfacet
  facet normal -0.19502 -0.980799 -0
    outer loop
      vertex 2.64235 -2.16874 1.6
      vertex 2.57179 -2.15471 5.72205e-07
      vertex 2.64235 -2.16874 5.72205e-07
    endloop
  endfacet
  facet normal 0.946918 -0.321477 0
    outer loop
      vertex 1.96874 -2.55765 1.6
      vertex 1.99187 -2.48952 5.72205e-07
      vertex 1.99187 -2.48952 1.6
    endloop
  endfacet
  facet normal 0.946918 -0.321477 0
    outer loop
      vertex 1.99187 -2.48952 5.72205e-07
      vertex 1.96874 -2.55765 1.6
      vertex 1.96874 -2.55765 5.72205e-07
    endloop
  endfacet
  facet normal -0.555566 0.831472 0
    outer loop
      vertex 2.83482 -3.13634 5.72205e-07
      vertex 2.775 -3.17631 1.6
      vertex 2.83482 -3.13634 1.6
    endloop
  endfacet
  facet normal -0.555566 0.831472 0
    outer loop
      vertex 2.775 -3.17631 1.6
      vertex 2.83482 -3.13634 5.72205e-07
      vertex 2.775 -3.17631 5.72205e-07
    endloop
  endfacet
  facet normal -0.997855 -0.0654673 0
    outer loop
      vertex 3.05 -2.7 5.72205e-07
      vertex 3.04529 -2.62821 1.6
      vertex 3.04529 -2.62821 5.72205e-07
    endloop
  endfacet
  facet normal -0.997855 -0.0654673 0
    outer loop
      vertex 3.04529 -2.62821 1.6
      vertex 3.05 -2.7 5.72205e-07
      vertex 3.05 -2.7 1.6
    endloop
  endfacet
  facet normal 0.442314 0.89686 -0
    outer loop
      vertex 2.28952 -3.20813 5.72205e-07
      vertex 2.225 -3.17631 1.6
      vertex 2.28952 -3.20813 1.6
    endloop
  endfacet
  facet normal 0.442314 0.89686 0
    outer loop
      vertex 2.225 -3.17631 1.6
      vertex 2.28952 -3.20813 5.72205e-07
      vertex 2.225 -3.17631 5.72205e-07
    endloop
  endfacet
  facet normal -0.321519 -0.946903 0
    outer loop
      vertex 2.64235 -2.16874 5.72205e-07
      vertex 2.71047 -2.19187 1.6
      vertex 2.64235 -2.16874 1.6
    endloop
  endfacet
  facet normal -0.321519 -0.946903 -0
    outer loop
      vertex 2.71047 -2.19187 1.6
      vertex 2.64235 -2.16874 5.72205e-07
      vertex 2.71047 -2.19187 5.72205e-07
    endloop
  endfacet
  facet normal 0.946918 0.321477 0
    outer loop
      vertex 1.99187 -2.91048 1.6
      vertex 1.96874 -2.84235 5.72205e-07
      vertex 1.96874 -2.84235 1.6
    endloop
  endfacet
  facet normal 0.946918 0.321477 0
    outer loop
      vertex 1.96874 -2.84235 5.72205e-07
      vertex 1.99187 -2.91048 1.6
      vertex 1.99187 -2.91048 5.72205e-07
    endloop
  endfacet
  facet normal -0.0654673 -0.997855 0
    outer loop
      vertex 2.5 -2.15 5.72205e-07
      vertex 2.57179 -2.15471 1.6
      vertex 2.5 -2.15 1.6
    endloop
  endfacet
  facet normal -0.0654673 -0.997855 -0
    outer loop
      vertex 2.57179 -2.15471 1.6
      vertex 2.5 -2.15 5.72205e-07
      vertex 2.57179 -2.15471 5.72205e-07
    endloop
  endfacet
  facet normal 0.555566 0.831472 -0
    outer loop
      vertex 2.225 -3.17631 5.72205e-07
      vertex 2.16518 -3.13634 1.6
      vertex 2.225 -3.17631 1.6
    endloop
  endfacet
  facet normal 0.555566 0.831472 0
    outer loop
      vertex 2.16518 -3.13634 1.6
      vertex 2.225 -3.17631 5.72205e-07
      vertex 2.16518 -3.13634 5.72205e-07
    endloop
  endfacet
  facet normal 0.997855 -0.0654673 0
    outer loop
      vertex 1.95 -2.7 1.6
      vertex 1.95471 -2.62821 5.72205e-07
      vertex 1.95471 -2.62821 1.6
    endloop
  endfacet
  facet normal 0.997855 -0.0654673 0
    outer loop
      vertex 1.95471 -2.62821 5.72205e-07
      vertex 1.95 -2.7 1.6
      vertex 1.95 -2.7 5.72205e-07
    endloop
  endfacet
  facet normal -0.751879 0.659301 0
    outer loop
      vertex 2.88891 -3.08891 5.72205e-07
      vertex 2.93634 -3.03482 1.6
      vertex 2.93634 -3.03482 5.72205e-07
    endloop
  endfacet
  facet normal -0.751879 0.659301 0
    outer loop
      vertex 2.93634 -3.03482 1.6
      vertex 2.88891 -3.08891 5.72205e-07
      vertex 2.88891 -3.08891 1.6
    endloop
  endfacet
  facet normal 0.659301 0.751879 -0
    outer loop
      vertex 2.16518 -3.13634 5.72205e-07
      vertex 2.11109 -3.08891 1.6
      vertex 2.16518 -3.13634 1.6
    endloop
  endfacet
  facet normal 0.659301 0.751879 0
    outer loop
      vertex 2.11109 -3.08891 1.6
      vertex 2.16518 -3.13634 5.72205e-07
      vertex 2.11109 -3.08891 5.72205e-07
    endloop
  endfacet
  facet normal 0.0654673 -0.997855 0
    outer loop
      vertex 2.42821 -2.15471 5.72205e-07
      vertex 2.5 -2.15 1.6
      vertex 2.42821 -2.15471 1.6
    endloop
  endfacet
  facet normal 0.0654673 -0.997855 0
    outer loop
      vertex 2.5 -2.15 1.6
      vertex 2.42821 -2.15471 5.72205e-07
      vertex 2.5 -2.15 5.72205e-07
    endloop
  endfacet
  facet normal -0.946918 0.321477 0
    outer loop
      vertex 3.00813 -2.91048 5.72205e-07
      vertex 3.03126 -2.84235 1.6
      vertex 3.03126 -2.84235 5.72205e-07
    endloop
  endfacet
  facet normal -0.946918 0.321477 0
    outer loop
      vertex 3.03126 -2.84235 1.6
      vertex 3.00813 -2.91048 5.72205e-07
      vertex 3.00813 -2.91048 1.6
    endloop
  endfacet
  facet normal 0.19502 0.980799 -0
    outer loop
      vertex 2.42821 -3.24529 5.72205e-07
      vertex 2.35765 -3.23126 1.6
      vertex 2.42821 -3.24529 1.6
    endloop
  endfacet
  facet normal 0.19502 0.980799 0
    outer loop
      vertex 2.35765 -3.23126 1.6
      vertex 2.42821 -3.24529 5.72205e-07
      vertex 2.35765 -3.23126 5.72205e-07
    endloop
  endfacet
  facet normal 0.980799 -0.19502 0
    outer loop
      vertex 1.95471 -2.62821 1.6
      vertex 1.96874 -2.55765 5.72205e-07
      vertex 1.96874 -2.55765 1.6
    endloop
  endfacet
  facet normal 0.980799 -0.19502 0
    outer loop
      vertex 1.96874 -2.55765 5.72205e-07
      vertex 1.95471 -2.62821 1.6
      vertex 1.95471 -2.62821 5.72205e-07
    endloop
  endfacet
  facet normal 0.442314 -0.89686 0
    outer loop
      vertex 2.225 -2.22369 5.72205e-07
      vertex 2.28952 -2.19187 1.6
      vertex 2.225 -2.22369 1.6
    endloop
  endfacet
  facet normal 0.442314 -0.89686 0
    outer loop
      vertex 2.28952 -2.19187 1.6
      vertex 2.225 -2.22369 5.72205e-07
      vertex 2.28952 -2.19187 5.72205e-07
    endloop
  endfacet
  facet normal 0.321477 -0.946918 0
    outer loop
      vertex 2.28952 -2.19187 5.72205e-07
      vertex 2.35765 -2.16874 1.6
      vertex 2.28952 -2.19187 1.6
    endloop
  endfacet
  facet normal 0.321477 -0.946918 0
    outer loop
      vertex 2.35765 -2.16874 1.6
      vertex 2.28952 -2.19187 5.72205e-07
      vertex 2.35765 -2.16874 5.72205e-07
    endloop
  endfacet
  facet normal 0.0654673 0.997855 -0
    outer loop
      vertex 2.5 -3.25 5.72205e-07
      vertex 2.42821 -3.24529 1.6
      vertex 2.5 -3.25 1.6
    endloop
  endfacet
  facet normal 0.0654673 0.997855 0
    outer loop
      vertex 2.42821 -3.24529 1.6
      vertex 2.5 -3.25 5.72205e-07
      vertex 2.42821 -3.24529 5.72205e-07
    endloop
  endfacet
  facet normal 0.980799 0.19502 0
    outer loop
      vertex 1.96874 -2.84235 1.6
      vertex 1.95471 -2.77179 5.72205e-07
      vertex 1.95471 -2.77179 1.6
    endloop
  endfacet
  facet normal 0.980799 0.19502 0
    outer loop
      vertex 1.95471 -2.77179 5.72205e-07
      vertex 1.96874 -2.84235 1.6
      vertex 1.96874 -2.84235 5.72205e-07
    endloop
  endfacet
  facet normal 0.997855 0.0654673 0
    outer loop
      vertex 1.95471 -2.77179 1.6
      vertex 1.95 -2.7 5.72205e-07
      vertex 1.95 -2.7 1.6
    endloop
  endfacet
  facet normal 0.997855 0.0654673 0
    outer loop
      vertex 1.95 -2.7 5.72205e-07
      vertex 1.95471 -2.77179 1.6
      vertex 1.95471 -2.77179 5.72205e-07
    endloop
  endfacet
  facet normal 0.555566 -0.831472 0
    outer loop
      vertex 2.16518 -2.26366 5.72205e-07
      vertex 2.225 -2.22369 1.6
      vertex 2.16518 -2.26366 1.6
    endloop
  endfacet
  facet normal 0.555566 -0.831472 0
    outer loop
      vertex 2.225 -2.22369 1.6
      vertex 2.16518 -2.26366 5.72205e-07
      vertex 2.225 -2.22369 5.72205e-07
    endloop
  endfacet
  facet normal 0.89686 0.442314 0
    outer loop
      vertex 2.02369 -2.975 1.6
      vertex 1.99187 -2.91048 5.72205e-07
      vertex 1.99187 -2.91048 1.6
    endloop
  endfacet
  facet normal 0.89686 0.442314 0
    outer loop
      vertex 1.99187 -2.91048 5.72205e-07
      vertex 2.02369 -2.975 1.6
      vertex 2.02369 -2.975 5.72205e-07
    endloop
  endfacet
  facet normal 0.659301 -0.751879 0
    outer loop
      vertex 2.11109 -2.31109 5.72205e-07
      vertex 2.16518 -2.26366 1.6
      vertex 2.11109 -2.31109 1.6
    endloop
  endfacet
  facet normal 0.659301 -0.751879 0
    outer loop
      vertex 2.16518 -2.26366 1.6
      vertex 2.11109 -2.31109 5.72205e-07
      vertex 2.16518 -2.26366 5.72205e-07
    endloop
  endfacet
  facet normal -0.980786 0.195087 0
    outer loop
      vertex -0.787037 7.07059 5.72205e-07
      vertex -0.774277 7.13474 1.6
      vertex -0.774277 7.13474 5.72205e-07
    endloop
  endfacet
  facet normal -0.980786 0.195087 0
    outer loop
      vertex -0.774277 7.13474 1.6
      vertex -0.787037 7.07059 5.72205e-07
      vertex -0.787037 7.07059 1.6
    endloop
  endfacet
  facet normal -0.997859 0.0653976 0
    outer loop
      vertex -0.774277 7.13474 5.72205e-07
      vertex -0.77 7.2 1.6
      vertex -0.77 7.2 5.72205e-07
    endloop
  endfacet
  facet normal -0.997859 0.0653976 0
    outer loop
      vertex -0.77 7.2 1.6
      vertex -0.774277 7.13474 5.72205e-07
      vertex -0.774277 7.13474 1.6
    endloop
  endfacet
  facet normal -0.946927 0.321448 0
    outer loop
      vertex -0.80806 7.00866 5.72205e-07
      vertex -0.787037 7.07059 1.6
      vertex -0.787037 7.07059 5.72205e-07
    endloop
  endfacet
  facet normal -0.946927 0.321448 0
    outer loop
      vertex -0.787037 7.07059 1.6
      vertex -0.80806 7.00866 5.72205e-07
      vertex -0.80806 7.00866 1.6
    endloop
  endfacet
  facet normal 0.321407 -0.946941 0
    outer loop
      vertex -1.46134 7.66194 5.72205e-07
      vertex -1.39941 7.68296 1.6
      vertex -1.46134 7.66194 1.6
    endloop
  endfacet
  facet normal 0.321407 -0.946941 0
    outer loop
      vertex -1.39941 7.68296 1.6
      vertex -1.46134 7.66194 5.72205e-07
      vertex -1.39941 7.68296 5.72205e-07
    endloop
  endfacet
  facet normal 0.997856 -0.0654432 0
    outer loop
      vertex -1.77 7.2 1.6
      vertex -1.76572 7.26526 5.72205e-07
      vertex -1.76572 7.26526 1.6
    endloop
  endfacet
  facet normal 0.997856 -0.0654432 0
    outer loop
      vertex -1.76572 7.26526 5.72205e-07
      vertex -1.77 7.2 1.6
      vertex -1.77 7.2 5.72205e-07
    endloop
  endfacet
  facet normal -0.980786 -0.195087 0
    outer loop
      vertex -0.774277 7.26526 5.72205e-07
      vertex -0.787037 7.32941 1.6
      vertex -0.787037 7.32941 5.72205e-07
    endloop
  endfacet
  facet normal -0.980786 -0.195087 0
    outer loop
      vertex -0.787037 7.32941 1.6
      vertex -0.774277 7.26526 5.72205e-07
      vertex -0.774277 7.26526 1.6
    endloop
  endfacet
  facet normal -0.555504 0.831514 0
    outer loop
      vertex -0.965619 6.80332 5.72205e-07
      vertex -1.02 6.76699 1.6
      vertex -0.965619 6.80332 1.6
    endloop
  endfacet
  facet normal -0.555504 0.831514 0
    outer loop
      vertex -1.02 6.76699 1.6
      vertex -0.965619 6.80332 5.72205e-07
      vertex -1.02 6.76699 5.72205e-07
    endloop
  endfacet
  facet normal -0.555504 -0.831514 0
    outer loop
      vertex -1.02 7.63301 5.72205e-07
      vertex -0.965619 7.59668 1.6
      vertex -1.02 7.63301 1.6
    endloop
  endfacet
  facet normal -0.555504 -0.831514 -0
    outer loop
      vertex -0.965619 7.59668 1.6
      vertex -1.02 7.63301 5.72205e-07
      vertex -0.965619 7.59668 5.72205e-07
    endloop
  endfacet
  facet normal 0.946941 0.321407 0
    outer loop
      vertex -1.73194 7.00866 1.6
      vertex -1.75296 7.07059 5.72205e-07
      vertex -1.75296 7.07059 1.6
    endloop
  endfacet
  facet normal 0.946941 0.321407 0
    outer loop
      vertex -1.75296 7.07059 5.72205e-07
      vertex -1.73194 7.00866 1.6
      vertex -1.73194 7.00866 5.72205e-07
    endloop
  endfacet
  facet normal -0.321407 -0.946941 0
    outer loop
      vertex -1.14059 7.68296 5.72205e-07
      vertex -1.07866 7.66194 1.6
      vertex -1.14059 7.68296 1.6
    endloop
  endfacet
  facet normal -0.321407 -0.946941 -0
    outer loop
      vertex -1.07866 7.66194 1.6
      vertex -1.14059 7.68296 5.72205e-07
      vertex -1.07866 7.66194 5.72205e-07
    endloop
  endfacet
  facet normal -0.896878 0.442277 0
    outer loop
      vertex -0.836987 6.95 5.72205e-07
      vertex -0.80806 7.00866 1.6
      vertex -0.80806 7.00866 5.72205e-07
    endloop
  endfacet
  facet normal -0.896878 0.442277 0
    outer loop
      vertex -0.80806 7.00866 1.6
      vertex -0.836987 6.95 5.72205e-07
      vertex -0.836987 6.95 1.6
    endloop
  endfacet
  facet normal 0.751771 0.659424 0
    outer loop
      vertex -1.62355 6.84645 1.6
      vertex -1.66668 6.89562 5.72205e-07
      vertex -1.66668 6.89562 1.6
    endloop
  endfacet
  facet normal 0.751771 0.659424 0
    outer loop
      vertex -1.66668 6.89562 5.72205e-07
      vertex -1.62355 6.84645 1.6
      vertex -1.62355 6.84645 5.72205e-07
    endloop
  endfacet
  facet normal 0.980786 0.195087 0
    outer loop
      vertex -1.75296 7.07059 1.6
      vertex -1.76572 7.13474 5.72205e-07
      vertex -1.76572 7.13474 1.6
    endloop
  endfacet
  facet normal 0.980786 0.195087 0
    outer loop
      vertex -1.76572 7.13474 5.72205e-07
      vertex -1.75296 7.07059 1.6
      vertex -1.75296 7.07059 5.72205e-07
    endloop
  endfacet
  facet normal -0.751817 0.659372 0
    outer loop
      vertex -0.916446 6.84645 5.72205e-07
      vertex -0.873322 6.89562 1.6
      vertex -0.873322 6.89562 5.72205e-07
    endloop
  endfacet
  facet normal -0.751817 0.659372 0
    outer loop
      vertex -0.873322 6.89562 1.6
      vertex -0.916446 6.84645 5.72205e-07
      vertex -0.916446 6.84645 1.6
    endloop
  endfacet
  facet normal -0.831474 -0.555564 0
    outer loop
      vertex -0.836987 7.45 5.72205e-07
      vertex -0.873322 7.50438 1.6
      vertex -0.873322 7.50438 5.72205e-07
    endloop
  endfacet
  facet normal -0.831474 -0.555564 0
    outer loop
      vertex -0.873322 7.50438 1.6
      vertex -0.836987 7.45 5.72205e-07
      vertex -0.836987 7.45 1.6
    endloop
  endfacet
  facet normal 0.946941 -0.321407 0
    outer loop
      vertex -1.75296 7.32941 1.6
      vertex -1.73194 7.39134 5.72205e-07
      vertex -1.73194 7.39134 1.6
    endloop
  endfacet
  facet normal 0.946941 -0.321407 0
    outer loop
      vertex -1.73194 7.39134 5.72205e-07
      vertex -1.75296 7.32941 1.6
      vertex -1.75296 7.32941 5.72205e-07
    endloop
  endfacet
  facet normal 0.442314 0.89686 -0
    outer loop
      vertex -1.46134 6.73806 5.72205e-07
      vertex -1.52 6.76699 1.6
      vertex -1.46134 6.73806 1.6
    endloop
  endfacet
  facet normal 0.442314 0.89686 0
    outer loop
      vertex -1.52 6.76699 1.6
      vertex -1.46134 6.73806 5.72205e-07
      vertex -1.52 6.76699 5.72205e-07
    endloop
  endfacet
  facet normal -0.659401 -0.751791 0
    outer loop
      vertex -0.965619 7.59668 5.72205e-07
      vertex -0.916446 7.55355 1.6
      vertex -0.965619 7.59668 1.6
    endloop
  endfacet
  facet normal -0.659401 -0.751791 -0
    outer loop
      vertex -0.916446 7.55355 1.6
      vertex -0.965619 7.59668 5.72205e-07
      vertex -0.916446 7.55355 5.72205e-07
    endloop
  endfacet
  facet normal -0.442314 0.89686 0
    outer loop
      vertex -1.02 6.76699 5.72205e-07
      vertex -1.07866 6.73806 1.6
      vertex -1.02 6.76699 1.6
    endloop
  endfacet
  facet normal -0.442314 0.89686 0
    outer loop
      vertex -1.07866 6.73806 1.6
      vertex -1.02 6.76699 5.72205e-07
      vertex -1.07866 6.73806 5.72205e-07
    endloop
  endfacet
  facet normal -0.946927 -0.321448 0
    outer loop
      vertex -0.787037 7.32941 5.72205e-07
      vertex -0.80806 7.39134 1.6
      vertex -0.80806 7.39134 5.72205e-07
    endloop
  endfacet
  facet normal -0.946927 -0.321448 0
    outer loop
      vertex -0.80806 7.39134 1.6
      vertex -0.787037 7.32941 5.72205e-07
      vertex -0.787037 7.32941 1.6
    endloop
  endfacet
  facet normal 0.0654432 0.997856 -0
    outer loop
      vertex -1.27 6.7 5.72205e-07
      vertex -1.33526 6.70428 1.6
      vertex -1.27 6.7 1.6
    endloop
  endfacet
  facet normal 0.0654432 0.997856 0
    outer loop
      vertex -1.33526 6.70428 1.6
      vertex -1.27 6.7 5.72205e-07
      vertex -1.33526 6.70428 5.72205e-07
    endloop
  endfacet
  facet normal -0.831474 0.555564 0
    outer loop
      vertex -0.873322 6.89562 5.72205e-07
      vertex -0.836987 6.95 1.6
      vertex -0.836987 6.95 5.72205e-07
    endloop
  endfacet
  facet normal -0.831474 0.555564 0
    outer loop
      vertex -0.836987 6.95 1.6
      vertex -0.873322 6.89562 5.72205e-07
      vertex -0.873322 6.89562 1.6
    endloop
  endfacet
  facet normal -0.321407 0.946941 0
    outer loop
      vertex -1.07866 6.73806 5.72205e-07
      vertex -1.14059 6.71704 1.6
      vertex -1.07866 6.73806 1.6
    endloop
  endfacet
  facet normal -0.321407 0.946941 0
    outer loop
      vertex -1.14059 6.71704 1.6
      vertex -1.07866 6.73806 5.72205e-07
      vertex -1.14059 6.71704 5.72205e-07
    endloop
  endfacet
  facet normal -0.997859 -0.0653976 0
    outer loop
      vertex -0.77 7.2 5.72205e-07
      vertex -0.774277 7.26526 1.6
      vertex -0.774277 7.26526 5.72205e-07
    endloop
  endfacet
  facet normal -0.997859 -0.0653976 0
    outer loop
      vertex -0.774277 7.26526 1.6
      vertex -0.77 7.2 5.72205e-07
      vertex -0.77 7.2 1.6
    endloop
  endfacet
  facet normal -0.659401 0.751791 0
    outer loop
      vertex -0.916446 6.84645 5.72205e-07
      vertex -0.965619 6.80332 1.6
      vertex -0.916446 6.84645 1.6
    endloop
  endfacet
  facet normal -0.659401 0.751791 0
    outer loop
      vertex -0.965619 6.80332 1.6
      vertex -0.916446 6.84645 5.72205e-07
      vertex -0.965619 6.80332 5.72205e-07
    endloop
  endfacet
  facet normal 0.195087 -0.980786 0
    outer loop
      vertex -1.39941 7.68296 5.72205e-07
      vertex -1.33526 7.69572 1.6
      vertex -1.39941 7.68296 1.6
    endloop
  endfacet
  facet normal 0.195087 -0.980786 0
    outer loop
      vertex -1.33526 7.69572 1.6
      vertex -1.39941 7.68296 5.72205e-07
      vertex -1.33526 7.69572 5.72205e-07
    endloop
  endfacet
  facet normal 0.751771 -0.659424 0
    outer loop
      vertex -1.66668 7.50438 1.6
      vertex -1.62355 7.55355 5.72205e-07
      vertex -1.62355 7.55355 1.6
    endloop
  endfacet
  facet normal 0.751771 -0.659424 0
    outer loop
      vertex -1.62355 7.55355 5.72205e-07
      vertex -1.66668 7.50438 1.6
      vertex -1.66668 7.50438 5.72205e-07
    endloop
  endfacet
  facet normal -0.195087 -0.980786 0
    outer loop
      vertex -1.20474 7.69572 5.72205e-07
      vertex -1.14059 7.68296 1.6
      vertex -1.20474 7.69572 1.6
    endloop
  endfacet
  facet normal -0.195087 -0.980786 -0
    outer loop
      vertex -1.14059 7.68296 1.6
      vertex -1.20474 7.69572 5.72205e-07
      vertex -1.14059 7.68296 5.72205e-07
    endloop
  endfacet
  facet normal 0.89686 0.442314 0
    outer loop
      vertex -1.70301 6.95 1.6
      vertex -1.73194 7.00866 5.72205e-07
      vertex -1.73194 7.00866 1.6
    endloop
  endfacet
  facet normal 0.89686 0.442314 0
    outer loop
      vertex -1.73194 7.00866 5.72205e-07
      vertex -1.70301 6.95 1.6
      vertex -1.70301 6.95 5.72205e-07
    endloop
  endfacet
  facet normal -0.0654432 -0.997856 0
    outer loop
      vertex -1.27 7.7 5.72205e-07
      vertex -1.20474 7.69572 1.6
      vertex -1.27 7.7 1.6
    endloop
  endfacet
  facet normal -0.0654432 -0.997856 -0
    outer loop
      vertex -1.20474 7.69572 1.6
      vertex -1.27 7.7 5.72205e-07
      vertex -1.20474 7.69572 5.72205e-07
    endloop
  endfacet
  facet normal 0.195087 0.980786 -0
    outer loop
      vertex -1.33526 6.70428 5.72205e-07
      vertex -1.39941 6.71704 1.6
      vertex -1.33526 6.70428 1.6
    endloop
  endfacet
  facet normal 0.195087 0.980786 0
    outer loop
      vertex -1.39941 6.71704 1.6
      vertex -1.33526 6.70428 5.72205e-07
      vertex -1.39941 6.71704 5.72205e-07
    endloop
  endfacet
  facet normal 0.89686 -0.442314 0
    outer loop
      vertex -1.73194 7.39134 1.6
      vertex -1.70301 7.45 5.72205e-07
      vertex -1.70301 7.45 1.6
    endloop
  endfacet
  facet normal 0.89686 -0.442314 0
    outer loop
      vertex -1.70301 7.45 5.72205e-07
      vertex -1.73194 7.39134 1.6
      vertex -1.73194 7.39134 5.72205e-07
    endloop
  endfacet
  facet normal -0.896878 -0.442277 0
    outer loop
      vertex -0.80806 7.39134 5.72205e-07
      vertex -0.836987 7.45 1.6
      vertex -0.836987 7.45 5.72205e-07
    endloop
  endfacet
  facet normal -0.896878 -0.442277 0
    outer loop
      vertex -0.836987 7.45 1.6
      vertex -0.80806 7.39134 5.72205e-07
      vertex -0.80806 7.39134 1.6
    endloop
  endfacet
  facet normal 0.659424 0.751771 -0
    outer loop
      vertex -1.57438 6.80332 5.72205e-07
      vertex -1.62355 6.84645 1.6
      vertex -1.57438 6.80332 1.6
    endloop
  endfacet
  facet normal 0.659424 0.751771 0
    outer loop
      vertex -1.62355 6.84645 1.6
      vertex -1.57438 6.80332 5.72205e-07
      vertex -1.62355 6.84645 5.72205e-07
    endloop
  endfacet
  facet normal 0.831509 0.555512 0
    outer loop
      vertex -1.66668 6.89562 1.6
      vertex -1.70301 6.95 5.72205e-07
      vertex -1.70301 6.95 1.6
    endloop
  endfacet
  facet normal 0.831509 0.555512 0
    outer loop
      vertex -1.70301 6.95 5.72205e-07
      vertex -1.66668 6.89562 1.6
      vertex -1.66668 6.89562 5.72205e-07
    endloop
  endfacet
  facet normal 0.555512 -0.831509 0
    outer loop
      vertex -1.57438 7.59668 5.72205e-07
      vertex -1.52 7.63301 1.6
      vertex -1.57438 7.59668 1.6
    endloop
  endfacet
  facet normal 0.555512 -0.831509 0
    outer loop
      vertex -1.52 7.63301 1.6
      vertex -1.57438 7.59668 5.72205e-07
      vertex -1.52 7.63301 5.72205e-07
    endloop
  endfacet
  facet normal -0.0654432 0.997856 0
    outer loop
      vertex -1.20474 6.70428 5.72205e-07
      vertex -1.27 6.7 1.6
      vertex -1.20474 6.70428 1.6
    endloop
  endfacet
  facet normal -0.0654432 0.997856 0
    outer loop
      vertex -1.27 6.7 1.6
      vertex -1.20474 6.70428 5.72205e-07
      vertex -1.27 6.7 5.72205e-07
    endloop
  endfacet
  facet normal -0.442314 -0.89686 0
    outer loop
      vertex -1.07866 7.66194 5.72205e-07
      vertex -1.02 7.63301 1.6
      vertex -1.07866 7.66194 1.6
    endloop
  endfacet
  facet normal -0.442314 -0.89686 -0
    outer loop
      vertex -1.02 7.63301 1.6
      vertex -1.07866 7.66194 5.72205e-07
      vertex -1.02 7.63301 5.72205e-07
    endloop
  endfacet
  facet normal -0.195087 0.980786 0
    outer loop
      vertex -1.14059 6.71704 5.72205e-07
      vertex -1.20474 6.70428 1.6
      vertex -1.14059 6.71704 1.6
    endloop
  endfacet
  facet normal -0.195087 0.980786 0
    outer loop
      vertex -1.20474 6.70428 1.6
      vertex -1.14059 6.71704 5.72205e-07
      vertex -1.20474 6.70428 5.72205e-07
    endloop
  endfacet
  facet normal 0.997856 0.0654432 0
    outer loop
      vertex -1.76572 7.13474 1.6
      vertex -1.77 7.2 5.72205e-07
      vertex -1.77 7.2 1.6
    endloop
  endfacet
  facet normal 0.997856 0.0654432 0
    outer loop
      vertex -1.77 7.2 5.72205e-07
      vertex -1.76572 7.13474 1.6
      vertex -1.76572 7.13474 5.72205e-07
    endloop
  endfacet
  facet normal 0.831509 -0.555512 0
    outer loop
      vertex -1.70301 7.45 1.6
      vertex -1.66668 7.50438 5.72205e-07
      vertex -1.66668 7.50438 1.6
    endloop
  endfacet
  facet normal 0.831509 -0.555512 0
    outer loop
      vertex -1.66668 7.50438 5.72205e-07
      vertex -1.70301 7.45 1.6
      vertex -1.70301 7.45 5.72205e-07
    endloop
  endfacet
  facet normal 0.980786 -0.195087 0
    outer loop
      vertex -1.76572 7.26526 1.6
      vertex -1.75296 7.32941 5.72205e-07
      vertex -1.75296 7.32941 1.6
    endloop
  endfacet
  facet normal 0.980786 -0.195087 0
    outer loop
      vertex -1.75296 7.32941 5.72205e-07
      vertex -1.76572 7.26526 1.6
      vertex -1.76572 7.26526 5.72205e-07
    endloop
  endfacet
  facet normal -0.751817 -0.659372 0
    outer loop
      vertex -0.873322 7.50438 5.72205e-07
      vertex -0.916446 7.55355 1.6
      vertex -0.916446 7.55355 5.72205e-07
    endloop
  endfacet
  facet normal -0.751817 -0.659372 0
    outer loop
      vertex -0.916446 7.55355 1.6
      vertex -0.873322 7.50438 5.72205e-07
      vertex -0.873322 7.50438 1.6
    endloop
  endfacet
  facet normal 0.321407 0.946941 -0
    outer loop
      vertex -1.39941 6.71704 5.72205e-07
      vertex -1.46134 6.73806 1.6
      vertex -1.39941 6.71704 1.6
    endloop
  endfacet
  facet normal 0.321407 0.946941 0
    outer loop
      vertex -1.46134 6.73806 1.6
      vertex -1.39941 6.71704 5.72205e-07
      vertex -1.46134 6.73806 5.72205e-07
    endloop
  endfacet
  facet normal 0.555512 0.831509 -0
    outer loop
      vertex -1.52 6.76699 5.72205e-07
      vertex -1.57438 6.80332 1.6
      vertex -1.52 6.76699 1.6
    endloop
  endfacet
  facet normal 0.555512 0.831509 0
    outer loop
      vertex -1.57438 6.80332 1.6
      vertex -1.52 6.76699 5.72205e-07
      vertex -1.57438 6.80332 5.72205e-07
    endloop
  endfacet
  facet normal 0.442314 -0.89686 0
    outer loop
      vertex -1.52 7.63301 5.72205e-07
      vertex -1.46134 7.66194 1.6
      vertex -1.52 7.63301 1.6
    endloop
  endfacet
  facet normal 0.442314 -0.89686 0
    outer loop
      vertex -1.46134 7.66194 1.6
      vertex -1.52 7.63301 5.72205e-07
      vertex -1.46134 7.66194 5.72205e-07
    endloop
  endfacet
  facet normal 0.659424 -0.751771 0
    outer loop
      vertex -1.62355 7.55355 5.72205e-07
      vertex -1.57438 7.59668 1.6
      vertex -1.62355 7.55355 1.6
    endloop
  endfacet
  facet normal 0.659424 -0.751771 0
    outer loop
      vertex -1.57438 7.59668 1.6
      vertex -1.62355 7.55355 5.72205e-07
      vertex -1.57438 7.59668 5.72205e-07
    endloop
  endfacet
  facet normal 0.0654432 -0.997856 0
    outer loop
      vertex -1.33526 7.69572 5.72205e-07
      vertex -1.27 7.7 1.6
      vertex -1.33526 7.69572 1.6
    endloop
  endfacet
  facet normal 0.0654432 -0.997856 0
    outer loop
      vertex -1.27 7.7 1.6
      vertex -1.33526 7.69572 5.72205e-07
      vertex -1.27 7.7 5.72205e-07
    endloop
  endfacet
  facet normal -0.195087 -0.980786 0
    outer loop
      vertex -1.20474 -6.70428 5.72205e-07
      vertex -1.14059 -6.71704 1.6
      vertex -1.20474 -6.70428 1.6
    endloop
  endfacet
  facet normal -0.195087 -0.980786 -0
    outer loop
      vertex -1.14059 -6.71704 1.6
      vertex -1.20474 -6.70428 5.72205e-07
      vertex -1.14059 -6.71704 5.72205e-07
    endloop
  endfacet
  facet normal -0.980786 0.195087 0
    outer loop
      vertex -0.787037 -7.32941 5.72205e-07
      vertex -0.774277 -7.26526 1.6
      vertex -0.774277 -7.26526 5.72205e-07
    endloop
  endfacet
  facet normal -0.980786 0.195087 0
    outer loop
      vertex -0.774277 -7.26526 1.6
      vertex -0.787037 -7.32941 5.72205e-07
      vertex -0.787037 -7.32941 1.6
    endloop
  endfacet
  facet normal -0.997859 0.0653976 0
    outer loop
      vertex -0.774277 -7.26526 5.72205e-07
      vertex -0.77 -7.2 1.6
      vertex -0.77 -7.2 5.72205e-07
    endloop
  endfacet
  facet normal -0.997859 0.0653976 0
    outer loop
      vertex -0.77 -7.2 1.6
      vertex -0.774277 -7.26526 5.72205e-07
      vertex -0.774277 -7.26526 1.6
    endloop
  endfacet
  facet normal -0.946927 0.321448 0
    outer loop
      vertex -0.80806 -7.39134 5.72205e-07
      vertex -0.787037 -7.32941 1.6
      vertex -0.787037 -7.32941 5.72205e-07
    endloop
  endfacet
  facet normal -0.946927 0.321448 0
    outer loop
      vertex -0.787037 -7.32941 1.6
      vertex -0.80806 -7.39134 5.72205e-07
      vertex -0.80806 -7.39134 1.6
    endloop
  endfacet
  facet normal -0.980786 -0.195087 0
    outer loop
      vertex -0.774277 -7.13474 5.72205e-07
      vertex -0.787037 -7.07059 1.6
      vertex -0.787037 -7.07059 5.72205e-07
    endloop
  endfacet
  facet normal -0.980786 -0.195087 0
    outer loop
      vertex -0.787037 -7.07059 1.6
      vertex -0.774277 -7.13474 5.72205e-07
      vertex -0.774277 -7.13474 1.6
    endloop
  endfacet
  facet normal -0.195087 0.980786 0
    outer loop
      vertex -1.14059 -7.68296 5.72205e-07
      vertex -1.20474 -7.69572 1.6
      vertex -1.14059 -7.68296 1.6
    endloop
  endfacet
  facet normal -0.195087 0.980786 0
    outer loop
      vertex -1.20474 -7.69572 1.6
      vertex -1.14059 -7.68296 5.72205e-07
      vertex -1.20474 -7.69572 5.72205e-07
    endloop
  endfacet
  facet normal -0.659401 -0.751791 0
    outer loop
      vertex -0.965619 -6.80332 5.72205e-07
      vertex -0.916446 -6.84645 1.6
      vertex -0.965619 -6.80332 1.6
    endloop
  endfacet
  facet normal -0.659401 -0.751791 -0
    outer loop
      vertex -0.916446 -6.84645 1.6
      vertex -0.965619 -6.80332 5.72205e-07
      vertex -0.916446 -6.84645 5.72205e-07
    endloop
  endfacet
  facet normal -0.896878 0.442277 0
    outer loop
      vertex -0.836987 -7.45 5.72205e-07
      vertex -0.80806 -7.39134 1.6
      vertex -0.80806 -7.39134 5.72205e-07
    endloop
  endfacet
  facet normal -0.896878 0.442277 0
    outer loop
      vertex -0.80806 -7.39134 1.6
      vertex -0.836987 -7.45 5.72205e-07
      vertex -0.836987 -7.45 1.6
    endloop
  endfacet
  facet normal -0.659401 0.751791 0
    outer loop
      vertex -0.916446 -7.55355 5.72205e-07
      vertex -0.965619 -7.59668 1.6
      vertex -0.916446 -7.55355 1.6
    endloop
  endfacet
  facet normal -0.659401 0.751791 0
    outer loop
      vertex -0.965619 -7.59668 1.6
      vertex -0.916446 -7.55355 5.72205e-07
      vertex -0.965619 -7.59668 5.72205e-07
    endloop
  endfacet
  facet normal 0.0654432 -0.997856 0
    outer loop
      vertex -1.33526 -6.70428 5.72205e-07
      vertex -1.27 -6.7 1.6
      vertex -1.33526 -6.70428 1.6
    endloop
  endfacet
  facet normal 0.0654432 -0.997856 0
    outer loop
      vertex -1.27 -6.7 1.6
      vertex -1.33526 -6.70428 5.72205e-07
      vertex -1.27 -6.7 5.72205e-07
    endloop
  endfacet
  facet normal 0.997856 -0.0654432 0
    outer loop
      vertex -1.77 -7.2 1.6
      vertex -1.76572 -7.13474 5.72205e-07
      vertex -1.76572 -7.13474 1.6
    endloop
  endfacet
  facet normal 0.997856 -0.0654432 0
    outer loop
      vertex -1.76572 -7.13474 5.72205e-07
      vertex -1.77 -7.2 1.6
      vertex -1.77 -7.2 5.72205e-07
    endloop
  endfacet
  facet normal -0.831474 -0.555564 0
    outer loop
      vertex -0.836987 -6.95 5.72205e-07
      vertex -0.873322 -6.89562 1.6
      vertex -0.873322 -6.89562 5.72205e-07
    endloop
  endfacet
  facet normal -0.831474 -0.555564 0
    outer loop
      vertex -0.873322 -6.89562 1.6
      vertex -0.836987 -6.95 5.72205e-07
      vertex -0.836987 -6.95 1.6
    endloop
  endfacet
  facet normal -0.0654432 -0.997856 0
    outer loop
      vertex -1.27 -6.7 5.72205e-07
      vertex -1.20474 -6.70428 1.6
      vertex -1.27 -6.7 1.6
    endloop
  endfacet
  facet normal -0.0654432 -0.997856 -0
    outer loop
      vertex -1.20474 -6.70428 1.6
      vertex -1.27 -6.7 5.72205e-07
      vertex -1.20474 -6.70428 5.72205e-07
    endloop
  endfacet
  facet normal -0.321407 0.946941 0
    outer loop
      vertex -1.07866 -7.66194 5.72205e-07
      vertex -1.14059 -7.68296 1.6
      vertex -1.07866 -7.66194 1.6
    endloop
  endfacet
  facet normal -0.321407 0.946941 0
    outer loop
      vertex -1.14059 -7.68296 1.6
      vertex -1.07866 -7.66194 5.72205e-07
      vertex -1.14059 -7.68296 5.72205e-07
    endloop
  endfacet
  facet normal 0.946941 0.321407 0
    outer loop
      vertex -1.73194 -7.39134 1.6
      vertex -1.75296 -7.32941 5.72205e-07
      vertex -1.75296 -7.32941 1.6
    endloop
  endfacet
  facet normal 0.946941 0.321407 0
    outer loop
      vertex -1.75296 -7.32941 5.72205e-07
      vertex -1.73194 -7.39134 1.6
      vertex -1.73194 -7.39134 5.72205e-07
    endloop
  endfacet
  facet normal 0.946941 -0.321407 0
    outer loop
      vertex -1.75296 -7.07059 1.6
      vertex -1.73194 -7.00866 5.72205e-07
      vertex -1.73194 -7.00866 1.6
    endloop
  endfacet
  facet normal 0.946941 -0.321407 0
    outer loop
      vertex -1.73194 -7.00866 5.72205e-07
      vertex -1.75296 -7.07059 1.6
      vertex -1.75296 -7.07059 5.72205e-07
    endloop
  endfacet
  facet normal 0.997856 0.0654432 0
    outer loop
      vertex -1.76572 -7.26526 1.6
      vertex -1.77 -7.2 5.72205e-07
      vertex -1.77 -7.2 1.6
    endloop
  endfacet
  facet normal 0.997856 0.0654432 0
    outer loop
      vertex -1.77 -7.2 5.72205e-07
      vertex -1.76572 -7.26526 1.6
      vertex -1.76572 -7.26526 5.72205e-07
    endloop
  endfacet
  facet normal 0.980786 0.195087 0
    outer loop
      vertex -1.75296 -7.32941 1.6
      vertex -1.76572 -7.26526 5.72205e-07
      vertex -1.76572 -7.26526 1.6
    endloop
  endfacet
  facet normal 0.980786 0.195087 0
    outer loop
      vertex -1.76572 -7.26526 5.72205e-07
      vertex -1.75296 -7.32941 1.6
      vertex -1.75296 -7.32941 5.72205e-07
    endloop
  endfacet
  facet normal -0.751817 0.659372 0
    outer loop
      vertex -0.916446 -7.55355 5.72205e-07
      vertex -0.873322 -7.50438 1.6
      vertex -0.873322 -7.50438 5.72205e-07
    endloop
  endfacet
  facet normal -0.751817 0.659372 0
    outer loop
      vertex -0.873322 -7.50438 1.6
      vertex -0.916446 -7.55355 5.72205e-07
      vertex -0.916446 -7.55355 1.6
    endloop
  endfacet
  facet normal -0.751817 -0.659372 0
    outer loop
      vertex -0.873322 -6.89562 5.72205e-07
      vertex -0.916446 -6.84645 1.6
      vertex -0.916446 -6.84645 5.72205e-07
    endloop
  endfacet
  facet normal -0.751817 -0.659372 0
    outer loop
      vertex -0.916446 -6.84645 1.6
      vertex -0.873322 -6.89562 5.72205e-07
      vertex -0.873322 -6.89562 1.6
    endloop
  endfacet
  facet normal -0.997859 -0.0653976 0
    outer loop
      vertex -0.77 -7.2 5.72205e-07
      vertex -0.774277 -7.13474 1.6
      vertex -0.774277 -7.13474 5.72205e-07
    endloop
  endfacet
  facet normal -0.997859 -0.0653976 0
    outer loop
      vertex -0.774277 -7.13474 1.6
      vertex -0.77 -7.2 5.72205e-07
      vertex -0.77 -7.2 1.6
    endloop
  endfacet
  facet normal -0.321407 -0.946941 0
    outer loop
      vertex -1.14059 -6.71704 5.72205e-07
      vertex -1.07866 -6.73806 1.6
      vertex -1.14059 -6.71704 1.6
    endloop
  endfacet
  facet normal -0.321407 -0.946941 -0
    outer loop
      vertex -1.07866 -6.73806 1.6
      vertex -1.14059 -6.71704 5.72205e-07
      vertex -1.07866 -6.73806 5.72205e-07
    endloop
  endfacet
  facet normal 0.751771 0.659424 0
    outer loop
      vertex -1.62355 -7.55355 1.6
      vertex -1.66668 -7.50438 5.72205e-07
      vertex -1.66668 -7.50438 1.6
    endloop
  endfacet
  facet normal 0.751771 0.659424 0
    outer loop
      vertex -1.66668 -7.50438 5.72205e-07
      vertex -1.62355 -7.55355 1.6
      vertex -1.62355 -7.55355 5.72205e-07
    endloop
  endfacet
  facet normal 0.89686 0.442314 0
    outer loop
      vertex -1.70301 -7.45 1.6
      vertex -1.73194 -7.39134 5.72205e-07
      vertex -1.73194 -7.39134 1.6
    endloop
  endfacet
  facet normal 0.89686 0.442314 0
    outer loop
      vertex -1.73194 -7.39134 5.72205e-07
      vertex -1.70301 -7.45 1.6
      vertex -1.70301 -7.45 5.72205e-07
    endloop
  endfacet
  facet normal -0.831474 0.555564 0
    outer loop
      vertex -0.873322 -7.50438 5.72205e-07
      vertex -0.836987 -7.45 1.6
      vertex -0.836987 -7.45 5.72205e-07
    endloop
  endfacet
  facet normal -0.831474 0.555564 0
    outer loop
      vertex -0.836987 -7.45 1.6
      vertex -0.873322 -7.50438 5.72205e-07
      vertex -0.873322 -7.50438 1.6
    endloop
  endfacet
  facet normal 0.751771 -0.659424 0
    outer loop
      vertex -1.66668 -6.89562 1.6
      vertex -1.62355 -6.84645 5.72205e-07
      vertex -1.62355 -6.84645 1.6
    endloop
  endfacet
  facet normal 0.751771 -0.659424 0
    outer loop
      vertex -1.62355 -6.84645 5.72205e-07
      vertex -1.66668 -6.89562 1.6
      vertex -1.66668 -6.89562 5.72205e-07
    endloop
  endfacet
  facet normal -0.896878 -0.442277 0
    outer loop
      vertex -0.80806 -7.00866 5.72205e-07
      vertex -0.836987 -6.95 1.6
      vertex -0.836987 -6.95 5.72205e-07
    endloop
  endfacet
  facet normal -0.896878 -0.442277 0
    outer loop
      vertex -0.836987 -6.95 1.6
      vertex -0.80806 -7.00866 5.72205e-07
      vertex -0.80806 -7.00866 1.6
    endloop
  endfacet
  facet normal 0.659424 0.751771 -0
    outer loop
      vertex -1.57438 -7.59668 5.72205e-07
      vertex -1.62355 -7.55355 1.6
      vertex -1.57438 -7.59668 1.6
    endloop
  endfacet
  facet normal 0.659424 0.751771 0
    outer loop
      vertex -1.62355 -7.55355 1.6
      vertex -1.57438 -7.59668 5.72205e-07
      vertex -1.62355 -7.55355 5.72205e-07
    endloop
  endfacet
  facet normal 0.555512 0.831509 -0
    outer loop
      vertex -1.52 -7.63301 5.72205e-07
      vertex -1.57438 -7.59668 1.6
      vertex -1.52 -7.63301 1.6
    endloop
  endfacet
  facet normal 0.555512 0.831509 0
    outer loop
      vertex -1.57438 -7.59668 1.6
      vertex -1.52 -7.63301 5.72205e-07
      vertex -1.57438 -7.59668 5.72205e-07
    endloop
  endfacet
  facet normal 0.442314 0.89686 -0
    outer loop
      vertex -1.46134 -7.66194 5.72205e-07
      vertex -1.52 -7.63301 1.6
      vertex -1.46134 -7.66194 1.6
    endloop
  endfacet
  facet normal 0.442314 0.89686 0
    outer loop
      vertex -1.52 -7.63301 1.6
      vertex -1.46134 -7.66194 5.72205e-07
      vertex -1.52 -7.63301 5.72205e-07
    endloop
  endfacet
  facet normal 0.321407 -0.946941 0
    outer loop
      vertex -1.46134 -6.73806 5.72205e-07
      vertex -1.39941 -6.71704 1.6
      vertex -1.46134 -6.73806 1.6
    endloop
  endfacet
  facet normal 0.321407 -0.946941 0
    outer loop
      vertex -1.39941 -6.71704 1.6
      vertex -1.46134 -6.73806 5.72205e-07
      vertex -1.39941 -6.71704 5.72205e-07
    endloop
  endfacet
  facet normal 0.831509 -0.555512 0
    outer loop
      vertex -1.70301 -6.95 1.6
      vertex -1.66668 -6.89562 5.72205e-07
      vertex -1.66668 -6.89562 1.6
    endloop
  endfacet
  facet normal 0.831509 -0.555512 0
    outer loop
      vertex -1.66668 -6.89562 5.72205e-07
      vertex -1.70301 -6.95 1.6
      vertex -1.70301 -6.95 5.72205e-07
    endloop
  endfacet
  facet normal 0.195087 -0.980786 0
    outer loop
      vertex -1.39941 -6.71704 5.72205e-07
      vertex -1.33526 -6.70428 1.6
      vertex -1.39941 -6.71704 1.6
    endloop
  endfacet
  facet normal 0.195087 -0.980786 0
    outer loop
      vertex -1.33526 -6.70428 1.6
      vertex -1.39941 -6.71704 5.72205e-07
      vertex -1.33526 -6.70428 5.72205e-07
    endloop
  endfacet
  facet normal -0.555504 -0.831514 0
    outer loop
      vertex -1.02 -6.76699 5.72205e-07
      vertex -0.965619 -6.80332 1.6
      vertex -1.02 -6.76699 1.6
    endloop
  endfacet
  facet normal -0.555504 -0.831514 -0
    outer loop
      vertex -0.965619 -6.80332 1.6
      vertex -1.02 -6.76699 5.72205e-07
      vertex -0.965619 -6.80332 5.72205e-07
    endloop
  endfacet
  facet normal 0.321407 0.946941 -0
    outer loop
      vertex -1.39941 -7.68296 5.72205e-07
      vertex -1.46134 -7.66194 1.6
      vertex -1.39941 -7.68296 1.6
    endloop
  endfacet
  facet normal 0.321407 0.946941 0
    outer loop
      vertex -1.46134 -7.66194 1.6
      vertex -1.39941 -7.68296 5.72205e-07
      vertex -1.46134 -7.66194 5.72205e-07
    endloop
  endfacet
  facet normal 0.89686 -0.442314 0
    outer loop
      vertex -1.73194 -7.00866 1.6
      vertex -1.70301 -6.95 5.72205e-07
      vertex -1.70301 -6.95 1.6
    endloop
  endfacet
  facet normal 0.89686 -0.442314 0
    outer loop
      vertex -1.70301 -6.95 5.72205e-07
      vertex -1.73194 -7.00866 1.6
      vertex -1.73194 -7.00866 5.72205e-07
    endloop
  endfacet
  facet normal 0.659424 -0.751771 0
    outer loop
      vertex -1.62355 -6.84645 5.72205e-07
      vertex -1.57438 -6.80332 1.6
      vertex -1.62355 -6.84645 1.6
    endloop
  endfacet
  facet normal 0.659424 -0.751771 0
    outer loop
      vertex -1.57438 -6.80332 1.6
      vertex -1.62355 -6.84645 5.72205e-07
      vertex -1.57438 -6.80332 5.72205e-07
    endloop
  endfacet
  facet normal -0.442314 0.89686 0
    outer loop
      vertex -1.02 -7.63301 5.72205e-07
      vertex -1.07866 -7.66194 1.6
      vertex -1.02 -7.63301 1.6
    endloop
  endfacet
  facet normal -0.442314 0.89686 0
    outer loop
      vertex -1.07866 -7.66194 1.6
      vertex -1.02 -7.63301 5.72205e-07
      vertex -1.07866 -7.66194 5.72205e-07
    endloop
  endfacet
  facet normal -0.555504 0.831514 0
    outer loop
      vertex -0.965619 -7.59668 5.72205e-07
      vertex -1.02 -7.63301 1.6
      vertex -0.965619 -7.59668 1.6
    endloop
  endfacet
  facet normal -0.555504 0.831514 0
    outer loop
      vertex -1.02 -7.63301 1.6
      vertex -0.965619 -7.59668 5.72205e-07
      vertex -1.02 -7.63301 5.72205e-07
    endloop
  endfacet
  facet normal -0.0654432 0.997856 0
    outer loop
      vertex -1.20474 -7.69572 5.72205e-07
      vertex -1.27 -7.7 1.6
      vertex -1.20474 -7.69572 1.6
    endloop
  endfacet
  facet normal -0.0654432 0.997856 0
    outer loop
      vertex -1.27 -7.7 1.6
      vertex -1.20474 -7.69572 5.72205e-07
      vertex -1.27 -7.7 5.72205e-07
    endloop
  endfacet
  facet normal 0.0654432 0.997856 -0
    outer loop
      vertex -1.27 -7.7 5.72205e-07
      vertex -1.33526 -7.69572 1.6
      vertex -1.27 -7.7 1.6
    endloop
  endfacet
  facet normal 0.0654432 0.997856 0
    outer loop
      vertex -1.33526 -7.69572 1.6
      vertex -1.27 -7.7 5.72205e-07
      vertex -1.33526 -7.69572 5.72205e-07
    endloop
  endfacet
  facet normal 0.980786 -0.195087 0
    outer loop
      vertex -1.76572 -7.13474 1.6
      vertex -1.75296 -7.07059 5.72205e-07
      vertex -1.75296 -7.07059 1.6
    endloop
  endfacet
  facet normal 0.980786 -0.195087 0
    outer loop
      vertex -1.75296 -7.07059 5.72205e-07
      vertex -1.76572 -7.13474 1.6
      vertex -1.76572 -7.13474 5.72205e-07
    endloop
  endfacet
  facet normal -0.442314 -0.89686 0
    outer loop
      vertex -1.07866 -6.73806 5.72205e-07
      vertex -1.02 -6.76699 1.6
      vertex -1.07866 -6.73806 1.6
    endloop
  endfacet
  facet normal -0.442314 -0.89686 -0
    outer loop
      vertex -1.02 -6.76699 1.6
      vertex -1.07866 -6.73806 5.72205e-07
      vertex -1.02 -6.76699 5.72205e-07
    endloop
  endfacet
  facet normal -0.946927 -0.321448 0
    outer loop
      vertex -0.787037 -7.07059 5.72205e-07
      vertex -0.80806 -7.00866 1.6
      vertex -0.80806 -7.00866 5.72205e-07
    endloop
  endfacet
  facet normal -0.946927 -0.321448 0
    outer loop
      vertex -0.80806 -7.00866 1.6
      vertex -0.787037 -7.07059 5.72205e-07
      vertex -0.787037 -7.07059 1.6
    endloop
  endfacet
  facet normal 0.195087 0.980786 -0
    outer loop
      vertex -1.33526 -7.69572 5.72205e-07
      vertex -1.39941 -7.68296 1.6
      vertex -1.33526 -7.69572 1.6
    endloop
  endfacet
  facet normal 0.195087 0.980786 0
    outer loop
      vertex -1.39941 -7.68296 1.6
      vertex -1.33526 -7.69572 5.72205e-07
      vertex -1.39941 -7.68296 5.72205e-07
    endloop
  endfacet
  facet normal 0.442314 -0.89686 0
    outer loop
      vertex -1.52 -6.76699 5.72205e-07
      vertex -1.46134 -6.73806 1.6
      vertex -1.52 -6.76699 1.6
    endloop
  endfacet
  facet normal 0.442314 -0.89686 0
    outer loop
      vertex -1.46134 -6.73806 1.6
      vertex -1.52 -6.76699 5.72205e-07
      vertex -1.46134 -6.73806 5.72205e-07
    endloop
  endfacet
  facet normal 0.831509 0.555512 0
    outer loop
      vertex -1.66668 -7.50438 1.6
      vertex -1.70301 -7.45 5.72205e-07
      vertex -1.70301 -7.45 1.6
    endloop
  endfacet
  facet normal 0.831509 0.555512 0
    outer loop
      vertex -1.70301 -7.45 5.72205e-07
      vertex -1.66668 -7.50438 1.6
      vertex -1.66668 -7.50438 5.72205e-07
    endloop
  endfacet
  facet normal 0.555512 -0.831509 0
    outer loop
      vertex -1.57438 -6.80332 5.72205e-07
      vertex -1.52 -6.76699 1.6
      vertex -1.57438 -6.80332 1.6
    endloop
  endfacet
  facet normal 0.555512 -0.831509 0
    outer loop
      vertex -1.52 -6.76699 1.6
      vertex -1.57438 -6.80332 5.72205e-07
      vertex -1.52 -6.76699 5.72205e-07
    endloop
  endfacet
  facet normal -0.980786 0.195087 0
    outer loop
      vertex 1.75296 7.07059 5.72205e-07
      vertex 1.76572 7.13474 1.6
      vertex 1.76572 7.13474 5.72205e-07
    endloop
  endfacet
  facet normal -0.980786 0.195087 0
    outer loop
      vertex 1.76572 7.13474 1.6
      vertex 1.75296 7.07059 5.72205e-07
      vertex 1.75296 7.07059 1.6
    endloop
  endfacet
  facet normal -0.997856 0.0654432 0
    outer loop
      vertex 1.76572 7.13474 5.72205e-07
      vertex 1.77 7.2 1.6
      vertex 1.77 7.2 5.72205e-07
    endloop
  endfacet
  facet normal -0.997856 0.0654432 0
    outer loop
      vertex 1.77 7.2 1.6
      vertex 1.76572 7.13474 5.72205e-07
      vertex 1.76572 7.13474 1.6
    endloop
  endfacet
  facet normal -0.946941 0.321407 0
    outer loop
      vertex 1.73194 7.00866 5.72205e-07
      vertex 1.75296 7.07059 1.6
      vertex 1.75296 7.07059 5.72205e-07
    endloop
  endfacet
  facet normal -0.946941 0.321407 0
    outer loop
      vertex 1.75296 7.07059 1.6
      vertex 1.73194 7.00866 5.72205e-07
      vertex 1.73194 7.00866 1.6
    endloop
  endfacet
  facet normal 0.321407 -0.946941 0
    outer loop
      vertex 1.07866 7.66194 5.72205e-07
      vertex 1.14059 7.68296 1.6
      vertex 1.07866 7.66194 1.6
    endloop
  endfacet
  facet normal 0.321407 -0.946941 0
    outer loop
      vertex 1.14059 7.68296 1.6
      vertex 1.07866 7.66194 5.72205e-07
      vertex 1.14059 7.68296 5.72205e-07
    endloop
  endfacet
  facet normal 0.997859 -0.0653976 0
    outer loop
      vertex 0.77 7.2 1.6
      vertex 0.774277 7.26526 5.72205e-07
      vertex 0.774277 7.26526 1.6
    endloop
  endfacet
  facet normal 0.997859 -0.0653976 0
    outer loop
      vertex 0.774277 7.26526 5.72205e-07
      vertex 0.77 7.2 1.6
      vertex 0.77 7.2 5.72205e-07
    endloop
  endfacet
  facet normal -0.980786 -0.195087 0
    outer loop
      vertex 1.76572 7.26526 5.72205e-07
      vertex 1.75296 7.32941 1.6
      vertex 1.75296 7.32941 5.72205e-07
    endloop
  endfacet
  facet normal -0.980786 -0.195087 0
    outer loop
      vertex 1.75296 7.32941 1.6
      vertex 1.76572 7.26526 5.72205e-07
      vertex 1.76572 7.26526 1.6
    endloop
  endfacet
  facet normal -0.555512 0.831509 0
    outer loop
      vertex 1.57438 6.80332 5.72205e-07
      vertex 1.52 6.76699 1.6
      vertex 1.57438 6.80332 1.6
    endloop
  endfacet
  facet normal -0.555512 0.831509 0
    outer loop
      vertex 1.52 6.76699 1.6
      vertex 1.57438 6.80332 5.72205e-07
      vertex 1.52 6.76699 5.72205e-07
    endloop
  endfacet
  facet normal -0.555512 -0.831509 0
    outer loop
      vertex 1.52 7.63301 5.72205e-07
      vertex 1.57438 7.59668 1.6
      vertex 1.52 7.63301 1.6
    endloop
  endfacet
  facet normal -0.555512 -0.831509 -0
    outer loop
      vertex 1.57438 7.59668 1.6
      vertex 1.52 7.63301 5.72205e-07
      vertex 1.57438 7.59668 5.72205e-07
    endloop
  endfacet
  facet normal 0.946927 0.321448 0
    outer loop
      vertex 0.80806 7.00866 1.6
      vertex 0.787037 7.07059 5.72205e-07
      vertex 0.787037 7.07059 1.6
    endloop
  endfacet
  facet normal 0.946927 0.321448 0
    outer loop
      vertex 0.787037 7.07059 5.72205e-07
      vertex 0.80806 7.00866 1.6
      vertex 0.80806 7.00866 5.72205e-07
    endloop
  endfacet
  facet normal -0.321407 -0.946941 0
    outer loop
      vertex 1.39941 7.68296 5.72205e-07
      vertex 1.46134 7.66194 1.6
      vertex 1.39941 7.68296 1.6
    endloop
  endfacet
  facet normal -0.321407 -0.946941 -0
    outer loop
      vertex 1.46134 7.66194 1.6
      vertex 1.39941 7.68296 5.72205e-07
      vertex 1.46134 7.66194 5.72205e-07
    endloop
  endfacet
  facet normal 0.997859 0.0653976 0
    outer loop
      vertex 0.774277 7.13474 1.6
      vertex 0.77 7.2 5.72205e-07
      vertex 0.77 7.2 1.6
    endloop
  endfacet
  facet normal 0.997859 0.0653976 0
    outer loop
      vertex 0.77 7.2 5.72205e-07
      vertex 0.774277 7.13474 1.6
      vertex 0.774277 7.13474 5.72205e-07
    endloop
  endfacet
  facet normal -0.89686 0.442314 0
    outer loop
      vertex 1.70301 6.95 5.72205e-07
      vertex 1.73194 7.00866 1.6
      vertex 1.73194 7.00866 5.72205e-07
    endloop
  endfacet
  facet normal -0.89686 0.442314 0
    outer loop
      vertex 1.73194 7.00866 1.6
      vertex 1.70301 6.95 5.72205e-07
      vertex 1.70301 6.95 1.6
    endloop
  endfacet
  facet normal 0.751817 0.659372 0
    outer loop
      vertex 0.916446 6.84645 1.6
      vertex 0.873322 6.89562 5.72205e-07
      vertex 0.873322 6.89562 1.6
    endloop
  endfacet
  facet normal 0.751817 0.659372 0
    outer loop
      vertex 0.873322 6.89562 5.72205e-07
      vertex 0.916446 6.84645 1.6
      vertex 0.916446 6.84645 5.72205e-07
    endloop
  endfacet
  facet normal 0.980786 0.195087 0
    outer loop
      vertex 0.787037 7.07059 1.6
      vertex 0.774277 7.13474 5.72205e-07
      vertex 0.774277 7.13474 1.6
    endloop
  endfacet
  facet normal 0.980786 0.195087 0
    outer loop
      vertex 0.774277 7.13474 5.72205e-07
      vertex 0.787037 7.07059 1.6
      vertex 0.787037 7.07059 5.72205e-07
    endloop
  endfacet
  facet normal -0.751771 0.659424 0
    outer loop
      vertex 1.62355 6.84645 5.72205e-07
      vertex 1.66668 6.89562 1.6
      vertex 1.66668 6.89562 5.72205e-07
    endloop
  endfacet
  facet normal -0.751771 0.659424 0
    outer loop
      vertex 1.66668 6.89562 1.6
      vertex 1.62355 6.84645 5.72205e-07
      vertex 1.62355 6.84645 1.6
    endloop
  endfacet
  facet normal -0.831509 -0.555512 0
    outer loop
      vertex 1.70301 7.45 5.72205e-07
      vertex 1.66668 7.50438 1.6
      vertex 1.66668 7.50438 5.72205e-07
    endloop
  endfacet
  facet normal -0.831509 -0.555512 0
    outer loop
      vertex 1.66668 7.50438 1.6
      vertex 1.70301 7.45 5.72205e-07
      vertex 1.70301 7.45 1.6
    endloop
  endfacet
  facet normal 0.946927 -0.321448 0
    outer loop
      vertex 0.787037 7.32941 1.6
      vertex 0.80806 7.39134 5.72205e-07
      vertex 0.80806 7.39134 1.6
    endloop
  endfacet
  facet normal 0.946927 -0.321448 0
    outer loop
      vertex 0.80806 7.39134 5.72205e-07
      vertex 0.787037 7.32941 1.6
      vertex 0.787037 7.32941 5.72205e-07
    endloop
  endfacet
  facet normal 0.442314 0.89686 -0
    outer loop
      vertex 1.07866 6.73806 5.72205e-07
      vertex 1.02 6.76699 1.6
      vertex 1.07866 6.73806 1.6
    endloop
  endfacet
  facet normal 0.442314 0.89686 0
    outer loop
      vertex 1.02 6.76699 1.6
      vertex 1.07866 6.73806 5.72205e-07
      vertex 1.02 6.76699 5.72205e-07
    endloop
  endfacet
  facet normal -0.659424 -0.751771 0
    outer loop
      vertex 1.57438 7.59668 5.72205e-07
      vertex 1.62355 7.55355 1.6
      vertex 1.57438 7.59668 1.6
    endloop
  endfacet
  facet normal -0.659424 -0.751771 -0
    outer loop
      vertex 1.62355 7.55355 1.6
      vertex 1.57438 7.59668 5.72205e-07
      vertex 1.62355 7.55355 5.72205e-07
    endloop
  endfacet
  facet normal -0.442314 0.89686 0
    outer loop
      vertex 1.52 6.76699 5.72205e-07
      vertex 1.46134 6.73806 1.6
      vertex 1.52 6.76699 1.6
    endloop
  endfacet
  facet normal -0.442314 0.89686 0
    outer loop
      vertex 1.46134 6.73806 1.6
      vertex 1.52 6.76699 5.72205e-07
      vertex 1.46134 6.73806 5.72205e-07
    endloop
  endfacet
  facet normal -0.946941 -0.321407 0
    outer loop
      vertex 1.75296 7.32941 5.72205e-07
      vertex 1.73194 7.39134 1.6
      vertex 1.73194 7.39134 5.72205e-07
    endloop
  endfacet
  facet normal -0.946941 -0.321407 0
    outer loop
      vertex 1.73194 7.39134 1.6
      vertex 1.75296 7.32941 5.72205e-07
      vertex 1.75296 7.32941 1.6
    endloop
  endfacet
  facet normal 0.0654432 0.997856 -0
    outer loop
      vertex 1.27 6.7 5.72205e-07
      vertex 1.20474 6.70428 1.6
      vertex 1.27 6.7 1.6
    endloop
  endfacet
  facet normal 0.0654432 0.997856 0
    outer loop
      vertex 1.20474 6.70428 1.6
      vertex 1.27 6.7 5.72205e-07
      vertex 1.20474 6.70428 5.72205e-07
    endloop
  endfacet
  facet normal -0.831509 0.555512 0
    outer loop
      vertex 1.66668 6.89562 5.72205e-07
      vertex 1.70301 6.95 1.6
      vertex 1.70301 6.95 5.72205e-07
    endloop
  endfacet
  facet normal -0.831509 0.555512 0
    outer loop
      vertex 1.70301 6.95 1.6
      vertex 1.66668 6.89562 5.72205e-07
      vertex 1.66668 6.89562 1.6
    endloop
  endfacet
  facet normal -0.321407 0.946941 0
    outer loop
      vertex 1.46134 6.73806 5.72205e-07
      vertex 1.39941 6.71704 1.6
      vertex 1.46134 6.73806 1.6
    endloop
  endfacet
  facet normal -0.321407 0.946941 0
    outer loop
      vertex 1.39941 6.71704 1.6
      vertex 1.46134 6.73806 5.72205e-07
      vertex 1.39941 6.71704 5.72205e-07
    endloop
  endfacet
  facet normal -0.997856 -0.0654432 0
    outer loop
      vertex 1.77 7.2 5.72205e-07
      vertex 1.76572 7.26526 1.6
      vertex 1.76572 7.26526 5.72205e-07
    endloop
  endfacet
  facet normal -0.997856 -0.0654432 0
    outer loop
      vertex 1.76572 7.26526 1.6
      vertex 1.77 7.2 5.72205e-07
      vertex 1.77 7.2 1.6
    endloop
  endfacet
  facet normal 0.195087 -0.980786 0
    outer loop
      vertex 1.14059 7.68296 5.72205e-07
      vertex 1.20474 7.69572 1.6
      vertex 1.14059 7.68296 1.6
    endloop
  endfacet
  facet normal 0.195087 -0.980786 0
    outer loop
      vertex 1.20474 7.69572 1.6
      vertex 1.14059 7.68296 5.72205e-07
      vertex 1.20474 7.69572 5.72205e-07
    endloop
  endfacet
  facet normal 0.751817 -0.659372 0
    outer loop
      vertex 0.873322 7.50438 1.6
      vertex 0.916446 7.55355 5.72205e-07
      vertex 0.916446 7.55355 1.6
    endloop
  endfacet
  facet normal 0.751817 -0.659372 0
    outer loop
      vertex 0.916446 7.55355 5.72205e-07
      vertex 0.873322 7.50438 1.6
      vertex 0.873322 7.50438 5.72205e-07
    endloop
  endfacet
  facet normal -0.195087 -0.980786 0
    outer loop
      vertex 1.33526 7.69572 5.72205e-07
      vertex 1.39941 7.68296 1.6
      vertex 1.33526 7.69572 1.6
    endloop
  endfacet
  facet normal -0.195087 -0.980786 -0
    outer loop
      vertex 1.39941 7.68296 1.6
      vertex 1.33526 7.69572 5.72205e-07
      vertex 1.39941 7.68296 5.72205e-07
    endloop
  endfacet
  facet normal 0.896878 0.442277 0
    outer loop
      vertex 0.836987 6.95 1.6
      vertex 0.80806 7.00866 5.72205e-07
      vertex 0.80806 7.00866 1.6
    endloop
  endfacet
  facet normal 0.896878 0.442277 0
    outer loop
      vertex 0.80806 7.00866 5.72205e-07
      vertex 0.836987 6.95 1.6
      vertex 0.836987 6.95 5.72205e-07
    endloop
  endfacet
  facet normal -0.0654432 -0.997856 0
    outer loop
      vertex 1.27 7.7 5.72205e-07
      vertex 1.33526 7.69572 1.6
      vertex 1.27 7.7 1.6
    endloop
  endfacet
  facet normal -0.0654432 -0.997856 -0
    outer loop
      vertex 1.33526 7.69572 1.6
      vertex 1.27 7.7 5.72205e-07
      vertex 1.33526 7.69572 5.72205e-07
    endloop
  endfacet
  facet normal 0.195087 0.980786 -0
    outer loop
      vertex 1.20474 6.70428 5.72205e-07
      vertex 1.14059 6.71704 1.6
      vertex 1.20474 6.70428 1.6
    endloop
  endfacet
  facet normal 0.195087 0.980786 0
    outer loop
      vertex 1.14059 6.71704 1.6
      vertex 1.20474 6.70428 5.72205e-07
      vertex 1.14059 6.71704 5.72205e-07
    endloop
  endfacet
  facet normal 0.896878 -0.442277 0
    outer loop
      vertex 0.80806 7.39134 1.6
      vertex 0.836987 7.45 5.72205e-07
      vertex 0.836987 7.45 1.6
    endloop
  endfacet
  facet normal 0.896878 -0.442277 0
    outer loop
      vertex 0.836987 7.45 5.72205e-07
      vertex 0.80806 7.39134 1.6
      vertex 0.80806 7.39134 5.72205e-07
    endloop
  endfacet
  facet normal -0.89686 -0.442314 0
    outer loop
      vertex 1.73194 7.39134 5.72205e-07
      vertex 1.70301 7.45 1.6
      vertex 1.70301 7.45 5.72205e-07
    endloop
  endfacet
  facet normal -0.89686 -0.442314 0
    outer loop
      vertex 1.70301 7.45 1.6
      vertex 1.73194 7.39134 5.72205e-07
      vertex 1.73194 7.39134 1.6
    endloop
  endfacet
  facet normal 0.659401 0.751791 -0
    outer loop
      vertex 0.965619 6.80332 5.72205e-07
      vertex 0.916446 6.84645 1.6
      vertex 0.965619 6.80332 1.6
    endloop
  endfacet
  facet normal 0.659401 0.751791 0
    outer loop
      vertex 0.916446 6.84645 1.6
      vertex 0.965619 6.80332 5.72205e-07
      vertex 0.916446 6.84645 5.72205e-07
    endloop
  endfacet
  facet normal 0.831474 0.555564 0
    outer loop
      vertex 0.873322 6.89562 1.6
      vertex 0.836987 6.95 5.72205e-07
      vertex 0.836987 6.95 1.6
    endloop
  endfacet
  facet normal 0.831474 0.555564 0
    outer loop
      vertex 0.836987 6.95 5.72205e-07
      vertex 0.873322 6.89562 1.6
      vertex 0.873322 6.89562 5.72205e-07
    endloop
  endfacet
  facet normal 0.555504 -0.831514 0
    outer loop
      vertex 0.965619 7.59668 5.72205e-07
      vertex 1.02 7.63301 1.6
      vertex 0.965619 7.59668 1.6
    endloop
  endfacet
  facet normal 0.555504 -0.831514 0
    outer loop
      vertex 1.02 7.63301 1.6
      vertex 0.965619 7.59668 5.72205e-07
      vertex 1.02 7.63301 5.72205e-07
    endloop
  endfacet
  facet normal -0.0654432 0.997856 0
    outer loop
      vertex 1.33526 6.70428 5.72205e-07
      vertex 1.27 6.7 1.6
      vertex 1.33526 6.70428 1.6
    endloop
  endfacet
  facet normal -0.0654432 0.997856 0
    outer loop
      vertex 1.27 6.7 1.6
      vertex 1.33526 6.70428 5.72205e-07
      vertex 1.27 6.7 5.72205e-07
    endloop
  endfacet
  facet normal -0.659424 0.751771 0
    outer loop
      vertex 1.62355 6.84645 5.72205e-07
      vertex 1.57438 6.80332 1.6
      vertex 1.62355 6.84645 1.6
    endloop
  endfacet
  facet normal -0.659424 0.751771 0
    outer loop
      vertex 1.57438 6.80332 1.6
      vertex 1.62355 6.84645 5.72205e-07
      vertex 1.57438 6.80332 5.72205e-07
    endloop
  endfacet
  facet normal -0.442314 -0.89686 0
    outer loop
      vertex 1.46134 7.66194 5.72205e-07
      vertex 1.52 7.63301 1.6
      vertex 1.46134 7.66194 1.6
    endloop
  endfacet
  facet normal -0.442314 -0.89686 -0
    outer loop
      vertex 1.52 7.63301 1.6
      vertex 1.46134 7.66194 5.72205e-07
      vertex 1.52 7.63301 5.72205e-07
    endloop
  endfacet
  facet normal -0.195087 0.980786 0
    outer loop
      vertex 1.39941 6.71704 5.72205e-07
      vertex 1.33526 6.70428 1.6
      vertex 1.39941 6.71704 1.6
    endloop
  endfacet
  facet normal -0.195087 0.980786 0
    outer loop
      vertex 1.33526 6.70428 1.6
      vertex 1.39941 6.71704 5.72205e-07
      vertex 1.33526 6.70428 5.72205e-07
    endloop
  endfacet
  facet normal 0.831474 -0.555564 0
    outer loop
      vertex 0.836987 7.45 1.6
      vertex 0.873322 7.50438 5.72205e-07
      vertex 0.873322 7.50438 1.6
    endloop
  endfacet
  facet normal 0.831474 -0.555564 0
    outer loop
      vertex 0.873322 7.50438 5.72205e-07
      vertex 0.836987 7.45 1.6
      vertex 0.836987 7.45 5.72205e-07
    endloop
  endfacet
  facet normal 0.980786 -0.195087 0
    outer loop
      vertex 0.774277 7.26526 1.6
      vertex 0.787037 7.32941 5.72205e-07
      vertex 0.787037 7.32941 1.6
    endloop
  endfacet
  facet normal 0.980786 -0.195087 0
    outer loop
      vertex 0.787037 7.32941 5.72205e-07
      vertex 0.774277 7.26526 1.6
      vertex 0.774277 7.26526 5.72205e-07
    endloop
  endfacet
  facet normal -0.751771 -0.659424 0
    outer loop
      vertex 1.66668 7.50438 5.72205e-07
      vertex 1.62355 7.55355 1.6
      vertex 1.62355 7.55355 5.72205e-07
    endloop
  endfacet
  facet normal -0.751771 -0.659424 0
    outer loop
      vertex 1.62355 7.55355 1.6
      vertex 1.66668 7.50438 5.72205e-07
      vertex 1.66668 7.50438 1.6
    endloop
  endfacet
  facet normal 0.321407 0.946941 -0
    outer loop
      vertex 1.14059 6.71704 5.72205e-07
      vertex 1.07866 6.73806 1.6
      vertex 1.14059 6.71704 1.6
    endloop
  endfacet
  facet normal 0.321407 0.946941 0
    outer loop
      vertex 1.07866 6.73806 1.6
      vertex 1.14059 6.71704 5.72205e-07
      vertex 1.07866 6.73806 5.72205e-07
    endloop
  endfacet
  facet normal 0.555504 0.831514 -0
    outer loop
      vertex 1.02 6.76699 5.72205e-07
      vertex 0.965619 6.80332 1.6
      vertex 1.02 6.76699 1.6
    endloop
  endfacet
  facet normal 0.555504 0.831514 0
    outer loop
      vertex 0.965619 6.80332 1.6
      vertex 1.02 6.76699 5.72205e-07
      vertex 0.965619 6.80332 5.72205e-07
    endloop
  endfacet
  facet normal 0.442314 -0.89686 0
    outer loop
      vertex 1.02 7.63301 5.72205e-07
      vertex 1.07866 7.66194 1.6
      vertex 1.02 7.63301 1.6
    endloop
  endfacet
  facet normal 0.442314 -0.89686 0
    outer loop
      vertex 1.07866 7.66194 1.6
      vertex 1.02 7.63301 5.72205e-07
      vertex 1.07866 7.66194 5.72205e-07
    endloop
  endfacet
  facet normal 0.659401 -0.751791 0
    outer loop
      vertex 0.916446 7.55355 5.72205e-07
      vertex 0.965619 7.59668 1.6
      vertex 0.916446 7.55355 1.6
    endloop
  endfacet
  facet normal 0.659401 -0.751791 0
    outer loop
      vertex 0.965619 7.59668 1.6
      vertex 0.916446 7.55355 5.72205e-07
      vertex 0.965619 7.59668 5.72205e-07
    endloop
  endfacet
  facet normal 0.0654432 -0.997856 0
    outer loop
      vertex 1.20474 7.69572 5.72205e-07
      vertex 1.27 7.7 1.6
      vertex 1.20474 7.69572 1.6
    endloop
  endfacet
  facet normal 0.0654432 -0.997856 0
    outer loop
      vertex 1.27 7.7 1.6
      vertex 1.20474 7.69572 5.72205e-07
      vertex 1.27 7.7 5.72205e-07
    endloop
  endfacet
  facet normal -0.195087 -0.980786 0
    outer loop
      vertex 1.33526 -6.70428 5.72205e-07
      vertex 1.39941 -6.71704 1.6
      vertex 1.33526 -6.70428 1.6
    endloop
  endfacet
  facet normal -0.195087 -0.980786 -0
    outer loop
      vertex 1.39941 -6.71704 1.6
      vertex 1.33526 -6.70428 5.72205e-07
      vertex 1.39941 -6.71704 5.72205e-07
    endloop
  endfacet
  facet normal -0.980786 0.195087 0
    outer loop
      vertex 1.75296 -7.32941 5.72205e-07
      vertex 1.76572 -7.26526 1.6
      vertex 1.76572 -7.26526 5.72205e-07
    endloop
  endfacet
  facet normal -0.980786 0.195087 0
    outer loop
      vertex 1.76572 -7.26526 1.6
      vertex 1.75296 -7.32941 5.72205e-07
      vertex 1.75296 -7.32941 1.6
    endloop
  endfacet
  facet normal -0.997856 0.0654432 0
    outer loop
      vertex 1.76572 -7.26526 5.72205e-07
      vertex 1.77 -7.2 1.6
      vertex 1.77 -7.2 5.72205e-07
    endloop
  endfacet
  facet normal -0.997856 0.0654432 0
    outer loop
      vertex 1.77 -7.2 1.6
      vertex 1.76572 -7.26526 5.72205e-07
      vertex 1.76572 -7.26526 1.6
    endloop
  endfacet
  facet normal -0.946941 0.321407 0
    outer loop
      vertex 1.73194 -7.39134 5.72205e-07
      vertex 1.75296 -7.32941 1.6
      vertex 1.75296 -7.32941 5.72205e-07
    endloop
  endfacet
  facet normal -0.946941 0.321407 0
    outer loop
      vertex 1.75296 -7.32941 1.6
      vertex 1.73194 -7.39134 5.72205e-07
      vertex 1.73194 -7.39134 1.6
    endloop
  endfacet
  facet normal -0.980786 -0.195087 0
    outer loop
      vertex 1.76572 -7.13474 5.72205e-07
      vertex 1.75296 -7.07059 1.6
      vertex 1.75296 -7.07059 5.72205e-07
    endloop
  endfacet
  facet normal -0.980786 -0.195087 0
    outer loop
      vertex 1.75296 -7.07059 1.6
      vertex 1.76572 -7.13474 5.72205e-07
      vertex 1.76572 -7.13474 1.6
    endloop
  endfacet
  facet normal -0.195087 0.980786 0
    outer loop
      vertex 1.39941 -7.68296 5.72205e-07
      vertex 1.33526 -7.69572 1.6
      vertex 1.39941 -7.68296 1.6
    endloop
  endfacet
  facet normal -0.195087 0.980786 0
    outer loop
      vertex 1.33526 -7.69572 1.6
      vertex 1.39941 -7.68296 5.72205e-07
      vertex 1.33526 -7.69572 5.72205e-07
    endloop
  endfacet
  facet normal -0.659424 -0.751771 0
    outer loop
      vertex 1.57438 -6.80332 5.72205e-07
      vertex 1.62355 -6.84645 1.6
      vertex 1.57438 -6.80332 1.6
    endloop
  endfacet
  facet normal -0.659424 -0.751771 -0
    outer loop
      vertex 1.62355 -6.84645 1.6
      vertex 1.57438 -6.80332 5.72205e-07
      vertex 1.62355 -6.84645 5.72205e-07
    endloop
  endfacet
  facet normal -0.89686 0.442314 0
    outer loop
      vertex 1.70301 -7.45 5.72205e-07
      vertex 1.73194 -7.39134 1.6
      vertex 1.73194 -7.39134 5.72205e-07
    endloop
  endfacet
  facet normal -0.89686 0.442314 0
    outer loop
      vertex 1.73194 -7.39134 1.6
      vertex 1.70301 -7.45 5.72205e-07
      vertex 1.70301 -7.45 1.6
    endloop
  endfacet
  facet normal -0.659424 0.751771 0
    outer loop
      vertex 1.62355 -7.55355 5.72205e-07
      vertex 1.57438 -7.59668 1.6
      vertex 1.62355 -7.55355 1.6
    endloop
  endfacet
  facet normal -0.659424 0.751771 0
    outer loop
      vertex 1.57438 -7.59668 1.6
      vertex 1.62355 -7.55355 5.72205e-07
      vertex 1.57438 -7.59668 5.72205e-07
    endloop
  endfacet
  facet normal 0.0654432 -0.997856 0
    outer loop
      vertex 1.20474 -6.70428 5.72205e-07
      vertex 1.27 -6.7 1.6
      vertex 1.20474 -6.70428 1.6
    endloop
  endfacet
  facet normal 0.0654432 -0.997856 0
    outer loop
      vertex 1.27 -6.7 1.6
      vertex 1.20474 -6.70428 5.72205e-07
      vertex 1.27 -6.7 5.72205e-07
    endloop
  endfacet
  facet normal 0.997859 -0.0653976 0
    outer loop
      vertex 0.77 -7.2 1.6
      vertex 0.774277 -7.13474 5.72205e-07
      vertex 0.774277 -7.13474 1.6
    endloop
  endfacet
  facet normal 0.997859 -0.0653976 0
    outer loop
      vertex 0.774277 -7.13474 5.72205e-07
      vertex 0.77 -7.2 1.6
      vertex 0.77 -7.2 5.72205e-07
    endloop
  endfacet
  facet normal -0.831509 -0.555512 0
    outer loop
      vertex 1.70301 -6.95 5.72205e-07
      vertex 1.66668 -6.89562 1.6
      vertex 1.66668 -6.89562 5.72205e-07
    endloop
  endfacet
  facet normal -0.831509 -0.555512 0
    outer loop
      vertex 1.66668 -6.89562 1.6
      vertex 1.70301 -6.95 5.72205e-07
      vertex 1.70301 -6.95 1.6
    endloop
  endfacet
  facet normal -0.0654432 -0.997856 0
    outer loop
      vertex 1.27 -6.7 5.72205e-07
      vertex 1.33526 -6.70428 1.6
      vertex 1.27 -6.7 1.6
    endloop
  endfacet
  facet normal -0.0654432 -0.997856 -0
    outer loop
      vertex 1.33526 -6.70428 1.6
      vertex 1.27 -6.7 5.72205e-07
      vertex 1.33526 -6.70428 5.72205e-07
    endloop
  endfacet
  facet normal -0.321407 0.946941 0
    outer loop
      vertex 1.46134 -7.66194 5.72205e-07
      vertex 1.39941 -7.68296 1.6
      vertex 1.46134 -7.66194 1.6
    endloop
  endfacet
  facet normal -0.321407 0.946941 0
    outer loop
      vertex 1.39941 -7.68296 1.6
      vertex 1.46134 -7.66194 5.72205e-07
      vertex 1.39941 -7.68296 5.72205e-07
    endloop
  endfacet
  facet normal 0.946927 0.321448 0
    outer loop
      vertex 0.80806 -7.39134 1.6
      vertex 0.787037 -7.32941 5.72205e-07
      vertex 0.787037 -7.32941 1.6
    endloop
  endfacet
  facet normal 0.946927 0.321448 0
    outer loop
      vertex 0.787037 -7.32941 5.72205e-07
      vertex 0.80806 -7.39134 1.6
      vertex 0.80806 -7.39134 5.72205e-07
    endloop
  endfacet
  facet normal -0.442314 -0.89686 0
    outer loop
      vertex 1.46134 -6.73806 5.72205e-07
      vertex 1.52 -6.76699 1.6
      vertex 1.46134 -6.73806 1.6
    endloop
  endfacet
  facet normal -0.442314 -0.89686 -0
    outer loop
      vertex 1.52 -6.76699 1.6
      vertex 1.46134 -6.73806 5.72205e-07
      vertex 1.52 -6.76699 5.72205e-07
    endloop
  endfacet
  facet normal 0.946927 -0.321448 0
    outer loop
      vertex 0.787037 -7.07059 1.6
      vertex 0.80806 -7.00866 5.72205e-07
      vertex 0.80806 -7.00866 1.6
    endloop
  endfacet
  facet normal 0.946927 -0.321448 0
    outer loop
      vertex 0.80806 -7.00866 5.72205e-07
      vertex 0.787037 -7.07059 1.6
      vertex 0.787037 -7.07059 5.72205e-07
    endloop
  endfacet
  facet normal 0.997859 0.0653976 0
    outer loop
      vertex 0.774277 -7.26526 1.6
      vertex 0.77 -7.2 5.72205e-07
      vertex 0.77 -7.2 1.6
    endloop
  endfacet
  facet normal 0.997859 0.0653976 0
    outer loop
      vertex 0.77 -7.2 5.72205e-07
      vertex 0.774277 -7.26526 1.6
      vertex 0.774277 -7.26526 5.72205e-07
    endloop
  endfacet
  facet normal 0.980786 0.195087 0
    outer loop
      vertex 0.787037 -7.32941 1.6
      vertex 0.774277 -7.26526 5.72205e-07
      vertex 0.774277 -7.26526 1.6
    endloop
  endfacet
  facet normal 0.980786 0.195087 0
    outer loop
      vertex 0.774277 -7.26526 5.72205e-07
      vertex 0.787037 -7.32941 1.6
      vertex 0.787037 -7.32941 5.72205e-07
    endloop
  endfacet
  facet normal -0.751771 0.659424 0
    outer loop
      vertex 1.62355 -7.55355 5.72205e-07
      vertex 1.66668 -7.50438 1.6
      vertex 1.66668 -7.50438 5.72205e-07
    endloop
  endfacet
  facet normal -0.751771 0.659424 0
    outer loop
      vertex 1.66668 -7.50438 1.6
      vertex 1.62355 -7.55355 5.72205e-07
      vertex 1.62355 -7.55355 1.6
    endloop
  endfacet
  facet normal -0.751771 -0.659424 0
    outer loop
      vertex 1.66668 -6.89562 5.72205e-07
      vertex 1.62355 -6.84645 1.6
      vertex 1.62355 -6.84645 5.72205e-07
    endloop
  endfacet
  facet normal -0.751771 -0.659424 0
    outer loop
      vertex 1.62355 -6.84645 1.6
      vertex 1.66668 -6.89562 5.72205e-07
      vertex 1.66668 -6.89562 1.6
    endloop
  endfacet
  facet normal -0.997856 -0.0654432 0
    outer loop
      vertex 1.77 -7.2 5.72205e-07
      vertex 1.76572 -7.13474 1.6
      vertex 1.76572 -7.13474 5.72205e-07
    endloop
  endfacet
  facet normal -0.997856 -0.0654432 0
    outer loop
      vertex 1.76572 -7.13474 1.6
      vertex 1.77 -7.2 5.72205e-07
      vertex 1.77 -7.2 1.6
    endloop
  endfacet
  facet normal -0.321407 -0.946941 0
    outer loop
      vertex 1.39941 -6.71704 5.72205e-07
      vertex 1.46134 -6.73806 1.6
      vertex 1.39941 -6.71704 1.6
    endloop
  endfacet
  facet normal -0.321407 -0.946941 -0
    outer loop
      vertex 1.46134 -6.73806 1.6
      vertex 1.39941 -6.71704 5.72205e-07
      vertex 1.46134 -6.73806 5.72205e-07
    endloop
  endfacet
  facet normal 0.751817 0.659372 0
    outer loop
      vertex 0.916446 -7.55355 1.6
      vertex 0.873322 -7.50438 5.72205e-07
      vertex 0.873322 -7.50438 1.6
    endloop
  endfacet
  facet normal 0.751817 0.659372 0
    outer loop
      vertex 0.873322 -7.50438 5.72205e-07
      vertex 0.916446 -7.55355 1.6
      vertex 0.916446 -7.55355 5.72205e-07
    endloop
  endfacet
  facet normal 0.896878 0.442277 0
    outer loop
      vertex 0.836987 -7.45 1.6
      vertex 0.80806 -7.39134 5.72205e-07
      vertex 0.80806 -7.39134 1.6
    endloop
  endfacet
  facet normal 0.896878 0.442277 0
    outer loop
      vertex 0.80806 -7.39134 5.72205e-07
      vertex 0.836987 -7.45 1.6
      vertex 0.836987 -7.45 5.72205e-07
    endloop
  endfacet
  facet normal -0.831509 0.555512 0
    outer loop
      vertex 1.66668 -7.50438 5.72205e-07
      vertex 1.70301 -7.45 1.6
      vertex 1.70301 -7.45 5.72205e-07
    endloop
  endfacet
  facet normal -0.831509 0.555512 0
    outer loop
      vertex 1.70301 -7.45 1.6
      vertex 1.66668 -7.50438 5.72205e-07
      vertex 1.66668 -7.50438 1.6
    endloop
  endfacet
  facet normal 0.751817 -0.659372 0
    outer loop
      vertex 0.873322 -6.89562 1.6
      vertex 0.916446 -6.84645 5.72205e-07
      vertex 0.916446 -6.84645 1.6
    endloop
  endfacet
  facet normal 0.751817 -0.659372 0
    outer loop
      vertex 0.916446 -6.84645 5.72205e-07
      vertex 0.873322 -6.89562 1.6
      vertex 0.873322 -6.89562 5.72205e-07
    endloop
  endfacet
  facet normal -0.89686 -0.442314 0
    outer loop
      vertex 1.73194 -7.00866 5.72205e-07
      vertex 1.70301 -6.95 1.6
      vertex 1.70301 -6.95 5.72205e-07
    endloop
  endfacet
  facet normal -0.89686 -0.442314 0
    outer loop
      vertex 1.70301 -6.95 1.6
      vertex 1.73194 -7.00866 5.72205e-07
      vertex 1.73194 -7.00866 1.6
    endloop
  endfacet
  facet normal 0.659401 0.751791 -0
    outer loop
      vertex 0.965619 -7.59668 5.72205e-07
      vertex 0.916446 -7.55355 1.6
      vertex 0.965619 -7.59668 1.6
    endloop
  endfacet
  facet normal 0.659401 0.751791 0
    outer loop
      vertex 0.916446 -7.55355 1.6
      vertex 0.965619 -7.59668 5.72205e-07
      vertex 0.916446 -7.55355 5.72205e-07
    endloop
  endfacet
  facet normal 0.555504 0.831514 -0
    outer loop
      vertex 1.02 -7.63301 5.72205e-07
      vertex 0.965619 -7.59668 1.6
      vertex 1.02 -7.63301 1.6
    endloop
  endfacet
  facet normal 0.555504 0.831514 0
    outer loop
      vertex 0.965619 -7.59668 1.6
      vertex 1.02 -7.63301 5.72205e-07
      vertex 0.965619 -7.59668 5.72205e-07
    endloop
  endfacet
  facet normal 0.442314 0.89686 -0
    outer loop
      vertex 1.07866 -7.66194 5.72205e-07
      vertex 1.02 -7.63301 1.6
      vertex 1.07866 -7.66194 1.6
    endloop
  endfacet
  facet normal 0.442314 0.89686 0
    outer loop
      vertex 1.02 -7.63301 1.6
      vertex 1.07866 -7.66194 5.72205e-07
      vertex 1.02 -7.63301 5.72205e-07
    endloop
  endfacet
  facet normal 0.321407 -0.946941 0
    outer loop
      vertex 1.07866 -6.73806 5.72205e-07
      vertex 1.14059 -6.71704 1.6
      vertex 1.07866 -6.73806 1.6
    endloop
  endfacet
  facet normal 0.321407 -0.946941 0
    outer loop
      vertex 1.14059 -6.71704 1.6
      vertex 1.07866 -6.73806 5.72205e-07
      vertex 1.14059 -6.71704 5.72205e-07
    endloop
  endfacet
  facet normal 0.831474 -0.555564 0
    outer loop
      vertex 0.836987 -6.95 1.6
      vertex 0.873322 -6.89562 5.72205e-07
      vertex 0.873322 -6.89562 1.6
    endloop
  endfacet
  facet normal 0.831474 -0.555564 0
    outer loop
      vertex 0.873322 -6.89562 5.72205e-07
      vertex 0.836987 -6.95 1.6
      vertex 0.836987 -6.95 5.72205e-07
    endloop
  endfacet
  facet normal 0.195087 -0.980786 0
    outer loop
      vertex 1.14059 -6.71704 5.72205e-07
      vertex 1.20474 -6.70428 1.6
      vertex 1.14059 -6.71704 1.6
    endloop
  endfacet
  facet normal 0.195087 -0.980786 0
    outer loop
      vertex 1.20474 -6.70428 1.6
      vertex 1.14059 -6.71704 5.72205e-07
      vertex 1.20474 -6.70428 5.72205e-07
    endloop
  endfacet
  facet normal -0.555512 -0.831509 0
    outer loop
      vertex 1.52 -6.76699 5.72205e-07
      vertex 1.57438 -6.80332 1.6
      vertex 1.52 -6.76699 1.6
    endloop
  endfacet
  facet normal -0.555512 -0.831509 -0
    outer loop
      vertex 1.57438 -6.80332 1.6
      vertex 1.52 -6.76699 5.72205e-07
      vertex 1.57438 -6.80332 5.72205e-07
    endloop
  endfacet
  facet normal 0.321407 0.946941 -0
    outer loop
      vertex 1.14059 -7.68296 5.72205e-07
      vertex 1.07866 -7.66194 1.6
      vertex 1.14059 -7.68296 1.6
    endloop
  endfacet
  facet normal 0.321407 0.946941 0
    outer loop
      vertex 1.07866 -7.66194 1.6
      vertex 1.14059 -7.68296 5.72205e-07
      vertex 1.07866 -7.66194 5.72205e-07
    endloop
  endfacet
  facet normal 0.896878 -0.442277 0
    outer loop
      vertex 0.80806 -7.00866 1.6
      vertex 0.836987 -6.95 5.72205e-07
      vertex 0.836987 -6.95 1.6
    endloop
  endfacet
  facet normal 0.896878 -0.442277 0
    outer loop
      vertex 0.836987 -6.95 5.72205e-07
      vertex 0.80806 -7.00866 1.6
      vertex 0.80806 -7.00866 5.72205e-07
    endloop
  endfacet
  facet normal -0.442314 0.89686 0
    outer loop
      vertex 1.52 -7.63301 5.72205e-07
      vertex 1.46134 -7.66194 1.6
      vertex 1.52 -7.63301 1.6
    endloop
  endfacet
  facet normal -0.442314 0.89686 0
    outer loop
      vertex 1.46134 -7.66194 1.6
      vertex 1.52 -7.63301 5.72205e-07
      vertex 1.46134 -7.66194 5.72205e-07
    endloop
  endfacet
  facet normal -0.555512 0.831509 0
    outer loop
      vertex 1.57438 -7.59668 5.72205e-07
      vertex 1.52 -7.63301 1.6
      vertex 1.57438 -7.59668 1.6
    endloop
  endfacet
  facet normal -0.555512 0.831509 0
    outer loop
      vertex 1.52 -7.63301 1.6
      vertex 1.57438 -7.59668 5.72205e-07
      vertex 1.52 -7.63301 5.72205e-07
    endloop
  endfacet
  facet normal -0.0654432 0.997856 0
    outer loop
      vertex 1.33526 -7.69572 5.72205e-07
      vertex 1.27 -7.7 1.6
      vertex 1.33526 -7.69572 1.6
    endloop
  endfacet
  facet normal -0.0654432 0.997856 0
    outer loop
      vertex 1.27 -7.7 1.6
      vertex 1.33526 -7.69572 5.72205e-07
      vertex 1.27 -7.7 5.72205e-07
    endloop
  endfacet
  facet normal 0.0654432 0.997856 -0
    outer loop
      vertex 1.27 -7.7 5.72205e-07
      vertex 1.20474 -7.69572 1.6
      vertex 1.27 -7.7 1.6
    endloop
  endfacet
  facet normal 0.0654432 0.997856 0
    outer loop
      vertex 1.20474 -7.69572 1.6
      vertex 1.27 -7.7 5.72205e-07
      vertex 1.20474 -7.69572 5.72205e-07
    endloop
  endfacet
  facet normal 0.980786 -0.195087 0
    outer loop
      vertex 0.774277 -7.13474 1.6
      vertex 0.787037 -7.07059 5.72205e-07
      vertex 0.787037 -7.07059 1.6
    endloop
  endfacet
  facet normal 0.980786 -0.195087 0
    outer loop
      vertex 0.787037 -7.07059 5.72205e-07
      vertex 0.774277 -7.13474 1.6
      vertex 0.774277 -7.13474 5.72205e-07
    endloop
  endfacet
  facet normal -0.946941 -0.321407 0
    outer loop
      vertex 1.75296 -7.07059 5.72205e-07
      vertex 1.73194 -7.00866 1.6
      vertex 1.73194 -7.00866 5.72205e-07
    endloop
  endfacet
  facet normal -0.946941 -0.321407 0
    outer loop
      vertex 1.73194 -7.00866 1.6
      vertex 1.75296 -7.07059 5.72205e-07
      vertex 1.75296 -7.07059 1.6
    endloop
  endfacet
  facet normal 0.195087 0.980786 -0
    outer loop
      vertex 1.20474 -7.69572 5.72205e-07
      vertex 1.14059 -7.68296 1.6
      vertex 1.20474 -7.69572 1.6
    endloop
  endfacet
  facet normal 0.195087 0.980786 0
    outer loop
      vertex 1.14059 -7.68296 1.6
      vertex 1.20474 -7.69572 5.72205e-07
      vertex 1.14059 -7.68296 5.72205e-07
    endloop
  endfacet
  facet normal 0.659401 -0.751791 0
    outer loop
      vertex 0.916446 -6.84645 5.72205e-07
      vertex 0.965619 -6.80332 1.6
      vertex 0.916446 -6.84645 1.6
    endloop
  endfacet
  facet normal 0.659401 -0.751791 0
    outer loop
      vertex 0.965619 -6.80332 1.6
      vertex 0.916446 -6.84645 5.72205e-07
      vertex 0.965619 -6.80332 5.72205e-07
    endloop
  endfacet
  facet normal 0.442314 -0.89686 0
    outer loop
      vertex 1.02 -6.76699 5.72205e-07
      vertex 1.07866 -6.73806 1.6
      vertex 1.02 -6.76699 1.6
    endloop
  endfacet
  facet normal 0.442314 -0.89686 0
    outer loop
      vertex 1.07866 -6.73806 1.6
      vertex 1.02 -6.76699 5.72205e-07
      vertex 1.07866 -6.73806 5.72205e-07
    endloop
  endfacet
  facet normal 0.831474 0.555564 0
    outer loop
      vertex 0.873322 -7.50438 1.6
      vertex 0.836987 -7.45 5.72205e-07
      vertex 0.836987 -7.45 1.6
    endloop
  endfacet
  facet normal 0.831474 0.555564 0
    outer loop
      vertex 0.836987 -7.45 5.72205e-07
      vertex 0.873322 -7.50438 1.6
      vertex 0.873322 -7.50438 5.72205e-07
    endloop
  endfacet
  facet normal 0.555504 -0.831514 0
    outer loop
      vertex 0.965619 -6.80332 5.72205e-07
      vertex 1.02 -6.76699 1.6
      vertex 0.965619 -6.80332 1.6
    endloop
  endfacet
  facet normal 0.555504 -0.831514 0
    outer loop
      vertex 1.02 -6.76699 1.6
      vertex 0.965619 -6.80332 5.72205e-07
      vertex 1.02 -6.76699 5.72205e-07
    endloop
  endfacet
  facet normal 0 0 -1
    outer loop
      vertex 1.34045 -11.0962 0.4
      vertex 0.943253 -10.449 0.4
      vertex 1.34045 -8.97688 0.4
    endloop
  endfacet
  facet normal 0 0 -1
    outer loop
      vertex 0.85437 -11.0531 0.4
      vertex 0.943253 -10.449 0.4
      vertex 1.34045 -11.0962 0.4
    endloop
  endfacet
  facet normal 0 0 -1
    outer loop
      vertex 0.943253 -10.449 0.4
      vertex 0.85437 -11.0531 0.4
      vertex 0.93631 -10.4504 0.4
    endloop
  endfacet
  facet normal 0 0 -1
    outer loop
      vertex 0.398849 -10.0865 0.4
      vertex 0.93631 -10.4504 0.4
      vertex 0.85437 -11.0531 0.4
    endloop
  endfacet
  facet normal 0 0 -1
    outer loop
      vertex 0.93631 -10.4504 0.4
      vertex 0.398849 -10.0865 0.4
      vertex 0.708557 -9.78378 0.4
    endloop
  endfacet
  facet normal 0 0 -1
    outer loop
      vertex 0.296066 -9.6685 0.4
      vertex 0.708557 -9.78378 0.4
      vertex 0.398849 -10.0865 0.4
    endloop
  endfacet
  facet normal 0 0 -1
    outer loop
      vertex 0.708557 -9.78378 0.4
      vertex 0.296066 -9.6685 0.4
      vertex 0.407166 -9.14771 0.4
    endloop
  endfacet
  facet normal 0 0 -1
    outer loop
      vertex -0.123337 -9.72128 0.4
      vertex 0.296066 -9.6685 0.4
      vertex 0.19191 -10.0893 0.4
    endloop
  endfacet
  facet normal 0 -0 -1
    outer loop
      vertex 0.15303 -9.14771 0.4
      vertex 0.296066 -9.6685 0.4
      vertex -0.123337 -9.72128 0.4
    endloop
  endfacet
  facet normal 0 0 -1
    outer loop
      vertex 0.296066 -9.6685 0.4
      vertex 0.15303 -9.14771 0.4
      vertex 0.407166 -9.14771 0.4
    endloop
  endfacet
  facet normal 0 0 -1
    outer loop
      vertex -0.358032 -10.449 0.4
      vertex 0.19191 -10.0893 0.4
      vertex -0.285812 -11.0934 0.4
    endloop
  endfacet
  facet normal -0 0 -1
    outer loop
      vertex 0.19191 -10.0893 0.4
      vertex -0.358032 -10.449 0.4
      vertex -0.123337 -9.72128 0.4
    endloop
  endfacet
  facet normal 0 0 -1
    outer loop
      vertex -0.742737 -10.7309 0.4
      vertex -0.358032 -10.449 0.4
      vertex -0.285812 -11.0934 0.4
    endloop
  endfacet
  facet normal -0 0 -1
    outer loop
      vertex -0.358032 -10.449 0.4
      vertex -0.742737 -10.7309 0.4
      vertex -0.366379 -10.4476 0.4
    endloop
  endfacet
  facet normal 0 -0 -1
    outer loop
      vertex -0.742737 -10.7309 0.4
      vertex -0.285812 -11.0934 0.4
      vertex -0.784393 -11.0517 0.4
    endloop
  endfacet
  facet normal 0 0 -1
    outer loop
      vertex 0.880753 -9.7421 0.4
      vertex 1.34045 -8.97688 0.4
      vertex 0.943253 -10.449 0.4
    endloop
  endfacet
  facet normal -0 0 -1
    outer loop
      vertex 1.34045 -8.97688 0.4
      vertex 0.880753 -9.7421 0.4
      vertex 0.880753 -8.97688 0.4
    endloop
  endfacet
  facet normal 0 0 -1
    outer loop
      vertex -0.742737 -10.7309 0.4
      vertex -0.295532 -9.6685 0.4
      vertex -0.366379 -10.4476 0.4
    endloop
  endfacet
  facet normal -0 0 -1
    outer loop
      vertex -0.295532 -9.6685 0.4
      vertex -0.742737 -10.7309 0.4
      vertex -0.742737 -8.97688 0.4
    endloop
  endfacet
  facet normal 0 0 -1
    outer loop
      vertex -0.295532 -9.6685 0.4
      vertex -0.742737 -8.97688 0.4
      vertex -0.295532 -8.97688 0.4
    endloop
  endfacet
  facet normal 0 0 -1
    outer loop
      vertex -1.0524 -11.0948 0.4
      vertex -1.54126 -10.7309 0.4
      vertex -1.0524 -8.97688 0.4
    endloop
  endfacet
  facet normal 0 -0 -1
    outer loop
      vertex -1.54126 -10.7309 0.4
      vertex -1.0524 -11.0948 0.4
      vertex -1.5871 -11.0517 0.4
    endloop
  endfacet
  facet normal -0 0 -1
    outer loop
      vertex -1.0524 -8.97688 0.4
      vertex -1.54126 -10.7309 0.4
      vertex -1.54126 -8.97688 0.4
    endloop
  endfacet
  facet normal 0 0 -1
    outer loop
      vertex 2.69441 -11.0948 0.4
      vertex 2.52359 -10.3518 0.4
      vertex 2.64166 -9.87404 0.4
    endloop
  endfacet
  facet normal 0 0 -1
    outer loop
      vertex 2.69441 -11.0948 0.4
      vertex 2.45137 -10.867 0.4
      vertex 2.52359 -10.3518 0.4
    endloop
  endfacet
  facet normal 0 0 -1
    outer loop
      vertex 2.12086 -10.7601 0.4
      vertex 2.37778 -10.3518 0.4
      vertex 2.45137 -10.867 0.4
    endloop
  endfacet
  facet normal -0 0 -1
    outer loop
      vertex 2.37778 -10.3518 0.4
      vertex 2.12086 -10.7601 0.4
      vertex 2.26112 -9.87404 0.4
    endloop
  endfacet
  facet normal 0 0 -1
    outer loop
      vertex 2.16946 -11.0517 0.4
      vertex 2.45137 -10.867 0.4
      vertex 2.69441 -11.0948 0.4
    endloop
  endfacet
  facet normal 0 0 -1
    outer loop
      vertex 2.12086 -10.7601 0.4
      vertex 2.45137 -10.867 0.4
      vertex 2.16946 -11.0517 0.4
    endloop
  endfacet
  facet normal 0 0 -1
    outer loop
      vertex 1.56812 -8.97688 0.4
      vertex 2.26112 -9.87404 0.4
      vertex 2.12086 -10.7601 0.4
    endloop
  endfacet
  facet normal 0 0 -1
    outer loop
      vertex 2.26112 -9.87404 0.4
      vertex 1.56812 -8.97688 0.4
      vertex 2.17918 -9.5699 0.4
    endloop
  endfacet
  facet normal 0 0 -1
    outer loop
      vertex 2.17918 -9.5699 0.4
      vertex 1.56812 -8.97688 0.4
      vertex 2.02226 -8.97688 0.4
    endloop
  endfacet
  facet normal -0 0 -1
    outer loop
      vertex 3.35966 -8.97688 0.4
      vertex 2.7236 -9.5699 0.4
      vertex 2.8847 -8.97688 0.4
    endloop
  endfacet
  facet normal 0 0 -1
    outer loop
      vertex 2.64166 -9.87404 0.4
      vertex 3.35966 -8.97688 0.4
      vertex 2.69441 -11.0948 0.4
    endloop
  endfacet
  facet normal 0 0 -1
    outer loop
      vertex 3.35966 -8.97688 0.4
      vertex 2.64166 -9.87404 0.4
      vertex 2.7236 -9.5699 0.4
    endloop
  endfacet
  facet normal 0 0 -1
    outer loop
      vertex 2.26112 -9.87404 0.4
      vertex 2.7236 -9.5699 0.4
      vertex 2.64166 -9.87404 0.4
    endloop
  endfacet
  facet normal -0 0 -1
    outer loop
      vertex 2.7236 -9.5699 0.4
      vertex 2.26112 -9.87404 0.4
      vertex 2.17918 -9.5699 0.4
    endloop
  endfacet
  facet normal 0 0 -1
    outer loop
      vertex -1.95622 -10.6274 0.4
      vertex -1.74637 -10.8756 0.4
      vertex -1.7838 -10.9056 0.4
    endloop
  endfacet
  facet normal 0 0 -1
    outer loop
      vertex -1.98376 -10.644 0.4
      vertex -1.7838 -10.9056 0.4
      vertex -1.82291 -10.9333 0.4
    endloop
  endfacet
  facet normal 0 0 -1
    outer loop
      vertex -2.01199 -10.6601 0.4
      vertex -1.82291 -10.9333 0.4
      vertex -1.86368 -10.9588 0.4
    endloop
  endfacet
  facet normal 0 0 -1
    outer loop
      vertex -2.04073 -10.6754 0.4
      vertex -1.86368 -10.9588 0.4
      vertex -1.90611 -10.9821 0.4
    endloop
  endfacet
  facet normal 0 0 -1
    outer loop
      vertex -1.7838 -10.9056 0.4
      vertex -1.98376 -10.644 0.4
      vertex -1.96991 -10.6358 0.4
    endloop
  endfacet
  facet normal 0 0 -1
    outer loop
      vertex -1.71062 -10.8434 0.4
      vertex -1.92934 -10.6104 0.4
      vertex -1.91615 -10.6018 0.4
    endloop
  endfacet
  facet normal 0 0 -1
    outer loop
      vertex -1.74637 -10.8756 0.4
      vertex -1.92934 -10.6104 0.4
      vertex -1.71062 -10.8434 0.4
    endloop
  endfacet
  facet normal 0 0 -1
    outer loop
      vertex -2.06981 -10.6896 0.4
      vertex -1.90611 -10.9821 0.4
      vertex -1.95023 -11.0031 0.4
    endloop
  endfacet
  facet normal 0 -0 -1
    outer loop
      vertex -1.92934 -10.6104 0.4
      vertex -1.74637 -10.8756 0.4
      vertex -1.94269 -10.619 0.4
    endloop
  endfacet
  facet normal 0 0 -1
    outer loop
      vertex -1.74637 -10.8756 0.4
      vertex -1.95622 -10.6274 0.4
      vertex -1.94269 -10.619 0.4
    endloop
  endfacet
  facet normal 0 0 -1
    outer loop
      vertex -1.7838 -10.9056 0.4
      vertex -1.96991 -10.6358 0.4
      vertex -1.95622 -10.6274 0.4
    endloop
  endfacet
  facet normal 0 0 -1
    outer loop
      vertex -2.09923 -10.7026 0.4
      vertex -1.95023 -11.0031 0.4
      vertex -1.99602 -11.0219 0.4
    endloop
  endfacet
  facet normal 0 0 -1
    outer loop
      vertex -1.82291 -10.9333 0.4
      vertex -1.9978 -10.6521 0.4
      vertex -1.98376 -10.644 0.4
    endloop
  endfacet
  facet normal 0 0 -1
    outer loop
      vertex -1.82291 -10.9333 0.4
      vertex -2.01199 -10.6601 0.4
      vertex -1.9978 -10.6521 0.4
    endloop
  endfacet
  facet normal 0 0 -1
    outer loop
      vertex -1.86368 -10.9588 0.4
      vertex -2.02632 -10.6679 0.4
      vertex -2.01199 -10.6601 0.4
    endloop
  endfacet
  facet normal 0 0 -1
    outer loop
      vertex -1.86368 -10.9588 0.4
      vertex -2.04073 -10.6754 0.4
      vertex -2.02632 -10.6679 0.4
    endloop
  endfacet
  facet normal 0 0 -1
    outer loop
      vertex -2.12892 -10.7145 0.4
      vertex -1.99602 -11.0219 0.4
      vertex -2.04297 -11.0383 0.4
    endloop
  endfacet
  facet normal 0 0 -1
    outer loop
      vertex -1.90611 -10.9821 0.4
      vertex -2.05522 -10.6826 0.4
      vertex -2.04073 -10.6754 0.4
    endloop
  endfacet
  facet normal 0 0 -1
    outer loop
      vertex -1.90611 -10.9821 0.4
      vertex -2.06981 -10.6896 0.4
      vertex -2.05522 -10.6826 0.4
    endloop
  endfacet
  facet normal 0 0 -1
    outer loop
      vertex -1.95023 -11.0031 0.4
      vertex -2.08447 -10.6962 0.4
      vertex -2.06981 -10.6896 0.4
    endloop
  endfacet
  facet normal 0 0 -1
    outer loop
      vertex -2.15857 -10.725 0.4
      vertex -2.04297 -11.0383 0.4
      vertex -2.09058 -11.0521 0.4
    endloop
  endfacet
  facet normal 0 0 -1
    outer loop
      vertex -1.95023 -11.0031 0.4
      vertex -2.09923 -10.7026 0.4
      vertex -2.08447 -10.6962 0.4
    endloop
  endfacet
  facet normal 0 0 -1
    outer loop
      vertex -1.99602 -11.0219 0.4
      vertex -2.11406 -10.7087 0.4
      vertex -2.09923 -10.7026 0.4
    endloop
  endfacet
  facet normal 0 0 -1
    outer loop
      vertex -1.99602 -11.0219 0.4
      vertex -2.12892 -10.7145 0.4
      vertex -2.11406 -10.7087 0.4
    endloop
  endfacet
  facet normal 0 0 -1
    outer loop
      vertex -2.18811 -10.7342 0.4
      vertex -2.09058 -11.0521 0.4
      vertex -2.13882 -11.0635 0.4
    endloop
  endfacet
  facet normal 0 0 -1
    outer loop
      vertex -2.04297 -11.0383 0.4
      vertex -2.14377 -10.7199 0.4
      vertex -2.12892 -10.7145 0.4
    endloop
  endfacet
  facet normal 0 0 -1
    outer loop
      vertex -2.04297 -11.0383 0.4
      vertex -2.15857 -10.725 0.4
      vertex -2.14377 -10.7199 0.4
    endloop
  endfacet
  facet normal 0 0 -1
    outer loop
      vertex -2.09058 -11.0521 0.4
      vertex -2.17336 -10.7298 0.4
      vertex -2.15857 -10.725 0.4
    endloop
  endfacet
  facet normal 0 0 -1
    outer loop
      vertex -2.23213 -10.7453 0.4
      vertex -2.13882 -11.0635 0.4
      vertex -2.18773 -11.0723 0.4
    endloop
  endfacet
  facet normal 0 0 -1
    outer loop
      vertex -2.09058 -11.0521 0.4
      vertex -2.18811 -10.7342 0.4
      vertex -2.17336 -10.7298 0.4
    endloop
  endfacet
  facet normal 0 0 -1
    outer loop
      vertex -2.13882 -11.0635 0.4
      vertex -2.20284 -10.7383 0.4
      vertex -2.18811 -10.7342 0.4
    endloop
  endfacet
  facet normal 0 0 -1
    outer loop
      vertex -2.13882 -11.0635 0.4
      vertex -2.21754 -10.742 0.4
      vertex -2.20284 -10.7383 0.4
    endloop
  endfacet
  facet normal 0 0 -1
    outer loop
      vertex -2.13882 -11.0635 0.4
      vertex -2.23213 -10.7453 0.4
      vertex -2.21754 -10.742 0.4
    endloop
  endfacet
  facet normal 0 0 -1
    outer loop
      vertex -2.26082 -10.7504 0.4
      vertex -2.18773 -11.0723 0.4
      vertex -2.23729 -11.0786 0.4
    endloop
  endfacet
  facet normal 0 0 -1
    outer loop
      vertex -2.18773 -11.0723 0.4
      vertex -2.24657 -10.7482 0.4
      vertex -2.23213 -10.7453 0.4
    endloop
  endfacet
  facet normal 0 0 -1
    outer loop
      vertex -2.18773 -11.0723 0.4
      vertex -2.26082 -10.7504 0.4
      vertex -2.24657 -10.7482 0.4
    endloop
  endfacet
  facet normal 0 0 -1
    outer loop
      vertex -2.23729 -11.0786 0.4
      vertex -2.2749 -10.7522 0.4
      vertex -2.26082 -10.7504 0.4
    endloop
  endfacet
  facet normal 0 0 -1
    outer loop
      vertex -2.28882 -10.7535 0.4
      vertex -2.23729 -11.0786 0.4
      vertex -2.28749 -11.0824 0.4
    endloop
  endfacet
  facet normal 0 0 -1
    outer loop
      vertex -2.23729 -11.0786 0.4
      vertex -2.28882 -10.7535 0.4
      vertex -2.2749 -10.7522 0.4
    endloop
  endfacet
  facet normal 0 0 -1
    outer loop
      vertex -2.28749 -11.0824 0.4
      vertex -2.30257 -10.7543 0.4
      vertex -2.28882 -10.7535 0.4
    endloop
  endfacet
  facet normal 0 0 -1
    outer loop
      vertex -2.28749 -11.0824 0.4
      vertex -2.31615 -10.7545 0.4
      vertex -2.30257 -10.7543 0.4
    endloop
  endfacet
  facet normal 0 0 -1
    outer loop
      vertex -2.33836 -11.0837 0.4
      vertex -2.31615 -10.7545 0.4
      vertex -2.28749 -11.0824 0.4
    endloop
  endfacet
  facet normal 0 0 -1
    outer loop
      vertex -2.33836 -11.0837 0.4
      vertex -2.35303 -10.7534 0.4
      vertex -2.31615 -10.7545 0.4
    endloop
  endfacet
  facet normal 0 0 -1
    outer loop
      vertex -2.40686 -11.082 0.4
      vertex -2.35303 -10.7534 0.4
      vertex -2.33836 -11.0837 0.4
    endloop
  endfacet
  facet normal -0 0 -1
    outer loop
      vertex -2.35303 -10.7534 0.4
      vertex -2.40686 -11.082 0.4
      vertex -2.38831 -10.7499 0.4
    endloop
  endfacet
  facet normal 0 0 -1
    outer loop
      vertex -2.4727 -11.0769 0.4
      vertex -2.38831 -10.7499 0.4
      vertex -2.40686 -11.082 0.4
    endloop
  endfacet
  facet normal -0 0 -1
    outer loop
      vertex -2.38831 -10.7499 0.4
      vertex -2.4727 -11.0769 0.4
      vertex -2.42197 -10.7442 0.4
    endloop
  endfacet
  facet normal -0 0 -1
    outer loop
      vertex -2.42197 -10.7442 0.4
      vertex -2.4727 -11.0769 0.4
      vertex -2.45401 -10.7362 0.4
    endloop
  endfacet
  facet normal 0 0 -1
    outer loop
      vertex -2.53587 -11.0684 0.4
      vertex -2.45401 -10.7362 0.4
      vertex -2.4727 -11.0769 0.4
    endloop
  endfacet
  facet normal -0 0 -1
    outer loop
      vertex -2.45401 -10.7362 0.4
      vertex -2.53587 -11.0684 0.4
      vertex -2.48444 -10.7258 0.4
    endloop
  endfacet
  facet normal 0 0 -1
    outer loop
      vertex -2.59639 -11.0565 0.4
      vertex -2.48444 -10.7258 0.4
      vertex -2.53587 -11.0684 0.4
    endloop
  endfacet
  facet normal -0 0 -1
    outer loop
      vertex -2.48444 -10.7258 0.4
      vertex -2.59639 -11.0565 0.4
      vertex -2.51324 -10.7132 0.4
    endloop
  endfacet
  facet normal 0 0 -1
    outer loop
      vertex -2.65424 -11.0412 0.4
      vertex -2.51324 -10.7132 0.4
      vertex -2.59639 -11.0565 0.4
    endloop
  endfacet
  facet normal -0 0 -1
    outer loop
      vertex -2.51324 -10.7132 0.4
      vertex -2.65424 -11.0412 0.4
      vertex -2.54044 -10.6983 0.4
    endloop
  endfacet
  facet normal 0 0 -1
    outer loop
      vertex -2.70943 -11.0224 0.4
      vertex -2.54044 -10.6983 0.4
      vertex -2.65424 -11.0412 0.4
    endloop
  endfacet
  facet normal -0 0 -1
    outer loop
      vertex -2.54044 -10.6983 0.4
      vertex -2.70943 -11.0224 0.4
      vertex -2.56613 -10.6814 0.4
    endloop
  endfacet
  facet normal 0 0 -1
    outer loop
      vertex -2.76193 -11.0004 0.4
      vertex -2.56613 -10.6814 0.4
      vertex -2.70943 -11.0224 0.4
    endloop
  endfacet
  facet normal -0 0 -1
    outer loop
      vertex -2.56613 -10.6814 0.4
      vertex -2.76193 -11.0004 0.4
      vertex -2.59042 -10.6629 0.4
    endloop
  endfacet
  facet normal 0 0 -1
    outer loop
      vertex -2.81187 -10.9753 0.4
      vertex -2.59042 -10.6629 0.4
      vertex -2.76193 -11.0004 0.4
    endloop
  endfacet
  facet normal -0 0 -1
    outer loop
      vertex -2.59042 -10.6629 0.4
      vertex -2.81187 -10.9753 0.4
      vertex -2.61334 -10.6427 0.4
    endloop
  endfacet
  facet normal 0 0 -1
    outer loop
      vertex -2.85927 -10.9479 0.4
      vertex -2.61334 -10.6427 0.4
      vertex -2.81187 -10.9753 0.4
    endloop
  endfacet
  facet normal -0 0 -1
    outer loop
      vertex -2.61334 -10.6427 0.4
      vertex -2.85927 -10.9479 0.4
      vertex -2.63487 -10.6208 0.4
    endloop
  endfacet
  facet normal 0 0 -1
    outer loop
      vertex -2.90416 -10.9181 0.4
      vertex -2.63487 -10.6208 0.4
      vertex -2.85927 -10.9479 0.4
    endloop
  endfacet
  facet normal -0 0 -1
    outer loop
      vertex -2.63487 -10.6208 0.4
      vertex -2.90416 -10.9181 0.4
      vertex -2.65501 -10.5974 0.4
    endloop
  endfacet
  facet normal 0 0 -1
    outer loop
      vertex -2.94652 -10.8858 0.4
      vertex -2.65501 -10.5974 0.4
      vertex -2.90416 -10.9181 0.4
    endloop
  endfacet
  facet normal 0 0 -1
    outer loop
      vertex -2.98636 -10.8512 0.4
      vertex -2.65501 -10.5974 0.4
      vertex -2.94652 -10.8858 0.4
    endloop
  endfacet
  facet normal -0 0 -1
    outer loop
      vertex -2.65501 -10.5974 0.4
      vertex -2.98636 -10.8512 0.4
      vertex -2.67375 -10.5723 0.4
    endloop
  endfacet
  facet normal 0 0 -1
    outer loop
      vertex -3.02367 -10.8141 0.4
      vertex -2.67375 -10.5723 0.4
      vertex -2.98636 -10.8512 0.4
    endloop
  endfacet
  facet normal -0 0 -1
    outer loop
      vertex -2.67375 -10.5723 0.4
      vertex -3.02367 -10.8141 0.4
      vertex -2.69112 -10.5455 0.4
    endloop
  endfacet
  facet normal 0 0 -1
    outer loop
      vertex -3.05846 -10.7747 0.4
      vertex -2.69112 -10.5455 0.4
      vertex -3.02367 -10.8141 0.4
    endloop
  endfacet
  facet normal -0 0 -1
    outer loop
      vertex -2.69112 -10.5455 0.4
      vertex -3.05846 -10.7747 0.4
      vertex -2.70714 -10.5173 0.4
    endloop
  endfacet
  facet normal 0 0 -1
    outer loop
      vertex -3.09076 -10.733 0.4
      vertex -2.70714 -10.5173 0.4
      vertex -3.05846 -10.7747 0.4
    endloop
  endfacet
  facet normal -0 0 -1
    outer loop
      vertex -2.70714 -10.5173 0.4
      vertex -3.09076 -10.733 0.4
      vertex -2.72189 -10.4877 0.4
    endloop
  endfacet
  facet normal 0 0 -1
    outer loop
      vertex -3.12057 -10.6895 0.4
      vertex -2.72189 -10.4877 0.4
      vertex -3.09076 -10.733 0.4
    endloop
  endfacet
  facet normal -0 0 -1
    outer loop
      vertex -2.72189 -10.4877 0.4
      vertex -3.12057 -10.6895 0.4
      vertex -2.73537 -10.4569 0.4
    endloop
  endfacet
  facet normal 0 0 -1
    outer loop
      vertex -3.17284 -10.5968 0.4
      vertex -2.74757 -10.4248 0.4
      vertex -3.14795 -10.6441 0.4
    endloop
  endfacet
  facet normal -0 0 -1
    outer loop
      vertex -2.73537 -10.4569 0.4
      vertex -3.14795 -10.6441 0.4
      vertex -2.74757 -10.4248 0.4
    endloop
  endfacet
  facet normal 0 0 -1
    outer loop
      vertex -3.14795 -10.6441 0.4
      vertex -2.73537 -10.4569 0.4
      vertex -3.12057 -10.6895 0.4
    endloop
  endfacet
  facet normal 0 0 -1
    outer loop
      vertex -1.92062 -9.42078 0.4
      vertex -1.77464 -9.13078 0.4
      vertex -1.73424 -9.16161 0.4
    endloop
  endfacet
  facet normal 0 0 -1
    outer loop
      vertex -1.96098 -9.39911 0.4
      vertex -1.77464 -9.13078 0.4
      vertex -1.94112 -9.40967 0.4
    endloop
  endfacet
  facet normal 0 0 -1
    outer loop
      vertex -1.92062 -9.42078 0.4
      vertex -1.73424 -9.16161 0.4
      vertex -1.89951 -9.4324 0.4
    endloop
  endfacet
  facet normal 0 0 -1
    outer loop
      vertex -1.77464 -9.13078 0.4
      vertex -1.92062 -9.42078 0.4
      vertex -1.94112 -9.40967 0.4
    endloop
  endfacet
  facet normal -0 0 -1
    outer loop
      vertex -1.77464 -9.13078 0.4
      vertex -1.96098 -9.39911 0.4
      vertex -1.81569 -9.10258 0.4
    endloop
  endfacet
  facet normal 0 0 -1
    outer loop
      vertex -1.98022 -9.3891 0.4
      vertex -1.81569 -9.10258 0.4
      vertex -1.96098 -9.39911 0.4
    endloop
  endfacet
  facet normal 0 0 -1
    outer loop
      vertex -1.99884 -9.37961 0.4
      vertex -1.81569 -9.10258 0.4
      vertex -1.98022 -9.3891 0.4
    endloop
  endfacet
  facet normal -0 0 -1
    outer loop
      vertex -1.81569 -9.10258 0.4
      vertex -1.99884 -9.37961 0.4
      vertex -1.85739 -9.07704 0.4
    endloop
  endfacet
  facet normal 0 0 -1
    outer loop
      vertex -2.01685 -9.37067 0.4
      vertex -1.85739 -9.07704 0.4
      vertex -1.99884 -9.37961 0.4
    endloop
  endfacet
  facet normal 0 0 -1
    outer loop
      vertex -2.03423 -9.36226 0.4
      vertex -1.85739 -9.07704 0.4
      vertex -2.01685 -9.37067 0.4
    endloop
  endfacet
  facet normal -0 0 -1
    outer loop
      vertex -1.85739 -9.07704 0.4
      vertex -2.03423 -9.36226 0.4
      vertex -1.89975 -9.05412 0.4
    endloop
  endfacet
  facet normal 0 0 -1
    outer loop
      vertex -2.0511 -9.35435 0.4
      vertex -1.89975 -9.05412 0.4
      vertex -2.03423 -9.36226 0.4
    endloop
  endfacet
  facet normal 0 0 -1
    outer loop
      vertex -2.06761 -9.34691 0.4
      vertex -1.89975 -9.05412 0.4
      vertex -2.0511 -9.35435 0.4
    endloop
  endfacet
  facet normal -0 0 -1
    outer loop
      vertex -1.89975 -9.05412 0.4
      vertex -2.06761 -9.34691 0.4
      vertex -1.94276 -9.03384 0.4
    endloop
  endfacet
  facet normal 0 0 -1
    outer loop
      vertex -2.08376 -9.3399 0.4
      vertex -1.94276 -9.03384 0.4
      vertex -2.06761 -9.34691 0.4
    endloop
  endfacet
  facet normal -0 0 -1
    outer loop
      vertex -1.94276 -9.03384 0.4
      vertex -2.08376 -9.3399 0.4
      vertex -1.98642 -9.01619 0.4
    endloop
  endfacet
  facet normal 0 0 -1
    outer loop
      vertex -2.09953 -9.33336 0.4
      vertex -1.98642 -9.01619 0.4
      vertex -2.08376 -9.3399 0.4
    endloop
  endfacet
  facet normal 0 0 -1
    outer loop
      vertex -2.11493 -9.32727 0.4
      vertex -1.98642 -9.01619 0.4
      vertex -2.09953 -9.33336 0.4
    endloop
  endfacet
  facet normal -0 0 -1
    outer loop
      vertex -1.98642 -9.01619 0.4
      vertex -2.11493 -9.32727 0.4
      vertex -2.03075 -9.00119 0.4
    endloop
  endfacet
  facet normal 0 0 -1
    outer loop
      vertex -2.12997 -9.32162 0.4
      vertex -2.03075 -9.00119 0.4
      vertex -2.11493 -9.32727 0.4
    endloop
  endfacet
  facet normal 0 0 -1
    outer loop
      vertex -2.14464 -9.31644 0.4
      vertex -2.03075 -9.00119 0.4
      vertex -2.12997 -9.32162 0.4
    endloop
  endfacet
  facet normal -0 0 -1
    outer loop
      vertex -2.03075 -9.00119 0.4
      vertex -2.14464 -9.31644 0.4
      vertex -2.07588 -8.98848 0.4
    endloop
  endfacet
  facet normal 0 0 -1
    outer loop
      vertex -2.15903 -9.31168 0.4
      vertex -2.07588 -8.98848 0.4
      vertex -2.14464 -9.31644 0.4
    endloop
  endfacet
  facet normal 0 0 -1
    outer loop
      vertex -2.1732 -9.30731 0.4
      vertex -2.07588 -8.98848 0.4
      vertex -2.15903 -9.31168 0.4
    endloop
  endfacet
  facet normal 0 0 -1
    outer loop
      vertex -2.18719 -9.30334 0.4
      vertex -2.07588 -8.98848 0.4
      vertex -2.1732 -9.30731 0.4
    endloop
  endfacet
  facet normal -0 0 -1
    outer loop
      vertex -2.07588 -8.98848 0.4
      vertex -2.18719 -9.30334 0.4
      vertex -2.12201 -8.97772 0.4
    endloop
  endfacet
  facet normal 0 0 -1
    outer loop
      vertex -2.20097 -9.29977 0.4
      vertex -2.12201 -8.97772 0.4
      vertex -2.18719 -9.30334 0.4
    endloop
  endfacet
  facet normal 0 0 -1
    outer loop
      vertex -2.21457 -9.2966 0.4
      vertex -2.12201 -8.97772 0.4
      vertex -2.20097 -9.29977 0.4
    endloop
  endfacet
  facet normal -0 0 -1
    outer loop
      vertex -2.12201 -8.97772 0.4
      vertex -2.21457 -9.2966 0.4
      vertex -2.16913 -8.96892 0.4
    endloop
  endfacet
  facet normal 0 0 -1
    outer loop
      vertex -2.22797 -9.29382 0.4
      vertex -2.16913 -8.96892 0.4
      vertex -2.21457 -9.2966 0.4
    endloop
  endfacet
  facet normal 0 0 -1
    outer loop
      vertex -2.24117 -9.29144 0.4
      vertex -2.16913 -8.96892 0.4
      vertex -2.22797 -9.29382 0.4
    endloop
  endfacet
  facet normal -0 0 -1
    outer loop
      vertex -2.16913 -8.96892 0.4
      vertex -2.24117 -9.29144 0.4
      vertex -2.21724 -8.96208 0.4
    endloop
  endfacet
  facet normal 0 0 -1
    outer loop
      vertex -2.25427 -9.28941 0.4
      vertex -2.21724 -8.96208 0.4
      vertex -2.24117 -9.29144 0.4
    endloop
  endfacet
  facet normal 0 0 -1
    outer loop
      vertex -2.26746 -9.2877 0.4
      vertex -2.21724 -8.96208 0.4
      vertex -2.25427 -9.28941 0.4
    endloop
  endfacet
  facet normal -0 0 -1
    outer loop
      vertex -2.21724 -8.96208 0.4
      vertex -2.26746 -9.2877 0.4
      vertex -2.26634 -8.9572 0.4
    endloop
  endfacet
  facet normal 0 0 -1
    outer loop
      vertex -2.28069 -9.2863 0.4
      vertex -2.26634 -8.9572 0.4
      vertex -2.26746 -9.2877 0.4
    endloop
  endfacet
  facet normal 0 0 -1
    outer loop
      vertex -2.29398 -9.2852 0.4
      vertex -2.26634 -8.9572 0.4
      vertex -2.28069 -9.2863 0.4
    endloop
  endfacet
  facet normal 0 0 -1
    outer loop
      vertex -2.30733 -9.28442 0.4
      vertex -2.26634 -8.9572 0.4
      vertex -2.29398 -9.2852 0.4
    endloop
  endfacet
  facet normal 0 0 -1
    outer loop
      vertex -2.30733 -9.28442 0.4
      vertex -2.31644 -8.95425 0.4
      vertex -2.26634 -8.9572 0.4
    endloop
  endfacet
  facet normal 0 0 -1
    outer loop
      vertex -2.32074 -9.28397 0.4
      vertex -2.31644 -8.95425 0.4
      vertex -2.30733 -9.28442 0.4
    endloop
  endfacet
  facet normal 0 0 -1
    outer loop
      vertex -2.3342 -9.2838 0.4
      vertex -2.31644 -8.95425 0.4
      vertex -2.32074 -9.28397 0.4
    endloop
  endfacet
  facet normal 0 0 -1
    outer loop
      vertex -2.36752 -8.95328 0.4
      vertex -2.3342 -9.2838 0.4
      vertex -2.35767 -9.28448 0.4
    endloop
  endfacet
  facet normal 0 0 -1
    outer loop
      vertex -2.3342 -9.2838 0.4
      vertex -2.36752 -8.95328 0.4
      vertex -2.31644 -8.95425 0.4
    endloop
  endfacet
  facet normal 0 0 -1
    outer loop
      vertex -2.38045 -9.28653 0.4
      vertex -2.36752 -8.95328 0.4
      vertex -2.35767 -9.28448 0.4
    endloop
  endfacet
  facet normal 0 0 -1
    outer loop
      vertex -2.42812 -8.95505 0.4
      vertex -2.38045 -9.28653 0.4
      vertex -2.40256 -9.28992 0.4
    endloop
  endfacet
  facet normal 0 0 -1
    outer loop
      vertex -2.48689 -8.96037 0.4
      vertex -2.40256 -9.28992 0.4
      vertex -2.42398 -9.29468 0.4
    endloop
  endfacet
  facet normal 0 0 -1
    outer loop
      vertex -2.38045 -9.28653 0.4
      vertex -2.42812 -8.95505 0.4
      vertex -2.36752 -8.95328 0.4
    endloop
  endfacet
  facet normal 0 0 -1
    outer loop
      vertex -2.48689 -8.96037 0.4
      vertex -2.42398 -9.29468 0.4
      vertex -2.44473 -9.3008 0.4
    endloop
  endfacet
  facet normal 0 0 -1
    outer loop
      vertex -2.54387 -8.96922 0.4
      vertex -2.44473 -9.3008 0.4
      vertex -2.4648 -9.30829 0.4
    endloop
  endfacet
  facet normal 0 0 -1
    outer loop
      vertex -2.59903 -8.98163 0.4
      vertex -2.4648 -9.30829 0.4
      vertex -2.48418 -9.31712 0.4
    endloop
  endfacet
  facet normal 0 0 -1
    outer loop
      vertex -2.40256 -9.28992 0.4
      vertex -2.48689 -8.96037 0.4
      vertex -2.42812 -8.95505 0.4
    endloop
  endfacet
  facet normal 0 0 -1
    outer loop
      vertex -2.65237 -8.99757 0.4
      vertex -2.48418 -9.31712 0.4
      vertex -2.50293 -9.32713 0.4
    endloop
  endfacet
  facet normal 0 0 -1
    outer loop
      vertex -2.65237 -8.99757 0.4
      vertex -2.50293 -9.32713 0.4
      vertex -2.52109 -9.3381 0.4
    endloop
  endfacet
  facet normal 0 0 -1
    outer loop
      vertex -2.7039 -9.01706 0.4
      vertex -2.52109 -9.3381 0.4
      vertex -2.53864 -9.35004 0.4
    endloop
  endfacet
  facet normal 0 0 -1
    outer loop
      vertex -2.44473 -9.3008 0.4
      vertex -2.54387 -8.96922 0.4
      vertex -2.48689 -8.96037 0.4
    endloop
  endfacet
  facet normal 0 0 -1
    outer loop
      vertex -2.75362 -9.04008 0.4
      vertex -2.53864 -9.35004 0.4
      vertex -2.5556 -9.36293 0.4
    endloop
  endfacet
  facet normal 0 0 -1
    outer loop
      vertex -2.80138 -9.06615 0.4
      vertex -2.5556 -9.36293 0.4
      vertex -2.57198 -9.37679 0.4
    endloop
  endfacet
  facet normal 0 0 -1
    outer loop
      vertex -2.80138 -9.06615 0.4
      vertex -2.57198 -9.37679 0.4
      vertex -2.58774 -9.39162 0.4
    endloop
  endfacet
  facet normal 0 0 -1
    outer loop
      vertex -2.4648 -9.30829 0.4
      vertex -2.59903 -8.98163 0.4
      vertex -2.54387 -8.96922 0.4
    endloop
  endfacet
  facet normal 0 0 -1
    outer loop
      vertex -2.84703 -9.09473 0.4
      vertex -2.58774 -9.39162 0.4
      vertex -2.60292 -9.40741 0.4
    endloop
  endfacet
  facet normal 0 0 -1
    outer loop
      vertex -2.89059 -9.12584 0.4
      vertex -2.60292 -9.40741 0.4
      vertex -2.61752 -9.42404 0.4
    endloop
  endfacet
  facet normal 0 0 -1
    outer loop
      vertex -2.93207 -9.15947 0.4
      vertex -2.61752 -9.42404 0.4
      vertex -2.63155 -9.44142 0.4
    endloop
  endfacet
  facet normal 0 0 -1
    outer loop
      vertex -2.93207 -9.15947 0.4
      vertex -2.63155 -9.44142 0.4
      vertex -2.645 -9.45952 0.4
    endloop
  endfacet
  facet normal 0 0 -1
    outer loop
      vertex -2.48418 -9.31712 0.4
      vertex -2.65237 -8.99757 0.4
      vertex -2.59903 -8.98163 0.4
    endloop
  endfacet
  facet normal 0 0 -1
    outer loop
      vertex -2.97144 -9.19562 0.4
      vertex -2.645 -9.45952 0.4
      vertex -2.65791 -9.47838 0.4
    endloop
  endfacet
  facet normal 0 0 -1
    outer loop
      vertex -3.00871 -9.23428 0.4
      vertex -2.65791 -9.47838 0.4
      vertex -2.67024 -9.49796 0.4
    endloop
  endfacet
  facet normal 0 0 -1
    outer loop
      vertex -3.04388 -9.27548 0.4
      vertex -2.67024 -9.49796 0.4
      vertex -2.68201 -9.51828 0.4
    endloop
  endfacet
  facet normal 0 0 -1
    outer loop
      vertex -3.04388 -9.27548 0.4
      vertex -2.68201 -9.51828 0.4
      vertex -2.69321 -9.53934 0.4
    endloop
  endfacet
  facet normal 0 0 -1
    outer loop
      vertex -3.07686 -9.31895 0.4
      vertex -2.69321 -9.53934 0.4
      vertex -2.70383 -9.56099 0.4
    endloop
  endfacet
  facet normal 0 0 -1
    outer loop
      vertex -2.52109 -9.3381 0.4
      vertex -2.7039 -9.01706 0.4
      vertex -2.65237 -8.99757 0.4
    endloop
  endfacet
  facet normal 0 0 -1
    outer loop
      vertex -3.10753 -9.36447 0.4
      vertex -2.70383 -9.56099 0.4
      vertex -2.7139 -9.58305 0.4
    endloop
  endfacet
  facet normal 0 0 -1
    outer loop
      vertex -3.10753 -9.36447 0.4
      vertex -2.7139 -9.58305 0.4
      vertex -2.72339 -9.60555 0.4
    endloop
  endfacet
  facet normal 0 0 -1
    outer loop
      vertex -3.13591 -9.41203 0.4
      vertex -2.72339 -9.60555 0.4
      vertex -2.73232 -9.62845 0.4
    endloop
  endfacet
  facet normal 0 0 -1
    outer loop
      vertex -3.162 -9.46164 0.4
      vertex -2.73232 -9.62845 0.4
      vertex -2.74068 -9.65179 0.4
    endloop
  endfacet
  facet normal 0 0 -1
    outer loop
      vertex -3.18579 -9.51328 0.4
      vertex -2.74068 -9.65179 0.4
      vertex -2.74847 -9.67555 0.4
    endloop
  endfacet
  facet normal 0 0 -1
    outer loop
      vertex -2.53864 -9.35004 0.4
      vertex -2.75362 -9.04008 0.4
      vertex -2.7039 -9.01706 0.4
    endloop
  endfacet
  facet normal 0 0 -1
    outer loop
      vertex -3.18579 -9.51328 0.4
      vertex -2.74847 -9.67555 0.4
      vertex -2.75571 -9.69974 0.4
    endloop
  endfacet
  facet normal 0 0 -1
    outer loop
      vertex -3.20729 -9.56696 0.4
      vertex -2.75571 -9.69974 0.4
      vertex -2.76239 -9.72423 0.4
    endloop
  endfacet
  facet normal 0 0 -1
    outer loop
      vertex -3.2265 -9.62268 0.4
      vertex -2.76239 -9.72423 0.4
      vertex -2.76857 -9.74889 0.4
    endloop
  endfacet
  facet normal 0 0 -1
    outer loop
      vertex -3.2265 -9.62268 0.4
      vertex -2.76857 -9.74889 0.4
      vertex -2.77423 -9.77373 0.4
    endloop
  endfacet
  facet normal 0 0 -1
    outer loop
      vertex -3.24326 -9.67993 0.4
      vertex -2.77423 -9.77373 0.4
      vertex -2.77939 -9.79872 0.4
    endloop
  endfacet
  facet normal 0 0 -1
    outer loop
      vertex -3.24326 -9.67993 0.4
      vertex -2.77939 -9.79872 0.4
      vertex -2.78404 -9.8239 0.4
    endloop
  endfacet
  facet normal 0 0 -1
    outer loop
      vertex -3.25745 -9.7382 0.4
      vertex -2.78404 -9.8239 0.4
      vertex -2.78818 -9.84923 0.4
    endloop
  endfacet
  facet normal 0 0 -1
    outer loop
      vertex -3.26904 -9.7975 0.4
      vertex -2.78818 -9.84923 0.4
      vertex -2.79179 -9.87474 0.4
    endloop
  endfacet
  facet normal 0 0 -1
    outer loop
      vertex -3.26904 -9.7975 0.4
      vertex -2.79179 -9.87474 0.4
      vertex -2.79494 -9.90024 0.4
    endloop
  endfacet
  facet normal 0 0 -1
    outer loop
      vertex -3.27808 -9.8578 0.4
      vertex -2.79494 -9.90024 0.4
      vertex -2.79758 -9.92554 0.4
    endloop
  endfacet
  facet normal 0 0 -1
    outer loop
      vertex -3.28452 -9.91914 0.4
      vertex -2.79758 -9.92554 0.4
      vertex -2.79974 -9.95064 0.4
    endloop
  endfacet
  facet normal 0 0 -1
    outer loop
      vertex -2.5556 -9.36293 0.4
      vertex -2.80138 -9.06615 0.4
      vertex -2.75362 -9.04008 0.4
    endloop
  endfacet
  facet normal 0 0 -1
    outer loop
      vertex -3.28452 -9.91914 0.4
      vertex -2.79974 -9.95064 0.4
      vertex -2.80144 -9.97554 0.4
    endloop
  endfacet
  facet normal 0 0 -1
    outer loop
      vertex -3.28839 -9.98149 0.4
      vertex -2.80144 -9.97554 0.4
      vertex -2.80264 -10.0002 0.4
    endloop
  endfacet
  facet normal 0 0 -1
    outer loop
      vertex -3.28839 -9.98149 0.4
      vertex -2.80264 -10.0002 0.4
      vertex -2.80336 -10.0247 0.4
    endloop
  endfacet
  facet normal 0 0 -1
    outer loop
      vertex -3.28967 -10.0448 0.4
      vertex -2.80336 -10.0247 0.4
      vertex -2.8036 -10.049 0.4
    endloop
  endfacet
  facet normal -0 0 -1
    outer loop
      vertex -2.74757 -10.4248 0.4
      vertex -3.17284 -10.5968 0.4
      vertex -2.7585 -10.3913 0.4
    endloop
  endfacet
  facet normal 0 0 -1
    outer loop
      vertex -2.79758 -9.92554 0.4
      vertex -3.28452 -9.91914 0.4
      vertex -3.27808 -9.8578 0.4
    endloop
  endfacet
  facet normal 0 0 -1
    outer loop
      vertex -3.19527 -10.5476 0.4
      vertex -2.7585 -10.3913 0.4
      vertex -3.17284 -10.5968 0.4
    endloop
  endfacet
  facet normal 0 0 -1
    outer loop
      vertex -2.79494 -9.90024 0.4
      vertex -3.27808 -9.8578 0.4
      vertex -3.26904 -9.7975 0.4
    endloop
  endfacet
  facet normal -0 0 -1
    outer loop
      vertex -2.7585 -10.3913 0.4
      vertex -3.19527 -10.5476 0.4
      vertex -2.76814 -10.3566 0.4
    endloop
  endfacet
  facet normal 0 0 -1
    outer loop
      vertex -2.78818 -9.84923 0.4
      vertex -3.26904 -9.7975 0.4
      vertex -3.25745 -9.7382 0.4
    endloop
  endfacet
  facet normal 0 0 -1
    outer loop
      vertex -3.21524 -10.4964 0.4
      vertex -2.76814 -10.3566 0.4
      vertex -3.19527 -10.5476 0.4
    endloop
  endfacet
  facet normal 0 0 -1
    outer loop
      vertex -2.78404 -9.8239 0.4
      vertex -3.25745 -9.7382 0.4
      vertex -3.24326 -9.67993 0.4
    endloop
  endfacet
  facet normal 0 0 -1
    outer loop
      vertex -3.23274 -10.4434 0.4
      vertex -2.76814 -10.3566 0.4
      vertex -3.21524 -10.4964 0.4
    endloop
  endfacet
  facet normal 0 0 -1
    outer loop
      vertex -2.77423 -9.77373 0.4
      vertex -3.24326 -9.67993 0.4
      vertex -3.2265 -9.62268 0.4
    endloop
  endfacet
  facet normal -0 0 -1
    outer loop
      vertex -2.76814 -10.3566 0.4
      vertex -3.23274 -10.4434 0.4
      vertex -2.77652 -10.3205 0.4
    endloop
  endfacet
  facet normal 0 0 -1
    outer loop
      vertex -2.76239 -9.72423 0.4
      vertex -3.2265 -9.62268 0.4
      vertex -3.20729 -9.56696 0.4
    endloop
  endfacet
  facet normal 0 0 -1
    outer loop
      vertex -3.24785 -10.389 0.4
      vertex -2.77652 -10.3205 0.4
      vertex -3.23274 -10.4434 0.4
    endloop
  endfacet
  facet normal 0 0 -1
    outer loop
      vertex -2.60292 -9.40741 0.4
      vertex -2.89059 -9.12584 0.4
      vertex -2.84703 -9.09473 0.4
    endloop
  endfacet
  facet normal -0 0 -1
    outer loop
      vertex -2.77652 -10.3205 0.4
      vertex -3.24785 -10.389 0.4
      vertex -2.78371 -10.2835 0.4
    endloop
  endfacet
  facet normal 0 0 -1
    outer loop
      vertex -2.61752 -9.42404 0.4
      vertex -2.93207 -9.15947 0.4
      vertex -2.89059 -9.12584 0.4
    endloop
  endfacet
  facet normal 0 0 -1
    outer loop
      vertex -3.26064 -10.3338 0.4
      vertex -2.78371 -10.2835 0.4
      vertex -3.24785 -10.389 0.4
    endloop
  endfacet
  facet normal 0 0 -1
    outer loop
      vertex -2.645 -9.45952 0.4
      vertex -2.97144 -9.19562 0.4
      vertex -2.93207 -9.15947 0.4
    endloop
  endfacet
  facet normal -0 0 -1
    outer loop
      vertex -2.78371 -10.2835 0.4
      vertex -3.26064 -10.3338 0.4
      vertex -2.78978 -10.2459 0.4
    endloop
  endfacet
  facet normal 0 0 -1
    outer loop
      vertex -2.72339 -9.60555 0.4
      vertex -3.13591 -9.41203 0.4
      vertex -3.10753 -9.36447 0.4
    endloop
  endfacet
  facet normal 0 0 -1
    outer loop
      vertex -3.27109 -10.2777 0.4
      vertex -2.78978 -10.2459 0.4
      vertex -3.26064 -10.3338 0.4
    endloop
  endfacet
  facet normal 0 0 -1
    outer loop
      vertex -2.73232 -9.62845 0.4
      vertex -3.162 -9.46164 0.4
      vertex -3.13591 -9.41203 0.4
    endloop
  endfacet
  facet normal -0 0 -1
    outer loop
      vertex -2.78978 -10.2459 0.4
      vertex -3.27109 -10.2777 0.4
      vertex -2.79475 -10.2077 0.4
    endloop
  endfacet
  facet normal 0 0 -1
    outer loop
      vertex -2.74068 -9.65179 0.4
      vertex -3.18579 -9.51328 0.4
      vertex -3.162 -9.46164 0.4
    endloop
  endfacet
  facet normal 0 0 -1
    outer loop
      vertex -3.27922 -10.2208 0.4
      vertex -2.79475 -10.2077 0.4
      vertex -3.27109 -10.2777 0.4
    endloop
  endfacet
  facet normal 0 0 -1
    outer loop
      vertex -2.75571 -9.69974 0.4
      vertex -3.20729 -9.56696 0.4
      vertex -3.18579 -9.51328 0.4
    endloop
  endfacet
  facet normal -0 0 -1
    outer loop
      vertex -2.79475 -10.2077 0.4
      vertex -3.27922 -10.2208 0.4
      vertex -2.79863 -10.169 0.4
    endloop
  endfacet
  facet normal 0 0 -1
    outer loop
      vertex -2.70383 -9.56099 0.4
      vertex -3.10753 -9.36447 0.4
      vertex -3.07686 -9.31895 0.4
    endloop
  endfacet
  facet normal -0 0 -1
    outer loop
      vertex -2.79863 -10.169 0.4
      vertex -3.27922 -10.2208 0.4
      vertex -2.80139 -10.1296 0.4
    endloop
  endfacet
  facet normal 0 0 -1
    outer loop
      vertex -2.69321 -9.53934 0.4
      vertex -3.07686 -9.31895 0.4
      vertex -3.04388 -9.27548 0.4
    endloop
  endfacet
  facet normal 0 0 -1
    outer loop
      vertex -3.28503 -10.163 0.4
      vertex -2.80139 -10.1296 0.4
      vertex -3.27922 -10.2208 0.4
    endloop
  endfacet
  facet normal 0 0 -1
    outer loop
      vertex -2.67024 -9.49796 0.4
      vertex -3.04388 -9.27548 0.4
      vertex -3.00871 -9.23428 0.4
    endloop
  endfacet
  facet normal -0 0 -1
    outer loop
      vertex -2.80139 -10.1296 0.4
      vertex -3.28503 -10.163 0.4
      vertex -2.80304 -10.0896 0.4
    endloop
  endfacet
  facet normal 0 0 -1
    outer loop
      vertex -2.65791 -9.47838 0.4
      vertex -3.00871 -9.23428 0.4
      vertex -2.97144 -9.19562 0.4
    endloop
  endfacet
  facet normal 0 0 -1
    outer loop
      vertex -3.28851 -10.1043 0.4
      vertex -2.80304 -10.0896 0.4
      vertex -3.28503 -10.163 0.4
    endloop
  endfacet
  facet normal 0 0 -1
    outer loop
      vertex -2.58774 -9.39162 0.4
      vertex -2.84703 -9.09473 0.4
      vertex -2.80138 -9.06615 0.4
    endloop
  endfacet
  facet normal -0 0 -1
    outer loop
      vertex -2.80304 -10.0896 0.4
      vertex -3.28851 -10.1043 0.4
      vertex -2.8036 -10.049 0.4
    endloop
  endfacet
  facet normal -0 0 -1
    outer loop
      vertex -2.80144 -9.97554 0.4
      vertex -3.28839 -9.98149 0.4
      vertex -3.28452 -9.91914 0.4
    endloop
  endfacet
  facet normal -0 0 -1
    outer loop
      vertex -2.8036 -10.049 0.4
      vertex -3.28851 -10.1043 0.4
      vertex -3.28967 -10.0448 0.4
    endloop
  endfacet
  facet normal -0 0 -1
    outer loop
      vertex -2.80336 -10.0247 0.4
      vertex -3.28967 -10.0448 0.4
      vertex -3.28839 -9.98149 0.4
    endloop
  endfacet
  facet normal -0.995891 0.0905608 0
    outer loop
      vertex -0.366379 -10.4476 5.72205e-07
      vertex -0.295532 -9.6685 0.4
      vertex -0.295532 -9.6685 5.72205e-07
    endloop
  endfacet
  facet normal -0.995891 0.0905608 0
    outer loop
      vertex -0.295532 -9.6685 0.4
      vertex -0.366379 -10.4476 5.72205e-07
      vertex -0.366379 -10.4476 0.4
    endloop
  endfacet
  facet normal -0.165414 -0.986224 0
    outer loop
      vertex -0.366379 -10.4476 5.72205e-07
      vertex -0.358032 -10.449 0.4
      vertex -0.366379 -10.4476 0.4
    endloop
  endfacet
  facet normal -0.165414 -0.986224 -0
    outer loop
      vertex -0.358032 -10.449 0.4
      vertex -0.366379 -10.4476 5.72205e-07
      vertex -0.358032 -10.449 5.72205e-07
    endloop
  endfacet
  facet normal 0.951729 -0.30694 0
    outer loop
      vertex -0.358032 -10.449 0.4
      vertex -0.123337 -9.72128 5.72205e-07
      vertex -0.123337 -9.72128 0.4
    endloop
  endfacet
  facet normal 0.951729 -0.30694 0
    outer loop
      vertex -0.123337 -9.72128 5.72205e-07
      vertex -0.358032 -10.449 0.4
      vertex -0.358032 -10.449 5.72205e-07
    endloop
  endfacet
  facet normal 0.900877 -0.434075 0
    outer loop
      vertex -0.123337 -9.72128 0.4
      vertex 0.15303 -9.14771 5.72205e-07
      vertex 0.15303 -9.14771 0.4
    endloop
  endfacet
  facet normal 0.900877 -0.434075 0
    outer loop
      vertex 0.15303 -9.14771 5.72205e-07
      vertex -0.123337 -9.72128 0.4
      vertex -0.123337 -9.72128 5.72205e-07
    endloop
  endfacet
  facet normal 0 -1 0
    outer loop
      vertex 0.15303 -9.14771 5.72205e-07
      vertex 0.407166 -9.14771 0.4
      vertex 0.15303 -9.14771 0.4
    endloop
  endfacet
  facet normal 0 -1 -0
    outer loop
      vertex 0.407166 -9.14771 0.4
      vertex 0.15303 -9.14771 5.72205e-07
      vertex 0.407166 -9.14771 5.72205e-07
    endloop
  endfacet
  facet normal -0.903686 -0.428196 0
    outer loop
      vertex 0.708557 -9.78378 5.72205e-07
      vertex 0.407166 -9.14771 0.4
      vertex 0.407166 -9.14771 5.72205e-07
    endloop
  endfacet
  facet normal -0.903686 -0.428196 0
    outer loop
      vertex 0.407166 -9.14771 0.4
      vertex 0.708557 -9.78378 5.72205e-07
      vertex 0.708557 -9.78378 0.4
    endloop
  endfacet
  facet normal -0.946295 -0.323305 0
    outer loop
      vertex 0.93631 -10.4504 5.72205e-07
      vertex 0.708557 -9.78378 0.4
      vertex 0.708557 -9.78378 5.72205e-07
    endloop
  endfacet
  facet normal -0.946295 -0.323305 0
    outer loop
      vertex 0.708557 -9.78378 0.4
      vertex 0.93631 -10.4504 5.72205e-07
      vertex 0.93631 -10.4504 0.4
    endloop
  endfacet
  facet normal 0.197664 -0.98027 0
    outer loop
      vertex 0.93631 -10.4504 5.72205e-07
      vertex 0.943253 -10.449 0.4
      vertex 0.93631 -10.4504 0.4
    endloop
  endfacet
  facet normal 0.197664 -0.98027 0
    outer loop
      vertex 0.943253 -10.449 0.4
      vertex 0.93631 -10.4504 5.72205e-07
      vertex 0.943253 -10.449 5.72205e-07
    endloop
  endfacet
  facet normal 0.996114 0.0880706 0
    outer loop
      vertex 0.943253 -10.449 0.4
      vertex 0.880753 -9.7421 5.72205e-07
      vertex 0.880753 -9.7421 0.4
    endloop
  endfacet
  facet normal 0.996114 0.0880706 0
    outer loop
      vertex 0.880753 -9.7421 5.72205e-07
      vertex 0.943253 -10.449 0.4
      vertex 0.943253 -10.449 5.72205e-07
    endloop
  endfacet
  facet normal 1 -0 0
    outer loop
      vertex 0.880753 -9.7421 0.4
      vertex 0.880753 -8.97688 5.72205e-07
      vertex 0.880753 -8.97688 0.4
    endloop
  endfacet
  facet normal 1 0 0
    outer loop
      vertex 0.880753 -8.97688 5.72205e-07
      vertex 0.880753 -9.7421 0.4
      vertex 0.880753 -9.7421 5.72205e-07
    endloop
  endfacet
  facet normal 0 -1 0
    outer loop
      vertex 0.880753 -8.97688 5.72205e-07
      vertex 1.34045 -8.97688 0.4
      vertex 0.880753 -8.97688 0.4
    endloop
  endfacet
  facet normal 0 -1 -0
    outer loop
      vertex 1.34045 -8.97688 0.4
      vertex 0.880753 -8.97688 5.72205e-07
      vertex 1.34045 -8.97688 5.72205e-07
    endloop
  endfacet
  facet normal -1 0 0
    outer loop
      vertex 1.34045 -11.0962 5.72205e-07
      vertex 1.34045 -8.97688 0.4
      vertex 1.34045 -8.97688 5.72205e-07
    endloop
  endfacet
  facet normal -1 -0 0
    outer loop
      vertex 1.34045 -8.97688 0.4
      vertex 1.34045 -11.0962 5.72205e-07
      vertex 1.34045 -11.0962 0.4
    endloop
  endfacet
  facet normal 0.088322 0.996092 -0
    outer loop
      vertex 1.34045 -11.0962 5.72205e-07
      vertex 0.85437 -11.0531 0.4
      vertex 1.34045 -11.0962 0.4
    endloop
  endfacet
  facet normal 0.088322 0.996092 0
    outer loop
      vertex 0.85437 -11.0531 0.4
      vertex 1.34045 -11.0962 5.72205e-07
      vertex 0.85437 -11.0531 5.72205e-07
    endloop
  endfacet
  facet normal 0.904584 0.426295 0
    outer loop
      vertex 0.85437 -11.0531 0.4
      vertex 0.398849 -10.0865 5.72205e-07
      vertex 0.398849 -10.0865 0.4
    endloop
  endfacet
  facet normal 0.904584 0.426295 0
    outer loop
      vertex 0.398849 -10.0865 5.72205e-07
      vertex 0.85437 -11.0531 0.4
      vertex 0.85437 -11.0531 5.72205e-07
    endloop
  endfacet
  facet normal 0.971074 0.23878 0
    outer loop
      vertex 0.398849 -10.0865 0.4
      vertex 0.296066 -9.6685 5.72205e-07
      vertex 0.296066 -9.6685 0.4
    endloop
  endfacet
  facet normal 0.971074 0.23878 0
    outer loop
      vertex 0.296066 -9.6685 5.72205e-07
      vertex 0.398849 -10.0865 0.4
      vertex 0.398849 -10.0865 5.72205e-07
    endloop
  endfacet
  facet normal -0.970707 0.240268 0
    outer loop
      vertex 0.19191 -10.0893 5.72205e-07
      vertex 0.296066 -9.6685 0.4
      vertex 0.296066 -9.6685 5.72205e-07
    endloop
  endfacet
  facet normal -0.970707 0.240268 0
    outer loop
      vertex 0.296066 -9.6685 0.4
      vertex 0.19191 -10.0893 5.72205e-07
      vertex 0.19191 -10.0893 0.4
    endloop
  endfacet
  facet normal -0.903007 0.429625 0
    outer loop
      vertex -0.285812 -11.0934 5.72205e-07
      vertex 0.19191 -10.0893 0.4
      vertex 0.19191 -10.0893 5.72205e-07
    endloop
  endfacet
  facet normal -0.903007 0.429625 0
    outer loop
      vertex 0.19191 -10.0893 0.4
      vertex -0.285812 -11.0934 5.72205e-07
      vertex -0.285812 -11.0934 0.4
    endloop
  endfacet
  facet normal 0.0833464 0.996521 -0
    outer loop
      vertex -0.285812 -11.0934 5.72205e-07
      vertex -0.784393 -11.0517 0.4
      vertex -0.285812 -11.0934 0.4
    endloop
  endfacet
  facet normal 0.0833464 0.996521 0
    outer loop
      vertex -0.784393 -11.0517 0.4
      vertex -0.285812 -11.0934 5.72205e-07
      vertex -0.784393 -11.0517 5.72205e-07
    endloop
  endfacet
  facet normal 0.991675 -0.128769 0
    outer loop
      vertex -0.784393 -11.0517 0.4
      vertex -0.742737 -10.7309 5.72205e-07
      vertex -0.742737 -10.7309 0.4
    endloop
  endfacet
  facet normal 0.991675 -0.128769 0
    outer loop
      vertex -0.742737 -10.7309 5.72205e-07
      vertex -0.784393 -11.0517 0.4
      vertex -0.784393 -11.0517 5.72205e-07
    endloop
  endfacet
  facet normal 1 -0 0
    outer loop
      vertex -0.742737 -10.7309 0.4
      vertex -0.742737 -8.97688 5.72205e-07
      vertex -0.742737 -8.97688 0.4
    endloop
  endfacet
  facet normal 1 0 0
    outer loop
      vertex -0.742737 -8.97688 5.72205e-07
      vertex -0.742737 -10.7309 0.4
      vertex -0.742737 -10.7309 5.72205e-07
    endloop
  endfacet
  facet normal 0 -1 0
    outer loop
      vertex -0.742737 -8.97688 5.72205e-07
      vertex -0.295532 -8.97688 0.4
      vertex -0.742737 -8.97688 0.4
    endloop
  endfacet
  facet normal 0 -1 -0
    outer loop
      vertex -0.295532 -8.97688 0.4
      vertex -0.742737 -8.97688 5.72205e-07
      vertex -0.295532 -8.97688 5.72205e-07
    endloop
  endfacet
  facet normal -1 0 0
    outer loop
      vertex -0.295532 -9.6685 5.72205e-07
      vertex -0.295532 -8.97688 0.4
      vertex -0.295532 -8.97688 5.72205e-07
    endloop
  endfacet
  facet normal -1 -0 0
    outer loop
      vertex -0.295532 -8.97688 0.4
      vertex -0.295532 -9.6685 5.72205e-07
      vertex -0.295532 -9.6685 0.4
    endloop
  endfacet
  facet normal 0.0803454 0.996767 -0
    outer loop
      vertex -1.0524 -11.0948 5.72205e-07
      vertex -1.5871 -11.0517 0.4
      vertex -1.0524 -11.0948 0.4
    endloop
  endfacet
  facet normal 0.0803454 0.996767 0
    outer loop
      vertex -1.5871 -11.0517 0.4
      vertex -1.0524 -11.0948 5.72205e-07
      vertex -1.5871 -11.0517 5.72205e-07
    endloop
  endfacet
  facet normal 0.989945 -0.141456 0
    outer loop
      vertex -1.5871 -11.0517 0.4
      vertex -1.54126 -10.7309 5.72205e-07
      vertex -1.54126 -10.7309 0.4
    endloop
  endfacet
  facet normal 0.989945 -0.141456 0
    outer loop
      vertex -1.54126 -10.7309 5.72205e-07
      vertex -1.5871 -11.0517 0.4
      vertex -1.5871 -11.0517 5.72205e-07
    endloop
  endfacet
  facet normal 1 -0 0
    outer loop
      vertex -1.54126 -10.7309 0.4
      vertex -1.54126 -8.97688 5.72205e-07
      vertex -1.54126 -8.97688 0.4
    endloop
  endfacet
  facet normal 1 0 0
    outer loop
      vertex -1.54126 -8.97688 5.72205e-07
      vertex -1.54126 -10.7309 0.4
      vertex -1.54126 -10.7309 5.72205e-07
    endloop
  endfacet
  facet normal 0 -1 0
    outer loop
      vertex -1.54126 -8.97688 5.72205e-07
      vertex -1.0524 -8.97688 0.4
      vertex -1.54126 -8.97688 0.4
    endloop
  endfacet
  facet normal 0 -1 -0
    outer loop
      vertex -1.0524 -8.97688 0.4
      vertex -1.54126 -8.97688 5.72205e-07
      vertex -1.0524 -8.97688 5.72205e-07
    endloop
  endfacet
  facet normal -1 0 0
    outer loop
      vertex -1.0524 -11.0948 5.72205e-07
      vertex -1.0524 -8.97688 0.4
      vertex -1.0524 -8.97688 5.72205e-07
    endloop
  endfacet
  facet normal -1 -0 0
    outer loop
      vertex -1.0524 -8.97688 0.4
      vertex -1.0524 -11.0948 5.72205e-07
      vertex -1.0524 -11.0948 0.4
    endloop
  endfacet
  facet normal 0 -1 0
    outer loop
      vertex 2.17918 -9.5699 5.72205e-07
      vertex 2.7236 -9.5699 0.4
      vertex 2.17918 -9.5699 0.4
    endloop
  endfacet
  facet normal 0 -1 -0
    outer loop
      vertex 2.7236 -9.5699 0.4
      vertex 2.17918 -9.5699 5.72205e-07
      vertex 2.7236 -9.5699 5.72205e-07
    endloop
  endfacet
  facet normal 0.965025 -0.262159 0
    outer loop
      vertex 2.7236 -9.5699 0.4
      vertex 2.8847 -8.97688 5.72205e-07
      vertex 2.8847 -8.97688 0.4
    endloop
  endfacet
  facet normal 0.965025 -0.262159 0
    outer loop
      vertex 2.8847 -8.97688 5.72205e-07
      vertex 2.7236 -9.5699 0.4
      vertex 2.7236 -9.5699 5.72205e-07
    endloop
  endfacet
  facet normal 0 -1 0
    outer loop
      vertex 2.8847 -8.97688 5.72205e-07
      vertex 3.35966 -8.97688 0.4
      vertex 2.8847 -8.97688 0.4
    endloop
  endfacet
  facet normal 0 -1 -0
    outer loop
      vertex 3.35966 -8.97688 0.4
      vertex 2.8847 -8.97688 5.72205e-07
      vertex 3.35966 -8.97688 5.72205e-07
    endloop
  endfacet
  facet normal -0.954043 0.29967 0
    outer loop
      vertex 2.69441 -11.0948 5.72205e-07
      vertex 3.35966 -8.97688 0.4
      vertex 3.35966 -8.97688 5.72205e-07
    endloop
  endfacet
  facet normal -0.954043 0.29967 0
    outer loop
      vertex 3.35966 -8.97688 0.4
      vertex 2.69441 -11.0948 5.72205e-07
      vertex 2.69441 -11.0948 0.4
    endloop
  endfacet
  facet normal 0.0818277 0.996646 -0
    outer loop
      vertex 2.69441 -11.0948 5.72205e-07
      vertex 2.16946 -11.0517 0.4
      vertex 2.69441 -11.0948 0.4
    endloop
  endfacet
  facet normal 0.0818277 0.996646 0
    outer loop
      vertex 2.16946 -11.0517 0.4
      vertex 2.69441 -11.0948 5.72205e-07
      vertex 2.16946 -11.0517 5.72205e-07
    endloop
  endfacet
  facet normal 0.986394 0.164399 0
    outer loop
      vertex 2.16946 -11.0517 0.4
      vertex 2.12086 -10.7601 5.72205e-07
      vertex 2.12086 -10.7601 0.4
    endloop
  endfacet
  facet normal 0.986394 0.164399 0
    outer loop
      vertex 2.12086 -10.7601 5.72205e-07
      vertex 2.16946 -11.0517 0.4
      vertex 2.16946 -11.0517 5.72205e-07
    endloop
  endfacet
  facet normal 0.955166 0.29607 0
    outer loop
      vertex 2.12086 -10.7601 0.4
      vertex 1.56812 -8.97688 5.72205e-07
      vertex 1.56812 -8.97688 0.4
    endloop
  endfacet
  facet normal 0.955166 0.29607 0
    outer loop
      vertex 1.56812 -8.97688 5.72205e-07
      vertex 2.12086 -10.7601 0.4
      vertex 2.12086 -10.7601 5.72205e-07
    endloop
  endfacet
  facet normal 0 -1 0
    outer loop
      vertex 1.56812 -8.97688 5.72205e-07
      vertex 2.02226 -8.97688 0.4
      vertex 1.56812 -8.97688 0.4
    endloop
  endfacet
  facet normal 0 -1 -0
    outer loop
      vertex 2.02226 -8.97688 0.4
      vertex 1.56812 -8.97688 5.72205e-07
      vertex 2.02226 -8.97688 5.72205e-07
    endloop
  endfacet
  facet normal -0.966728 -0.255807 0
    outer loop
      vertex 2.17918 -9.5699 5.72205e-07
      vertex 2.02226 -8.97688 0.4
      vertex 2.02226 -8.97688 5.72205e-07
    endloop
  endfacet
  facet normal -0.966728 -0.255807 0
    outer loop
      vertex 2.02226 -8.97688 0.4
      vertex 2.17918 -9.5699 5.72205e-07
      vertex 2.17918 -9.5699 0.4
    endloop
  endfacet
  facet normal -0.971458 -0.237212 0
    outer loop
      vertex 2.37778 -10.3518 5.72205e-07
      vertex 2.26112 -9.87404 0.4
      vertex 2.26112 -9.87404 5.72205e-07
    endloop
  endfacet
  facet normal -0.971458 -0.237212 0
    outer loop
      vertex 2.26112 -9.87404 0.4
      vertex 2.37778 -10.3518 5.72205e-07
      vertex 2.37778 -10.3518 0.4
    endloop
  endfacet
  facet normal -0.989952 -0.141403 0
    outer loop
      vertex 2.45137 -10.867 5.72205e-07
      vertex 2.37778 -10.3518 0.4
      vertex 2.37778 -10.3518 5.72205e-07
    endloop
  endfacet
  facet normal -0.989952 -0.141403 0
    outer loop
      vertex 2.37778 -10.3518 0.4
      vertex 2.45137 -10.867 5.72205e-07
      vertex 2.45137 -10.867 0.4
    endloop
  endfacet
  facet normal 0.990317 -0.138821 0
    outer loop
      vertex 2.45137 -10.867 0.4
      vertex 2.52359 -10.3518 5.72205e-07
      vertex 2.52359 -10.3518 0.4
    endloop
  endfacet
  facet normal 0.990317 -0.138821 0
    outer loop
      vertex 2.52359 -10.3518 5.72205e-07
      vertex 2.45137 -10.867 0.4
      vertex 2.45137 -10.867 5.72205e-07
    endloop
  endfacet
  facet normal 0.970794 -0.239915 0
    outer loop
      vertex 2.52359 -10.3518 0.4
      vertex 2.64166 -9.87404 5.72205e-07
      vertex 2.64166 -9.87404 0.4
    endloop
  endfacet
  facet normal 0.970794 -0.239915 0
    outer loop
      vertex 2.64166 -9.87404 5.72205e-07
      vertex 2.52359 -10.3518 0.4
      vertex 2.52359 -10.3518 5.72205e-07
    endloop
  endfacet
  facet normal 0 1 -0
    outer loop
      vertex 2.64166 -9.87404 5.72205e-07
      vertex 2.26112 -9.87404 0.4
      vertex 2.64166 -9.87404 0.4
    endloop
  endfacet
  facet normal 0 1 0
    outer loop
      vertex 2.26112 -9.87404 0.4
      vertex 2.64166 -9.87404 5.72205e-07
      vertex 2.26112 -9.87404 5.72205e-07
    endloop
  endfacet
  facet normal -0.0587804 -0.998271 0
    outer loop
      vertex -2.31644 -8.95425 5.72205e-07
      vertex -2.26634 -8.9572 0.4
      vertex -2.31644 -8.95425 0.4
    endloop
  endfacet
  facet normal -0.0587804 -0.998271 -0
    outer loop
      vertex -2.26634 -8.9572 0.4
      vertex -2.31644 -8.95425 5.72205e-07
      vertex -2.26634 -8.9572 5.72205e-07
    endloop
  endfacet
  facet normal -0.0989017 -0.995097 0
    outer loop
      vertex -2.26634 -8.9572 5.72205e-07
      vertex -2.21724 -8.96208 0.4
      vertex -2.26634 -8.9572 0.4
    endloop
  endfacet
  facet normal -0.0989017 -0.995097 -0
    outer loop
      vertex -2.21724 -8.96208 0.4
      vertex -2.26634 -8.9572 5.72205e-07
      vertex -2.21724 -8.96208 5.72205e-07
    endloop
  endfacet
  facet normal -0.140759 -0.990044 0
    outer loop
      vertex -2.21724 -8.96208 5.72205e-07
      vertex -2.16913 -8.96892 0.4
      vertex -2.21724 -8.96208 0.4
    endloop
  endfacet
  facet normal -0.140759 -0.990044 -0
    outer loop
      vertex -2.16913 -8.96892 0.4
      vertex -2.21724 -8.96208 5.72205e-07
      vertex -2.16913 -8.96892 5.72205e-07
    endloop
  endfacet
  facet normal -0.183583 -0.983004 0
    outer loop
      vertex -2.16913 -8.96892 5.72205e-07
      vertex -2.12201 -8.97772 0.4
      vertex -2.16913 -8.96892 0.4
    endloop
  endfacet
  facet normal -0.183583 -0.983004 -0
    outer loop
      vertex -2.12201 -8.97772 0.4
      vertex -2.16913 -8.96892 5.72205e-07
      vertex -2.12201 -8.97772 5.72205e-07
    endloop
  endfacet
  facet normal -0.227156 -0.973858 0
    outer loop
      vertex -2.12201 -8.97772 5.72205e-07
      vertex -2.07588 -8.98848 0.4
      vertex -2.12201 -8.97772 0.4
    endloop
  endfacet
  facet normal -0.227156 -0.973858 -0
    outer loop
      vertex -2.07588 -8.98848 0.4
      vertex -2.12201 -8.97772 5.72205e-07
      vertex -2.07588 -8.98848 5.72205e-07
    endloop
  endfacet
  facet normal -0.271085 -0.962555 0
    outer loop
      vertex -2.07588 -8.98848 5.72205e-07
      vertex -2.03075 -9.00119 0.4
      vertex -2.07588 -8.98848 0.4
    endloop
  endfacet
  facet normal -0.271085 -0.962555 -0
    outer loop
      vertex -2.03075 -9.00119 0.4
      vertex -2.07588 -8.98848 5.72205e-07
      vertex -2.03075 -9.00119 5.72205e-07
    endloop
  endfacet
  facet normal -0.320519 -0.947242 0
    outer loop
      vertex -2.03075 -9.00119 5.72205e-07
      vertex -1.98642 -9.01619 0.4
      vertex -2.03075 -9.00119 0.4
    endloop
  endfacet
  facet normal -0.320519 -0.947242 -0
    outer loop
      vertex -1.98642 -9.01619 0.4
      vertex -2.03075 -9.00119 5.72205e-07
      vertex -1.98642 -9.01619 5.72205e-07
    endloop
  endfacet
  facet normal -0.374793 -0.927108 0
    outer loop
      vertex -1.98642 -9.01619 5.72205e-07
      vertex -1.94276 -9.03384 0.4
      vertex -1.98642 -9.01619 0.4
    endloop
  endfacet
  facet normal -0.374793 -0.927108 -0
    outer loop
      vertex -1.94276 -9.03384 0.4
      vertex -1.98642 -9.01619 5.72205e-07
      vertex -1.94276 -9.03384 5.72205e-07
    endloop
  endfacet
  facet normal -0.426486 -0.904494 0
    outer loop
      vertex -1.94276 -9.03384 5.72205e-07
      vertex -1.89975 -9.05412 0.4
      vertex -1.94276 -9.03384 0.4
    endloop
  endfacet
  facet normal -0.426486 -0.904494 -0
    outer loop
      vertex -1.89975 -9.05412 0.4
      vertex -1.94276 -9.03384 5.72205e-07
      vertex -1.89975 -9.05412 5.72205e-07
    endloop
  endfacet
  facet normal -0.475882 -0.879509 0
    outer loop
      vertex -1.89975 -9.05412 5.72205e-07
      vertex -1.85739 -9.07704 0.4
      vertex -1.89975 -9.05412 0.4
    endloop
  endfacet
  facet normal -0.475882 -0.879509 -0
    outer loop
      vertex -1.85739 -9.07704 0.4
      vertex -1.89975 -9.05412 5.72205e-07
      vertex -1.85739 -9.07704 5.72205e-07
    endloop
  endfacet
  facet normal -0.522293 -0.852766 0
    outer loop
      vertex -1.85739 -9.07704 5.72205e-07
      vertex -1.81569 -9.10258 0.4
      vertex -1.85739 -9.07704 0.4
    endloop
  endfacet
  facet normal -0.522293 -0.852766 -0
    outer loop
      vertex -1.81569 -9.10258 0.4
      vertex -1.85739 -9.07704 5.72205e-07
      vertex -1.81569 -9.10258 5.72205e-07
    endloop
  endfacet
  facet normal -0.566231 -0.824247 0
    outer loop
      vertex -1.81569 -9.10258 5.72205e-07
      vertex -1.77464 -9.13078 0.4
      vertex -1.81569 -9.10258 0.4
    endloop
  endfacet
  facet normal -0.566231 -0.824247 -0
    outer loop
      vertex -1.77464 -9.13078 0.4
      vertex -1.81569 -9.10258 5.72205e-07
      vertex -1.77464 -9.13078 5.72205e-07
    endloop
  endfacet
  facet normal -0.606654 -0.794966 0
    outer loop
      vertex -1.77464 -9.13078 5.72205e-07
      vertex -1.73424 -9.16161 0.4
      vertex -1.77464 -9.13078 0.4
    endloop
  endfacet
  facet normal -0.606654 -0.794966 -0
    outer loop
      vertex -1.73424 -9.16161 0.4
      vertex -1.77464 -9.13078 5.72205e-07
      vertex -1.73424 -9.16161 5.72205e-07
    endloop
  endfacet
  facet normal -0.85358 0.520962 0
    outer loop
      vertex -1.89951 -9.4324 5.72205e-07
      vertex -1.73424 -9.16161 0.4
      vertex -1.73424 -9.16161 5.72205e-07
    endloop
  endfacet
  facet normal -0.85358 0.520962 0
    outer loop
      vertex -1.73424 -9.16161 0.4
      vertex -1.89951 -9.4324 5.72205e-07
      vertex -1.89951 -9.4324 0.4
    endloop
  endfacet
  facet normal 0.482221 0.876049 -0
    outer loop
      vertex -1.89951 -9.4324 5.72205e-07
      vertex -1.92062 -9.42078 0.4
      vertex -1.89951 -9.4324 0.4
    endloop
  endfacet
  facet normal 0.482221 0.876049 0
    outer loop
      vertex -1.92062 -9.42078 0.4
      vertex -1.89951 -9.4324 5.72205e-07
      vertex -1.92062 -9.42078 5.72205e-07
    endloop
  endfacet
  facet normal 0.476477 0.879187 -0
    outer loop
      vertex -1.92062 -9.42078 5.72205e-07
      vertex -1.94112 -9.40967 0.4
      vertex -1.92062 -9.42078 0.4
    endloop
  endfacet
  facet normal 0.476477 0.879187 0
    outer loop
      vertex -1.94112 -9.40967 0.4
      vertex -1.92062 -9.42078 5.72205e-07
      vertex -1.94112 -9.40967 5.72205e-07
    endloop
  endfacet
  facet normal 0.46948 0.882943 -0
    outer loop
      vertex -1.94112 -9.40967 5.72205e-07
      vertex -1.96098 -9.39911 0.4
      vertex -1.94112 -9.40967 0.4
    endloop
  endfacet
  facet normal 0.46948 0.882943 0
    outer loop
      vertex -1.96098 -9.39911 0.4
      vertex -1.94112 -9.40967 5.72205e-07
      vertex -1.96098 -9.39911 5.72205e-07
    endloop
  endfacet
  facet normal 0.461541 0.887119 -0
    outer loop
      vertex -1.96098 -9.39911 5.72205e-07
      vertex -1.98022 -9.3891 0.4
      vertex -1.96098 -9.39911 0.4
    endloop
  endfacet
  facet normal 0.461541 0.887119 0
    outer loop
      vertex -1.98022 -9.3891 0.4
      vertex -1.96098 -9.39911 5.72205e-07
      vertex -1.98022 -9.3891 5.72205e-07
    endloop
  endfacet
  facet normal 0.454091 0.890955 -0
    outer loop
      vertex -1.98022 -9.3891 5.72205e-07
      vertex -1.99884 -9.37961 0.4
      vertex -1.98022 -9.3891 0.4
    endloop
  endfacet
  facet normal 0.454091 0.890955 0
    outer loop
      vertex -1.99884 -9.37961 0.4
      vertex -1.98022 -9.3891 5.72205e-07
      vertex -1.99884 -9.37961 5.72205e-07
    endloop
  endfacet
  facet normal 0.444626 0.895717 -0
    outer loop
      vertex -1.99884 -9.37961 5.72205e-07
      vertex -2.01685 -9.37067 0.4
      vertex -1.99884 -9.37961 0.4
    endloop
  endfacet
  facet normal 0.444626 0.895717 0
    outer loop
      vertex -2.01685 -9.37067 0.4
      vertex -1.99884 -9.37961 5.72205e-07
      vertex -2.01685 -9.37067 5.72205e-07
    endloop
  endfacet
  facet normal 0.435574 0.900153 -0
    outer loop
      vertex -2.01685 -9.37067 5.72205e-07
      vertex -2.03423 -9.36226 0.4
      vertex -2.01685 -9.37067 0.4
    endloop
  endfacet
  facet normal 0.435574 0.900153 0
    outer loop
      vertex -2.03423 -9.36226 0.4
      vertex -2.01685 -9.37067 5.72205e-07
      vertex -2.03423 -9.36226 5.72205e-07
    endloop
  endfacet
  facet normal 0.42453 0.905414 -0
    outer loop
      vertex -2.03423 -9.36226 5.72205e-07
      vertex -2.0511 -9.35435 0.4
      vertex -2.03423 -9.36226 0.4
    endloop
  endfacet
  facet normal 0.42453 0.905414 0
    outer loop
      vertex -2.0511 -9.35435 0.4
      vertex -2.03423 -9.36226 5.72205e-07
      vertex -2.0511 -9.35435 5.72205e-07
    endloop
  endfacet
  facet normal 0.410847 0.911704 -0
    outer loop
      vertex -2.0511 -9.35435 5.72205e-07
      vertex -2.06761 -9.34691 0.4
      vertex -2.0511 -9.35435 0.4
    endloop
  endfacet
  facet normal 0.410847 0.911704 0
    outer loop
      vertex -2.06761 -9.34691 0.4
      vertex -2.0511 -9.35435 5.72205e-07
      vertex -2.06761 -9.34691 5.72205e-07
    endloop
  endfacet
  facet normal 0.398165 0.917314 -0
    outer loop
      vertex -2.06761 -9.34691 5.72205e-07
      vertex -2.08376 -9.3399 0.4
      vertex -2.06761 -9.34691 0.4
    endloop
  endfacet
  facet normal 0.398165 0.917314 0
    outer loop
      vertex -2.08376 -9.3399 0.4
      vertex -2.06761 -9.34691 5.72205e-07
      vertex -2.08376 -9.3399 5.72205e-07
    endloop
  endfacet
  facet normal 0.383076 0.923717 -0
    outer loop
      vertex -2.08376 -9.3399 5.72205e-07
      vertex -2.09953 -9.33336 0.4
      vertex -2.08376 -9.3399 0.4
    endloop
  endfacet
  facet normal 0.383076 0.923717 0
    outer loop
      vertex -2.09953 -9.33336 0.4
      vertex -2.08376 -9.3399 5.72205e-07
      vertex -2.09953 -9.33336 5.72205e-07
    endloop
  endfacet
  facet normal 0.367744 0.929927 -0
    outer loop
      vertex -2.09953 -9.33336 5.72205e-07
      vertex -2.11493 -9.32727 0.4
      vertex -2.09953 -9.33336 0.4
    endloop
  endfacet
  facet normal 0.367744 0.929927 0
    outer loop
      vertex -2.11493 -9.32727 0.4
      vertex -2.09953 -9.33336 5.72205e-07
      vertex -2.11493 -9.32727 5.72205e-07
    endloop
  endfacet
  facet normal 0.351669 0.936124 -0
    outer loop
      vertex -2.11493 -9.32727 5.72205e-07
      vertex -2.12997 -9.32162 0.4
      vertex -2.11493 -9.32727 0.4
    endloop
  endfacet
  facet normal 0.351669 0.936124 0
    outer loop
      vertex -2.12997 -9.32162 0.4
      vertex -2.11493 -9.32727 5.72205e-07
      vertex -2.12997 -9.32162 5.72205e-07
    endloop
  endfacet
  facet normal 0.332955 0.942943 -0
    outer loop
      vertex -2.12997 -9.32162 5.72205e-07
      vertex -2.14464 -9.31644 0.4
      vertex -2.12997 -9.32162 0.4
    endloop
  endfacet
  facet normal 0.332955 0.942943 0
    outer loop
      vertex -2.14464 -9.31644 0.4
      vertex -2.12997 -9.32162 5.72205e-07
      vertex -2.14464 -9.31644 5.72205e-07
    endloop
  endfacet
  facet normal 0.31405 0.949407 -0
    outer loop
      vertex -2.14464 -9.31644 5.72205e-07
      vertex -2.15903 -9.31168 0.4
      vertex -2.14464 -9.31644 0.4
    endloop
  endfacet
  facet normal 0.31405 0.949407 0
    outer loop
      vertex -2.15903 -9.31168 0.4
      vertex -2.14464 -9.31644 5.72205e-07
      vertex -2.15903 -9.31168 5.72205e-07
    endloop
  endfacet
  facet normal 0.294702 0.955589 -0
    outer loop
      vertex -2.15903 -9.31168 5.72205e-07
      vertex -2.1732 -9.30731 0.4
      vertex -2.15903 -9.31168 0.4
    endloop
  endfacet
  facet normal 0.294702 0.955589 0
    outer loop
      vertex -2.1732 -9.30731 0.4
      vertex -2.15903 -9.31168 5.72205e-07
      vertex -2.1732 -9.30731 5.72205e-07
    endloop
  endfacet
  facet normal 0.272995 0.962015 -0
    outer loop
      vertex -2.1732 -9.30731 5.72205e-07
      vertex -2.18719 -9.30334 0.4
      vertex -2.1732 -9.30731 0.4
    endloop
  endfacet
  facet normal 0.272995 0.962015 0
    outer loop
      vertex -2.18719 -9.30334 0.4
      vertex -2.1732 -9.30731 5.72205e-07
      vertex -2.18719 -9.30334 5.72205e-07
    endloop
  endfacet
  facet normal 0.250791 0.968041 -0
    outer loop
      vertex -2.18719 -9.30334 5.72205e-07
      vertex -2.20097 -9.29977 0.4
      vertex -2.18719 -9.30334 0.4
    endloop
  endfacet
  facet normal 0.250791 0.968041 0
    outer loop
      vertex -2.20097 -9.29977 0.4
      vertex -2.18719 -9.30334 5.72205e-07
      vertex -2.20097 -9.29977 5.72205e-07
    endloop
  endfacet
  facet normal 0.227003 0.973894 -0
    outer loop
      vertex -2.20097 -9.29977 5.72205e-07
      vertex -2.21457 -9.2966 0.4
      vertex -2.20097 -9.29977 0.4
    endloop
  endfacet
  facet normal 0.227003 0.973894 0
    outer loop
      vertex -2.21457 -9.2966 0.4
      vertex -2.20097 -9.29977 5.72205e-07
      vertex -2.21457 -9.2966 5.72205e-07
    endloop
  endfacet
  facet normal 0.203137 0.97915 -0
    outer loop
      vertex -2.21457 -9.2966 5.72205e-07
      vertex -2.22797 -9.29382 0.4
      vertex -2.21457 -9.2966 0.4
    endloop
  endfacet
  facet normal 0.203137 0.97915 0
    outer loop
      vertex -2.22797 -9.29382 0.4
      vertex -2.21457 -9.2966 5.72205e-07
      vertex -2.22797 -9.29382 5.72205e-07
    endloop
  endfacet
  facet normal 0.177442 0.984131 -0
    outer loop
      vertex -2.22797 -9.29382 5.72205e-07
      vertex -2.24117 -9.29144 0.4
      vertex -2.22797 -9.29382 0.4
    endloop
  endfacet
  facet normal 0.177442 0.984131 0
    outer loop
      vertex -2.24117 -9.29144 0.4
      vertex -2.22797 -9.29382 5.72205e-07
      vertex -2.24117 -9.29144 5.72205e-07
    endloop
  endfacet
  facet normal 0.153134 0.988205 -0
    outer loop
      vertex -2.24117 -9.29144 5.72205e-07
      vertex -2.25427 -9.28941 0.4
      vertex -2.24117 -9.29144 0.4
    endloop
  endfacet
  facet normal 0.153134 0.988205 0
    outer loop
      vertex -2.25427 -9.28941 0.4
      vertex -2.24117 -9.29144 5.72205e-07
      vertex -2.25427 -9.28941 5.72205e-07
    endloop
  endfacet
  facet normal 0.128568 0.991701 -0
    outer loop
      vertex -2.25427 -9.28941 5.72205e-07
      vertex -2.26746 -9.2877 0.4
      vertex -2.25427 -9.28941 0.4
    endloop
  endfacet
  facet normal 0.128568 0.991701 0
    outer loop
      vertex -2.26746 -9.2877 0.4
      vertex -2.25427 -9.28941 5.72205e-07
      vertex -2.26746 -9.2877 5.72205e-07
    endloop
  endfacet
  facet normal 0.105233 0.994448 -0
    outer loop
      vertex -2.26746 -9.2877 5.72205e-07
      vertex -2.28069 -9.2863 0.4
      vertex -2.26746 -9.2877 0.4
    endloop
  endfacet
  facet normal 0.105233 0.994448 0
    outer loop
      vertex -2.28069 -9.2863 0.4
      vertex -2.26746 -9.2877 5.72205e-07
      vertex -2.28069 -9.2863 5.72205e-07
    endloop
  endfacet
  facet normal 0.0824869 0.996592 -0
    outer loop
      vertex -2.28069 -9.2863 5.72205e-07
      vertex -2.29398 -9.2852 0.4
      vertex -2.28069 -9.2863 0.4
    endloop
  endfacet
  facet normal 0.0824869 0.996592 0
    outer loop
      vertex -2.29398 -9.2852 0.4
      vertex -2.28069 -9.2863 5.72205e-07
      vertex -2.29398 -9.2852 5.72205e-07
    endloop
  endfacet
  facet normal 0.0583275 0.998298 -0
    outer loop
      vertex -2.29398 -9.2852 5.72205e-07
      vertex -2.30733 -9.28442 0.4
      vertex -2.29398 -9.2852 0.4
    endloop
  endfacet
  facet normal 0.0583275 0.998298 0
    outer loop
      vertex -2.30733 -9.28442 0.4
      vertex -2.29398 -9.2852 5.72205e-07
      vertex -2.30733 -9.28442 5.72205e-07
    endloop
  endfacet
  facet normal 0.0335382 0.999437 -0
    outer loop
      vertex -2.30733 -9.28442 5.72205e-07
      vertex -2.32074 -9.28397 0.4
      vertex -2.30733 -9.28442 0.4
    endloop
  endfacet
  facet normal 0.0335382 0.999437 0
    outer loop
      vertex -2.32074 -9.28397 0.4
      vertex -2.30733 -9.28442 5.72205e-07
      vertex -2.32074 -9.28397 5.72205e-07
    endloop
  endfacet
  facet normal 0.012629 0.99992 -0
    outer loop
      vertex -2.32074 -9.28397 5.72205e-07
      vertex -2.3342 -9.2838 0.4
      vertex -2.32074 -9.28397 0.4
    endloop
  endfacet
  facet normal 0.012629 0.99992 0
    outer loop
      vertex -2.3342 -9.2838 0.4
      vertex -2.32074 -9.28397 5.72205e-07
      vertex -2.3342 -9.2838 5.72205e-07
    endloop
  endfacet
  facet normal -0.028961 0.999581 0
    outer loop
      vertex -2.3342 -9.2838 5.72205e-07
      vertex -2.35767 -9.28448 0.4
      vertex -2.3342 -9.2838 0.4
    endloop
  endfacet
  facet normal -0.028961 0.999581 0
    outer loop
      vertex -2.35767 -9.28448 0.4
      vertex -2.3342 -9.2838 5.72205e-07
      vertex -2.35767 -9.28448 5.72205e-07
    endloop
  endfacet
  facet normal -0.089629 0.995975 0
    outer loop
      vertex -2.35767 -9.28448 5.72205e-07
      vertex -2.38045 -9.28653 0.4
      vertex -2.35767 -9.28448 0.4
    endloop
  endfacet
  facet normal -0.089629 0.995975 0
    outer loop
      vertex -2.38045 -9.28653 0.4
      vertex -2.35767 -9.28448 5.72205e-07
      vertex -2.38045 -9.28653 5.72205e-07
    endloop
  endfacet
  facet normal -0.151553 0.988449 0
    outer loop
      vertex -2.38045 -9.28653 5.72205e-07
      vertex -2.40256 -9.28992 0.4
      vertex -2.38045 -9.28653 0.4
    endloop
  endfacet
  facet normal -0.151553 0.988449 0
    outer loop
      vertex -2.40256 -9.28992 0.4
      vertex -2.38045 -9.28653 5.72205e-07
      vertex -2.40256 -9.28992 5.72205e-07
    endloop
  endfacet
  facet normal -0.21693 0.976187 0
    outer loop
      vertex -2.40256 -9.28992 5.72205e-07
      vertex -2.42398 -9.29468 0.4
      vertex -2.40256 -9.28992 0.4
    endloop
  endfacet
  facet normal -0.21693 0.976187 0
    outer loop
      vertex -2.42398 -9.29468 0.4
      vertex -2.40256 -9.28992 5.72205e-07
      vertex -2.42398 -9.29468 5.72205e-07
    endloop
  endfacet
  facet normal -0.282892 0.959152 0
    outer loop
      vertex -2.42398 -9.29468 5.72205e-07
      vertex -2.44473 -9.3008 0.4
      vertex -2.42398 -9.29468 0.4
    endloop
  endfacet
  facet normal -0.282892 0.959152 0
    outer loop
      vertex -2.44473 -9.3008 0.4
      vertex -2.42398 -9.29468 5.72205e-07
      vertex -2.44473 -9.3008 5.72205e-07
    endloop
  endfacet
  facet normal -0.349639 0.936884 0
    outer loop
      vertex -2.44473 -9.3008 5.72205e-07
      vertex -2.4648 -9.30829 0.4
      vertex -2.44473 -9.3008 0.4
    endloop
  endfacet
  facet normal -0.349639 0.936884 0
    outer loop
      vertex -2.4648 -9.30829 0.4
      vertex -2.44473 -9.3008 5.72205e-07
      vertex -2.4648 -9.30829 5.72205e-07
    endloop
  endfacet
  facet normal -0.414616 0.909996 0
    outer loop
      vertex -2.4648 -9.30829 5.72205e-07
      vertex -2.48418 -9.31712 0.4
      vertex -2.4648 -9.30829 0.4
    endloop
  endfacet
  facet normal -0.414616 0.909996 0
    outer loop
      vertex -2.48418 -9.31712 0.4
      vertex -2.4648 -9.30829 5.72205e-07
      vertex -2.48418 -9.31712 5.72205e-07
    endloop
  endfacet
  facet normal -0.470954 0.882158 0
    outer loop
      vertex -2.48418 -9.31712 5.72205e-07
      vertex -2.50293 -9.32713 0.4
      vertex -2.48418 -9.31712 0.4
    endloop
  endfacet
  facet normal -0.470954 0.882158 0
    outer loop
      vertex -2.50293 -9.32713 0.4
      vertex -2.48418 -9.31712 5.72205e-07
      vertex -2.50293 -9.32713 5.72205e-07
    endloop
  endfacet
  facet normal -0.517058 0.85595 0
    outer loop
      vertex -2.50293 -9.32713 5.72205e-07
      vertex -2.52109 -9.3381 0.4
      vertex -2.50293 -9.32713 0.4
    endloop
  endfacet
  facet normal -0.517058 0.85595 0
    outer loop
      vertex -2.52109 -9.3381 0.4
      vertex -2.50293 -9.32713 5.72205e-07
      vertex -2.52109 -9.3381 5.72205e-07
    endloop
  endfacet
  facet normal -0.562503 0.826795 0
    outer loop
      vertex -2.52109 -9.3381 5.72205e-07
      vertex -2.53864 -9.35004 0.4
      vertex -2.52109 -9.3381 0.4
    endloop
  endfacet
  facet normal -0.562503 0.826795 0
    outer loop
      vertex -2.53864 -9.35004 0.4
      vertex -2.52109 -9.3381 5.72205e-07
      vertex -2.53864 -9.35004 5.72205e-07
    endloop
  endfacet
  facet normal -0.605095 0.796153 0
    outer loop
      vertex -2.53864 -9.35004 5.72205e-07
      vertex -2.5556 -9.36293 0.4
      vertex -2.53864 -9.35004 0.4
    endloop
  endfacet
  facet normal -0.605095 0.796153 0
    outer loop
      vertex -2.5556 -9.36293 0.4
      vertex -2.53864 -9.35004 5.72205e-07
      vertex -2.5556 -9.36293 5.72205e-07
    endloop
  endfacet
  facet normal -0.645942 0.763386 0
    outer loop
      vertex -2.5556 -9.36293 5.72205e-07
      vertex -2.57198 -9.37679 0.4
      vertex -2.5556 -9.36293 0.4
    endloop
  endfacet
  facet normal -0.645942 0.763386 0
    outer loop
      vertex -2.57198 -9.37679 0.4
      vertex -2.5556 -9.36293 5.72205e-07
      vertex -2.57198 -9.37679 5.72205e-07
    endloop
  endfacet
  facet normal -0.685293 0.728268 0
    outer loop
      vertex -2.57198 -9.37679 5.72205e-07
      vertex -2.58774 -9.39162 0.4
      vertex -2.57198 -9.37679 0.4
    endloop
  endfacet
  facet normal -0.685293 0.728268 0
    outer loop
      vertex -2.58774 -9.39162 0.4
      vertex -2.57198 -9.37679 5.72205e-07
      vertex -2.58774 -9.39162 5.72205e-07
    endloop
  endfacet
  facet normal -0.720894 0.693045 0
    outer loop
      vertex -2.60292 -9.40741 5.72205e-07
      vertex -2.58774 -9.39162 0.4
      vertex -2.58774 -9.39162 5.72205e-07
    endloop
  endfacet
  facet normal -0.720894 0.693045 0
    outer loop
      vertex -2.58774 -9.39162 0.4
      vertex -2.60292 -9.40741 5.72205e-07
      vertex -2.60292 -9.40741 0.4
    endloop
  endfacet
  facet normal -0.751484 0.659751 0
    outer loop
      vertex -2.61752 -9.42404 5.72205e-07
      vertex -2.60292 -9.40741 0.4
      vertex -2.60292 -9.40741 5.72205e-07
    endloop
  endfacet
  facet normal -0.751484 0.659751 0
    outer loop
      vertex -2.60292 -9.40741 0.4
      vertex -2.61752 -9.42404 5.72205e-07
      vertex -2.61752 -9.42404 0.4
    endloop
  endfacet
  facet normal -0.778109 0.628129 0
    outer loop
      vertex -2.63155 -9.44142 5.72205e-07
      vertex -2.61752 -9.42404 0.4
      vertex -2.61752 -9.42404 5.72205e-07
    endloop
  endfacet
  facet normal -0.778109 0.628129 0
    outer loop
      vertex -2.61752 -9.42404 0.4
      vertex -2.63155 -9.44142 5.72205e-07
      vertex -2.63155 -9.44142 0.4
    endloop
  endfacet
  facet normal -0.802653 0.596446 0
    outer loop
      vertex -2.645 -9.45952 5.72205e-07
      vertex -2.63155 -9.44142 0.4
      vertex -2.63155 -9.44142 5.72205e-07
    endloop
  endfacet
  facet normal -0.802653 0.596446 0
    outer loop
      vertex -2.63155 -9.44142 0.4
      vertex -2.645 -9.45952 5.72205e-07
      vertex -2.645 -9.45952 0.4
    endloop
  endfacet
  facet normal -0.825189 0.564856 0
    outer loop
      vertex -2.65791 -9.47838 5.72205e-07
      vertex -2.645 -9.45952 0.4
      vertex -2.645 -9.45952 5.72205e-07
    endloop
  endfacet
  facet normal -0.825189 0.564856 0
    outer loop
      vertex -2.645 -9.45952 0.4
      vertex -2.65791 -9.47838 5.72205e-07
      vertex -2.65791 -9.47838 0.4
    endloop
  endfacet
  facet normal -0.846197 0.532871 0
    outer loop
      vertex -2.67024 -9.49796 5.72205e-07
      vertex -2.65791 -9.47838 0.4
      vertex -2.65791 -9.47838 5.72205e-07
    endloop
  endfacet
  facet normal -0.846197 0.532871 0
    outer loop
      vertex -2.65791 -9.47838 0.4
      vertex -2.67024 -9.49796 5.72205e-07
      vertex -2.67024 -9.49796 0.4
    endloop
  endfacet
  facet normal -0.865319 0.501221 0
    outer loop
      vertex -2.68201 -9.51828 5.72205e-07
      vertex -2.67024 -9.49796 0.4
      vertex -2.67024 -9.49796 5.72205e-07
    endloop
  endfacet
  facet normal -0.865319 0.501221 0
    outer loop
      vertex -2.67024 -9.49796 0.4
      vertex -2.68201 -9.51828 5.72205e-07
      vertex -2.68201 -9.51828 0.4
    endloop
  endfacet
  facet normal -0.882909 0.469543 0
    outer loop
      vertex -2.69321 -9.53934 5.72205e-07
      vertex -2.68201 -9.51828 0.4
      vertex -2.68201 -9.51828 5.72205e-07
    endloop
  endfacet
  facet normal -0.882909 0.469543 0
    outer loop
      vertex -2.68201 -9.51828 0.4
      vertex -2.69321 -9.53934 5.72205e-07
      vertex -2.69321 -9.53934 0.4
    endloop
  endfacet
  facet normal -0.897802 0.4404 0
    outer loop
      vertex -2.70383 -9.56099 5.72205e-07
      vertex -2.69321 -9.53934 0.4
      vertex -2.69321 -9.53934 5.72205e-07
    endloop
  endfacet
  facet normal -0.897802 0.4404 0
    outer loop
      vertex -2.69321 -9.53934 0.4
      vertex -2.70383 -9.56099 5.72205e-07
      vertex -2.70383 -9.56099 0.4
    endloop
  endfacet
  facet normal -0.909702 0.415263 0
    outer loop
      vertex -2.7139 -9.58305 5.72205e-07
      vertex -2.70383 -9.56099 0.4
      vertex -2.70383 -9.56099 5.72205e-07
    endloop
  endfacet
  facet normal -0.909702 0.415263 0
    outer loop
      vertex -2.70383 -9.56099 0.4
      vertex -2.7139 -9.58305 5.72205e-07
      vertex -2.7139 -9.58305 0.4
    endloop
  endfacet
  facet normal -0.921396 0.388624 0
    outer loop
      vertex -2.72339 -9.60555 5.72205e-07
      vertex -2.7139 -9.58305 0.4
      vertex -2.7139 -9.58305 5.72205e-07
    endloop
  endfacet
  facet normal -0.921396 0.388624 0
    outer loop
      vertex -2.7139 -9.58305 0.4
      vertex -2.72339 -9.60555 5.72205e-07
      vertex -2.72339 -9.60555 0.4
    endloop
  endfacet
  facet normal -0.931668 0.36331 0
    outer loop
      vertex -2.73232 -9.62845 5.72205e-07
      vertex -2.72339 -9.60555 0.4
      vertex -2.72339 -9.60555 5.72205e-07
    endloop
  endfacet
  facet normal -0.931668 0.36331 0
    outer loop
      vertex -2.72339 -9.60555 0.4
      vertex -2.73232 -9.62845 5.72205e-07
      vertex -2.73232 -9.62845 0.4
    endloop
  endfacet
  facet normal -0.941431 0.337205 0
    outer loop
      vertex -2.74068 -9.65179 5.72205e-07
      vertex -2.73232 -9.62845 0.4
      vertex -2.73232 -9.62845 5.72205e-07
    endloop
  endfacet
  facet normal -0.941431 0.337205 0
    outer loop
      vertex -2.73232 -9.62845 0.4
      vertex -2.74068 -9.65179 5.72205e-07
      vertex -2.74068 -9.65179 0.4
    endloop
  endfacet
  facet normal -0.950231 0.311545 0
    outer loop
      vertex -2.74847 -9.67555 5.72205e-07
      vertex -2.74068 -9.65179 0.4
      vertex -2.74068 -9.65179 5.72205e-07
    endloop
  endfacet
  facet normal -0.950231 0.311545 0
    outer loop
      vertex -2.74068 -9.65179 0.4
      vertex -2.74847 -9.67555 5.72205e-07
      vertex -2.74847 -9.67555 0.4
    endloop
  endfacet
  facet normal -0.958011 0.28673 0
    outer loop
      vertex -2.75571 -9.69974 5.72205e-07
      vertex -2.74847 -9.67555 0.4
      vertex -2.74847 -9.67555 5.72205e-07
    endloop
  endfacet
  facet normal -0.958011 0.28673 0
    outer loop
      vertex -2.74847 -9.67555 0.4
      vertex -2.75571 -9.69974 5.72205e-07
      vertex -2.75571 -9.69974 0.4
    endloop
  endfacet
  facet normal -0.964755 0.263151 0
    outer loop
      vertex -2.76239 -9.72423 5.72205e-07
      vertex -2.75571 -9.69974 0.4
      vertex -2.75571 -9.69974 5.72205e-07
    endloop
  endfacet
  facet normal -0.964755 0.263151 0
    outer loop
      vertex -2.75571 -9.69974 0.4
      vertex -2.76239 -9.72423 5.72205e-07
      vertex -2.76239 -9.72423 0.4
    endloop
  endfacet
  facet normal -0.970004 0.243091 0
    outer loop
      vertex -2.76857 -9.74889 5.72205e-07
      vertex -2.76239 -9.72423 0.4
      vertex -2.76239 -9.72423 5.72205e-07
    endloop
  endfacet
  facet normal -0.970004 0.243091 0
    outer loop
      vertex -2.76239 -9.72423 0.4
      vertex -2.76857 -9.74889 5.72205e-07
      vertex -2.76857 -9.74889 0.4
    endloop
  endfacet
  facet normal -0.975009 0.222164 0
    outer loop
      vertex -2.77423 -9.77373 5.72205e-07
      vertex -2.76857 -9.74889 0.4
      vertex -2.76857 -9.74889 5.72205e-07
    endloop
  endfacet
  facet normal -0.975009 0.222164 0
    outer loop
      vertex -2.76857 -9.74889 0.4
      vertex -2.77423 -9.77373 5.72205e-07
      vertex -2.77423 -9.77373 0.4
    endloop
  endfacet
  facet normal -0.979341 0.202217 0
    outer loop
      vertex -2.77939 -9.79872 5.72205e-07
      vertex -2.77423 -9.77373 0.4
      vertex -2.77423 -9.77373 5.72205e-07
    endloop
  endfacet
  facet normal -0.979341 0.202217 0
    outer loop
      vertex -2.77423 -9.77373 0.4
      vertex -2.77939 -9.79872 5.72205e-07
      vertex -2.77939 -9.79872 0.4
    endloop
  endfacet
  facet normal -0.983373 0.1816 0
    outer loop
      vertex -2.78404 -9.8239 5.72205e-07
      vertex -2.77939 -9.79872 0.4
      vertex -2.77939 -9.79872 5.72205e-07
    endloop
  endfacet
  facet normal -0.983373 0.1816 0
    outer loop
      vertex -2.77939 -9.79872 0.4
      vertex -2.78404 -9.8239 5.72205e-07
      vertex -2.78404 -9.8239 0.4
    endloop
  endfacet
  facet normal -0.986905 0.161302 0
    outer loop
      vertex -2.78818 -9.84923 5.72205e-07
      vertex -2.78404 -9.8239 0.4
      vertex -2.78404 -9.8239 5.72205e-07
    endloop
  endfacet
  facet normal -0.986905 0.161302 0
    outer loop
      vertex -2.78404 -9.8239 0.4
      vertex -2.78818 -9.84923 5.72205e-07
      vertex -2.78818 -9.84923 0.4
    endloop
  endfacet
  facet normal -0.990135 0.140117 0
    outer loop
      vertex -2.79179 -9.87474 5.72205e-07
      vertex -2.78818 -9.84923 0.4
      vertex -2.78818 -9.84923 5.72205e-07
    endloop
  endfacet
  facet normal -0.990135 0.140117 0
    outer loop
      vertex -2.78818 -9.84923 0.4
      vertex -2.79179 -9.87474 5.72205e-07
      vertex -2.79179 -9.87474 0.4
    endloop
  endfacet
  facet normal -0.992456 0.122598 0
    outer loop
      vertex -2.79494 -9.90024 5.72205e-07
      vertex -2.79179 -9.87474 0.4
      vertex -2.79179 -9.87474 5.72205e-07
    endloop
  endfacet
  facet normal -0.992456 0.122598 0
    outer loop
      vertex -2.79179 -9.87474 0.4
      vertex -2.79494 -9.90024 5.72205e-07
      vertex -2.79494 -9.90024 0.4
    endloop
  endfacet
  facet normal -0.9946 0.103784 0
    outer loop
      vertex -2.79758 -9.92554 5.72205e-07
      vertex -2.79494 -9.90024 0.4
      vertex -2.79494 -9.90024 5.72205e-07
    endloop
  endfacet
  facet normal -0.9946 0.103784 0
    outer loop
      vertex -2.79494 -9.90024 0.4
      vertex -2.79758 -9.92554 5.72205e-07
      vertex -2.79758 -9.92554 0.4
    endloop
  endfacet
  facet normal -0.996318 0.0857389 0
    outer loop
      vertex -2.79974 -9.95064 5.72205e-07
      vertex -2.79758 -9.92554 0.4
      vertex -2.79758 -9.92554 5.72205e-07
    endloop
  endfacet
  facet normal -0.996318 0.0857389 0
    outer loop
      vertex -2.79758 -9.92554 0.4
      vertex -2.79974 -9.95064 5.72205e-07
      vertex -2.79974 -9.95064 0.4
    endloop
  endfacet
  facet normal -0.997678 0.0681145 0
    outer loop
      vertex -2.80144 -9.97554 5.72205e-07
      vertex -2.79974 -9.95064 0.4
      vertex -2.79974 -9.95064 5.72205e-07
    endloop
  endfacet
  facet normal -0.997678 0.0681145 0
    outer loop
      vertex -2.79974 -9.95064 0.4
      vertex -2.80144 -9.97554 5.72205e-07
      vertex -2.80144 -9.97554 0.4
    endloop
  endfacet
  facet normal -0.998818 0.0486043 0
    outer loop
      vertex -2.80264 -10.0002 5.72205e-07
      vertex -2.80144 -9.97554 0.4
      vertex -2.80144 -9.97554 5.72205e-07
    endloop
  endfacet
  facet normal -0.998818 0.0486043 0
    outer loop
      vertex -2.80144 -9.97554 0.4
      vertex -2.80264 -10.0002 5.72205e-07
      vertex -2.80264 -10.0002 0.4
    endloop
  endfacet
  facet normal -0.999568 0.0293751 0
    outer loop
      vertex -2.80336 -10.0247 5.72205e-07
      vertex -2.80264 -10.0002 0.4
      vertex -2.80264 -10.0002 5.72205e-07
    endloop
  endfacet
  facet normal -0.999568 0.0293751 0
    outer loop
      vertex -2.80264 -10.0002 0.4
      vertex -2.80336 -10.0247 5.72205e-07
      vertex -2.80336 -10.0247 0.4
    endloop
  endfacet
  facet normal -0.999951 0.00987606 0
    outer loop
      vertex -2.8036 -10.049 5.72205e-07
      vertex -2.80336 -10.0247 0.4
      vertex -2.80336 -10.0247 5.72205e-07
    endloop
  endfacet
  facet normal -0.999951 0.00987606 0
    outer loop
      vertex -2.80336 -10.0247 0.4
      vertex -2.8036 -10.049 5.72205e-07
      vertex -2.8036 -10.049 0.4
    endloop
  endfacet
  facet normal -0.999905 -0.0137918 0
    outer loop
      vertex -2.80304 -10.0896 5.72205e-07
      vertex -2.8036 -10.049 0.4
      vertex -2.8036 -10.049 5.72205e-07
    endloop
  endfacet
  facet normal -0.999905 -0.0137918 0
    outer loop
      vertex -2.8036 -10.049 0.4
      vertex -2.80304 -10.0896 5.72205e-07
      vertex -2.80304 -10.0896 0.4
    endloop
  endfacet
  facet normal -0.99915 -0.0412149 0
    outer loop
      vertex -2.80139 -10.1296 5.72205e-07
      vertex -2.80304 -10.0896 0.4
      vertex -2.80304 -10.0896 5.72205e-07
    endloop
  endfacet
  facet normal -0.99915 -0.0412149 0
    outer loop
      vertex -2.80304 -10.0896 0.4
      vertex -2.80139 -10.1296 5.72205e-07
      vertex -2.80139 -10.1296 0.4
    endloop
  endfacet
  facet normal -0.997555 -0.0698795 0
    outer loop
      vertex -2.79863 -10.169 5.72205e-07
      vertex -2.80139 -10.1296 0.4
      vertex -2.80139 -10.1296 5.72205e-07
    endloop
  endfacet
  facet normal -0.997555 -0.0698795 0
    outer loop
      vertex -2.80139 -10.1296 0.4
      vertex -2.79863 -10.169 5.72205e-07
      vertex -2.79863 -10.169 0.4
    endloop
  endfacet
  facet normal -0.995012 -0.0997583 0
    outer loop
      vertex -2.79475 -10.2077 5.72205e-07
      vertex -2.79863 -10.169 0.4
      vertex -2.79863 -10.169 5.72205e-07
    endloop
  endfacet
  facet normal -0.995012 -0.0997583 0
    outer loop
      vertex -2.79863 -10.169 0.4
      vertex -2.79475 -10.2077 5.72205e-07
      vertex -2.79475 -10.2077 0.4
    endloop
  endfacet
  facet normal -0.991642 -0.129017 0
    outer loop
      vertex -2.78978 -10.2459 5.72205e-07
      vertex -2.79475 -10.2077 0.4
      vertex -2.79475 -10.2077 5.72205e-07
    endloop
  endfacet
  facet normal -0.991642 -0.129017 0
    outer loop
      vertex -2.79475 -10.2077 0.4
      vertex -2.78978 -10.2459 5.72205e-07
      vertex -2.78978 -10.2459 0.4
    endloop
  endfacet
  facet normal -0.987218 -0.159373 0
    outer loop
      vertex -2.78371 -10.2835 5.72205e-07
      vertex -2.78978 -10.2459 0.4
      vertex -2.78978 -10.2459 5.72205e-07
    endloop
  endfacet
  facet normal -0.987218 -0.159373 0
    outer loop
      vertex -2.78978 -10.2459 0.4
      vertex -2.78371 -10.2835 5.72205e-07
      vertex -2.78371 -10.2835 0.4
    endloop
  endfacet
  facet normal -0.981637 -0.190756 0
    outer loop
      vertex -2.77652 -10.3205 5.72205e-07
      vertex -2.78371 -10.2835 0.4
      vertex -2.78371 -10.2835 5.72205e-07
    endloop
  endfacet
  facet normal -0.981637 -0.190756 0
    outer loop
      vertex -2.78371 -10.2835 0.4
      vertex -2.77652 -10.3205 5.72205e-07
      vertex -2.77652 -10.3205 0.4
    endloop
  endfacet
  facet normal -0.974099 -0.226121 0
    outer loop
      vertex -2.76814 -10.3566 5.72205e-07
      vertex -2.77652 -10.3205 0.4
      vertex -2.77652 -10.3205 5.72205e-07
    endloop
  endfacet
  facet normal -0.974099 -0.226121 0
    outer loop
      vertex -2.77652 -10.3205 0.4
      vertex -2.76814 -10.3566 5.72205e-07
      vertex -2.76814 -10.3566 0.4
    endloop
  endfacet
  facet normal -0.96351 -0.267673 0
    outer loop
      vertex -2.7585 -10.3913 5.72205e-07
      vertex -2.76814 -10.3566 0.4
      vertex -2.76814 -10.3566 5.72205e-07
    endloop
  endfacet
  facet normal -0.96351 -0.267673 0
    outer loop
      vertex -2.76814 -10.3566 0.4
      vertex -2.7585 -10.3913 5.72205e-07
      vertex -2.7585 -10.3913 0.4
    endloop
  endfacet
  facet normal -0.950679 -0.310177 0
    outer loop
      vertex -2.74757 -10.4248 5.72205e-07
      vertex -2.7585 -10.3913 0.4
      vertex -2.7585 -10.3913 5.72205e-07
    endloop
  endfacet
  facet normal -0.950679 -0.310177 0
    outer loop
      vertex -2.7585 -10.3913 0.4
      vertex -2.74757 -10.4248 5.72205e-07
      vertex -2.74757 -10.4248 0.4
    endloop
  endfacet
  facet normal -0.934764 -0.355269 0
    outer loop
      vertex -2.73537 -10.4569 5.72205e-07
      vertex -2.74757 -10.4248 0.4
      vertex -2.74757 -10.4248 5.72205e-07
    endloop
  endfacet
  facet normal -0.934764 -0.355269 0
    outer loop
      vertex -2.74757 -10.4248 0.4
      vertex -2.73537 -10.4569 5.72205e-07
      vertex -2.73537 -10.4569 0.4
    endloop
  endfacet
  facet normal -0.916103 -0.400944 0
    outer loop
      vertex -2.72189 -10.4877 5.72205e-07
      vertex -2.73537 -10.4569 0.4
      vertex -2.73537 -10.4569 5.72205e-07
    endloop
  endfacet
  facet normal -0.916103 -0.400944 0
    outer loop
      vertex -2.73537 -10.4569 0.4
      vertex -2.72189 -10.4877 5.72205e-07
      vertex -2.72189 -10.4877 0.4
    endloop
  endfacet
  facet normal -0.895031 -0.446004 0
    outer loop
      vertex -2.70714 -10.5173 5.72205e-07
      vertex -2.72189 -10.4877 0.4
      vertex -2.72189 -10.4877 5.72205e-07
    endloop
  endfacet
  facet normal -0.895031 -0.446004 0
    outer loop
      vertex -2.72189 -10.4877 0.4
      vertex -2.70714 -10.5173 5.72205e-07
      vertex -2.70714 -10.5173 0.4
    endloop
  endfacet
  facet normal -0.869493 -0.493946 0
    outer loop
      vertex -2.69112 -10.5455 5.72205e-07
      vertex -2.70714 -10.5173 0.4
      vertex -2.70714 -10.5173 5.72205e-07
    endloop
  endfacet
  facet normal -0.869493 -0.493946 0
    outer loop
      vertex -2.70714 -10.5173 0.4
      vertex -2.69112 -10.5455 5.72205e-07
      vertex -2.69112 -10.5455 0.4
    endloop
  endfacet
  facet normal -0.839158 -0.543887 0
    outer loop
      vertex -2.67375 -10.5723 5.72205e-07
      vertex -2.69112 -10.5455 0.4
      vertex -2.69112 -10.5455 5.72205e-07
    endloop
  endfacet
  facet normal -0.839158 -0.543887 0
    outer loop
      vertex -2.69112 -10.5455 0.4
      vertex -2.67375 -10.5723 5.72205e-07
      vertex -2.67375 -10.5723 0.4
    endloop
  endfacet
  facet normal -0.801301 -0.598262 0
    outer loop
      vertex -2.65501 -10.5974 5.72205e-07
      vertex -2.67375 -10.5723 0.4
      vertex -2.67375 -10.5723 5.72205e-07
    endloop
  endfacet
  facet normal -0.801301 -0.598262 0
    outer loop
      vertex -2.67375 -10.5723 0.4
      vertex -2.65501 -10.5974 5.72205e-07
      vertex -2.65501 -10.5974 0.4
    endloop
  endfacet
  facet normal -0.757929 -0.652337 0
    outer loop
      vertex -2.63487 -10.6208 5.72205e-07
      vertex -2.65501 -10.5974 0.4
      vertex -2.65501 -10.5974 5.72205e-07
    endloop
  endfacet
  facet normal -0.757929 -0.652337 0
    outer loop
      vertex -2.65501 -10.5974 0.4
      vertex -2.63487 -10.6208 5.72205e-07
      vertex -2.63487 -10.6208 0.4
    endloop
  endfacet
  facet normal -0.713105 -0.701057 0
    outer loop
      vertex -2.61334 -10.6427 5.72205e-07
      vertex -2.63487 -10.6208 0.4
      vertex -2.63487 -10.6208 5.72205e-07
    endloop
  endfacet
  facet normal -0.713105 -0.701057 0
    outer loop
      vertex -2.63487 -10.6208 0.4
      vertex -2.61334 -10.6427 5.72205e-07
      vertex -2.61334 -10.6427 0.4
    endloop
  endfacet
  facet normal -0.661188 -0.75022 0
    outer loop
      vertex -2.61334 -10.6427 5.72205e-07
      vertex -2.59042 -10.6629 0.4
      vertex -2.61334 -10.6427 0.4
    endloop
  endfacet
  facet normal -0.661188 -0.75022 -0
    outer loop
      vertex -2.59042 -10.6629 0.4
      vertex -2.61334 -10.6427 5.72205e-07
      vertex -2.59042 -10.6629 5.72205e-07
    endloop
  endfacet
  facet normal -0.605905 -0.795537 0
    outer loop
      vertex -2.59042 -10.6629 5.72205e-07
      vertex -2.56613 -10.6814 0.4
      vertex -2.59042 -10.6629 0.4
    endloop
  endfacet
  facet normal -0.605905 -0.795537 -0
    outer loop
      vertex -2.56613 -10.6814 0.4
      vertex -2.59042 -10.6629 5.72205e-07
      vertex -2.56613 -10.6814 5.72205e-07
    endloop
  endfacet
  facet normal -0.549587 -0.835437 0
    outer loop
      vertex -2.56613 -10.6814 5.72205e-07
      vertex -2.54044 -10.6983 0.4
      vertex -2.56613 -10.6814 0.4
    endloop
  endfacet
  facet normal -0.549587 -0.835437 -0
    outer loop
      vertex -2.54044 -10.6983 0.4
      vertex -2.56613 -10.6814 5.72205e-07
      vertex -2.54044 -10.6983 5.72205e-07
    endloop
  endfacet
  facet normal -0.480433 -0.877032 0
    outer loop
      vertex -2.54044 -10.6983 5.72205e-07
      vertex -2.51324 -10.7132 0.4
      vertex -2.54044 -10.6983 0.4
    endloop
  endfacet
  facet normal -0.480433 -0.877032 -0
    outer loop
      vertex -2.51324 -10.7132 0.4
      vertex -2.54044 -10.6983 5.72205e-07
      vertex -2.51324 -10.7132 5.72205e-07
    endloop
  endfacet
  facet normal -0.400819 -0.916157 0
    outer loop
      vertex -2.51324 -10.7132 5.72205e-07
      vertex -2.48444 -10.7258 0.4
      vertex -2.51324 -10.7132 0.4
    endloop
  endfacet
  facet normal -0.400819 -0.916157 -0
    outer loop
      vertex -2.48444 -10.7258 0.4
      vertex -2.51324 -10.7132 5.72205e-07
      vertex -2.48444 -10.7258 5.72205e-07
    endloop
  endfacet
  facet normal -0.323402 -0.946262 0
    outer loop
      vertex -2.48444 -10.7258 5.72205e-07
      vertex -2.45401 -10.7362 0.4
      vertex -2.48444 -10.7258 0.4
    endloop
  endfacet
  facet normal -0.323402 -0.946262 -0
    outer loop
      vertex -2.45401 -10.7362 0.4
      vertex -2.48444 -10.7258 5.72205e-07
      vertex -2.45401 -10.7362 5.72205e-07
    endloop
  endfacet
  facet normal -0.242251 -0.970214 0
    outer loop
      vertex -2.45401 -10.7362 5.72205e-07
      vertex -2.42197 -10.7442 0.4
      vertex -2.45401 -10.7362 0.4
    endloop
  endfacet
  facet normal -0.242251 -0.970214 -0
    outer loop
      vertex -2.42197 -10.7442 0.4
      vertex -2.45401 -10.7362 5.72205e-07
      vertex -2.42197 -10.7442 5.72205e-07
    endloop
  endfacet
  facet normal -0.166963 -0.985963 0
    outer loop
      vertex -2.42197 -10.7442 5.72205e-07
      vertex -2.38831 -10.7499 0.4
      vertex -2.42197 -10.7442 0.4
    endloop
  endfacet
  facet normal -0.166963 -0.985963 -0
    outer loop
      vertex -2.38831 -10.7499 0.4
      vertex -2.42197 -10.7442 5.72205e-07
      vertex -2.38831 -10.7499 5.72205e-07
    endloop
  endfacet
  facet normal -0.0987217 -0.995115 0
    outer loop
      vertex -2.38831 -10.7499 5.72205e-07
      vertex -2.35303 -10.7534 0.4
      vertex -2.38831 -10.7499 0.4
    endloop
  endfacet
  facet normal -0.0987217 -0.995115 -0
    outer loop
      vertex -2.35303 -10.7534 0.4
      vertex -2.38831 -10.7499 5.72205e-07
      vertex -2.35303 -10.7534 5.72205e-07
    endloop
  endfacet
  facet normal -0.0298132 -0.999555 0
    outer loop
      vertex -2.35303 -10.7534 5.72205e-07
      vertex -2.31615 -10.7545 0.4
      vertex -2.35303 -10.7534 0.4
    endloop
  endfacet
  facet normal -0.0298132 -0.999555 -0
    outer loop
      vertex -2.31615 -10.7545 0.4
      vertex -2.35303 -10.7534 5.72205e-07
      vertex -2.31615 -10.7545 5.72205e-07
    endloop
  endfacet
  facet normal 0.0147259 -0.999892 0
    outer loop
      vertex -2.31615 -10.7545 5.72205e-07
      vertex -2.30257 -10.7543 0.4
      vertex -2.31615 -10.7545 0.4
    endloop
  endfacet
  facet normal 0.0147259 -0.999892 0
    outer loop
      vertex -2.30257 -10.7543 0.4
      vertex -2.31615 -10.7545 5.72205e-07
      vertex -2.30257 -10.7543 5.72205e-07
    endloop
  endfacet
  facet normal 0.0580836 -0.998312 0
    outer loop
      vertex -2.30257 -10.7543 5.72205e-07
      vertex -2.28882 -10.7535 0.4
      vertex -2.30257 -10.7543 0.4
    endloop
  endfacet
  facet normal 0.0580836 -0.998312 0
    outer loop
      vertex -2.28882 -10.7535 0.4
      vertex -2.30257 -10.7543 5.72205e-07
      vertex -2.28882 -10.7535 5.72205e-07
    endloop
  endfacet
  facet normal 0.0929862 -0.995667 0
    outer loop
      vertex -2.28882 -10.7535 5.72205e-07
      vertex -2.2749 -10.7522 0.4
      vertex -2.28882 -10.7535 0.4
    endloop
  endfacet
  facet normal 0.0929862 -0.995667 0
    outer loop
      vertex -2.2749 -10.7522 0.4
      vertex -2.28882 -10.7535 5.72205e-07
      vertex -2.2749 -10.7522 5.72205e-07
    endloop
  endfacet
  facet normal 0.126809 -0.991927 0
    outer loop
      vertex -2.2749 -10.7522 5.72205e-07
      vertex -2.26082 -10.7504 0.4
      vertex -2.2749 -10.7522 0.4
    endloop
  endfacet
  facet normal 0.126809 -0.991927 0
    outer loop
      vertex -2.26082 -10.7504 0.4
      vertex -2.2749 -10.7522 5.72205e-07
      vertex -2.26082 -10.7504 5.72205e-07
    endloop
  endfacet
  facet normal 0.152578 -0.988291 0
    outer loop
      vertex -2.26082 -10.7504 5.72205e-07
      vertex -2.24657 -10.7482 0.4
      vertex -2.26082 -10.7504 0.4
    endloop
  endfacet
  facet normal 0.152578 -0.988291 0
    outer loop
      vertex -2.24657 -10.7482 0.4
      vertex -2.26082 -10.7504 5.72205e-07
      vertex -2.24657 -10.7482 5.72205e-07
    endloop
  endfacet
  facet normal 0.196899 -0.980424 0
    outer loop
      vertex -2.24657 -10.7482 5.72205e-07
      vertex -2.23213 -10.7453 0.4
      vertex -2.24657 -10.7482 0.4
    endloop
  endfacet
  facet normal 0.196899 -0.980424 0
    outer loop
      vertex -2.23213 -10.7453 0.4
      vertex -2.24657 -10.7482 5.72205e-07
      vertex -2.23213 -10.7453 5.72205e-07
    endloop
  endfacet
  facet normal 0.22061 -0.975362 0
    outer loop
      vertex -2.23213 -10.7453 5.72205e-07
      vertex -2.21754 -10.742 0.4
      vertex -2.23213 -10.7453 0.4
    endloop
  endfacet
  facet normal 0.22061 -0.975362 0
    outer loop
      vertex -2.21754 -10.742 0.4
      vertex -2.23213 -10.7453 5.72205e-07
      vertex -2.21754 -10.742 5.72205e-07
    endloop
  endfacet
  facet normal 0.244088 -0.969753 0
    outer loop
      vertex -2.21754 -10.742 5.72205e-07
      vertex -2.20284 -10.7383 0.4
      vertex -2.21754 -10.742 0.4
    endloop
  endfacet
  facet normal 0.244088 -0.969753 0
    outer loop
      vertex -2.20284 -10.7383 0.4
      vertex -2.21754 -10.742 5.72205e-07
      vertex -2.20284 -10.7383 5.72205e-07
    endloop
  endfacet
  facet normal 0.26815 -0.963377 0
    outer loop
      vertex -2.20284 -10.7383 5.72205e-07
      vertex -2.18811 -10.7342 0.4
      vertex -2.20284 -10.7383 0.4
    endloop
  endfacet
  facet normal 0.26815 -0.963377 0
    outer loop
      vertex -2.18811 -10.7342 0.4
      vertex -2.20284 -10.7383 5.72205e-07
      vertex -2.18811 -10.7342 5.72205e-07
    endloop
  endfacet
  facet normal 0.285857 -0.958272 0
    outer loop
      vertex -2.18811 -10.7342 5.72205e-07
      vertex -2.17336 -10.7298 0.4
      vertex -2.18811 -10.7342 0.4
    endloop
  endfacet
  facet normal 0.285857 -0.958272 0
    outer loop
      vertex -2.17336 -10.7298 0.4
      vertex -2.18811 -10.7342 5.72205e-07
      vertex -2.17336 -10.7298 5.72205e-07
    endloop
  endfacet
  facet normal 0.308693 -0.951162 0
    outer loop
      vertex -2.17336 -10.7298 5.72205e-07
      vertex -2.15857 -10.725 0.4
      vertex -2.17336 -10.7298 0.4
    endloop
  endfacet
  facet normal 0.308693 -0.951162 0
    outer loop
      vertex -2.15857 -10.725 0.4
      vertex -2.17336 -10.7298 5.72205e-07
      vertex -2.15857 -10.725 5.72205e-07
    endloop
  endfacet
  facet normal 0.325794 -0.945441 0
    outer loop
      vertex -2.15857 -10.725 5.72205e-07
      vertex -2.14377 -10.7199 0.4
      vertex -2.15857 -10.725 0.4
    endloop
  endfacet
  facet normal 0.325794 -0.945441 0
    outer loop
      vertex -2.14377 -10.7199 0.4
      vertex -2.15857 -10.725 5.72205e-07
      vertex -2.14377 -10.7199 5.72205e-07
    endloop
  endfacet
  facet normal 0.341743 -0.939793 0
    outer loop
      vertex -2.14377 -10.7199 5.72205e-07
      vertex -2.12892 -10.7145 0.4
      vertex -2.14377 -10.7199 0.4
    endloop
  endfacet
  facet normal 0.341743 -0.939793 0
    outer loop
      vertex -2.12892 -10.7145 0.4
      vertex -2.14377 -10.7199 5.72205e-07
      vertex -2.12892 -10.7145 5.72205e-07
    endloop
  endfacet
  facet normal 0.363596 -0.931557 0
    outer loop
      vertex -2.12892 -10.7145 5.72205e-07
      vertex -2.11406 -10.7087 0.4
      vertex -2.12892 -10.7145 0.4
    endloop
  endfacet
  facet normal 0.363596 -0.931557 0
    outer loop
      vertex -2.11406 -10.7087 0.4
      vertex -2.12892 -10.7145 5.72205e-07
      vertex -2.11406 -10.7087 5.72205e-07
    endloop
  endfacet
  facet normal 0.380405 -0.92482 0
    outer loop
      vertex -2.11406 -10.7087 5.72205e-07
      vertex -2.09923 -10.7026 0.4
      vertex -2.11406 -10.7087 0.4
    endloop
  endfacet
  facet normal 0.380405 -0.92482 0
    outer loop
      vertex -2.09923 -10.7026 0.4
      vertex -2.11406 -10.7087 5.72205e-07
      vertex -2.09923 -10.7026 5.72205e-07
    endloop
  endfacet
  facet normal 0.397817 -0.917465 0
    outer loop
      vertex -2.09923 -10.7026 5.72205e-07
      vertex -2.08447 -10.6962 0.4
      vertex -2.09923 -10.7026 0.4
    endloop
  endfacet
  facet normal 0.397817 -0.917465 0
    outer loop
      vertex -2.08447 -10.6962 0.4
      vertex -2.09923 -10.7026 5.72205e-07
      vertex -2.08447 -10.6962 5.72205e-07
    endloop
  endfacet
  facet normal 0.41052 -0.911852 0
    outer loop
      vertex -2.08447 -10.6962 5.72205e-07
      vertex -2.06981 -10.6896 0.4
      vertex -2.08447 -10.6962 0.4
    endloop
  endfacet
  facet normal 0.41052 -0.911852 0
    outer loop
      vertex -2.06981 -10.6896 0.4
      vertex -2.08447 -10.6962 5.72205e-07
      vertex -2.06981 -10.6896 5.72205e-07
    endloop
  endfacet
  facet normal 0.43257 -0.9016 0
    outer loop
      vertex -2.06981 -10.6896 5.72205e-07
      vertex -2.05522 -10.6826 0.4
      vertex -2.06981 -10.6896 0.4
    endloop
  endfacet
  facet normal 0.43257 -0.9016 0
    outer loop
      vertex -2.05522 -10.6826 0.4
      vertex -2.06981 -10.6896 5.72205e-07
      vertex -2.05522 -10.6826 5.72205e-07
    endloop
  endfacet
  facet normal 0.444987 -0.895537 0
    outer loop
      vertex -2.05522 -10.6826 5.72205e-07
      vertex -2.04073 -10.6754 0.4
      vertex -2.05522 -10.6826 0.4
    endloop
  endfacet
  facet normal 0.444987 -0.895537 0
    outer loop
      vertex -2.04073 -10.6754 0.4
      vertex -2.05522 -10.6826 5.72205e-07
      vertex -2.04073 -10.6754 5.72205e-07
    endloop
  endfacet
  facet normal 0.461682 -0.887045 0
    outer loop
      vertex -2.04073 -10.6754 5.72205e-07
      vertex -2.02632 -10.6679 0.4
      vertex -2.04073 -10.6754 0.4
    endloop
  endfacet
  facet normal 0.461682 -0.887045 0
    outer loop
      vertex -2.02632 -10.6679 0.4
      vertex -2.04073 -10.6754 5.72205e-07
      vertex -2.02632 -10.6679 5.72205e-07
    endloop
  endfacet
  facet normal 0.478079 -0.878317 0
    outer loop
      vertex -2.02632 -10.6679 5.72205e-07
      vertex -2.01199 -10.6601 0.4
      vertex -2.02632 -10.6679 0.4
    endloop
  endfacet
  facet normal 0.478079 -0.878317 0
    outer loop
      vertex -2.01199 -10.6601 0.4
      vertex -2.02632 -10.6679 5.72205e-07
      vertex -2.01199 -10.6601 5.72205e-07
    endloop
  endfacet
  facet normal 0.491106 -0.8711 0
    outer loop
      vertex -2.01199 -10.6601 5.72205e-07
      vertex -1.9978 -10.6521 0.4
      vertex -2.01199 -10.6601 0.4
    endloop
  endfacet
  facet normal 0.491106 -0.8711 0
    outer loop
      vertex -1.9978 -10.6521 0.4
      vertex -2.01199 -10.6601 5.72205e-07
      vertex -1.9978 -10.6521 5.72205e-07
    endloop
  endfacet
  facet normal 0.499722 -0.866186 0
    outer loop
      vertex -1.9978 -10.6521 5.72205e-07
      vertex -1.98376 -10.644 0.4
      vertex -1.9978 -10.6521 0.4
    endloop
  endfacet
  facet normal 0.499722 -0.866186 0
    outer loop
      vertex -1.98376 -10.644 0.4
      vertex -1.9978 -10.6521 5.72205e-07
      vertex -1.98376 -10.644 5.72205e-07
    endloop
  endfacet
  facet normal 0.509462 -0.860493 0
    outer loop
      vertex -1.98376 -10.644 5.72205e-07
      vertex -1.96991 -10.6358 0.4
      vertex -1.98376 -10.644 0.4
    endloop
  endfacet
  facet normal 0.509462 -0.860493 0
    outer loop
      vertex -1.96991 -10.6358 0.4
      vertex -1.98376 -10.644 5.72205e-07
      vertex -1.96991 -10.6358 5.72205e-07
    endloop
  endfacet
  facet normal 0.522985 -0.852342 0
    outer loop
      vertex -1.96991 -10.6358 5.72205e-07
      vertex -1.95622 -10.6274 0.4
      vertex -1.96991 -10.6358 0.4
    endloop
  endfacet
  facet normal 0.522985 -0.852342 0
    outer loop
      vertex -1.95622 -10.6274 0.4
      vertex -1.96991 -10.6358 5.72205e-07
      vertex -1.95622 -10.6274 5.72205e-07
    endloop
  endfacet
  facet normal 0.527457 -0.849582 0
    outer loop
      vertex -1.95622 -10.6274 5.72205e-07
      vertex -1.94269 -10.619 0.4
      vertex -1.95622 -10.6274 0.4
    endloop
  endfacet
  facet normal 0.527457 -0.849582 0
    outer loop
      vertex -1.94269 -10.619 0.4
      vertex -1.95622 -10.6274 5.72205e-07
      vertex -1.94269 -10.619 5.72205e-07
    endloop
  endfacet
  facet normal 0.541553 -0.840667 0
    outer loop
      vertex -1.94269 -10.619 5.72205e-07
      vertex -1.92934 -10.6104 0.4
      vertex -1.94269 -10.619 0.4
    endloop
  endfacet
  facet normal 0.541553 -0.840667 0
    outer loop
      vertex -1.92934 -10.6104 0.4
      vertex -1.94269 -10.619 5.72205e-07
      vertex -1.92934 -10.6104 5.72205e-07
    endloop
  endfacet
  facet normal 0.546171 -0.837674 0
    outer loop
      vertex -1.92934 -10.6104 5.72205e-07
      vertex -1.91615 -10.6018 0.4
      vertex -1.92934 -10.6104 0.4
    endloop
  endfacet
  facet normal 0.546171 -0.837674 0
    outer loop
      vertex -1.91615 -10.6018 0.4
      vertex -1.92934 -10.6104 5.72205e-07
      vertex -1.91615 -10.6018 5.72205e-07
    endloop
  endfacet
  facet normal -0.761675 -0.64796 0
    outer loop
      vertex -1.71062 -10.8434 5.72205e-07
      vertex -1.91615 -10.6018 0.4
      vertex -1.91615 -10.6018 5.72205e-07
    endloop
  endfacet
  facet normal -0.761675 -0.64796 0
    outer loop
      vertex -1.91615 -10.6018 0.4
      vertex -1.71062 -10.8434 5.72205e-07
      vertex -1.71062 -10.8434 0.4
    endloop
  endfacet
  facet normal -0.669252 0.743036 0
    outer loop
      vertex -1.71062 -10.8434 5.72205e-07
      vertex -1.74637 -10.8756 0.4
      vertex -1.71062 -10.8434 0.4
    endloop
  endfacet
  facet normal -0.669252 0.743036 0
    outer loop
      vertex -1.74637 -10.8756 0.4
      vertex -1.71062 -10.8434 5.72205e-07
      vertex -1.74637 -10.8756 5.72205e-07
    endloop
  endfacet
  facet normal -0.625407 0.780299 0
    outer loop
      vertex -1.74637 -10.8756 5.72205e-07
      vertex -1.7838 -10.9056 0.4
      vertex -1.74637 -10.8756 0.4
    endloop
  endfacet
  facet normal -0.625407 0.780299 0
    outer loop
      vertex -1.7838 -10.9056 0.4
      vertex -1.74637 -10.8756 5.72205e-07
      vertex -1.7838 -10.9056 5.72205e-07
    endloop
  endfacet
  facet normal -0.577977 0.816053 0
    outer loop
      vertex -1.7838 -10.9056 5.72205e-07
      vertex -1.82291 -10.9333 0.4
      vertex -1.7838 -10.9056 0.4
    endloop
  endfacet
  facet normal -0.577977 0.816053 0
    outer loop
      vertex -1.82291 -10.9333 0.4
      vertex -1.7838 -10.9056 5.72205e-07
      vertex -1.82291 -10.9333 5.72205e-07
    endloop
  endfacet
  facet normal -0.530279 0.847823 0
    outer loop
      vertex -1.82291 -10.9333 5.72205e-07
      vertex -1.86368 -10.9588 0.4
      vertex -1.82291 -10.9333 0.4
    endloop
  endfacet
  facet normal -0.530279 0.847823 0
    outer loop
      vertex -1.86368 -10.9588 0.4
      vertex -1.82291 -10.9333 5.72205e-07
      vertex -1.86368 -10.9588 5.72205e-07
    endloop
  endfacet
  facet normal -0.48134 0.876534 0
    outer loop
      vertex -1.86368 -10.9588 5.72205e-07
      vertex -1.90611 -10.9821 0.4
      vertex -1.86368 -10.9588 0.4
    endloop
  endfacet
  facet normal -0.48134 0.876534 0
    outer loop
      vertex -1.90611 -10.9821 0.4
      vertex -1.86368 -10.9588 5.72205e-07
      vertex -1.90611 -10.9821 5.72205e-07
    endloop
  endfacet
  facet normal -0.429775 0.902936 0
    outer loop
      vertex -1.90611 -10.9821 5.72205e-07
      vertex -1.95023 -11.0031 0.4
      vertex -1.90611 -10.9821 0.4
    endloop
  endfacet
  facet normal -0.429775 0.902936 0
    outer loop
      vertex -1.95023 -11.0031 0.4
      vertex -1.90611 -10.9821 5.72205e-07
      vertex -1.95023 -11.0031 5.72205e-07
    endloop
  endfacet
  facet normal -0.379805 0.925067 0
    outer loop
      vertex -1.95023 -11.0031 5.72205e-07
      vertex -1.99602 -11.0219 0.4
      vertex -1.95023 -11.0031 0.4
    endloop
  endfacet
  facet normal -0.379805 0.925067 0
    outer loop
      vertex -1.99602 -11.0219 0.4
      vertex -1.95023 -11.0031 5.72205e-07
      vertex -1.99602 -11.0219 5.72205e-07
    endloop
  endfacet
  facet normal -0.329768 0.944062 0
    outer loop
      vertex -1.99602 -11.0219 5.72205e-07
      vertex -2.04297 -11.0383 0.4
      vertex -1.99602 -11.0219 0.4
    endloop
  endfacet
  facet normal -0.329768 0.944062 0
    outer loop
      vertex -2.04297 -11.0383 0.4
      vertex -1.99602 -11.0219 5.72205e-07
      vertex -2.04297 -11.0383 5.72205e-07
    endloop
  endfacet
  facet normal -0.278396 0.960466 0
    outer loop
      vertex -2.04297 -11.0383 5.72205e-07
      vertex -2.09058 -11.0521 0.4
      vertex -2.04297 -11.0383 0.4
    endloop
  endfacet
  facet normal -0.278396 0.960466 0
    outer loop
      vertex -2.09058 -11.0521 0.4
      vertex -2.04297 -11.0383 5.72205e-07
      vertex -2.09058 -11.0521 5.72205e-07
    endloop
  endfacet
  facet normal -0.229984 0.973194 0
    outer loop
      vertex -2.09058 -11.0521 5.72205e-07
      vertex -2.13882 -11.0635 0.4
      vertex -2.09058 -11.0521 0.4
    endloop
  endfacet
  facet normal -0.229984 0.973194 0
    outer loop
      vertex -2.13882 -11.0635 0.4
      vertex -2.09058 -11.0521 5.72205e-07
      vertex -2.13882 -11.0635 5.72205e-07
    endloop
  endfacet
  facet normal -0.177079 0.984197 0
    outer loop
      vertex -2.13882 -11.0635 5.72205e-07
      vertex -2.18773 -11.0723 0.4
      vertex -2.13882 -11.0635 0.4
    endloop
  endfacet
  facet normal -0.177079 0.984197 0
    outer loop
      vertex -2.18773 -11.0723 0.4
      vertex -2.13882 -11.0635 5.72205e-07
      vertex -2.18773 -11.0723 5.72205e-07
    endloop
  endfacet
  facet normal -0.126104 0.992017 0
    outer loop
      vertex -2.18773 -11.0723 5.72205e-07
      vertex -2.23729 -11.0786 0.4
      vertex -2.18773 -11.0723 0.4
    endloop
  endfacet
  facet normal -0.126104 0.992017 0
    outer loop
      vertex -2.23729 -11.0786 0.4
      vertex -2.18773 -11.0723 5.72205e-07
      vertex -2.23729 -11.0786 5.72205e-07
    endloop
  endfacet
  facet normal -0.0754813 0.997147 0
    outer loop
      vertex -2.23729 -11.0786 5.72205e-07
      vertex -2.28749 -11.0824 0.4
      vertex -2.23729 -11.0786 0.4
    endloop
  endfacet
  facet normal -0.0754813 0.997147 0
    outer loop
      vertex -2.28749 -11.0824 0.4
      vertex -2.23729 -11.0786 5.72205e-07
      vertex -2.28749 -11.0824 5.72205e-07
    endloop
  endfacet
  facet normal -0.025547 0.999674 0
    outer loop
      vertex -2.28749 -11.0824 5.72205e-07
      vertex -2.33836 -11.0837 0.4
      vertex -2.28749 -11.0824 0.4
    endloop
  endfacet
  facet normal -0.025547 0.999674 0
    outer loop
      vertex -2.33836 -11.0837 0.4
      vertex -2.28749 -11.0824 5.72205e-07
      vertex -2.33836 -11.0837 5.72205e-07
    endloop
  endfacet
  facet normal 0.0248099 0.999692 -0
    outer loop
      vertex -2.33836 -11.0837 5.72205e-07
      vertex -2.40686 -11.082 0.4
      vertex -2.33836 -11.0837 0.4
    endloop
  endfacet
  facet normal 0.0248099 0.999692 0
    outer loop
      vertex -2.40686 -11.082 0.4
      vertex -2.33836 -11.0837 5.72205e-07
      vertex -2.40686 -11.082 5.72205e-07
    endloop
  endfacet
  facet normal 0.0772292 0.997013 -0
    outer loop
      vertex -2.40686 -11.082 5.72205e-07
      vertex -2.4727 -11.0769 0.4
      vertex -2.40686 -11.082 0.4
    endloop
  endfacet
  facet normal 0.0772292 0.997013 0
    outer loop
      vertex -2.4727 -11.0769 0.4
      vertex -2.40686 -11.082 5.72205e-07
      vertex -2.4727 -11.0769 5.72205e-07
    endloop
  endfacet
  facet normal 0.133356 0.991068 -0
    outer loop
      vertex -2.4727 -11.0769 5.72205e-07
      vertex -2.53587 -11.0684 0.4
      vertex -2.4727 -11.0769 0.4
    endloop
  endfacet
  facet normal 0.133356 0.991068 0
    outer loop
      vertex -2.53587 -11.0684 0.4
      vertex -2.4727 -11.0769 5.72205e-07
      vertex -2.53587 -11.0684 5.72205e-07
    endloop
  endfacet
  facet normal 0.192935 0.981212 -0
    outer loop
      vertex -2.53587 -11.0684 5.72205e-07
      vertex -2.59639 -11.0565 0.4
      vertex -2.53587 -11.0684 0.4
    endloop
  endfacet
  facet normal 0.192935 0.981212 0
    outer loop
      vertex -2.59639 -11.0565 0.4
      vertex -2.53587 -11.0684 5.72205e-07
      vertex -2.59639 -11.0565 5.72205e-07
    endloop
  endfacet
  facet normal 0.255686 0.96676 -0
    outer loop
      vertex -2.59639 -11.0565 5.72205e-07
      vertex -2.65424 -11.0412 0.4
      vertex -2.59639 -11.0565 0.4
    endloop
  endfacet
  facet normal 0.255686 0.96676 0
    outer loop
      vertex -2.65424 -11.0412 0.4
      vertex -2.59639 -11.0565 5.72205e-07
      vertex -2.65424 -11.0412 5.72205e-07
    endloop
  endfacet
  facet normal 0.322447 0.946588 -0
    outer loop
      vertex -2.65424 -11.0412 5.72205e-07
      vertex -2.70943 -11.0224 0.4
      vertex -2.65424 -11.0412 0.4
    endloop
  endfacet
  facet normal 0.322447 0.946588 0
    outer loop
      vertex -2.70943 -11.0224 0.4
      vertex -2.65424 -11.0412 5.72205e-07
      vertex -2.70943 -11.0224 5.72205e-07
    endloop
  endfacet
  facet normal 0.386486 0.922295 -0
    outer loop
      vertex -2.70943 -11.0224 5.72205e-07
      vertex -2.76193 -11.0004 0.4
      vertex -2.70943 -11.0224 0.4
    endloop
  endfacet
  facet normal 0.386486 0.922295 0
    outer loop
      vertex -2.76193 -11.0004 0.4
      vertex -2.70943 -11.0224 5.72205e-07
      vertex -2.76193 -11.0004 5.72205e-07
    endloop
  endfacet
  facet normal 0.449073 0.893495 -0
    outer loop
      vertex -2.76193 -11.0004 5.72205e-07
      vertex -2.81187 -10.9753 0.4
      vertex -2.76193 -11.0004 0.4
    endloop
  endfacet
  facet normal 0.449073 0.893495 0
    outer loop
      vertex -2.81187 -10.9753 0.4
      vertex -2.76193 -11.0004 5.72205e-07
      vertex -2.81187 -10.9753 5.72205e-07
    endloop
  endfacet
  facet normal 0.50046 0.86576 -0
    outer loop
      vertex -2.81187 -10.9753 5.72205e-07
      vertex -2.85927 -10.9479 0.4
      vertex -2.81187 -10.9753 0.4
    endloop
  endfacet
  facet normal 0.50046 0.86576 0
    outer loop
      vertex -2.85927 -10.9479 0.4
      vertex -2.81187 -10.9753 5.72205e-07
      vertex -2.85927 -10.9479 5.72205e-07
    endloop
  endfacet
  facet normal 0.553072 0.833134 -0
    outer loop
      vertex -2.85927 -10.9479 5.72205e-07
      vertex -2.90416 -10.9181 0.4
      vertex -2.85927 -10.9479 0.4
    endloop
  endfacet
  facet normal 0.553072 0.833134 0
    outer loop
      vertex -2.90416 -10.9181 0.4
      vertex -2.85927 -10.9479 5.72205e-07
      vertex -2.90416 -10.9181 5.72205e-07
    endloop
  endfacet
  facet normal 0.606349 0.795199 -0
    outer loop
      vertex -2.90416 -10.9181 5.72205e-07
      vertex -2.94652 -10.8858 0.4
      vertex -2.90416 -10.9181 0.4
    endloop
  endfacet
  facet normal 0.606349 0.795199 0
    outer loop
      vertex -2.94652 -10.8858 0.4
      vertex -2.90416 -10.9181 5.72205e-07
      vertex -2.94652 -10.8858 5.72205e-07
    endloop
  endfacet
  facet normal 0.655709 0.755013 -0
    outer loop
      vertex -2.94652 -10.8858 5.72205e-07
      vertex -2.98636 -10.8512 0.4
      vertex -2.94652 -10.8858 0.4
    endloop
  endfacet
  facet normal 0.655709 0.755013 0
    outer loop
      vertex -2.98636 -10.8512 0.4
      vertex -2.94652 -10.8858 5.72205e-07
      vertex -2.98636 -10.8512 5.72205e-07
    endloop
  endfacet
  facet normal 0.705108 0.7091 -0
    outer loop
      vertex -2.98636 -10.8512 5.72205e-07
      vertex -3.02367 -10.8141 0.4
      vertex -2.98636 -10.8512 0.4
    endloop
  endfacet
  facet normal 0.705108 0.7091 0
    outer loop
      vertex -3.02367 -10.8141 0.4
      vertex -2.98636 -10.8512 5.72205e-07
      vertex -3.02367 -10.8141 5.72205e-07
    endloop
  endfacet
  facet normal 0.749599 0.661892 0
    outer loop
      vertex -3.02367 -10.8141 0.4
      vertex -3.05846 -10.7747 5.72205e-07
      vertex -3.05846 -10.7747 0.4
    endloop
  endfacet
  facet normal 0.749599 0.661892 0
    outer loop
      vertex -3.05846 -10.7747 5.72205e-07
      vertex -3.02367 -10.8141 0.4
      vertex -3.02367 -10.8141 5.72205e-07
    endloop
  endfacet
  facet normal 0.790576 0.612364 0
    outer loop
      vertex -3.05846 -10.7747 0.4
      vertex -3.09076 -10.733 5.72205e-07
      vertex -3.09076 -10.733 0.4
    endloop
  endfacet
  facet normal 0.790576 0.612364 0
    outer loop
      vertex -3.09076 -10.733 5.72205e-07
      vertex -3.05846 -10.7747 0.4
      vertex -3.05846 -10.7747 5.72205e-07
    endloop
  endfacet
  facet normal 0.824893 0.565289 0
    outer loop
      vertex -3.09076 -10.733 0.4
      vertex -3.12057 -10.6895 5.72205e-07
      vertex -3.12057 -10.6895 0.4
    endloop
  endfacet
  facet normal 0.824893 0.565289 0
    outer loop
      vertex -3.12057 -10.6895 5.72205e-07
      vertex -3.09076 -10.733 0.4
      vertex -3.09076 -10.733 5.72205e-07
    endloop
  endfacet
  facet normal 0.856326 0.516436 0
    outer loop
      vertex -3.12057 -10.6895 0.4
      vertex -3.14795 -10.6441 5.72205e-07
      vertex -3.14795 -10.6441 0.4
    endloop
  endfacet
  facet normal 0.856326 0.516436 0
    outer loop
      vertex -3.14795 -10.6441 5.72205e-07
      vertex -3.12057 -10.6895 0.4
      vertex -3.12057 -10.6895 5.72205e-07
    endloop
  endfacet
  facet normal 0.884955 0.465677 0
    outer loop
      vertex -3.14795 -10.6441 0.4
      vertex -3.17284 -10.5968 5.72205e-07
      vertex -3.17284 -10.5968 0.4
    endloop
  endfacet
  facet normal 0.884955 0.465677 0
    outer loop
      vertex -3.17284 -10.5968 5.72205e-07
      vertex -3.14795 -10.6441 0.4
      vertex -3.14795 -10.6441 5.72205e-07
    endloop
  endfacet
  facet normal 0.909904 0.41482 0
    outer loop
      vertex -3.17284 -10.5968 0.4
      vertex -3.19527 -10.5476 5.72205e-07
      vertex -3.19527 -10.5476 0.4
    endloop
  endfacet
  facet normal 0.909904 0.41482 0
    outer loop
      vertex -3.19527 -10.5476 5.72205e-07
      vertex -3.17284 -10.5968 0.4
      vertex -3.17284 -10.5968 5.72205e-07
    endloop
  endfacet
  facet normal 0.931642 0.363377 0
    outer loop
      vertex -3.19527 -10.5476 0.4
      vertex -3.21524 -10.4964 5.72205e-07
      vertex -3.21524 -10.4964 0.4
    endloop
  endfacet
  facet normal 0.931642 0.363377 0
    outer loop
      vertex -3.21524 -10.4964 5.72205e-07
      vertex -3.19527 -10.5476 0.4
      vertex -3.19527 -10.5476 5.72205e-07
    endloop
  endfacet
  facet normal 0.949575 0.313539 0
    outer loop
      vertex -3.21524 -10.4964 0.4
      vertex -3.23274 -10.4434 5.72205e-07
      vertex -3.23274 -10.4434 0.4
    endloop
  endfacet
  facet normal 0.949575 0.313539 0
    outer loop
      vertex -3.23274 -10.4434 5.72205e-07
      vertex -3.21524 -10.4964 0.4
      vertex -3.21524 -10.4964 5.72205e-07
    endloop
  endfacet
  facet normal 0.963523 0.267626 0
    outer loop
      vertex -3.23274 -10.4434 0.4
      vertex -3.24785 -10.389 5.72205e-07
      vertex -3.24785 -10.389 0.4
    endloop
  endfacet
  facet normal 0.963523 0.267626 0
    outer loop
      vertex -3.24785 -10.389 5.72205e-07
      vertex -3.23274 -10.4434 0.4
      vertex -3.23274 -10.4434 5.72205e-07
    endloop
  endfacet
  facet normal 0.974192 0.225723 0
    outer loop
      vertex -3.24785 -10.389 0.4
      vertex -3.26064 -10.3338 5.72205e-07
      vertex -3.26064 -10.3338 0.4
    endloop
  endfacet
  facet normal 0.974192 0.225723 0
    outer loop
      vertex -3.26064 -10.3338 5.72205e-07
      vertex -3.24785 -10.389 0.4
      vertex -3.24785 -10.389 5.72205e-07
    endloop
  endfacet
  facet normal 0.98309 0.183125 0
    outer loop
      vertex -3.26064 -10.3338 0.4
      vertex -3.27109 -10.2777 5.72205e-07
      vertex -3.27109 -10.2777 0.4
    endloop
  endfacet
  facet normal 0.98309 0.183125 0
    outer loop
      vertex -3.27109 -10.2777 5.72205e-07
      vertex -3.26064 -10.3338 0.4
      vertex -3.26064 -10.3338 5.72205e-07
    endloop
  endfacet
  facet normal 0.989946 0.141446 0
    outer loop
      vertex -3.27109 -10.2777 0.4
      vertex -3.27922 -10.2208 5.72205e-07
      vertex -3.27922 -10.2208 0.4
    endloop
  endfacet
  facet normal 0.989946 0.141446 0
    outer loop
      vertex -3.27922 -10.2208 5.72205e-07
      vertex -3.27109 -10.2777 0.4
      vertex -3.27109 -10.2777 5.72205e-07
    endloop
  endfacet
  facet normal 0.994986 0.100015 0
    outer loop
      vertex -3.27922 -10.2208 0.4
      vertex -3.28503 -10.163 5.72205e-07
      vertex -3.28503 -10.163 0.4
    endloop
  endfacet
  facet normal 0.994986 0.100015 0
    outer loop
      vertex -3.28503 -10.163 5.72205e-07
      vertex -3.27922 -10.2208 0.4
      vertex -3.27922 -10.2208 5.72205e-07
    endloop
  endfacet
  facet normal 0.998247 0.0591806 0
    outer loop
      vertex -3.28503 -10.163 0.4
      vertex -3.28851 -10.1043 5.72205e-07
      vertex -3.28851 -10.1043 0.4
    endloop
  endfacet
  facet normal 0.998247 0.0591806 0
    outer loop
      vertex -3.28851 -10.1043 5.72205e-07
      vertex -3.28503 -10.163 0.4
      vertex -3.28503 -10.163 5.72205e-07
    endloop
  endfacet
  facet normal 0.99981 0.0194921 0
    outer loop
      vertex -3.28851 -10.1043 0.4
      vertex -3.28967 -10.0448 5.72205e-07
      vertex -3.28967 -10.0448 0.4
    endloop
  endfacet
  facet normal 0.99981 0.0194921 0
    outer loop
      vertex -3.28967 -10.0448 5.72205e-07
      vertex -3.28851 -10.1043 0.4
      vertex -3.28851 -10.1043 5.72205e-07
    endloop
  endfacet
  facet normal 0.999796 -0.0202138 0
    outer loop
      vertex -3.28967 -10.0448 0.4
      vertex -3.28839 -9.98149 5.72205e-07
      vertex -3.28839 -9.98149 0.4
    endloop
  endfacet
  facet normal 0.999796 -0.0202138 0
    outer loop
      vertex -3.28839 -9.98149 5.72205e-07
      vertex -3.28967 -10.0448 0.4
      vertex -3.28967 -10.0448 5.72205e-07
    endloop
  endfacet
  facet normal 0.998079 -0.0619497 0
    outer loop
      vertex -3.28839 -9.98149 0.4
      vertex -3.28452 -9.91914 5.72205e-07
      vertex -3.28452 -9.91914 0.4
    endloop
  endfacet
  facet normal 0.998079 -0.0619497 0
    outer loop
      vertex -3.28452 -9.91914 5.72205e-07
      vertex -3.28839 -9.98149 0.4
      vertex -3.28839 -9.98149 5.72205e-07
    endloop
  endfacet
  facet normal 0.994534 -0.104415 0
    outer loop
      vertex -3.28452 -9.91914 0.4
      vertex -3.27808 -9.8578 5.72205e-07
      vertex -3.27808 -9.8578 0.4
    endloop
  endfacet
  facet normal 0.994534 -0.104415 0
    outer loop
      vertex -3.27808 -9.8578 5.72205e-07
      vertex -3.28452 -9.91914 0.4
      vertex -3.28452 -9.91914 5.72205e-07
    endloop
  endfacet
  facet normal 0.988948 -0.14826 0
    outer loop
      vertex -3.27808 -9.8578 0.4
      vertex -3.26904 -9.7975 5.72205e-07
      vertex -3.26904 -9.7975 0.4
    endloop
  endfacet
  facet normal 0.988948 -0.14826 0
    outer loop
      vertex -3.26904 -9.7975 5.72205e-07
      vertex -3.27808 -9.8578 0.4
      vertex -3.27808 -9.8578 5.72205e-07
    endloop
  endfacet
  facet normal 0.981431 -0.191818 0
    outer loop
      vertex -3.26904 -9.7975 0.4
      vertex -3.25745 -9.7382 5.72205e-07
      vertex -3.25745 -9.7382 0.4
    endloop
  endfacet
  facet normal 0.981431 -0.191818 0
    outer loop
      vertex -3.25745 -9.7382 5.72205e-07
      vertex -3.26904 -9.7975 0.4
      vertex -3.26904 -9.7975 5.72205e-07
    endloop
  endfacet
  facet normal 0.971605 -0.236607 0
    outer loop
      vertex -3.25745 -9.7382 0.4
      vertex -3.24326 -9.67993 5.72205e-07
      vertex -3.24326 -9.67993 0.4
    endloop
  endfacet
  facet normal 0.971605 -0.236607 0
    outer loop
      vertex -3.24326 -9.67993 5.72205e-07
      vertex -3.25745 -9.7382 0.4
      vertex -3.25745 -9.7382 5.72205e-07
    endloop
  endfacet
  facet normal 0.95972 -0.280959 0
    outer loop
      vertex -3.24326 -9.67993 0.4
      vertex -3.2265 -9.62268 5.72205e-07
      vertex -3.2265 -9.62268 0.4
    endloop
  endfacet
  facet normal 0.95972 -0.280959 0
    outer loop
      vertex -3.2265 -9.62268 5.72205e-07
      vertex -3.24326 -9.67993 0.4
      vertex -3.24326 -9.67993 5.72205e-07
    endloop
  endfacet
  facet normal 0.945393 -0.325933 0
    outer loop
      vertex -3.2265 -9.62268 0.4
      vertex -3.20729 -9.56696 5.72205e-07
      vertex -3.20729 -9.56696 0.4
    endloop
  endfacet
  facet normal 0.945393 -0.325933 0
    outer loop
      vertex -3.20729 -9.56696 5.72205e-07
      vertex -3.2265 -9.62268 0.4
      vertex -3.2265 -9.62268 5.72205e-07
    endloop
  endfacet
  facet normal 0.92831 -0.371808 0
    outer loop
      vertex -3.20729 -9.56696 0.4
      vertex -3.18579 -9.51328 5.72205e-07
      vertex -3.18579 -9.51328 0.4
    endloop
  endfacet
  facet normal 0.92831 -0.371808 0
    outer loop
      vertex -3.18579 -9.51328 5.72205e-07
      vertex -3.20729 -9.56696 0.4
      vertex -3.20729 -9.56696 5.72205e-07
    endloop
  endfacet
  facet normal 0.908253 -0.418422 0
    outer loop
      vertex -3.18579 -9.51328 0.4
      vertex -3.162 -9.46164 5.72205e-07
      vertex -3.162 -9.46164 0.4
    endloop
  endfacet
  facet normal 0.908253 -0.418422 0
    outer loop
      vertex -3.162 -9.46164 5.72205e-07
      vertex -3.18579 -9.51328 0.4
      vertex -3.18579 -9.51328 5.72205e-07
    endloop
  endfacet
  facet normal 0.885069 -0.46546 0
    outer loop
      vertex -3.162 -9.46164 0.4
      vertex -3.13591 -9.41203 5.72205e-07
      vertex -3.13591 -9.41203 0.4
    endloop
  endfacet
  facet normal 0.885069 -0.46546 0
    outer loop
      vertex -3.13591 -9.41203 5.72205e-07
      vertex -3.162 -9.46164 0.4
      vertex -3.162 -9.46164 5.72205e-07
    endloop
  endfacet
  facet normal 0.858733 -0.512423 0
    outer loop
      vertex -3.13591 -9.41203 0.4
      vertex -3.10753 -9.36447 5.72205e-07
      vertex -3.10753 -9.36447 0.4
    endloop
  endfacet
  facet normal 0.858733 -0.512423 0
    outer loop
      vertex -3.10753 -9.36447 5.72205e-07
      vertex -3.13591 -9.41203 0.4
      vertex -3.13591 -9.41203 5.72205e-07
    endloop
  endfacet
  facet normal 0.829321 -0.558772 0
    outer loop
      vertex -3.10753 -9.36447 0.4
      vertex -3.07686 -9.31895 5.72205e-07
      vertex -3.07686 -9.31895 0.4
    endloop
  endfacet
  facet normal 0.829321 -0.558772 0
    outer loop
      vertex -3.07686 -9.31895 5.72205e-07
      vertex -3.10753 -9.36447 0.4
      vertex -3.10753 -9.36447 5.72205e-07
    endloop
  endfacet
  facet normal 0.796667 -0.604419 0
    outer loop
      vertex -3.07686 -9.31895 0.4
      vertex -3.04388 -9.27548 5.72205e-07
      vertex -3.04388 -9.27548 0.4
    endloop
  endfacet
  facet normal 0.796667 -0.604419 0
    outer loop
      vertex -3.04388 -9.27548 5.72205e-07
      vertex -3.07686 -9.31895 0.4
      vertex -3.07686 -9.31895 5.72205e-07
    endloop
  endfacet
  facet normal 0.760571 -0.649255 0
    outer loop
      vertex -3.04388 -9.27548 0.4
      vertex -3.00871 -9.23428 5.72205e-07
      vertex -3.00871 -9.23428 0.4
    endloop
  endfacet
  facet normal 0.760571 -0.649255 0
    outer loop
      vertex -3.00871 -9.23428 5.72205e-07
      vertex -3.04388 -9.27548 0.4
      vertex -3.04388 -9.27548 5.72205e-07
    endloop
  endfacet
  facet normal 0.719931 -0.694046 0
    outer loop
      vertex -3.00871 -9.23428 0.4
      vertex -2.97144 -9.19562 5.72205e-07
      vertex -2.97144 -9.19562 0.4
    endloop
  endfacet
  facet normal 0.719931 -0.694046 0
    outer loop
      vertex -2.97144 -9.19562 5.72205e-07
      vertex -3.00871 -9.23428 0.4
      vertex -3.00871 -9.23428 5.72205e-07
    endloop
  endfacet
  facet normal 0.676343 -0.736587 0
    outer loop
      vertex -2.97144 -9.19562 5.72205e-07
      vertex -2.93207 -9.15947 0.4
      vertex -2.97144 -9.19562 0.4
    endloop
  endfacet
  facet normal 0.676343 -0.736587 0
    outer loop
      vertex -2.93207 -9.15947 0.4
      vertex -2.97144 -9.19562 5.72205e-07
      vertex -2.93207 -9.15947 5.72205e-07
    endloop
  endfacet
  facet normal 0.629774 -0.776778 0
    outer loop
      vertex -2.93207 -9.15947 5.72205e-07
      vertex -2.89059 -9.12584 0.4
      vertex -2.93207 -9.15947 0.4
    endloop
  endfacet
  facet normal 0.629774 -0.776778 0
    outer loop
      vertex -2.89059 -9.12584 0.4
      vertex -2.93207 -9.15947 5.72205e-07
      vertex -2.89059 -9.12584 5.72205e-07
    endloop
  endfacet
  facet normal 0.581185 -0.813771 0
    outer loop
      vertex -2.89059 -9.12584 5.72205e-07
      vertex -2.84703 -9.09473 0.4
      vertex -2.89059 -9.12584 0.4
    endloop
  endfacet
  facet normal 0.581185 -0.813771 0
    outer loop
      vertex -2.84703 -9.09473 0.4
      vertex -2.89059 -9.12584 5.72205e-07
      vertex -2.84703 -9.09473 5.72205e-07
    endloop
  endfacet
  facet normal 0.53065 -0.847591 0
    outer loop
      vertex -2.84703 -9.09473 5.72205e-07
      vertex -2.80138 -9.06615 0.4
      vertex -2.84703 -9.09473 0.4
    endloop
  endfacet
  facet normal 0.53065 -0.847591 0
    outer loop
      vertex -2.80138 -9.06615 0.4
      vertex -2.84703 -9.09473 5.72205e-07
      vertex -2.80138 -9.06615 5.72205e-07
    endloop
  endfacet
  facet normal 0.479123 -0.877748 0
    outer loop
      vertex -2.80138 -9.06615 5.72205e-07
      vertex -2.75362 -9.04008 0.4
      vertex -2.80138 -9.06615 0.4
    endloop
  endfacet
  facet normal 0.479123 -0.877748 0
    outer loop
      vertex -2.75362 -9.04008 0.4
      vertex -2.80138 -9.06615 5.72205e-07
      vertex -2.75362 -9.04008 5.72205e-07
    endloop
  endfacet
  facet normal 0.420146 -0.907457 0
    outer loop
      vertex -2.75362 -9.04008 5.72205e-07
      vertex -2.7039 -9.01706 0.4
      vertex -2.75362 -9.04008 0.4
    endloop
  endfacet
  facet normal 0.420146 -0.907457 0
    outer loop
      vertex -2.7039 -9.01706 0.4
      vertex -2.75362 -9.04008 5.72205e-07
      vertex -2.7039 -9.01706 5.72205e-07
    endloop
  endfacet
  facet normal 0.353768 -0.935333 0
    outer loop
      vertex -2.7039 -9.01706 5.72205e-07
      vertex -2.65237 -8.99757 0.4
      vertex -2.7039 -9.01706 0.4
    endloop
  endfacet
  facet normal 0.353768 -0.935333 0
    outer loop
      vertex -2.65237 -8.99757 0.4
      vertex -2.7039 -9.01706 5.72205e-07
      vertex -2.65237 -8.99757 5.72205e-07
    endloop
  endfacet
  facet normal 0.286326 -0.958132 0
    outer loop
      vertex -2.65237 -8.99757 5.72205e-07
      vertex -2.59903 -8.98163 0.4
      vertex -2.65237 -8.99757 0.4
    endloop
  endfacet
  facet normal 0.286326 -0.958132 0
    outer loop
      vertex -2.59903 -8.98163 0.4
      vertex -2.65237 -8.99757 5.72205e-07
      vertex -2.59903 -8.98163 5.72205e-07
    endloop
  endfacet
  facet normal 0.219495 -0.975614 0
    outer loop
      vertex -2.59903 -8.98163 5.72205e-07
      vertex -2.54387 -8.96922 0.4
      vertex -2.59903 -8.98163 0.4
    endloop
  endfacet
  facet normal 0.219495 -0.975614 0
    outer loop
      vertex -2.54387 -8.96922 0.4
      vertex -2.59903 -8.98163 5.72205e-07
      vertex -2.54387 -8.96922 5.72205e-07
    endloop
  endfacet
  facet normal 0.153477 -0.988152 0
    outer loop
      vertex -2.54387 -8.96922 5.72205e-07
      vertex -2.48689 -8.96037 0.4
      vertex -2.54387 -8.96922 0.4
    endloop
  endfacet
  facet normal 0.153477 -0.988152 0
    outer loop
      vertex -2.48689 -8.96037 0.4
      vertex -2.54387 -8.96922 5.72205e-07
      vertex -2.48689 -8.96037 5.72205e-07
    endloop
  endfacet
  facet normal 0.0901538 -0.995928 0
    outer loop
      vertex -2.48689 -8.96037 5.72205e-07
      vertex -2.42812 -8.95505 0.4
      vertex -2.48689 -8.96037 0.4
    endloop
  endfacet
  facet normal 0.0901538 -0.995928 0
    outer loop
      vertex -2.42812 -8.95505 0.4
      vertex -2.48689 -8.96037 5.72205e-07
      vertex -2.42812 -8.95505 5.72205e-07
    endloop
  endfacet
  facet normal 0.0291955 -0.999574 0
    outer loop
      vertex -2.42812 -8.95505 5.72205e-07
      vertex -2.36752 -8.95328 0.4
      vertex -2.42812 -8.95505 0.4
    endloop
  endfacet
  facet normal 0.0291955 -0.999574 0
    outer loop
      vertex -2.36752 -8.95328 0.4
      vertex -2.42812 -8.95505 5.72205e-07
      vertex -2.36752 -8.95328 5.72205e-07
    endloop
  endfacet
  facet normal -0.0189864 -0.99982 0
    outer loop
      vertex -2.36752 -8.95328 5.72205e-07
      vertex -2.31644 -8.95425 0.4
      vertex -2.36752 -8.95328 0.4
    endloop
  endfacet
  facet normal -0.0189864 -0.99982 -0
    outer loop
      vertex -2.31644 -8.95425 0.4
      vertex -2.36752 -8.95328 5.72205e-07
      vertex -2.31644 -8.95425 5.72205e-07
    endloop
  endfacet
endsolid OpenSCAD_Model
