solid OpenSCAD_Model
  facet normal 1 -0 0
    outer loop
      vertex 11.25 -11.25 3
      vertex 11.25 11.25 0
      vertex 11.25 11.25 3
    endloop
  endfacet
  facet normal 1 0 0
    outer loop
      vertex 11.25 11.25 0
      vertex 11.25 -11.25 3
      vertex 11.25 -11.25 0
    endloop
  endfacet
  facet normal -0 0 1
    outer loop
      vertex -3.5 9.35 3
      vertex 3.5 9.25 3
      vertex 3.5 9.35 3
    endloop
  endfacet
  facet normal 0 0 1
    outer loop
      vertex 3.5 9.25 3
      vertex -3.5 9.35 3
      vertex -3.5 9.25 3
    endloop
  endfacet
  facet normal -0 0 1
    outer loop
      vertex -3.5 -9.25 3
      vertex 3.5 -9.35 3
      vertex 3.5 -9.25 3
    endloop
  endfacet
  facet normal 0 0 1
    outer loop
      vertex 3.5 -9.35 3
      vertex -3.5 -9.25 3
      vertex -3.5 -9.35 3
    endloop
  endfacet
  facet normal 0 0 1
    outer loop
      vertex 3.5 -10.15 3
      vertex -3.5 -10.15 3
      vertex 3.5 -10.25 3
    endloop
  endfacet
  facet normal 0 0 1
    outer loop
      vertex 10.25 0.5 3
      vertex 11.25 11.25 3
      vertex 10.25 10.25 3
    endloop
  endfacet
  facet normal 0 0 1
    outer loop
      vertex 11.25 11.25 3
      vertex 3.5 10.25 3
      vertex 10.25 10.25 3
    endloop
  endfacet
  facet normal 0 0 1
    outer loop
      vertex 3.5 10.25 3
      vertex -3.5 10.25 3
      vertex 3.5 10.15 3
    endloop
  endfacet
  facet normal 0 0 1
    outer loop
      vertex 11.25 11.25 3
      vertex -3.5 10.25 3
      vertex 3.5 10.25 3
    endloop
  endfacet
  facet normal -0 0 1
    outer loop
      vertex -11.25 11.25 3
      vertex -3.5 10.25 3
      vertex 11.25 11.25 3
    endloop
  endfacet
  facet normal 0 0 1
    outer loop
      vertex -11.25 11.25 3
      vertex -10.25 0.5 3
      vertex -10.25 10.25 3
    endloop
  endfacet
  facet normal 0 0 1
    outer loop
      vertex -10.25 0.5 3
      vertex -11.25 11.25 3
      vertex -10.25 -0.5 3
    endloop
  endfacet
  facet normal 0 0 1
    outer loop
      vertex -11.25 -11.25 3
      vertex -10.25 -0.5 3
      vertex -11.25 11.25 3
    endloop
  endfacet
  facet normal 0 0 1
    outer loop
      vertex -3.5 10.25 3
      vertex -11.25 11.25 3
      vertex -10.25 10.25 3
    endloop
  endfacet
  facet normal 0 0 1
    outer loop
      vertex 11.25 11.25 3
      vertex 10.25 0.5 3
      vertex 11.25 -11.25 3
    endloop
  endfacet
  facet normal -0 0 1
    outer loop
      vertex 10.25 -0.5 3
      vertex 11.25 -11.25 3
      vertex 10.25 0.5 3
    endloop
  endfacet
  facet normal -0 0 1
    outer loop
      vertex 10.25 -10.25 3
      vertex 11.25 -11.25 3
      vertex 10.25 -0.5 3
    endloop
  endfacet
  facet normal -0 0 1
    outer loop
      vertex 3.5 -10.25 3
      vertex 11.25 -11.25 3
      vertex 10.25 -10.25 3
    endloop
  endfacet
  facet normal 0 0 1
    outer loop
      vertex -3.5 -10.25 3
      vertex 3.5 -10.25 3
      vertex -3.5 -10.15 3
    endloop
  endfacet
  facet normal 0 0 1
    outer loop
      vertex 3.5 -10.25 3
      vertex -3.5 -10.25 3
      vertex 11.25 -11.25 3
    endloop
  endfacet
  facet normal 0 0 1
    outer loop
      vertex -11.25 -11.25 3
      vertex -3.5 -10.25 3
      vertex -10.25 -10.25 3
    endloop
  endfacet
  facet normal 0 0 1
    outer loop
      vertex -3.5 -10.25 3
      vertex -11.25 -11.25 3
      vertex 11.25 -11.25 3
    endloop
  endfacet
  facet normal 0 0 1
    outer loop
      vertex -10.25 -0.5 3
      vertex -11.25 -11.25 3
      vertex -10.25 -10.25 3
    endloop
  endfacet
  facet normal 0 0 1
    outer loop
      vertex 3.5 10.15 3
      vertex -3.5 10.25 3
      vertex -3.5 10.15 3
    endloop
  endfacet
  facet normal 0 0 -1
    outer loop
      vertex -2.19711 5.99896 0
      vertex -2.13278 6.18484 0
      vertex -2.13359 6.16086 0
    endloop
  endfacet
  facet normal -0 0 -1
    outer loop
      vertex -2.13278 6.18484 0
      vertex -2.19711 5.99896 0
      vertex -2.13348 6.21045 0
    endloop
  endfacet
  facet normal 0 0 -1
    outer loop
      vertex -2.1842 6.01665 0
      vertex -2.13359 6.16086 0
      vertex -2.13602 6.13774 0
    endloop
  endfacet
  facet normal 0 0 -1
    outer loop
      vertex -2.19711 5.99896 0
      vertex -2.13359 6.16086 0
      vertex -2.1842 6.01665 0
    endloop
  endfacet
  facet normal 0 0 -1
    outer loop
      vertex -2.1842 6.01665 0
      vertex -2.13602 6.13774 0
      vertex -2.14005 6.11546 0
    endloop
  endfacet
  facet normal 0 0 -1
    outer loop
      vertex -2.32748 6.47934 0
      vertex -2.13348 6.21045 0
      vertex -2.19711 5.99896 0
    endloop
  endfacet
  facet normal 0 0 -1
    outer loop
      vertex -2.1842 6.01665 0
      vertex -2.14005 6.11546 0
      vertex -2.14571 6.09402 0
    endloop
  endfacet
  facet normal 0 0 -1
    outer loop
      vertex -2.13348 6.21045 0
      vertex -2.30904 6.4713 0
      vertex -2.13559 6.23492 0
    endloop
  endfacet
  facet normal 0 0 -1
    outer loop
      vertex -2.17235 6.03484 0
      vertex -2.14571 6.09402 0
      vertex -2.15297 6.07346 0
    endloop
  endfacet
  facet normal 0 0 -1
    outer loop
      vertex -2.1842 6.01665 0
      vertex -2.14571 6.09402 0
      vertex -2.17235 6.03484 0
    endloop
  endfacet
  facet normal 0 0 -1
    outer loop
      vertex -2.17235 6.03484 0
      vertex -2.15297 6.07346 0
      vertex -2.16185 6.05373 0
    endloop
  endfacet
  facet normal -0 -0 -1
    outer loop
      vertex -2.29126 6.46242 0
      vertex -2.13559 6.23492 0
      vertex -2.30904 6.4713 0
    endloop
  endfacet
  facet normal 0 0 -1
    outer loop
      vertex -2.14401 6.28041 0
      vertex -2.1886 6.3743 0
      vertex -2.15033 6.30142 0
    endloop
  endfacet
  facet normal 0 0 -1
    outer loop
      vertex -2.15033 6.30142 0
      vertex -2.16716 6.34003 0
      vertex -2.15804 6.3213 0
    endloop
  endfacet
  facet normal 0 0 -1
    outer loop
      vertex -2.15033 6.30142 0
      vertex -2.17743 6.35768 0
      vertex -2.16716 6.34003 0
    endloop
  endfacet
  facet normal 0 0 -1
    outer loop
      vertex -2.15033 6.30142 0
      vertex -2.1886 6.3743 0
      vertex -2.17743 6.35768 0
    endloop
  endfacet
  facet normal -0 -0 -1
    outer loop
      vertex -2.27417 6.45268 0
      vertex -2.1391 6.25824 0
      vertex -2.29126 6.46242 0
    endloop
  endfacet
  facet normal 0 0 -1
    outer loop
      vertex -2.14401 6.28041 0
      vertex -2.20064 6.38989 0
      vertex -2.1886 6.3743 0
    endloop
  endfacet
  facet normal 0 0 -1
    outer loop
      vertex -2.32748 6.47934 0
      vertex -2.19711 5.99896 0
      vertex -2.21107 5.9818 0
    endloop
  endfacet
  facet normal 0 0 -1
    outer loop
      vertex -2.14401 6.28041 0
      vertex -2.21359 6.40448 0
      vertex -2.20064 6.38989 0
    endloop
  endfacet
  facet normal 0 0 -1
    outer loop
      vertex -2.34662 6.48653 0
      vertex -2.21107 5.9818 0
      vertex -2.2261 5.96513 0
    endloop
  endfacet
  facet normal 0 0 -1
    outer loop
      vertex -2.14401 6.28041 0
      vertex -2.22742 6.41805 0
      vertex -2.21359 6.40448 0
    endloop
  endfacet
  facet normal 0 0 -1
    outer loop
      vertex -2.14401 6.28041 0
      vertex -2.24214 6.43057 0
      vertex -2.22742 6.41805 0
    endloop
  endfacet
  facet normal 0 0 -1
    outer loop
      vertex -2.36642 6.49286 0
      vertex -2.2261 5.96513 0
      vertex -2.2422 5.94897 0
    endloop
  endfacet
  facet normal 0 0 -1
    outer loop
      vertex -2.14401 6.28041 0
      vertex -2.25777 6.44209 0
      vertex -2.24214 6.43057 0
    endloop
  endfacet
  facet normal 0 0 -1
    outer loop
      vertex -2.38692 6.49834 0
      vertex -2.2422 5.94897 0
      vertex -2.25935 5.93333 0
    endloop
  endfacet
  facet normal 0 0 -1
    outer loop
      vertex -2.14401 6.28041 0
      vertex -2.27417 6.45268 0
      vertex -2.25777 6.44209 0
    endloop
  endfacet
  facet normal 0 0 -1
    outer loop
      vertex -2.40784 6.50305 0
      vertex -2.25935 5.93333 0
      vertex -2.27756 5.9182 0
    endloop
  endfacet
  facet normal 0 0 -1
    outer loop
      vertex -2.1391 6.25824 0
      vertex -2.27417 6.45268 0
      vertex -2.14401 6.28041 0
    endloop
  endfacet
  facet normal 0 0 -1
    outer loop
      vertex -2.42892 6.50702 0
      vertex -2.27756 5.9182 0
      vertex -2.29672 5.90352 0
    endloop
  endfacet
  facet normal 0 0 -1
    outer loop
      vertex -2.13559 6.23492 0
      vertex -2.29126 6.46242 0
      vertex -2.1391 6.25824 0
    endloop
  endfacet
  facet normal 0 0 -1
    outer loop
      vertex -2.47162 6.51282 0
      vertex -2.29672 5.90352 0
      vertex -2.31668 5.88921 0
    endloop
  endfacet
  facet normal 0 0 -1
    outer loop
      vertex -2.13348 6.21045 0
      vertex -2.32748 6.47934 0
      vertex -2.30904 6.4713 0
    endloop
  endfacet
  facet normal 0 0 -1
    outer loop
      vertex -2.49323 6.51462 0
      vertex -2.31668 5.88921 0
      vertex -2.33746 5.87527 0
    endloop
  endfacet
  facet normal 0 0 -1
    outer loop
      vertex -2.21107 5.9818 0
      vertex -2.34662 6.48653 0
      vertex -2.32748 6.47934 0
    endloop
  endfacet
  facet normal 0 0 -1
    outer loop
      vertex -2.515 6.51572 0
      vertex -2.33746 5.87527 0
      vertex -2.35904 5.86174 0
    endloop
  endfacet
  facet normal 0 0 -1
    outer loop
      vertex -2.2261 5.96513 0
      vertex -2.36642 6.49286 0
      vertex -2.34662 6.48653 0
    endloop
  endfacet
  facet normal 0 0 -1
    outer loop
      vertex -2.57036 6.51497 0
      vertex -2.35904 5.86174 0
      vertex -2.38142 5.84857 0
    endloop
  endfacet
  facet normal 0 0 -1
    outer loop
      vertex -2.2422 5.94897 0
      vertex -2.38692 6.49834 0
      vertex -2.36642 6.49286 0
    endloop
  endfacet
  facet normal 0 0 -1
    outer loop
      vertex -2.62079 6.50916 0
      vertex -2.38142 5.84857 0
      vertex -2.40462 5.8358 0
    endloop
  endfacet
  facet normal 0 0 -1
    outer loop
      vertex -2.25935 5.93333 0
      vertex -2.40784 6.50305 0
      vertex -2.38692 6.49834 0
    endloop
  endfacet
  facet normal 0 0 -1
    outer loop
      vertex -2.67175 6.49835 0
      vertex -2.40462 5.8358 0
      vertex -2.42862 5.82339 0
    endloop
  endfacet
  facet normal 0 0 -1
    outer loop
      vertex -2.27756 5.9182 0
      vertex -2.42892 6.50702 0
      vertex -2.40784 6.50305 0
    endloop
  endfacet
  facet normal 0 0 -1
    outer loop
      vertex -2.29672 5.90352 0
      vertex -2.4502 6.51028 0
      vertex -2.42892 6.50702 0
    endloop
  endfacet
  facet normal 0 0 -1
    outer loop
      vertex -2.70686 6.48824 0
      vertex -2.42862 5.82339 0
      vertex -2.45314 5.81123 0
    endloop
  endfacet
  facet normal 0 0 -1
    outer loop
      vertex -2.29672 5.90352 0
      vertex -2.47162 6.51282 0
      vertex -2.4502 6.51028 0
    endloop
  endfacet
  facet normal 0 0 -1
    outer loop
      vertex -2.74316 6.47572 0
      vertex -2.45314 5.81123 0
      vertex -2.47794 5.79909 0
    endloop
  endfacet
  facet normal 0 0 -1
    outer loop
      vertex -2.31668 5.88921 0
      vertex -2.49323 6.51462 0
      vertex -2.47162 6.51282 0
    endloop
  endfacet
  facet normal 0 0 -1
    outer loop
      vertex -2.78067 6.46085 0
      vertex -2.47794 5.79909 0
      vertex -2.50298 5.787 0
    endloop
  endfacet
  facet normal 0 0 -1
    outer loop
      vertex -2.33746 5.87527 0
      vertex -2.515 6.51572 0
      vertex -2.49323 6.51462 0
    endloop
  endfacet
  facet normal 0 0 -1
    outer loop
      vertex -2.81969 6.44376 0
      vertex -2.50298 5.787 0
      vertex -2.52826 5.77495 0
    endloop
  endfacet
  facet normal 0 0 -1
    outer loop
      vertex -2.35904 5.86174 0
      vertex -2.53694 6.51607 0
      vertex -2.515 6.51572 0
    endloop
  endfacet
  facet normal 0 0 -1
    outer loop
      vertex -2.35904 5.86174 0
      vertex -2.55363 6.51579 0
      vertex -2.53694 6.51607 0
    endloop
  endfacet
  facet normal 0 0 -1
    outer loop
      vertex -2.8399 6.43445 0
      vertex -2.52826 5.77495 0
      vertex -2.55382 5.76294 0
    endloop
  endfacet
  facet normal 0 0 -1
    outer loop
      vertex -2.35904 5.86174 0
      vertex -2.57036 6.51497 0
      vertex -2.55363 6.51579 0
    endloop
  endfacet
  facet normal 0 0 -1
    outer loop
      vertex -2.88174 6.41431 0
      vertex -2.55382 5.76294 0
      vertex -2.57962 5.75096 0
    endloop
  endfacet
  facet normal 0 0 -1
    outer loop
      vertex -2.38142 5.84857 0
      vertex -2.58713 6.51358 0
      vertex -2.57036 6.51497 0
    endloop
  endfacet
  facet normal 0 0 -1
    outer loop
      vertex -2.38142 5.84857 0
      vertex -2.60394 6.51164 0
      vertex -2.58713 6.51358 0
    endloop
  endfacet
  facet normal 0 0 -1
    outer loop
      vertex -2.90335 6.40346 0
      vertex -2.57962 5.75096 0
      vertex -2.60567 5.73904 0
    endloop
  endfacet
  facet normal 0 0 -1
    outer loop
      vertex -2.38142 5.84857 0
      vertex -2.62079 6.50916 0
      vertex -2.60394 6.51164 0
    endloop
  endfacet
  facet normal 0 0 -1
    outer loop
      vertex -2.94812 6.38019 0
      vertex -2.60567 5.73904 0
      vertex -2.6355 5.7253 0
    endloop
  endfacet
  facet normal 0 0 -1
    outer loop
      vertex -2.40462 5.8358 0
      vertex -2.6377 6.5061 0
      vertex -2.62079 6.50916 0
    endloop
  endfacet
  facet normal 0 0 -1
    outer loop
      vertex -2.40462 5.8358 0
      vertex -2.65463 6.50252 0
      vertex -2.6377 6.5061 0
    endloop
  endfacet
  facet normal 0 0 -1
    outer loop
      vertex -2.97153 6.36763 0
      vertex -2.6355 5.7253 0
      vertex -2.66545 5.71141 0
    endloop
  endfacet
  facet normal 0 0 -1
    outer loop
      vertex -2.40462 5.8358 0
      vertex -2.67175 6.49835 0
      vertex -2.65463 6.50252 0
    endloop
  endfacet
  facet normal 0 0 -1
    outer loop
      vertex -2.42862 5.82339 0
      vertex -2.68915 6.49359 0
      vertex -2.67175 6.49835 0
    endloop
  endfacet
  facet normal 0 0 -1
    outer loop
      vertex -2.99565 6.35443 0
      vertex -2.66545 5.71141 0
      vertex -2.69553 5.6974 0
    endloop
  endfacet
  facet normal 0 0 -1
    outer loop
      vertex -2.42862 5.82339 0
      vertex -2.70686 6.48824 0
      vertex -2.68915 6.49359 0
    endloop
  endfacet
  facet normal 0 0 -1
    outer loop
      vertex -2.45314 5.81123 0
      vertex -2.72487 6.48228 0
      vertex -2.70686 6.48824 0
    endloop
  endfacet
  facet normal 0 0 -1
    outer loop
      vertex -3.04608 6.32611 0
      vertex -2.69553 5.6974 0
      vertex -2.72574 5.68326 0
    endloop
  endfacet
  facet normal 0 0 -1
    outer loop
      vertex -2.45314 5.81123 0
      vertex -2.74316 6.47572 0
      vertex -2.72487 6.48228 0
    endloop
  endfacet
  facet normal 0 0 -1
    outer loop
      vertex -3.07237 6.31099 0
      vertex -2.72574 5.68326 0
      vertex -2.75607 5.66899 0
    endloop
  endfacet
  facet normal 0 0 -1
    outer loop
      vertex -2.47794 5.79909 0
      vertex -2.76176 6.46858 0
      vertex -2.74316 6.47572 0
    endloop
  endfacet
  facet normal 0 0 -1
    outer loop
      vertex -2.47794 5.79909 0
      vertex -2.78067 6.46085 0
      vertex -2.76176 6.46858 0
    endloop
  endfacet
  facet normal 0 0 -1
    outer loop
      vertex -3.09938 6.29524 0
      vertex -2.75607 5.66899 0
      vertex -2.78653 5.6546 0
    endloop
  endfacet
  facet normal 0 0 -1
    outer loop
      vertex -2.50298 5.787 0
      vertex -2.79994 6.45256 0
      vertex -2.78067 6.46085 0
    endloop
  endfacet
  facet normal 0 0 -1
    outer loop
      vertex -3.09938 6.29524 0
      vertex -2.78653 5.6546 0
      vertex -2.81711 5.64008 0
    endloop
  endfacet
  facet normal 0 0 -1
    outer loop
      vertex -2.50298 5.787 0
      vertex -2.81969 6.44376 0
      vertex -2.79994 6.45256 0
    endloop
  endfacet
  facet normal 0 0 -1
    outer loop
      vertex -2.52826 5.77495 0
      vertex -2.8399 6.43445 0
      vertex -2.81969 6.44376 0
    endloop
  endfacet
  facet normal 0 0 -1
    outer loop
      vertex -3.09938 6.29524 0
      vertex -2.81711 5.64008 0
      vertex -2.84761 5.62527 0
    endloop
  endfacet
  facet normal 0 0 -1
    outer loop
      vertex -2.55382 5.76294 0
      vertex -2.8606 6.42464 0
      vertex -2.8399 6.43445 0
    endloop
  endfacet
  facet normal 0 0 -1
    outer loop
      vertex -3.09938 6.29524 0
      vertex -2.84761 5.62527 0
      vertex -2.87782 5.61006 0
    endloop
  endfacet
  facet normal 0 0 -1
    outer loop
      vertex -2.55382 5.76294 0
      vertex -2.88174 6.41431 0
      vertex -2.8606 6.42464 0
    endloop
  endfacet
  facet normal 0 0 -1
    outer loop
      vertex -2.57962 5.75096 0
      vertex -2.90335 6.40346 0
      vertex -2.88174 6.41431 0
    endloop
  endfacet
  facet normal 0 0 -1
    outer loop
      vertex -3.09938 6.29524 0
      vertex -2.87782 5.61006 0
      vertex -2.90773 5.59442 0
    endloop
  endfacet
  facet normal 0 0 -1
    outer loop
      vertex -2.60567 5.73904 0
      vertex -2.92545 6.39211 0
      vertex -2.90335 6.40346 0
    endloop
  endfacet
  facet normal 0 0 -1
    outer loop
      vertex -3.09938 6.29524 0
      vertex -2.90773 5.59442 0
      vertex -2.93733 5.57834 0
    endloop
  endfacet
  facet normal 0 0 -1
    outer loop
      vertex -2.60567 5.73904 0
      vertex -2.94812 6.38019 0
      vertex -2.92545 6.39211 0
    endloop
  endfacet
  facet normal 0 0 -1
    outer loop
      vertex -3.09938 6.29524 0
      vertex -2.93733 5.57834 0
      vertex -2.96664 5.56184 0
    endloop
  endfacet
  facet normal 0 0 -1
    outer loop
      vertex -2.6355 5.7253 0
      vertex -2.97153 6.36763 0
      vertex -2.94812 6.38019 0
    endloop
  endfacet
  facet normal 0 0 -1
    outer loop
      vertex -2.66545 5.71141 0
      vertex -2.99565 6.35443 0
      vertex -2.97153 6.36763 0
    endloop
  endfacet
  facet normal 0 0 -1
    outer loop
      vertex -3.09938 6.29524 0
      vertex -2.96664 5.56184 0
      vertex -2.99567 5.54492 0
    endloop
  endfacet
  facet normal 0 0 -1
    outer loop
      vertex -2.69553 5.6974 0
      vertex -3.02051 6.34059 0
      vertex -2.99565 6.35443 0
    endloop
  endfacet
  facet normal 0 0 -1
    outer loop
      vertex -3.09938 6.29524 0
      vertex -2.99567 5.54492 0
      vertex -3.02438 5.52757 0
    endloop
  endfacet
  facet normal 0 0 -1
    outer loop
      vertex -2.69553 5.6974 0
      vertex -3.04608 6.32611 0
      vertex -3.02051 6.34059 0
    endloop
  endfacet
  facet normal 0 0 -1
    outer loop
      vertex -3.09938 6.29524 0
      vertex -3.02438 5.52757 0
      vertex -3.0527 5.50978 0
    endloop
  endfacet
  facet normal 0 0 -1
    outer loop
      vertex -2.72574 5.68326 0
      vertex -3.07237 6.31099 0
      vertex -3.04608 6.32611 0
    endloop
  endfacet
  facet normal 0 0 -1
    outer loop
      vertex -3.09938 6.29524 0
      vertex -3.0527 5.50978 0
      vertex -3.08052 5.49153 0
    endloop
  endfacet
  facet normal 0 0 -1
    outer loop
      vertex -2.75607 5.66899 0
      vertex -3.09938 6.29524 0
      vertex -3.07237 6.31099 0
    endloop
  endfacet
  facet normal 0 0 -1
    outer loop
      vertex -3.10782 5.47279 0
      vertex -3.09938 6.29524 0
      vertex -3.08052 5.49153 0
    endloop
  endfacet
  facet normal 0 0 -1
    outer loop
      vertex -3.1346 5.4536 0
      vertex -3.09938 6.29524 0
      vertex -3.10782 5.47279 0
    endloop
  endfacet
  facet normal 0 0 -1
    outer loop
      vertex -3.16087 5.43394 0
      vertex -3.09938 6.29524 0
      vertex -3.1346 5.4536 0
    endloop
  endfacet
  facet normal 0 0 -1
    outer loop
      vertex -3.18663 5.4138 0
      vertex -3.09938 6.29524 0
      vertex -3.16087 5.43394 0
    endloop
  endfacet
  facet normal 0 0 -1
    outer loop
      vertex -3.21188 5.3932 0
      vertex -3.09938 6.29524 0
      vertex -3.18663 5.4138 0
    endloop
  endfacet
  facet normal 0 0 -1
    outer loop
      vertex -3.23643 5.37201 0
      vertex -3.09938 6.29524 0
      vertex -3.21188 5.3932 0
    endloop
  endfacet
  facet normal 0 0 -1
    outer loop
      vertex -3.2601 5.35004 0
      vertex -3.09938 6.29524 0
      vertex -3.23643 5.37201 0
    endloop
  endfacet
  facet normal 0 0 -1
    outer loop
      vertex -3.28287 5.32729 0
      vertex -3.09938 6.29524 0
      vertex -3.2601 5.35004 0
    endloop
  endfacet
  facet normal 0 0 -1
    outer loop
      vertex -3.41187 6.69313 0
      vertex -3.28287 5.32729 0
      vertex -3.30475 5.30379 0
    endloop
  endfacet
  facet normal 0 0 -1
    outer loop
      vertex -3.41187 6.69313 0
      vertex -3.30475 5.30379 0
      vertex -3.32573 5.27951 0
    endloop
  endfacet
  facet normal 0 0 -1
    outer loop
      vertex -3.41187 6.69313 0
      vertex -3.32573 5.27951 0
      vertex -3.34581 5.25447 0
    endloop
  endfacet
  facet normal 0 0 -1
    outer loop
      vertex -3.41187 6.69313 0
      vertex -3.34581 5.25447 0
      vertex -3.36501 5.22867 0
    endloop
  endfacet
  facet normal 0 0 -1
    outer loop
      vertex -3.41187 6.69313 0
      vertex -3.36501 5.22867 0
      vertex -3.38318 5.20206 0
    endloop
  endfacet
  facet normal 0 0 -1
    outer loop
      vertex -3.41187 6.69313 0
      vertex -3.38318 5.20206 0
      vertex -3.40021 5.17459 0
    endloop
  endfacet
  facet normal 0 0 -1
    outer loop
      vertex -3.28287 5.32729 0
      vertex -3.41187 6.69313 0
      vertex -3.09938 6.29524 0
    endloop
  endfacet
  facet normal 0 -0 -1
    outer loop
      vertex -3.41187 6.69313 0
      vertex -3.40021 5.17459 0
      vertex -3.41608 5.14629 0
    endloop
  endfacet
  facet normal 0 0 -1
    outer loop
      vertex -0.379517 7.01813 0
      vertex -1.41345 6.08092 0
      vertex -1.412 6.12653 0
    endloop
  endfacet
  facet normal 0 0 -1
    outer loop
      vertex -0.379517 7.01813 0
      vertex -1.41779 6.03697 0
      vertex -1.41345 6.08092 0
    endloop
  endfacet
  facet normal 0 0 -1
    outer loop
      vertex -0.379517 7.01813 0
      vertex -1.42502 5.99469 0
      vertex -1.41779 6.03697 0
    endloop
  endfacet
  facet normal 0 0 -1
    outer loop
      vertex -0.379517 7.01813 0
      vertex -1.43513 5.95407 0
      vertex -1.42502 5.99469 0
    endloop
  endfacet
  facet normal 0 0 -1
    outer loop
      vertex -0.379517 7.01813 0
      vertex -1.44814 5.9151 0
      vertex -1.43513 5.95407 0
    endloop
  endfacet
  facet normal 0 0 -1
    outer loop
      vertex -1.38492 4.09332 0
      vertex -1.46404 5.87779 0
      vertex -1.44814 5.9151 0
    endloop
  endfacet
  facet normal 0 0 -1
    outer loop
      vertex -1.38492 4.09332 0
      vertex -1.48283 5.84215 0
      vertex -1.46404 5.87779 0
    endloop
  endfacet
  facet normal 0 0 -1
    outer loop
      vertex -1.38492 4.09332 0
      vertex -1.50398 5.80786 0
      vertex -1.48283 5.84215 0
    endloop
  endfacet
  facet normal 0 0 -1
    outer loop
      vertex -1.38492 4.09332 0
      vertex -1.52696 5.77464 0
      vertex -1.50398 5.80786 0
    endloop
  endfacet
  facet normal 0 0 -1
    outer loop
      vertex -1.67241 4.56621 0
      vertex -1.52696 5.77464 0
      vertex -1.38492 4.09332 0
    endloop
  endfacet
  facet normal 0 0 -1
    outer loop
      vertex -1.52696 5.77464 0
      vertex -1.67241 4.56621 0
      vertex -1.55177 5.74248 0
    endloop
  endfacet
  facet normal 0 0 -1
    outer loop
      vertex -1.55177 5.74248 0
      vertex -1.67241 4.56621 0
      vertex -1.57841 5.71138 0
    endloop
  endfacet
  facet normal 0 0 -1
    outer loop
      vertex -1.57841 5.71138 0
      vertex -1.67241 4.56621 0
      vertex -1.60687 5.68134 0
    endloop
  endfacet
  facet normal 0 0 -1
    outer loop
      vertex -1.60687 5.68134 0
      vertex -1.67241 4.56621 0
      vertex -1.63716 5.65236 0
    endloop
  endfacet
  facet normal 0 0 -1
    outer loop
      vertex -1.63716 5.65236 0
      vertex -1.67241 4.56621 0
      vertex -1.66928 5.62444 0
    endloop
  endfacet
  facet normal 0 0 -1
    outer loop
      vertex -2.13918 5.34663 0
      vertex -1.67241 4.56621 0
      vertex -1.6889 4.55534 0
    endloop
  endfacet
  facet normal 0 0 -1
    outer loop
      vertex -1.67241 4.56621 0
      vertex -1.70291 5.59747 0
      vertex -1.66928 5.62444 0
    endloop
  endfacet
  facet normal 0 0 -1
    outer loop
      vertex -2.13918 5.34663 0
      vertex -1.6889 4.55534 0
      vertex -1.70625 4.54419 0
    endloop
  endfacet
  facet normal 0 0 -1
    outer loop
      vertex -2.13918 5.34663 0
      vertex -1.70625 4.54419 0
      vertex -1.72444 4.53273 0
    endloop
  endfacet
  facet normal 0 0 -1
    outer loop
      vertex -1.67241 4.56621 0
      vertex -1.73773 5.5713 0
      vertex -1.70291 5.59747 0
    endloop
  endfacet
  facet normal 0 0 -1
    outer loop
      vertex -2.18172 5.32608 0
      vertex -1.72444 4.53273 0
      vertex -1.74348 4.52097 0
    endloop
  endfacet
  facet normal 0 0 -1
    outer loop
      vertex -2.18172 5.32608 0
      vertex -1.74348 4.52097 0
      vertex -1.76338 4.50891 0
    endloop
  endfacet
  facet normal 0 0 -1
    outer loop
      vertex -1.67241 4.56621 0
      vertex -1.77374 5.54594 0
      vertex -1.73773 5.5713 0
    endloop
  endfacet
  facet normal 0 0 -1
    outer loop
      vertex -2.18172 5.32608 0
      vertex -1.76338 4.50891 0
      vertex -1.78413 4.49657 0
    endloop
  endfacet
  facet normal 0 0 -1
    outer loop
      vertex -2.22446 5.30574 0
      vertex -1.78413 4.49657 0
      vertex -1.80573 4.48392 0
    endloop
  endfacet
  facet normal 0 0 -1
    outer loop
      vertex -1.67241 4.56621 0
      vertex -1.81094 5.52139 0
      vertex -1.77374 5.54594 0
    endloop
  endfacet
  facet normal 0 0 -1
    outer loop
      vertex -2.22446 5.30574 0
      vertex -1.80573 4.48392 0
      vertex -1.82794 4.47127 0
    endloop
  endfacet
  facet normal 0 0 -1
    outer loop
      vertex -1.67241 4.56621 0
      vertex -1.84933 5.49765 0
      vertex -1.81094 5.52139 0
    endloop
  endfacet
  facet normal 0 0 -1
    outer loop
      vertex -2.25478 5.2914 0
      vertex -1.82794 4.47127 0
      vertex -1.85052 4.45892 0
    endloop
  endfacet
  facet normal 0 0 -1
    outer loop
      vertex -2.285 5.27692 0
      vertex -1.85052 4.45892 0
      vertex -1.8735 4.44687 0
    endloop
  endfacet
  facet normal 0 0 -1
    outer loop
      vertex -1.67241 4.56621 0
      vertex -1.88892 5.4747 0
      vertex -1.84933 5.49765 0
    endloop
  endfacet
  facet normal 0 0 -1
    outer loop
      vertex -2.285 5.27692 0
      vertex -1.8735 4.44687 0
      vertex -1.89687 4.4351 0
    endloop
  endfacet
  facet normal 0 0 -1
    outer loop
      vertex -2.31514 5.26231 0
      vertex -1.89687 4.4351 0
      vertex -1.92061 4.42365 0
    endloop
  endfacet
  facet normal 0 0 -1
    outer loop
      vertex -1.67241 4.56621 0
      vertex -1.92969 5.45258 0
      vertex -1.88892 5.4747 0
    endloop
  endfacet
  facet normal 0 0 -1
    outer loop
      vertex -2.31514 5.26231 0
      vertex -1.92061 4.42365 0
      vertex -1.94475 4.41249 0
    endloop
  endfacet
  facet normal 0 0 -1
    outer loop
      vertex -2.3452 5.24759 0
      vertex -1.94475 4.41249 0
      vertex -1.96925 4.40163 0
    endloop
  endfacet
  facet normal 0 0 -1
    outer loop
      vertex -1.67241 4.56621 0
      vertex -1.97116 5.43095 0
      vertex -1.92969 5.45258 0
    endloop
  endfacet
  facet normal 0 0 -1
    outer loop
      vertex -2.37517 5.23273 0
      vertex -1.96925 4.40163 0
      vertex -1.99397 4.39114 0
    endloop
  endfacet
  facet normal 0 0 -1
    outer loop
      vertex -1.67241 4.56621 0
      vertex -2.01285 5.40956 0
      vertex -1.97116 5.43095 0
    endloop
  endfacet
  facet normal 0 0 -1
    outer loop
      vertex -2.37517 5.23273 0
      vertex -1.99397 4.39114 0
      vertex -2.01874 4.38113 0
    endloop
  endfacet
  facet normal 0 0 -1
    outer loop
      vertex -2.40504 5.21774 0
      vertex -2.01874 4.38113 0
      vertex -2.04355 4.3716 0
    endloop
  endfacet
  facet normal 0 0 -1
    outer loop
      vertex -1.67241 4.56621 0
      vertex -2.05473 5.38837 0
      vertex -2.01285 5.40956 0
    endloop
  endfacet
  facet normal 0 0 -1
    outer loop
      vertex -2.40504 5.21774 0
      vertex -2.04355 4.3716 0
      vertex -2.06841 4.36252 0
    endloop
  endfacet
  facet normal 0 0 -1
    outer loop
      vertex -2.43486 5.20262 0
      vertex -2.06841 4.36252 0
      vertex -2.09329 4.3539 0
    endloop
  endfacet
  facet normal 0 0 -1
    outer loop
      vertex -1.67241 4.56621 0
      vertex -2.09685 5.3674 0
      vertex -2.05473 5.38837 0
    endloop
  endfacet
  facet normal 0 0 -1
    outer loop
      vertex -2.46417 5.18719 0
      vertex -2.09329 4.3539 0
      vertex -2.11823 4.34576 0
    endloop
  endfacet
  facet normal 0 0 -1
    outer loop
      vertex -1.67241 4.56621 0
      vertex -2.13918 5.34663 0
      vertex -2.09685 5.3674 0
    endloop
  endfacet
  facet normal 0 0 -1
    outer loop
      vertex -2.49258 5.17125 0
      vertex -2.11823 4.34576 0
      vertex -2.14319 4.33809 0
    endloop
  endfacet
  facet normal 0 0 -1
    outer loop
      vertex -2.49258 5.17125 0
      vertex -2.14319 4.33809 0
      vertex -2.16803 4.33118 0
    endloop
  endfacet
  facet normal 0 0 -1
    outer loop
      vertex -1.72444 4.53273 0
      vertex -2.18172 5.32608 0
      vertex -2.13918 5.34663 0
    endloop
  endfacet
  facet normal 0 0 -1
    outer loop
      vertex -2.52011 5.1548 0
      vertex -2.16803 4.33118 0
      vertex -2.19252 4.32533 0
    endloop
  endfacet
  facet normal 0 0 -1
    outer loop
      vertex -2.52011 5.1548 0
      vertex -2.19252 4.32533 0
      vertex -2.21667 4.32056 0
    endloop
  endfacet
  facet normal 0 0 -1
    outer loop
      vertex -1.78413 4.49657 0
      vertex -2.22446 5.30574 0
      vertex -2.18172 5.32608 0
    endloop
  endfacet
  facet normal 0 0 -1
    outer loop
      vertex -2.54675 5.13783 0
      vertex -2.21667 4.32056 0
      vertex -2.24048 4.31683 0
    endloop
  endfacet
  facet normal 0 0 -1
    outer loop
      vertex -1.82794 4.47127 0
      vertex -2.25478 5.2914 0
      vertex -2.22446 5.30574 0
    endloop
  endfacet
  facet normal 0 0 -1
    outer loop
      vertex -2.54675 5.13783 0
      vertex -2.24048 4.31683 0
      vertex -2.26395 4.31418 0
    endloop
  endfacet
  facet normal 0 0 -1
    outer loop
      vertex -1.85052 4.45892 0
      vertex -2.285 5.27692 0
      vertex -2.25478 5.2914 0
    endloop
  endfacet
  facet normal 0 0 -1
    outer loop
      vertex -2.54675 5.13783 0
      vertex -2.26395 4.31418 0
      vertex -2.28708 4.31258 0
    endloop
  endfacet
  facet normal 0 0 -1
    outer loop
      vertex -2.54675 5.13783 0
      vertex -2.28708 4.31258 0
      vertex -2.30988 4.31204 0
    endloop
  endfacet
  facet normal 0 0 -1
    outer loop
      vertex -1.89687 4.4351 0
      vertex -2.31514 5.26231 0
      vertex -2.285 5.27692 0
    endloop
  endfacet
  facet normal 0 0 -1
    outer loop
      vertex -2.57249 5.12036 0
      vertex -2.30988 4.31204 0
      vertex -2.33601 4.31252 0
    endloop
  endfacet
  facet normal 0 0 -1
    outer loop
      vertex -1.94475 4.41249 0
      vertex -2.3452 5.24759 0
      vertex -2.31514 5.26231 0
    endloop
  endfacet
  facet normal 0 0 -1
    outer loop
      vertex -2.57249 5.12036 0
      vertex -2.33601 4.31252 0
      vertex -2.36208 4.31392 0
    endloop
  endfacet
  facet normal 0 0 -1
    outer loop
      vertex -1.96925 4.40163 0
      vertex -2.37517 5.23273 0
      vertex -2.3452 5.24759 0
    endloop
  endfacet
  facet normal 0 0 -1
    outer loop
      vertex -2.59735 5.10237 0
      vertex -2.36208 4.31392 0
      vertex -2.38805 4.31625 0
    endloop
  endfacet
  facet normal 0 0 -1
    outer loop
      vertex -2.01874 4.38113 0
      vertex -2.40504 5.21774 0
      vertex -2.37517 5.23273 0
    endloop
  endfacet
  facet normal 0 0 -1
    outer loop
      vertex -2.59735 5.10237 0
      vertex -2.38805 4.31625 0
      vertex -2.41394 4.31953 0
    endloop
  endfacet
  facet normal 0 0 -1
    outer loop
      vertex -2.06841 4.36252 0
      vertex -2.43486 5.20262 0
      vertex -2.40504 5.21774 0
    endloop
  endfacet
  facet normal 0 0 -1
    outer loop
      vertex -2.62131 5.08389 0
      vertex -2.41394 4.31953 0
      vertex -2.43974 4.32375 0
    endloop
  endfacet
  facet normal 0 0 -1
    outer loop
      vertex -2.09329 4.3539 0
      vertex -2.46417 5.18719 0
      vertex -2.43486 5.20262 0
    endloop
  endfacet
  facet normal 0 0 -1
    outer loop
      vertex -2.64418 5.06476 0
      vertex -2.43974 4.32375 0
      vertex -2.46547 4.32889 0
    endloop
  endfacet
  facet normal 0 0 -1
    outer loop
      vertex -2.6861 5.0242 0
      vertex -2.46547 4.32889 0
      vertex -2.4911 4.33496 0
    endloop
  endfacet
  facet normal 0 0 -1
    outer loop
      vertex -2.11823 4.34576 0
      vertex -2.49258 5.17125 0
      vertex -2.46417 5.18719 0
    endloop
  endfacet
  facet normal 0 0 -1
    outer loop
      vertex -2.70514 5.00278 0
      vertex -2.4911 4.33496 0
      vertex -2.5163 4.34209 0
    endloop
  endfacet
  facet normal 0 0 -1
    outer loop
      vertex -2.16803 4.33118 0
      vertex -2.52011 5.1548 0
      vertex -2.49258 5.17125 0
    endloop
  endfacet
  facet normal 0 0 -1
    outer loop
      vertex -2.70514 5.00278 0
      vertex -2.5163 4.34209 0
      vertex -2.54068 4.35036 0
    endloop
  endfacet
  facet normal 0 0 -1
    outer loop
      vertex -2.21667 4.32056 0
      vertex -2.54675 5.13783 0
      vertex -2.52011 5.1548 0
    endloop
  endfacet
  facet normal 0 0 -1
    outer loop
      vertex -2.80478 4.70445 0
      vertex -2.54068 4.35036 0
      vertex -2.56425 4.35977 0
    endloop
  endfacet
  facet normal 0 0 -1
    outer loop
      vertex -2.30988 4.31204 0
      vertex -2.57249 5.12036 0
      vertex -2.54675 5.13783 0
    endloop
  endfacet
  facet normal 0 0 -1
    outer loop
      vertex -2.80478 4.70445 0
      vertex -2.56425 4.35977 0
      vertex -2.58702 4.37035 0
    endloop
  endfacet
  facet normal 0 0 -1
    outer loop
      vertex -2.36208 4.31392 0
      vertex -2.59735 5.10237 0
      vertex -2.57249 5.12036 0
    endloop
  endfacet
  facet normal 0 0 -1
    outer loop
      vertex -2.80478 4.70445 0
      vertex -2.58702 4.37035 0
      vertex -2.60898 4.38205 0
    endloop
  endfacet
  facet normal 0 0 -1
    outer loop
      vertex -2.41394 4.31953 0
      vertex -2.62131 5.08389 0
      vertex -2.59735 5.10237 0
    endloop
  endfacet
  facet normal 0 0 -1
    outer loop
      vertex -2.80478 4.70445 0
      vertex -2.60898 4.38205 0
      vertex -2.63013 4.39491 0
    endloop
  endfacet
  facet normal 0 0 -1
    outer loop
      vertex -2.43974 4.32375 0
      vertex -2.64418 5.06476 0
      vertex -2.62131 5.08389 0
    endloop
  endfacet
  facet normal 0 0 -1
    outer loop
      vertex -2.80217 4.67336 0
      vertex -2.63013 4.39491 0
      vertex -2.65047 4.40892 0
    endloop
  endfacet
  facet normal 0 0 -1
    outer loop
      vertex -2.46547 4.32889 0
      vertex -2.66577 5.04486 0
      vertex -2.64418 5.06476 0
    endloop
  endfacet
  facet normal 0 0 -1
    outer loop
      vertex -2.80217 4.67336 0
      vertex -2.65047 4.40892 0
      vertex -2.66985 4.4241 0
    endloop
  endfacet
  facet normal 0 0 -1
    outer loop
      vertex -2.46547 4.32889 0
      vertex -2.6861 5.0242 0
      vertex -2.66577 5.04486 0
    endloop
  endfacet
  facet normal 0 0 -1
    outer loop
      vertex -2.80217 4.67336 0
      vertex -2.66985 4.4241 0
      vertex -2.68813 4.44048 0
    endloop
  endfacet
  facet normal 0 0 -1
    outer loop
      vertex -2.4911 4.33496 0
      vertex -2.70514 5.00278 0
      vertex -2.6861 5.0242 0
    endloop
  endfacet
  facet normal 0 0 -1
    outer loop
      vertex -2.80217 4.67336 0
      vertex -2.68813 4.44048 0
      vertex -2.70531 4.45804 0
    endloop
  endfacet
  facet normal 0 0 -1
    outer loop
      vertex -2.80217 4.67336 0
      vertex -2.70531 4.45804 0
      vertex -2.72136 4.47678 0
    endloop
  endfacet
  facet normal 0 0 -1
    outer loop
      vertex -2.54068 4.35036 0
      vertex -2.72292 4.98058 0
      vertex -2.70514 5.00278 0
    endloop
  endfacet
  facet normal 0 0 -1
    outer loop
      vertex -2.80217 4.67336 0
      vertex -2.72136 4.47678 0
      vertex -2.73633 4.49672 0
    endloop
  endfacet
  facet normal 0 0 -1
    outer loop
      vertex -2.54068 4.35036 0
      vertex -2.80478 4.70445 0
      vertex -2.72292 4.98058 0
    endloop
  endfacet
  facet normal 0 0 -1
    outer loop
      vertex -2.80217 4.67336 0
      vertex -2.73633 4.49672 0
      vertex -2.75018 4.51785 0
    endloop
  endfacet
  facet normal 0 0 -1
    outer loop
      vertex -2.80565 4.73703 0
      vertex -2.72292 4.98058 0
      vertex -2.80478 4.70445 0
    endloop
  endfacet
  facet normal 0 0 -1
    outer loop
      vertex -2.79781 4.64374 0
      vertex -2.75018 4.51785 0
      vertex -2.76294 4.54016 0
    endloop
  endfacet
  facet normal 0 0 -1
    outer loop
      vertex -2.72292 4.98058 0
      vertex -2.80565 4.73703 0
      vertex -2.73941 4.95761 0
    endloop
  endfacet
  facet normal 0 0 -1
    outer loop
      vertex -2.79781 4.64374 0
      vertex -2.76294 4.54016 0
      vertex -2.77426 4.56383 0
    endloop
  endfacet
  facet normal 0 0 -1
    outer loop
      vertex -2.63013 4.39491 0
      vertex -2.80217 4.67336 0
      vertex -2.80478 4.70445 0
    endloop
  endfacet
  facet normal 0 0 -1
    outer loop
      vertex -2.79781 4.64374 0
      vertex -2.77426 4.56383 0
      vertex -2.78386 4.58897 0
    endloop
  endfacet
  facet normal 0 -0 -1
    outer loop
      vertex -2.80461 4.7686 0
      vertex -2.73941 4.95761 0
      vertex -2.80565 4.73703 0
    endloop
  endfacet
  facet normal 0 0 -1
    outer loop
      vertex -2.79781 4.64374 0
      vertex -2.78386 4.58897 0
      vertex -2.7917 4.61562 0
    endloop
  endfacet
  facet normal 0 0 -1
    outer loop
      vertex -2.75018 4.51785 0
      vertex -2.79781 4.64374 0
      vertex -2.80217 4.67336 0
    endloop
  endfacet
  facet normal 0 0 -1
    outer loop
      vertex -2.73941 4.95761 0
      vertex -2.80461 4.7686 0
      vertex -2.75462 4.93388 0
    endloop
  endfacet
  facet normal 0 0 -1
    outer loop
      vertex -2.76816 4.90921 0
      vertex -2.78899 4.85641 0
      vertex -2.77962 4.88339 0
    endloop
  endfacet
  facet normal 0 0 -1
    outer loop
      vertex -2.76816 4.90921 0
      vertex -2.79628 4.82829 0
      vertex -2.78899 4.85641 0
    endloop
  endfacet
  facet normal 0 0 -1
    outer loop
      vertex -2.76816 4.90921 0
      vertex -2.80148 4.79901 0
      vertex -2.79628 4.82829 0
    endloop
  endfacet
  facet normal 0 0 -1
    outer loop
      vertex -2.75462 4.93388 0
      vertex -2.80148 4.79901 0
      vertex -2.76816 4.90921 0
    endloop
  endfacet
  facet normal 0 -0 -1
    outer loop
      vertex -2.80148 4.79901 0
      vertex -2.75462 4.93388 0
      vertex -2.80461 4.7686 0
    endloop
  endfacet
  facet normal 0 0 -1
    outer loop
      vertex 2.6857 5.99896 0
      vertex 2.75003 6.18484 0
      vertex 2.74922 6.16086 0
    endloop
  endfacet
  facet normal -0 0 -1
    outer loop
      vertex 2.75003 6.18484 0
      vertex 2.6857 5.99896 0
      vertex 2.74933 6.21045 0
    endloop
  endfacet
  facet normal 0 0 -1
    outer loop
      vertex 2.69861 6.01665 0
      vertex 2.74922 6.16086 0
      vertex 2.7468 6.13774 0
    endloop
  endfacet
  facet normal 0 0 -1
    outer loop
      vertex 2.6857 5.99896 0
      vertex 2.74922 6.16086 0
      vertex 2.69861 6.01665 0
    endloop
  endfacet
  facet normal 0 0 -1
    outer loop
      vertex 2.69861 6.01665 0
      vertex 2.7468 6.13774 0
      vertex 2.74275 6.11546 0
    endloop
  endfacet
  facet normal 0 0 -1
    outer loop
      vertex 2.55531 6.47934 0
      vertex 2.74933 6.21045 0
      vertex 2.6857 5.99896 0
    endloop
  endfacet
  facet normal 0 0 -1
    outer loop
      vertex 2.69861 6.01665 0
      vertex 2.74275 6.11546 0
      vertex 2.73711 6.09402 0
    endloop
  endfacet
  facet normal 0 0 -1
    outer loop
      vertex 2.74933 6.21045 0
      vertex 2.57378 6.4713 0
      vertex 2.74722 6.23492 0
    endloop
  endfacet
  facet normal 0 0 -1
    outer loop
      vertex 2.71045 6.03484 0
      vertex 2.73711 6.09402 0
      vertex 2.72983 6.07346 0
    endloop
  endfacet
  facet normal 0 0 -1
    outer loop
      vertex 2.69861 6.01665 0
      vertex 2.73711 6.09402 0
      vertex 2.71045 6.03484 0
    endloop
  endfacet
  facet normal 0 0 -1
    outer loop
      vertex 2.71045 6.03484 0
      vertex 2.72983 6.07346 0
      vertex 2.72095 6.05373 0
    endloop
  endfacet
  facet normal -0 -0 -1
    outer loop
      vertex 2.59154 6.46242 0
      vertex 2.74722 6.23492 0
      vertex 2.57378 6.4713 0
    endloop
  endfacet
  facet normal 0 0 -1
    outer loop
      vertex 2.7388 6.28041 0
      vertex 2.69421 6.3743 0
      vertex 2.73248 6.30142 0
    endloop
  endfacet
  facet normal 0 0 -1
    outer loop
      vertex 2.73248 6.30142 0
      vertex 2.71564 6.34003 0
      vertex 2.72476 6.3213 0
    endloop
  endfacet
  facet normal 0 0 -1
    outer loop
      vertex 2.73248 6.30142 0
      vertex 2.70537 6.35768 0
      vertex 2.71564 6.34003 0
    endloop
  endfacet
  facet normal 0 0 -1
    outer loop
      vertex 2.73248 6.30142 0
      vertex 2.69421 6.3743 0
      vertex 2.70537 6.35768 0
    endloop
  endfacet
  facet normal -0 -0 -1
    outer loop
      vertex 2.60863 6.45268 0
      vertex 2.74371 6.25824 0
      vertex 2.59154 6.46242 0
    endloop
  endfacet
  facet normal 0 0 -1
    outer loop
      vertex 2.7388 6.28041 0
      vertex 2.68216 6.38989 0
      vertex 2.69421 6.3743 0
    endloop
  endfacet
  facet normal 0 0 -1
    outer loop
      vertex 2.55531 6.47934 0
      vertex 2.6857 5.99896 0
      vertex 2.67174 5.9818 0
    endloop
  endfacet
  facet normal 0 0 -1
    outer loop
      vertex 2.7388 6.28041 0
      vertex 2.66922 6.40448 0
      vertex 2.68216 6.38989 0
    endloop
  endfacet
  facet normal 0 0 -1
    outer loop
      vertex 2.53619 6.48653 0
      vertex 2.67174 5.9818 0
      vertex 2.65671 5.96513 0
    endloop
  endfacet
  facet normal 0 0 -1
    outer loop
      vertex 2.7388 6.28041 0
      vertex 2.65538 6.41805 0
      vertex 2.66922 6.40448 0
    endloop
  endfacet
  facet normal 0 0 -1
    outer loop
      vertex 2.7388 6.28041 0
      vertex 2.64066 6.43057 0
      vertex 2.65538 6.41805 0
    endloop
  endfacet
  facet normal 0 0 -1
    outer loop
      vertex 2.51639 6.49286 0
      vertex 2.65671 5.96513 0
      vertex 2.64061 5.94897 0
    endloop
  endfacet
  facet normal 0 0 -1
    outer loop
      vertex 2.7388 6.28041 0
      vertex 2.62505 6.44209 0
      vertex 2.64066 6.43057 0
    endloop
  endfacet
  facet normal 0 0 -1
    outer loop
      vertex 2.4959 6.49834 0
      vertex 2.64061 5.94897 0
      vertex 2.62346 5.93333 0
    endloop
  endfacet
  facet normal 0 0 -1
    outer loop
      vertex 2.7388 6.28041 0
      vertex 2.60863 6.45268 0
      vertex 2.62505 6.44209 0
    endloop
  endfacet
  facet normal 0 0 -1
    outer loop
      vertex 2.47498 6.50305 0
      vertex 2.62346 5.93333 0
      vertex 2.60524 5.9182 0
    endloop
  endfacet
  facet normal 0 0 -1
    outer loop
      vertex 2.74371 6.25824 0
      vertex 2.60863 6.45268 0
      vertex 2.7388 6.28041 0
    endloop
  endfacet
  facet normal 0 0 -1
    outer loop
      vertex 2.45387 6.50702 0
      vertex 2.60524 5.9182 0
      vertex 2.58609 5.90352 0
    endloop
  endfacet
  facet normal 0 0 -1
    outer loop
      vertex 2.74722 6.23492 0
      vertex 2.59154 6.46242 0
      vertex 2.74371 6.25824 0
    endloop
  endfacet
  facet normal 0 0 -1
    outer loop
      vertex 2.41118 6.51282 0
      vertex 2.58609 5.90352 0
      vertex 2.56612 5.88921 0
    endloop
  endfacet
  facet normal 0 0 -1
    outer loop
      vertex 2.74933 6.21045 0
      vertex 2.55531 6.47934 0
      vertex 2.57378 6.4713 0
    endloop
  endfacet
  facet normal 0 0 -1
    outer loop
      vertex 2.38957 6.51462 0
      vertex 2.56612 5.88921 0
      vertex 2.54535 5.87527 0
    endloop
  endfacet
  facet normal 0 0 -1
    outer loop
      vertex 2.67174 5.9818 0
      vertex 2.53619 6.48653 0
      vertex 2.55531 6.47934 0
    endloop
  endfacet
  facet normal 0 0 -1
    outer loop
      vertex 2.36781 6.51572 0
      vertex 2.54535 5.87527 0
      vertex 2.52377 5.86174 0
    endloop
  endfacet
  facet normal 0 0 -1
    outer loop
      vertex 2.65671 5.96513 0
      vertex 2.51639 6.49286 0
      vertex 2.53619 6.48653 0
    endloop
  endfacet
  facet normal 0 0 -1
    outer loop
      vertex 2.31245 6.51497 0
      vertex 2.52377 5.86174 0
      vertex 2.50139 5.84857 0
    endloop
  endfacet
  facet normal 0 0 -1
    outer loop
      vertex 2.64061 5.94897 0
      vertex 2.4959 6.49834 0
      vertex 2.51639 6.49286 0
    endloop
  endfacet
  facet normal 0 0 -1
    outer loop
      vertex 2.26201 6.50916 0
      vertex 2.50139 5.84857 0
      vertex 2.4782 5.8358 0
    endloop
  endfacet
  facet normal 0 0 -1
    outer loop
      vertex 2.62346 5.93333 0
      vertex 2.47498 6.50305 0
      vertex 2.4959 6.49834 0
    endloop
  endfacet
  facet normal 0 0 -1
    outer loop
      vertex 2.21106 6.49835 0
      vertex 2.4782 5.8358 0
      vertex 2.45419 5.82339 0
    endloop
  endfacet
  facet normal 0 0 -1
    outer loop
      vertex 2.60524 5.9182 0
      vertex 2.45387 6.50702 0
      vertex 2.47498 6.50305 0
    endloop
  endfacet
  facet normal 0 0 -1
    outer loop
      vertex 2.58609 5.90352 0
      vertex 2.43262 6.51028 0
      vertex 2.45387 6.50702 0
    endloop
  endfacet
  facet normal 0 0 -1
    outer loop
      vertex 2.17595 6.48824 0
      vertex 2.45419 5.82339 0
      vertex 2.42966 5.81123 0
    endloop
  endfacet
  facet normal 0 0 -1
    outer loop
      vertex 2.58609 5.90352 0
      vertex 2.41118 6.51282 0
      vertex 2.43262 6.51028 0
    endloop
  endfacet
  facet normal 0 0 -1
    outer loop
      vertex 2.13963 6.47572 0
      vertex 2.42966 5.81123 0
      vertex 2.40488 5.79909 0
    endloop
  endfacet
  facet normal 0 0 -1
    outer loop
      vertex 2.56612 5.88921 0
      vertex 2.38957 6.51462 0
      vertex 2.41118 6.51282 0
    endloop
  endfacet
  facet normal 0 0 -1
    outer loop
      vertex 2.10214 6.46085 0
      vertex 2.40488 5.79909 0
      vertex 2.37984 5.787 0
    endloop
  endfacet
  facet normal 0 0 -1
    outer loop
      vertex 2.54535 5.87527 0
      vertex 2.36781 6.51572 0
      vertex 2.38957 6.51462 0
    endloop
  endfacet
  facet normal 0 0 -1
    outer loop
      vertex 2.06311 6.44376 0
      vertex 2.37984 5.787 0
      vertex 2.35454 5.77495 0
    endloop
  endfacet
  facet normal 0 0 -1
    outer loop
      vertex 2.52377 5.86174 0
      vertex 2.34586 6.51607 0
      vertex 2.36781 6.51572 0
    endloop
  endfacet
  facet normal 0 0 -1
    outer loop
      vertex 2.52377 5.86174 0
      vertex 2.32918 6.51579 0
      vertex 2.34586 6.51607 0
    endloop
  endfacet
  facet normal 0 0 -1
    outer loop
      vertex 2.04291 6.43445 0
      vertex 2.35454 5.77495 0
      vertex 2.32899 5.76294 0
    endloop
  endfacet
  facet normal 0 0 -1
    outer loop
      vertex 2.52377 5.86174 0
      vertex 2.31245 6.51497 0
      vertex 2.32918 6.51579 0
    endloop
  endfacet
  facet normal 0 0 -1
    outer loop
      vertex 2.00107 6.41431 0
      vertex 2.32899 5.76294 0
      vertex 2.30319 5.75096 0
    endloop
  endfacet
  facet normal 0 0 -1
    outer loop
      vertex 2.50139 5.84857 0
      vertex 2.29568 6.51358 0
      vertex 2.31245 6.51497 0
    endloop
  endfacet
  facet normal 0 0 -1
    outer loop
      vertex 2.50139 5.84857 0
      vertex 2.27887 6.51164 0
      vertex 2.29568 6.51358 0
    endloop
  endfacet
  facet normal 0 0 -1
    outer loop
      vertex 1.97945 6.40346 0
      vertex 2.30319 5.75096 0
      vertex 2.27713 5.73904 0
    endloop
  endfacet
  facet normal 0 0 -1
    outer loop
      vertex 2.50139 5.84857 0
      vertex 2.26201 6.50916 0
      vertex 2.27887 6.51164 0
    endloop
  endfacet
  facet normal 0 0 -1
    outer loop
      vertex 1.93468 6.38019 0
      vertex 2.27713 5.73904 0
      vertex 2.24731 5.7253 0
    endloop
  endfacet
  facet normal 0 0 -1
    outer loop
      vertex 2.4782 5.8358 0
      vertex 2.24512 6.5061 0
      vertex 2.26201 6.50916 0
    endloop
  endfacet
  facet normal 0 0 -1
    outer loop
      vertex 2.4782 5.8358 0
      vertex 2.22818 6.50252 0
      vertex 2.24512 6.5061 0
    endloop
  endfacet
  facet normal 0 0 -1
    outer loop
      vertex 1.91129 6.36763 0
      vertex 2.24731 5.7253 0
      vertex 2.21736 5.71141 0
    endloop
  endfacet
  facet normal 0 0 -1
    outer loop
      vertex 2.4782 5.8358 0
      vertex 2.21106 6.49835 0
      vertex 2.22818 6.50252 0
    endloop
  endfacet
  facet normal 0 0 -1
    outer loop
      vertex 2.45419 5.82339 0
      vertex 2.19365 6.49359 0
      vertex 2.21106 6.49835 0
    endloop
  endfacet
  facet normal 0 0 -1
    outer loop
      vertex 1.88715 6.35443 0
      vertex 2.21736 5.71141 0
      vertex 2.18729 5.6974 0
    endloop
  endfacet
  facet normal 0 0 -1
    outer loop
      vertex 2.45419 5.82339 0
      vertex 2.17595 6.48824 0
      vertex 2.19365 6.49359 0
    endloop
  endfacet
  facet normal 0 0 -1
    outer loop
      vertex 2.42966 5.81123 0
      vertex 2.15794 6.48228 0
      vertex 2.17595 6.48824 0
    endloop
  endfacet
  facet normal 0 0 -1
    outer loop
      vertex 1.83673 6.32611 0
      vertex 2.18729 5.6974 0
      vertex 2.15707 5.68326 0
    endloop
  endfacet
  facet normal 0 0 -1
    outer loop
      vertex 2.42966 5.81123 0
      vertex 2.13963 6.47572 0
      vertex 2.15794 6.48228 0
    endloop
  endfacet
  facet normal 0 0 -1
    outer loop
      vertex 1.81044 6.31099 0
      vertex 2.15707 5.68326 0
      vertex 2.12674 5.66899 0
    endloop
  endfacet
  facet normal 0 0 -1
    outer loop
      vertex 2.40488 5.79909 0
      vertex 2.12103 6.46858 0
      vertex 2.13963 6.47572 0
    endloop
  endfacet
  facet normal 0 0 -1
    outer loop
      vertex 2.40488 5.79909 0
      vertex 2.10214 6.46085 0
      vertex 2.12103 6.46858 0
    endloop
  endfacet
  facet normal 0 0 -1
    outer loop
      vertex 1.78342 6.29524 0
      vertex 2.12674 5.66899 0
      vertex 2.09628 5.6546 0
    endloop
  endfacet
  facet normal 0 0 -1
    outer loop
      vertex 2.37984 5.787 0
      vertex 2.08287 6.45256 0
      vertex 2.10214 6.46085 0
    endloop
  endfacet
  facet normal 0 0 -1
    outer loop
      vertex 1.78342 6.29524 0
      vertex 2.09628 5.6546 0
      vertex 2.06569 5.64008 0
    endloop
  endfacet
  facet normal 0 0 -1
    outer loop
      vertex 2.37984 5.787 0
      vertex 2.06311 6.44376 0
      vertex 2.08287 6.45256 0
    endloop
  endfacet
  facet normal 0 0 -1
    outer loop
      vertex 2.35454 5.77495 0
      vertex 2.04291 6.43445 0
      vertex 2.06311 6.44376 0
    endloop
  endfacet
  facet normal 0 0 -1
    outer loop
      vertex 1.78342 6.29524 0
      vertex 2.06569 5.64008 0
      vertex 2.03519 5.62527 0
    endloop
  endfacet
  facet normal 0 0 -1
    outer loop
      vertex 2.32899 5.76294 0
      vertex 2.02222 6.42464 0
      vertex 2.04291 6.43445 0
    endloop
  endfacet
  facet normal 0 0 -1
    outer loop
      vertex 1.78342 6.29524 0
      vertex 2.03519 5.62527 0
      vertex 2.00499 5.61006 0
    endloop
  endfacet
  facet normal 0 0 -1
    outer loop
      vertex 2.32899 5.76294 0
      vertex 2.00107 6.41431 0
      vertex 2.02222 6.42464 0
    endloop
  endfacet
  facet normal 0 0 -1
    outer loop
      vertex 2.30319 5.75096 0
      vertex 1.97945 6.40346 0
      vertex 2.00107 6.41431 0
    endloop
  endfacet
  facet normal 0 0 -1
    outer loop
      vertex 1.78342 6.29524 0
      vertex 2.00499 5.61006 0
      vertex 1.97508 5.59442 0
    endloop
  endfacet
  facet normal 0 0 -1
    outer loop
      vertex 2.27713 5.73904 0
      vertex 1.95737 6.39211 0
      vertex 1.97945 6.40346 0
    endloop
  endfacet
  facet normal 0 0 -1
    outer loop
      vertex 1.78342 6.29524 0
      vertex 1.97508 5.59442 0
      vertex 1.94547 5.57834 0
    endloop
  endfacet
  facet normal 0 0 -1
    outer loop
      vertex 2.27713 5.73904 0
      vertex 1.93468 6.38019 0
      vertex 1.95737 6.39211 0
    endloop
  endfacet
  facet normal 0 0 -1
    outer loop
      vertex 1.78342 6.29524 0
      vertex 1.94547 5.57834 0
      vertex 1.91615 5.56184 0
    endloop
  endfacet
  facet normal 0 0 -1
    outer loop
      vertex 2.24731 5.7253 0
      vertex 1.91129 6.36763 0
      vertex 1.93468 6.38019 0
    endloop
  endfacet
  facet normal 0 0 -1
    outer loop
      vertex 1.78342 6.29524 0
      vertex 1.91615 5.56184 0
      vertex 1.88715 5.54492 0
    endloop
  endfacet
  facet normal 0 0 -1
    outer loop
      vertex 2.21736 5.71141 0
      vertex 1.88715 6.35443 0
      vertex 1.91129 6.36763 0
    endloop
  endfacet
  facet normal 0 0 -1
    outer loop
      vertex 2.18729 5.6974 0
      vertex 1.8623 6.34059 0
      vertex 1.88715 6.35443 0
    endloop
  endfacet
  facet normal 0 0 -1
    outer loop
      vertex 1.78342 6.29524 0
      vertex 1.88715 5.54492 0
      vertex 1.85843 5.52757 0
    endloop
  endfacet
  facet normal 0 0 -1
    outer loop
      vertex 2.18729 5.6974 0
      vertex 1.83673 6.32611 0
      vertex 1.8623 6.34059 0
    endloop
  endfacet
  facet normal 0 0 -1
    outer loop
      vertex 1.78342 6.29524 0
      vertex 1.85843 5.52757 0
      vertex 1.83011 5.50978 0
    endloop
  endfacet
  facet normal 0 0 -1
    outer loop
      vertex 2.15707 5.68326 0
      vertex 1.81044 6.31099 0
      vertex 1.83673 6.32611 0
    endloop
  endfacet
  facet normal 0 0 -1
    outer loop
      vertex 1.78342 6.29524 0
      vertex 1.83011 5.50978 0
      vertex 1.80229 5.49153 0
    endloop
  endfacet
  facet normal 0 0 -1
    outer loop
      vertex 2.12674 5.66899 0
      vertex 1.78342 6.29524 0
      vertex 1.81044 6.31099 0
    endloop
  endfacet
  facet normal 0 0 -1
    outer loop
      vertex 1.77499 5.47279 0
      vertex 1.78342 6.29524 0
      vertex 1.80229 5.49153 0
    endloop
  endfacet
  facet normal 0 0 -1
    outer loop
      vertex 1.74821 5.4536 0
      vertex 1.78342 6.29524 0
      vertex 1.77499 5.47279 0
    endloop
  endfacet
  facet normal 0 0 -1
    outer loop
      vertex 1.72194 5.43394 0
      vertex 1.78342 6.29524 0
      vertex 1.74821 5.4536 0
    endloop
  endfacet
  facet normal 0 0 -1
    outer loop
      vertex 1.69617 5.4138 0
      vertex 1.78342 6.29524 0
      vertex 1.72194 5.43394 0
    endloop
  endfacet
  facet normal 0 0 -1
    outer loop
      vertex 1.67093 5.3932 0
      vertex 1.78342 6.29524 0
      vertex 1.69617 5.4138 0
    endloop
  endfacet
  facet normal 0 0 -1
    outer loop
      vertex 1.64636 5.37201 0
      vertex 1.78342 6.29524 0
      vertex 1.67093 5.3932 0
    endloop
  endfacet
  facet normal 0 0 -1
    outer loop
      vertex 1.62271 5.35004 0
      vertex 1.78342 6.29524 0
      vertex 1.64636 5.37201 0
    endloop
  endfacet
  facet normal 0 0 -1
    outer loop
      vertex 0.480804 6.51607 0
      vertex 1.62271 5.35004 0
      vertex 1.59993 5.32729 0
    endloop
  endfacet
  facet normal 0 0 -1
    outer loop
      vertex 0.480804 6.51607 0
      vertex 1.59993 5.32729 0
      vertex 1.57806 5.30379 0
    endloop
  endfacet
  facet normal 0 0 -1
    outer loop
      vertex 0.480804 6.51607 0
      vertex 1.57806 5.30379 0
      vertex 1.55708 5.27951 0
    endloop
  endfacet
  facet normal 0 0 -1
    outer loop
      vertex 0.480804 6.51607 0
      vertex 1.55708 5.27951 0
      vertex 1.537 5.25447 0
    endloop
  endfacet
  facet normal 0 0 -1
    outer loop
      vertex 0.480804 6.51607 0
      vertex 1.537 5.25447 0
      vertex 1.51781 5.22867 0
    endloop
  endfacet
  facet normal 0 0 -1
    outer loop
      vertex 0.480804 6.51607 0
      vertex 1.51781 5.22867 0
      vertex 1.49963 5.20206 0
    endloop
  endfacet
  facet normal 0 0 -1
    outer loop
      vertex 0.480804 6.51607 0
      vertex 1.49963 5.20206 0
      vertex 1.4826 5.17459 0
    endloop
  endfacet
  facet normal 0 0 -1
    outer loop
      vertex 1.62271 5.35004 0
      vertex 0.480804 6.51607 0
      vertex 1.78342 6.29524 0
    endloop
  endfacet
  facet normal 0 0 -1
    outer loop
      vertex 0.480804 6.51607 0
      vertex 1.4826 5.17459 0
      vertex 1.46674 5.14629 0
    endloop
  endfacet
  facet normal 0 0 -1
    outer loop
      vertex 11.25 11.25 0
      vertex 3.46936 6.08092 0
      vertex 3.47081 6.12653 0
    endloop
  endfacet
  facet normal 0 0 -1
    outer loop
      vertex 11.25 11.25 0
      vertex 3.46503 6.03697 0
      vertex 3.46936 6.08092 0
    endloop
  endfacet
  facet normal 0 0 -1
    outer loop
      vertex 3.49789 4.09332 0
      vertex 3.45779 5.99469 0
      vertex 3.46503 6.03697 0
    endloop
  endfacet
  facet normal 0 0 -1
    outer loop
      vertex 3.49789 4.09332 0
      vertex 3.44768 5.95407 0
      vertex 3.45779 5.99469 0
    endloop
  endfacet
  facet normal 0 0 -1
    outer loop
      vertex 3.49789 4.09332 0
      vertex 3.43466 5.9151 0
      vertex 3.44768 5.95407 0
    endloop
  endfacet
  facet normal 0 0 -1
    outer loop
      vertex 3.49789 4.09332 0
      vertex 3.41876 5.87779 0
      vertex 3.43466 5.9151 0
    endloop
  endfacet
  facet normal 0 0 -1
    outer loop
      vertex 3.49789 4.09332 0
      vertex 3.39998 5.84215 0
      vertex 3.41876 5.87779 0
    endloop
  endfacet
  facet normal 0 0 -1
    outer loop
      vertex 3.49789 4.09332 0
      vertex 3.37881 5.80786 0
      vertex 3.39998 5.84215 0
    endloop
  endfacet
  facet normal 0 0 -1
    outer loop
      vertex 3.49789 4.09332 0
      vertex 3.35583 5.77464 0
      vertex 3.37881 5.80786 0
    endloop
  endfacet
  facet normal 0 0 -1
    outer loop
      vertex 3.2104 4.56621 0
      vertex 3.35583 5.77464 0
      vertex 3.49789 4.09332 0
    endloop
  endfacet
  facet normal 0 0 -1
    outer loop
      vertex 3.35583 5.77464 0
      vertex 3.2104 4.56621 0
      vertex 3.33104 5.74248 0
    endloop
  endfacet
  facet normal 0 0 -1
    outer loop
      vertex 3.33104 5.74248 0
      vertex 3.2104 4.56621 0
      vertex 3.3044 5.71138 0
    endloop
  endfacet
  facet normal 0 0 -1
    outer loop
      vertex 3.3044 5.71138 0
      vertex 3.2104 4.56621 0
      vertex 3.27594 5.68134 0
    endloop
  endfacet
  facet normal 0 0 -1
    outer loop
      vertex 3.27594 5.68134 0
      vertex 3.2104 4.56621 0
      vertex 3.24564 5.65236 0
    endloop
  endfacet
  facet normal 0 0 -1
    outer loop
      vertex 3.24564 5.65236 0
      vertex 3.2104 4.56621 0
      vertex 3.21352 5.62444 0
    endloop
  endfacet
  facet normal 0 0 -1
    outer loop
      vertex 2.74364 5.34663 0
      vertex 3.2104 4.56621 0
      vertex 3.19391 4.55534 0
    endloop
  endfacet
  facet normal 0 0 -1
    outer loop
      vertex 3.2104 4.56621 0
      vertex 3.1799 5.59747 0
      vertex 3.21352 5.62444 0
    endloop
  endfacet
  facet normal 0 0 -1
    outer loop
      vertex 2.74364 5.34663 0
      vertex 3.19391 4.55534 0
      vertex 3.17656 4.54419 0
    endloop
  endfacet
  facet normal 0 0 -1
    outer loop
      vertex 2.74364 5.34663 0
      vertex 3.17656 4.54419 0
      vertex 3.15837 4.53273 0
    endloop
  endfacet
  facet normal 0 0 -1
    outer loop
      vertex 3.2104 4.56621 0
      vertex 3.14508 5.5713 0
      vertex 3.1799 5.59747 0
    endloop
  endfacet
  facet normal 0 0 -1
    outer loop
      vertex 2.7011 5.32608 0
      vertex 3.15837 4.53273 0
      vertex 3.13931 4.52097 0
    endloop
  endfacet
  facet normal 0 0 -1
    outer loop
      vertex 2.7011 5.32608 0
      vertex 3.13931 4.52097 0
      vertex 3.11943 4.50891 0
    endloop
  endfacet
  facet normal 0 0 -1
    outer loop
      vertex 3.2104 4.56621 0
      vertex 3.10907 5.54594 0
      vertex 3.14508 5.5713 0
    endloop
  endfacet
  facet normal 0 0 -1
    outer loop
      vertex 2.7011 5.32608 0
      vertex 3.11943 4.50891 0
      vertex 3.09868 4.49657 0
    endloop
  endfacet
  facet normal 0 0 -1
    outer loop
      vertex 2.65834 5.30574 0
      vertex 3.09868 4.49657 0
      vertex 3.07709 4.48392 0
    endloop
  endfacet
  facet normal 0 0 -1
    outer loop
      vertex 3.2104 4.56621 0
      vertex 3.07187 5.52139 0
      vertex 3.10907 5.54594 0
    endloop
  endfacet
  facet normal 0 0 -1
    outer loop
      vertex 2.65834 5.30574 0
      vertex 3.07709 4.48392 0
      vertex 3.05487 4.47127 0
    endloop
  endfacet
  facet normal 0 0 -1
    outer loop
      vertex 3.2104 4.56621 0
      vertex 3.03348 5.49765 0
      vertex 3.07187 5.52139 0
    endloop
  endfacet
  facet normal 0 0 -1
    outer loop
      vertex 2.62804 5.2914 0
      vertex 3.05487 4.47127 0
      vertex 3.03227 4.45892 0
    endloop
  endfacet
  facet normal 0 0 -1
    outer loop
      vertex 2.59781 5.27692 0
      vertex 3.03227 4.45892 0
      vertex 3.00929 4.44687 0
    endloop
  endfacet
  facet normal 0 0 -1
    outer loop
      vertex 3.2104 4.56621 0
      vertex 2.9939 5.4747 0
      vertex 3.03348 5.49765 0
    endloop
  endfacet
  facet normal 0 0 -1
    outer loop
      vertex 2.59781 5.27692 0
      vertex 3.00929 4.44687 0
      vertex 2.98593 4.4351 0
    endloop
  endfacet
  facet normal 0 0 -1
    outer loop
      vertex 2.56767 5.26231 0
      vertex 2.98593 4.4351 0
      vertex 2.96219 4.42365 0
    endloop
  endfacet
  facet normal 0 0 -1
    outer loop
      vertex 3.2104 4.56621 0
      vertex 2.95312 5.45258 0
      vertex 2.9939 5.4747 0
    endloop
  endfacet
  facet normal 0 0 -1
    outer loop
      vertex 2.56767 5.26231 0
      vertex 2.96219 4.42365 0
      vertex 2.93806 4.41249 0
    endloop
  endfacet
  facet normal 0 0 -1
    outer loop
      vertex 2.53761 5.24759 0
      vertex 2.93806 4.41249 0
      vertex 2.91356 4.40163 0
    endloop
  endfacet
  facet normal 0 0 -1
    outer loop
      vertex 3.2104 4.56621 0
      vertex 2.91165 5.43095 0
      vertex 2.95312 5.45258 0
    endloop
  endfacet
  facet normal 0 0 -1
    outer loop
      vertex 2.50764 5.23273 0
      vertex 2.91356 4.40163 0
      vertex 2.88882 4.39114 0
    endloop
  endfacet
  facet normal 0 0 -1
    outer loop
      vertex 3.2104 4.56621 0
      vertex 2.86996 5.40956 0
      vertex 2.91165 5.43095 0
    endloop
  endfacet
  facet normal 0 0 -1
    outer loop
      vertex 2.50764 5.23273 0
      vertex 2.88882 4.39114 0
      vertex 2.86406 4.38113 0
    endloop
  endfacet
  facet normal 0 0 -1
    outer loop
      vertex 2.47775 5.21774 0
      vertex 2.86406 4.38113 0
      vertex 2.83926 4.3716 0
    endloop
  endfacet
  facet normal 0 0 -1
    outer loop
      vertex 3.2104 4.56621 0
      vertex 2.82806 5.38837 0
      vertex 2.86996 5.40956 0
    endloop
  endfacet
  facet normal 0 0 -1
    outer loop
      vertex 2.47775 5.21774 0
      vertex 2.83926 4.3716 0
      vertex 2.81441 4.36252 0
    endloop
  endfacet
  facet normal 0 0 -1
    outer loop
      vertex 2.44795 5.20262 0
      vertex 2.81441 4.36252 0
      vertex 2.78952 4.3539 0
    endloop
  endfacet
  facet normal 0 0 -1
    outer loop
      vertex 3.2104 4.56621 0
      vertex 2.78595 5.3674 0
      vertex 2.82806 5.38837 0
    endloop
  endfacet
  facet normal 0 0 -1
    outer loop
      vertex 2.41864 5.18719 0
      vertex 2.78952 4.3539 0
      vertex 2.76459 4.34576 0
    endloop
  endfacet
  facet normal 0 0 -1
    outer loop
      vertex 3.2104 4.56621 0
      vertex 2.74364 5.34663 0
      vertex 2.78595 5.3674 0
    endloop
  endfacet
  facet normal 0 0 -1
    outer loop
      vertex 2.39021 5.17125 0
      vertex 2.76459 4.34576 0
      vertex 2.73961 4.33809 0
    endloop
  endfacet
  facet normal 0 0 -1
    outer loop
      vertex 2.39021 5.17125 0
      vertex 2.73961 4.33809 0
      vertex 2.71478 4.33118 0
    endloop
  endfacet
  facet normal 0 0 -1
    outer loop
      vertex 3.15837 4.53273 0
      vertex 2.7011 5.32608 0
      vertex 2.74364 5.34663 0
    endloop
  endfacet
  facet normal 0 0 -1
    outer loop
      vertex 2.36269 5.1548 0
      vertex 2.71478 4.33118 0
      vertex 2.69029 4.32533 0
    endloop
  endfacet
  facet normal 0 0 -1
    outer loop
      vertex 2.36269 5.1548 0
      vertex 2.69029 4.32533 0
      vertex 2.66614 4.32056 0
    endloop
  endfacet
  facet normal 0 0 -1
    outer loop
      vertex 3.09868 4.49657 0
      vertex 2.65834 5.30574 0
      vertex 2.7011 5.32608 0
    endloop
  endfacet
  facet normal 0 0 -1
    outer loop
      vertex 2.33606 5.13783 0
      vertex 2.66614 4.32056 0
      vertex 2.64232 4.31683 0
    endloop
  endfacet
  facet normal 0 0 -1
    outer loop
      vertex 3.05487 4.47127 0
      vertex 2.62804 5.2914 0
      vertex 2.65834 5.30574 0
    endloop
  endfacet
  facet normal 0 0 -1
    outer loop
      vertex 2.33606 5.13783 0
      vertex 2.64232 4.31683 0
      vertex 2.61885 4.31418 0
    endloop
  endfacet
  facet normal 0 0 -1
    outer loop
      vertex 3.03227 4.45892 0
      vertex 2.59781 5.27692 0
      vertex 2.62804 5.2914 0
    endloop
  endfacet
  facet normal 0 0 -1
    outer loop
      vertex 2.33606 5.13783 0
      vertex 2.61885 4.31418 0
      vertex 2.59572 4.31258 0
    endloop
  endfacet
  facet normal 0 0 -1
    outer loop
      vertex 2.33606 5.13783 0
      vertex 2.59572 4.31258 0
      vertex 2.57294 4.31204 0
    endloop
  endfacet
  facet normal 0 0 -1
    outer loop
      vertex 2.98593 4.4351 0
      vertex 2.56767 5.26231 0
      vertex 2.59781 5.27692 0
    endloop
  endfacet
  facet normal 0 0 -1
    outer loop
      vertex 2.31032 5.12036 0
      vertex 2.57294 4.31204 0
      vertex 2.54678 4.31252 0
    endloop
  endfacet
  facet normal 0 0 -1
    outer loop
      vertex 2.93806 4.41249 0
      vertex 2.53761 5.24759 0
      vertex 2.56767 5.26231 0
    endloop
  endfacet
  facet normal 0 0 -1
    outer loop
      vertex 2.31032 5.12036 0
      vertex 2.54678 4.31252 0
      vertex 2.52074 4.31392 0
    endloop
  endfacet
  facet normal 0 0 -1
    outer loop
      vertex 2.91356 4.40163 0
      vertex 2.50764 5.23273 0
      vertex 2.53761 5.24759 0
    endloop
  endfacet
  facet normal 0 0 -1
    outer loop
      vertex 2.28546 5.10237 0
      vertex 2.52074 4.31392 0
      vertex 2.49475 4.31625 0
    endloop
  endfacet
  facet normal 0 0 -1
    outer loop
      vertex 2.86406 4.38113 0
      vertex 2.47775 5.21774 0
      vertex 2.50764 5.23273 0
    endloop
  endfacet
  facet normal 0 0 -1
    outer loop
      vertex 2.28546 5.10237 0
      vertex 2.49475 4.31625 0
      vertex 2.46887 4.31953 0
    endloop
  endfacet
  facet normal 0 0 -1
    outer loop
      vertex 2.81441 4.36252 0
      vertex 2.44795 5.20262 0
      vertex 2.47775 5.21774 0
    endloop
  endfacet
  facet normal 0 0 -1
    outer loop
      vertex 2.26151 5.08389 0
      vertex 2.46887 4.31953 0
      vertex 2.44305 4.32375 0
    endloop
  endfacet
  facet normal 0 0 -1
    outer loop
      vertex 2.78952 4.3539 0
      vertex 2.41864 5.18719 0
      vertex 2.44795 5.20262 0
    endloop
  endfacet
  facet normal 0 0 -1
    outer loop
      vertex 2.23863 5.06476 0
      vertex 2.44305 4.32375 0
      vertex 2.41734 4.32889 0
    endloop
  endfacet
  facet normal 0 0 -1
    outer loop
      vertex 2.19672 5.0242 0
      vertex 2.41734 4.32889 0
      vertex 2.39171 4.33496 0
    endloop
  endfacet
  facet normal 0 0 -1
    outer loop
      vertex 2.76459 4.34576 0
      vertex 2.39021 5.17125 0
      vertex 2.41864 5.18719 0
    endloop
  endfacet
  facet normal 0 0 -1
    outer loop
      vertex 2.17766 5.00278 0
      vertex 2.39171 4.33496 0
      vertex 2.36652 4.34209 0
    endloop
  endfacet
  facet normal 0 0 -1
    outer loop
      vertex 2.71478 4.33118 0
      vertex 2.36269 5.1548 0
      vertex 2.39021 5.17125 0
    endloop
  endfacet
  facet normal 0 0 -1
    outer loop
      vertex 2.17766 5.00278 0
      vertex 2.36652 4.34209 0
      vertex 2.34213 4.35036 0
    endloop
  endfacet
  facet normal 0 0 -1
    outer loop
      vertex 2.66614 4.32056 0
      vertex 2.33606 5.13783 0
      vertex 2.36269 5.1548 0
    endloop
  endfacet
  facet normal 0 0 -1
    outer loop
      vertex 2.07802 4.70445 0
      vertex 2.34213 4.35036 0
      vertex 2.31856 4.35977 0
    endloop
  endfacet
  facet normal 0 0 -1
    outer loop
      vertex 2.57294 4.31204 0
      vertex 2.31032 5.12036 0
      vertex 2.33606 5.13783 0
    endloop
  endfacet
  facet normal 0 0 -1
    outer loop
      vertex 2.07802 4.70445 0
      vertex 2.31856 4.35977 0
      vertex 2.29579 4.37035 0
    endloop
  endfacet
  facet normal 0 0 -1
    outer loop
      vertex 2.52074 4.31392 0
      vertex 2.28546 5.10237 0
      vertex 2.31032 5.12036 0
    endloop
  endfacet
  facet normal 0 0 -1
    outer loop
      vertex 2.07802 4.70445 0
      vertex 2.29579 4.37035 0
      vertex 2.27383 4.38205 0
    endloop
  endfacet
  facet normal 0 0 -1
    outer loop
      vertex 2.46887 4.31953 0
      vertex 2.26151 5.08389 0
      vertex 2.28546 5.10237 0
    endloop
  endfacet
  facet normal 0 0 -1
    outer loop
      vertex 2.07802 4.70445 0
      vertex 2.27383 4.38205 0
      vertex 2.25269 4.39491 0
    endloop
  endfacet
  facet normal 0 0 -1
    outer loop
      vertex 2.44305 4.32375 0
      vertex 2.23863 5.06476 0
      vertex 2.26151 5.08389 0
    endloop
  endfacet
  facet normal 0 0 -1
    outer loop
      vertex 2.08064 4.67336 0
      vertex 2.25269 4.39491 0
      vertex 2.23235 4.40892 0
    endloop
  endfacet
  facet normal 0 0 -1
    outer loop
      vertex 2.41734 4.32889 0
      vertex 2.21703 5.04486 0
      vertex 2.23863 5.06476 0
    endloop
  endfacet
  facet normal 0 0 -1
    outer loop
      vertex 2.08064 4.67336 0
      vertex 2.23235 4.40892 0
      vertex 2.21295 4.4241 0
    endloop
  endfacet
  facet normal 0 0 -1
    outer loop
      vertex 2.41734 4.32889 0
      vertex 2.19672 5.0242 0
      vertex 2.21703 5.04486 0
    endloop
  endfacet
  facet normal 0 0 -1
    outer loop
      vertex 2.08064 4.67336 0
      vertex 2.21295 4.4241 0
      vertex 2.19469 4.44048 0
    endloop
  endfacet
  facet normal 0 0 -1
    outer loop
      vertex 2.39171 4.33496 0
      vertex 2.17766 5.00278 0
      vertex 2.19672 5.0242 0
    endloop
  endfacet
  facet normal 0 0 -1
    outer loop
      vertex 2.08064 4.67336 0
      vertex 2.19469 4.44048 0
      vertex 2.17751 4.45804 0
    endloop
  endfacet
  facet normal 0 0 -1
    outer loop
      vertex 2.08064 4.67336 0
      vertex 2.17751 4.45804 0
      vertex 2.16144 4.47678 0
    endloop
  endfacet
  facet normal 0 0 -1
    outer loop
      vertex 2.34213 4.35036 0
      vertex 2.1599 4.98058 0
      vertex 2.17766 5.00278 0
    endloop
  endfacet
  facet normal 0 0 -1
    outer loop
      vertex 2.08064 4.67336 0
      vertex 2.16144 4.47678 0
      vertex 2.14648 4.49672 0
    endloop
  endfacet
  facet normal 0 0 -1
    outer loop
      vertex 2.34213 4.35036 0
      vertex 2.07802 4.70445 0
      vertex 2.1599 4.98058 0
    endloop
  endfacet
  facet normal 0 0 -1
    outer loop
      vertex 2.08064 4.67336 0
      vertex 2.14648 4.49672 0
      vertex 2.13263 4.51785 0
    endloop
  endfacet
  facet normal 0 0 -1
    outer loop
      vertex 2.07715 4.73703 0
      vertex 2.1599 4.98058 0
      vertex 2.07802 4.70445 0
    endloop
  endfacet
  facet normal 0 0 -1
    outer loop
      vertex 2.08501 4.64374 0
      vertex 2.13263 4.51785 0
      vertex 2.11987 4.54016 0
    endloop
  endfacet
  facet normal 0 0 -1
    outer loop
      vertex 2.1599 4.98058 0
      vertex 2.07715 4.73703 0
      vertex 2.1434 4.95761 0
    endloop
  endfacet
  facet normal 0 0 -1
    outer loop
      vertex 2.08501 4.64374 0
      vertex 2.11987 4.54016 0
      vertex 2.10854 4.56383 0
    endloop
  endfacet
  facet normal 0 0 -1
    outer loop
      vertex 2.25269 4.39491 0
      vertex 2.08064 4.67336 0
      vertex 2.07802 4.70445 0
    endloop
  endfacet
  facet normal 0 0 -1
    outer loop
      vertex 2.08501 4.64374 0
      vertex 2.10854 4.56383 0
      vertex 2.09895 4.58897 0
    endloop
  endfacet
  facet normal 0 0 -1
    outer loop
      vertex 2.1434 4.95761 0
      vertex 2.07715 4.73703 0
      vertex 2.12819 4.93388 0
    endloop
  endfacet
  facet normal 0 0 -1
    outer loop
      vertex 2.08501 4.64374 0
      vertex 2.09895 4.58897 0
      vertex 2.09109 4.61562 0
    endloop
  endfacet
  facet normal 0 0 -1
    outer loop
      vertex 2.13263 4.51785 0
      vertex 2.08501 4.64374 0
      vertex 2.08064 4.67336 0
    endloop
  endfacet
  facet normal 0 0 -1
    outer loop
      vertex 2.12819 4.93388 0
      vertex 2.07715 4.73703 0
      vertex 2.11464 4.90921 0
    endloop
  endfacet
  facet normal 0 0 -1
    outer loop
      vertex 2.11464 4.90921 0
      vertex 2.07715 4.73703 0
      vertex 2.1032 4.88339 0
    endloop
  endfacet
  facet normal 0 0 -1
    outer loop
      vertex 2.1032 4.88339 0
      vertex 2.07715 4.73703 0
      vertex 2.09381 4.85641 0
    endloop
  endfacet
  facet normal 0 0 -1
    outer loop
      vertex 2.08653 4.82829 0
      vertex 2.0782 4.7686 0
      vertex 2.08131 4.79901 0
    endloop
  endfacet
  facet normal 0 0 -1
    outer loop
      vertex 2.09381 4.85641 0
      vertex 2.07715 4.73703 0
      vertex 2.08653 4.82829 0
    endloop
  endfacet
  facet normal 0 0 -1
    outer loop
      vertex 2.08653 4.82829 0
      vertex 2.07715 4.73703 0
      vertex 2.0782 4.7686 0
    endloop
  endfacet
  facet normal 0 0 -1
    outer loop
      vertex 7.5 -2.57501 0
      vertex 3.43423 4.05478 0
      vertex 3.49789 4.09332 0
    endloop
  endfacet
  facet normal 0 0 -1
    outer loop
      vertex 7.5 -2.57501 0
      vertex 3.37061 4.01892 0
      vertex 3.43423 4.05478 0
    endloop
  endfacet
  facet normal 0 0 -1
    outer loop
      vertex 7.5 -2.57501 0
      vertex 3.30702 3.98575 0
      vertex 3.37061 4.01892 0
    endloop
  endfacet
  facet normal 0 0 -1
    outer loop
      vertex 7.5 -2.57501 0
      vertex 3.2435 3.95525 0
      vertex 3.30702 3.98575 0
    endloop
  endfacet
  facet normal 0 0 -1
    outer loop
      vertex 7.5 -2.57501 0
      vertex 3.17999 3.92741 0
      vertex 3.2435 3.95525 0
    endloop
  endfacet
  facet normal 0 0 -1
    outer loop
      vertex 7.5 -2.57501 0
      vertex 3.11655 3.90228 0
      vertex 3.17999 3.92741 0
    endloop
  endfacet
  facet normal 0 0 -1
    outer loop
      vertex 7.5 -2.57501 0
      vertex 3.05315 3.87981 0
      vertex 3.11655 3.90228 0
    endloop
  endfacet
  facet normal 0 0 -1
    outer loop
      vertex 7.5 -2.57501 0
      vertex 2.98892 3.86018 0
      vertex 3.05315 3.87981 0
    endloop
  endfacet
  facet normal 0 0 -1
    outer loop
      vertex 7.5 -2.57501 0
      vertex 2.92303 3.84358 0
      vertex 2.98892 3.86018 0
    endloop
  endfacet
  facet normal 0 0 -1
    outer loop
      vertex 7.5 -2.57501 0
      vertex 2.8555 3.83 0
      vertex 2.92303 3.84358 0
    endloop
  endfacet
  facet normal 0 0 -1
    outer loop
      vertex 7.5 -2.57501 0
      vertex 2.78632 3.81944 0
      vertex 2.8555 3.83 0
    endloop
  endfacet
  facet normal 0 0 -1
    outer loop
      vertex 7.5 -2.57501 0
      vertex 2.71547 3.81189 0
      vertex 2.78632 3.81944 0
    endloop
  endfacet
  facet normal 0 0 -1
    outer loop
      vertex 7.5 -2.57501 0
      vertex 2.64296 3.80737 0
      vertex 2.71547 3.81189 0
    endloop
  endfacet
  facet normal 0 0 -1
    outer loop
      vertex 7.5 -2.57501 0
      vertex 2.56879 3.80586 0
      vertex 2.64296 3.80737 0
    endloop
  endfacet
  facet normal 0 0 -1
    outer loop
      vertex 7.5 -2.57501 0
      vertex 2.50359 3.80711 0
      vertex 2.56879 3.80586 0
    endloop
  endfacet
  facet normal 0 0 -1
    outer loop
      vertex 7.5 -2.57501 0
      vertex 2.43895 3.81087 0
      vertex 2.50359 3.80711 0
    endloop
  endfacet
  facet normal 0 0 -1
    outer loop
      vertex 7.5 -2.57501 0
      vertex 2.37485 3.81714 0
      vertex 2.43895 3.81087 0
    endloop
  endfacet
  facet normal 0 0 -1
    outer loop
      vertex 1.30992 3.84126 0
      vertex 2.37485 3.81714 0
      vertex 7.5 -2.57501 0
    endloop
  endfacet
  facet normal 0 0 -1
    outer loop
      vertex 2.37485 3.81714 0
      vertex 1.30992 3.84126 0
      vertex 2.31131 3.82591 0
    endloop
  endfacet
  facet normal 0 0 -1
    outer loop
      vertex 2.31131 3.82591 0
      vertex 1.30992 3.84126 0
      vertex 2.24832 3.8372 0
    endloop
  endfacet
  facet normal 0 0 -1
    outer loop
      vertex 2.24832 3.8372 0
      vertex 1.30992 3.84126 0
      vertex 2.1859 3.851 0
    endloop
  endfacet
  facet normal -0 0 -1
    outer loop
      vertex 2.1859 3.851 0
      vertex 1.30992 3.84126 0
      vertex 2.12401 3.86729 0
    endloop
  endfacet
  facet normal -0 0 -1
    outer loop
      vertex 2.12401 3.86729 0
      vertex 1.30992 3.84126 0
      vertex 2.06343 3.88606 0
    endloop
  endfacet
  facet normal -0 0 -1
    outer loop
      vertex 2.06343 3.88606 0
      vertex 1.30992 3.84126 0
      vertex 2.00488 3.90726 0
    endloop
  endfacet
  facet normal -0 0 -1
    outer loop
      vertex 2.00488 3.90726 0
      vertex 1.30992 3.84126 0
      vertex 1.94839 3.93088 0
    endloop
  endfacet
  facet normal -0 0 -1
    outer loop
      vertex 1.94839 3.93088 0
      vertex 1.30992 3.84126 0
      vertex 1.89394 3.95691 0
    endloop
  endfacet
  facet normal -0 0 -1
    outer loop
      vertex 1.89394 3.95691 0
      vertex 1.30992 3.84126 0
      vertex 1.84151 3.98538 0
    endloop
  endfacet
  facet normal -0 0 -1
    outer loop
      vertex 1.84151 3.98538 0
      vertex 1.30992 3.84126 0
      vertex 1.79114 4.01627 0
    endloop
  endfacet
  facet normal -0 0 -1
    outer loop
      vertex 1.79114 4.01627 0
      vertex 1.30992 3.84126 0
      vertex 1.7428 4.04958 0
    endloop
  endfacet
  facet normal -0 0 -1
    outer loop
      vertex 1.7428 4.04958 0
      vertex 1.30992 3.84126 0
      vertex 1.69682 4.08534 0
    endloop
  endfacet
  facet normal -0 0 -1
    outer loop
      vertex 1.69682 4.08534 0
      vertex 1.30992 3.84126 0
      vertex 1.65352 4.12357 0
    endloop
  endfacet
  facet normal -0 0 -1
    outer loop
      vertex 1.65352 4.12357 0
      vertex 1.30992 3.84126 0
      vertex 1.61288 4.16425 0
    endloop
  endfacet
  facet normal 0 0 -1
    outer loop
      vertex 0.480804 6.51607 0
      vertex 1.37923 4.70671 0
      vertex 1.30992 3.84126 0
    endloop
  endfacet
  facet normal -0 0 -1
    outer loop
      vertex 1.38536 4.64137 0
      vertex 1.30992 3.84126 0
      vertex 1.37923 4.70671 0
    endloop
  endfacet
  facet normal -0 0 -1
    outer loop
      vertex 1.39555 4.57849 0
      vertex 1.30992 3.84126 0
      vertex 1.38536 4.64137 0
    endloop
  endfacet
  facet normal -0 0 -1
    outer loop
      vertex 1.40984 4.51808 0
      vertex 1.30992 3.84126 0
      vertex 1.39555 4.57849 0
    endloop
  endfacet
  facet normal -0 0 -1
    outer loop
      vertex 1.42821 4.46014 0
      vertex 1.30992 3.84126 0
      vertex 1.40984 4.51808 0
    endloop
  endfacet
  facet normal -0 0 -1
    outer loop
      vertex 1.45065 4.40466 0
      vertex 1.30992 3.84126 0
      vertex 1.42821 4.46014 0
    endloop
  endfacet
  facet normal -0 0 -1
    outer loop
      vertex 1.47719 4.35165 0
      vertex 1.30992 3.84126 0
      vertex 1.45065 4.40466 0
    endloop
  endfacet
  facet normal -0 0 -1
    outer loop
      vertex 1.5071 4.3011 0
      vertex 1.30992 3.84126 0
      vertex 1.47719 4.35165 0
    endloop
  endfacet
  facet normal -0 0 -1
    outer loop
      vertex 1.53967 4.25302 0
      vertex 1.30992 3.84126 0
      vertex 1.5071 4.3011 0
    endloop
  endfacet
  facet normal -0 0 -1
    outer loop
      vertex 1.57495 4.2074 0
      vertex 1.30992 3.84126 0
      vertex 1.53967 4.25302 0
    endloop
  endfacet
  facet normal -0 0 -1
    outer loop
      vertex 1.61288 4.16425 0
      vertex 1.30992 3.84126 0
      vertex 1.57495 4.2074 0
    endloop
  endfacet
  facet normal 0 0 -1
    outer loop
      vertex 7.5 -2.57501 0
      vertex 0.628708 3.84126 0
      vertex 1.30992 3.84126 0
    endloop
  endfacet
  facet normal 0 0 -1
    outer loop
      vertex 0.628708 3.84126 0
      vertex -0.423294 4.73079 0
      vertex 0.393326 4.73079 0
    endloop
  endfacet
  facet normal 0 0 -1
    outer loop
      vertex -0.664948 3.84126 0
      vertex 0.628708 3.84126 0
      vertex 7.5 -2.57501 0
    endloop
  endfacet
  facet normal 0 0 -1
    outer loop
      vertex 0.628708 3.84126 0
      vertex -0.664948 3.84126 0
      vertex -0.423294 4.73079 0
    endloop
  endfacet
  facet normal 0 0 -1
    outer loop
      vertex -7.5 -2.57501 0
      vertex -0.664948 3.84126 0
      vertex 7.5 -2.57501 0
    endloop
  endfacet
  facet normal 0 0 -1
    outer loop
      vertex -1.37738 3.84126 0
      vertex -1.44858 4.05478 0
      vertex -1.38492 4.09332 0
    endloop
  endfacet
  facet normal 0 0 -1
    outer loop
      vertex -1.37738 3.84126 0
      vertex -1.51221 4.01892 0
      vertex -1.44858 4.05478 0
    endloop
  endfacet
  facet normal 0 0 -1
    outer loop
      vertex -1.37738 3.84126 0
      vertex -1.57578 3.98575 0
      vertex -1.51221 4.01892 0
    endloop
  endfacet
  facet normal 0 0 -1
    outer loop
      vertex -1.37738 3.84126 0
      vertex -1.63931 3.95525 0
      vertex -1.57578 3.98575 0
    endloop
  endfacet
  facet normal -0 0 -1
    outer loop
      vertex -0.664948 3.84126 0
      vertex -7.5 -2.57501 0
      vertex -1.37738 3.84126 0
    endloop
  endfacet
  facet normal 0 0 -1
    outer loop
      vertex -1.37738 3.84126 0
      vertex -1.7028 3.92741 0
      vertex -1.63931 3.95525 0
    endloop
  endfacet
  facet normal 0 0 -1
    outer loop
      vertex -1.37738 3.84126 0
      vertex -1.76625 3.90228 0
      vertex -1.7028 3.92741 0
    endloop
  endfacet
  facet normal 0 0 -1
    outer loop
      vertex -1.37738 3.84126 0
      vertex -1.82967 3.87981 0
      vertex -1.76625 3.90228 0
    endloop
  endfacet
  facet normal 0 0 -1
    outer loop
      vertex -1.37738 3.84126 0
      vertex -1.89389 3.86018 0
      vertex -1.82967 3.87981 0
    endloop
  endfacet
  facet normal 0 -0 -1
    outer loop
      vertex -2.0965 3.81944 0
      vertex -1.37738 3.84126 0
      vertex -7.5 -2.57501 0
    endloop
  endfacet
  facet normal 0 0 -1
    outer loop
      vertex -1.37738 3.84126 0
      vertex -1.95976 3.84358 0
      vertex -1.89389 3.86018 0
    endloop
  endfacet
  facet normal -0 0 -1
    outer loop
      vertex -1.37738 3.84126 0
      vertex -2.0273 3.83 0
      vertex -1.95976 3.84358 0
    endloop
  endfacet
  facet normal 0 0 -1
    outer loop
      vertex -1.37738 3.84126 0
      vertex -2.0965 3.81944 0
      vertex -2.0273 3.83 0
    endloop
  endfacet
  facet normal 0 0 -1
    outer loop
      vertex -2.0965 3.81944 0
      vertex -7.5 -2.57501 0
      vertex -2.16734 3.81189 0
    endloop
  endfacet
  facet normal 0 0 -1
    outer loop
      vertex -2.16734 3.81189 0
      vertex -7.5 -2.57501 0
      vertex -2.23985 3.80737 0
    endloop
  endfacet
  facet normal 0 0 -1
    outer loop
      vertex -2.23985 3.80737 0
      vertex -7.5 -2.57501 0
      vertex -2.31401 3.80586 0
    endloop
  endfacet
  facet normal -0 0 -1
    outer loop
      vertex -2.31401 3.80586 0
      vertex -7.5 -2.57501 0
      vertex -2.37921 3.80711 0
    endloop
  endfacet
  facet normal -0 0 -1
    outer loop
      vertex -2.37921 3.80711 0
      vertex -7.5 -2.57501 0
      vertex -2.44386 3.81087 0
    endloop
  endfacet
  facet normal -0 0 -1
    outer loop
      vertex -2.44386 3.81087 0
      vertex -7.5 -2.57501 0
      vertex -2.50795 3.81714 0
    endloop
  endfacet
  facet normal -0 0 -1
    outer loop
      vertex -2.50795 3.81714 0
      vertex -7.5 -2.57501 0
      vertex -2.57149 3.82591 0
    endloop
  endfacet
  facet normal -0 0 -1
    outer loop
      vertex -2.57149 3.82591 0
      vertex -7.5 -2.57501 0
      vertex -2.63448 3.8372 0
    endloop
  endfacet
  facet normal -0 0 -1
    outer loop
      vertex -2.63448 3.8372 0
      vertex -7.5 -2.57501 0
      vertex -2.69691 3.851 0
    endloop
  endfacet
  facet normal -0 0 -1
    outer loop
      vertex -2.69691 3.851 0
      vertex -7.5 -2.57501 0
      vertex -2.75879 3.86729 0
    endloop
  endfacet
  facet normal -0 0 -1
    outer loop
      vertex -2.75879 3.86729 0
      vertex -7.5 -2.57501 0
      vertex -2.81938 3.88606 0
    endloop
  endfacet
  facet normal -0 0 -1
    outer loop
      vertex -2.81938 3.88606 0
      vertex -7.5 -2.57501 0
      vertex -2.87791 3.90726 0
    endloop
  endfacet
  facet normal -0 0 -1
    outer loop
      vertex -2.87791 3.90726 0
      vertex -7.5 -2.57501 0
      vertex -2.93442 3.93088 0
    endloop
  endfacet
  facet normal -0 0 -1
    outer loop
      vertex -2.93442 3.93088 0
      vertex -7.5 -2.57501 0
      vertex -2.98888 3.95691 0
    endloop
  endfacet
  facet normal -0 0 -1
    outer loop
      vertex -2.98888 3.95691 0
      vertex -7.5 -2.57501 0
      vertex -3.04129 3.98538 0
    endloop
  endfacet
  facet normal 0 0 -1
    outer loop
      vertex -11.25 11.25 0
      vertex -3.50357 4.70671 0
      vertex -7.5 -2.57501 0
    endloop
  endfacet
  facet normal -0 0 -1
    outer loop
      vertex -3.49745 4.64137 0
      vertex -7.5 -2.57501 0
      vertex -3.50357 4.70671 0
    endloop
  endfacet
  facet normal -0 0 -1
    outer loop
      vertex -3.48724 4.57849 0
      vertex -7.5 -2.57501 0
      vertex -3.49745 4.64137 0
    endloop
  endfacet
  facet normal -0 0 -1
    outer loop
      vertex -3.47296 4.51808 0
      vertex -7.5 -2.57501 0
      vertex -3.48724 4.57849 0
    endloop
  endfacet
  facet normal -0 0 -1
    outer loop
      vertex -3.45461 4.46014 0
      vertex -7.5 -2.57501 0
      vertex -3.47296 4.51808 0
    endloop
  endfacet
  facet normal -0 0 -1
    outer loop
      vertex -3.43216 4.40466 0
      vertex -7.5 -2.57501 0
      vertex -3.45461 4.46014 0
    endloop
  endfacet
  facet normal -0 0 -1
    outer loop
      vertex -3.40562 4.35165 0
      vertex -7.5 -2.57501 0
      vertex -3.43216 4.40466 0
    endloop
  endfacet
  facet normal -0 0 -1
    outer loop
      vertex -3.37572 4.3011 0
      vertex -7.5 -2.57501 0
      vertex -3.40562 4.35165 0
    endloop
  endfacet
  facet normal -0 0 -1
    outer loop
      vertex -3.34312 4.25302 0
      vertex -7.5 -2.57501 0
      vertex -3.37572 4.3011 0
    endloop
  endfacet
  facet normal -0 0 -1
    outer loop
      vertex -3.30786 4.2074 0
      vertex -7.5 -2.57501 0
      vertex -3.34312 4.25302 0
    endloop
  endfacet
  facet normal -0 0 -1
    outer loop
      vertex -3.26991 4.16425 0
      vertex -7.5 -2.57501 0
      vertex -3.30786 4.2074 0
    endloop
  endfacet
  facet normal -0 0 -1
    outer loop
      vertex -3.22929 4.12357 0
      vertex -7.5 -2.57501 0
      vertex -3.26991 4.16425 0
    endloop
  endfacet
  facet normal -0 0 -1
    outer loop
      vertex -3.18599 4.08534 0
      vertex -7.5 -2.57501 0
      vertex -3.22929 4.12357 0
    endloop
  endfacet
  facet normal -0 0 -1
    outer loop
      vertex -3.14 4.04958 0
      vertex -7.5 -2.57501 0
      vertex -3.18599 4.08534 0
    endloop
  endfacet
  facet normal -0 0 -1
    outer loop
      vertex -3.09167 4.01627 0
      vertex -7.5 -2.57501 0
      vertex -3.14 4.04958 0
    endloop
  endfacet
  facet normal -0 0 -1
    outer loop
      vertex -3.04129 3.98538 0
      vertex -7.5 -2.57501 0
      vertex -3.09167 4.01627 0
    endloop
  endfacet
  facet normal 0 0 -1
    outer loop
      vertex 7.5 -2.57501 0
      vertex 11.25 -11.25 0
      vertex 7.5 -8.17499 0
    endloop
  endfacet
  facet normal 0 0 -1
    outer loop
      vertex 11.25 -11.25 0
      vertex -7.5 -8.17499 0
      vertex 7.5 -8.17499 0
    endloop
  endfacet
  facet normal -0 0 -1
    outer loop
      vertex -7.5 -8.17499 0
      vertex -11.25 -11.25 0
      vertex -7.5 -2.57501 0
    endloop
  endfacet
  facet normal 0 0 -1
    outer loop
      vertex -11.25 -11.25 0
      vertex -7.5 -8.17499 0
      vertex 11.25 -11.25 0
    endloop
  endfacet
  facet normal 0 0 -1
    outer loop
      vertex 11.25 -11.25 0
      vertex 7.5 -2.57501 0
      vertex 11.25 11.25 0
    endloop
  endfacet
  facet normal 0 0 -1
    outer loop
      vertex 3.49789 4.09332 0
      vertex 11.25 11.25 0
      vertex 7.5 -2.57501 0
    endloop
  endfacet
  facet normal 0 0 -1
    outer loop
      vertex 3.46503 6.03697 0
      vertex 11.25 11.25 0
      vertex 3.49789 4.09332 0
    endloop
  endfacet
  facet normal 0 0 -1
    outer loop
      vertex 3.46892 6.18568 0
      vertex 11.25 11.25 0
      vertex 3.47081 6.12653 0
    endloop
  endfacet
  facet normal 0 0 -1
    outer loop
      vertex 3.46324 6.24292 0
      vertex 11.25 11.25 0
      vertex 3.46892 6.18568 0
    endloop
  endfacet
  facet normal 0 0 -1
    outer loop
      vertex 3.45378 6.29825 0
      vertex 11.25 11.25 0
      vertex 3.46324 6.24292 0
    endloop
  endfacet
  facet normal 0 0 -1
    outer loop
      vertex 3.44054 6.35167 0
      vertex 11.25 11.25 0
      vertex 3.45378 6.29825 0
    endloop
  endfacet
  facet normal 0 0 -1
    outer loop
      vertex 3.42351 6.40317 0
      vertex 11.25 11.25 0
      vertex 3.44054 6.35167 0
    endloop
  endfacet
  facet normal 0 0 -1
    outer loop
      vertex 3.40269 6.45276 0
      vertex 11.25 11.25 0
      vertex 3.42351 6.40317 0
    endloop
  endfacet
  facet normal 0 0 -1
    outer loop
      vertex 3.3781 6.50044 0
      vertex 11.25 11.25 0
      vertex 3.40269 6.45276 0
    endloop
  endfacet
  facet normal 0 0 -1
    outer loop
      vertex 3.3504 6.5461 0
      vertex 11.25 11.25 0
      vertex 3.3781 6.50044 0
    endloop
  endfacet
  facet normal 0 0 -1
    outer loop
      vertex 3.32028 6.58963 0
      vertex 11.25 11.25 0
      vertex 3.3504 6.5461 0
    endloop
  endfacet
  facet normal 0 0 -1
    outer loop
      vertex 3.28773 6.63104 0
      vertex 11.25 11.25 0
      vertex 3.32028 6.58963 0
    endloop
  endfacet
  facet normal 0 0 -1
    outer loop
      vertex 3.25278 6.67033 0
      vertex 11.25 11.25 0
      vertex 3.28773 6.63104 0
    endloop
  endfacet
  facet normal 0 0 -1
    outer loop
      vertex 3.21538 6.70749 0
      vertex 11.25 11.25 0
      vertex 3.25278 6.67033 0
    endloop
  endfacet
  facet normal 0 0 -1
    outer loop
      vertex 3.17557 6.74252 0
      vertex 11.25 11.25 0
      vertex 3.21538 6.70749 0
    endloop
  endfacet
  facet normal 0 0 -1
    outer loop
      vertex 3.13333 6.77542 0
      vertex 11.25 11.25 0
      vertex 3.17557 6.74252 0
    endloop
  endfacet
  facet normal 0 0 -1
    outer loop
      vertex 3.08905 6.80615 0
      vertex 11.25 11.25 0
      vertex 3.13333 6.77542 0
    endloop
  endfacet
  facet normal 0 0 -1
    outer loop
      vertex 3.04312 6.83469 0
      vertex 11.25 11.25 0
      vertex 3.08905 6.80615 0
    endloop
  endfacet
  facet normal 0 0 -1
    outer loop
      vertex 2.99553 6.86099 0
      vertex 11.25 11.25 0
      vertex 3.04312 6.83469 0
    endloop
  endfacet
  facet normal 0 0 -1
    outer loop
      vertex 2.94627 6.8851 0
      vertex 11.25 11.25 0
      vertex 2.99553 6.86099 0
    endloop
  endfacet
  facet normal 0 0 -1
    outer loop
      vertex 2.89537 6.907 0
      vertex 11.25 11.25 0
      vertex 2.94627 6.8851 0
    endloop
  endfacet
  facet normal 0 0 -1
    outer loop
      vertex 2.8428 6.92667 0
      vertex 11.25 11.25 0
      vertex 2.89537 6.907 0
    endloop
  endfacet
  facet normal 0 0 -1
    outer loop
      vertex 2.78857 6.94414 0
      vertex 11.25 11.25 0
      vertex 2.8428 6.92667 0
    endloop
  endfacet
  facet normal 0 0 -1
    outer loop
      vertex 2.73337 6.95935 0
      vertex 11.25 11.25 0
      vertex 2.78857 6.94414 0
    endloop
  endfacet
  facet normal 0 0 -1
    outer loop
      vertex 2.67786 6.97221 0
      vertex 11.25 11.25 0
      vertex 2.73337 6.95935 0
    endloop
  endfacet
  facet normal 0 0 -1
    outer loop
      vertex 2.62206 6.98273 0
      vertex 11.25 11.25 0
      vertex 2.67786 6.97221 0
    endloop
  endfacet
  facet normal 0 0 -1
    outer loop
      vertex 2.56595 6.99092 0
      vertex 11.25 11.25 0
      vertex 2.62206 6.98273 0
    endloop
  endfacet
  facet normal 0 0 -1
    outer loop
      vertex 2.50955 6.99677 0
      vertex 11.25 11.25 0
      vertex 2.56595 6.99092 0
    endloop
  endfacet
  facet normal 0 0 -1
    outer loop
      vertex 2.45287 7.00027 0
      vertex 11.25 11.25 0
      vertex 2.50955 6.99677 0
    endloop
  endfacet
  facet normal 0 0 -1
    outer loop
      vertex 2.39587 7.00145 0
      vertex 11.25 11.25 0
      vertex 2.45287 7.00027 0
    endloop
  endfacet
  facet normal 0 0 -1
    outer loop
      vertex 2.32661 6.99986 0
      vertex 11.25 11.25 0
      vertex 2.39587 7.00145 0
    endloop
  endfacet
  facet normal 0 0 -1
    outer loop
      vertex 2.25813 6.99515 0
      vertex 11.25 11.25 0
      vertex 2.32661 6.99986 0
    endloop
  endfacet
  facet normal 0 0 -1
    outer loop
      vertex 0.407898 6.95354 0
      vertex 2.25813 6.99515 0
      vertex 2.19041 6.98729 0
    endloop
  endfacet
  facet normal 0 0 -1
    outer loop
      vertex 0.407898 6.95354 0
      vertex 2.19041 6.98729 0
      vertex 2.12346 6.97627 0
    endloop
  endfacet
  facet normal 0 0 -1
    outer loop
      vertex 0.407898 6.95354 0
      vertex 2.12346 6.97627 0
      vertex 2.05727 6.96213 0
    endloop
  endfacet
  facet normal 0 0 -1
    outer loop
      vertex 0.407898 6.95354 0
      vertex 2.05727 6.96213 0
      vertex 1.99184 6.94482 0
    endloop
  endfacet
  facet normal 0 0 -1
    outer loop
      vertex 0.407898 6.95354 0
      vertex 1.99184 6.94482 0
      vertex 1.92719 6.92438 0
    endloop
  endfacet
  facet normal 0 0 -1
    outer loop
      vertex 0.407898 6.95354 0
      vertex 1.92719 6.92438 0
      vertex 1.86276 6.90077 0
    endloop
  endfacet
  facet normal 0 0 -1
    outer loop
      vertex 0.407898 6.95354 0
      vertex 1.86276 6.90077 0
      vertex 1.7981 6.87404 0
    endloop
  endfacet
  facet normal 0 0 -1
    outer loop
      vertex 0.407898 6.95354 0
      vertex 1.7981 6.87404 0
      vertex 1.73318 6.84415 0
    endloop
  endfacet
  facet normal 0 0 -1
    outer loop
      vertex 0.480804 6.51607 0
      vertex 1.46674 5.14629 0
      vertex 1.452 5.11711 0
    endloop
  endfacet
  facet normal 0 0 -1
    outer loop
      vertex 0.480804 6.51607 0
      vertex 1.452 5.11711 0
      vertex 1.43842 5.0871 0
    endloop
  endfacet
  facet normal 0 0 -1
    outer loop
      vertex 0.480804 6.51607 0
      vertex 1.43842 5.0871 0
      vertex 1.42598 5.05623 0
    endloop
  endfacet
  facet normal 0 0 -1
    outer loop
      vertex 0.480804 6.51607 0
      vertex 1.42598 5.05623 0
      vertex 1.41469 5.02452 0
    endloop
  endfacet
  facet normal 0 0 -1
    outer loop
      vertex 0.480804 6.51607 0
      vertex 1.41469 5.02452 0
      vertex 1.40474 4.99187 0
    endloop
  endfacet
  facet normal 0 0 -1
    outer loop
      vertex 0.480804 6.51607 0
      vertex 1.40474 4.99187 0
      vertex 1.39633 4.95819 0
    endloop
  endfacet
  facet normal 0 0 -1
    outer loop
      vertex 0.480804 6.51607 0
      vertex 1.39633 4.95819 0
      vertex 1.38943 4.92349 0
    endloop
  endfacet
  facet normal 0 0 -1
    outer loop
      vertex 0.480804 6.51607 0
      vertex 1.38943 4.92349 0
      vertex 1.38408 4.88779 0
    endloop
  endfacet
  facet normal 0 0 -1
    outer loop
      vertex 0.480804 6.51607 0
      vertex 1.38408 4.88779 0
      vertex 1.38025 4.85106 0
    endloop
  endfacet
  facet normal 0 0 -1
    outer loop
      vertex 0.480804 6.51607 0
      vertex 1.38025 4.85106 0
      vertex 1.37796 4.81329 0
    endloop
  endfacet
  facet normal 0 0 -1
    outer loop
      vertex 1.37923 4.70671 0
      vertex 0.480804 6.51607 0
      vertex 1.3772 4.77452 0
    endloop
  endfacet
  facet normal 0 0 -1
    outer loop
      vertex 1.3772 4.77452 0
      vertex 0.480804 6.51607 0
      vertex 1.37796 4.81329 0
    endloop
  endfacet
  facet normal 0 0 -1
    outer loop
      vertex 1.78342 6.29524 0
      vertex 0.480804 6.51607 0
      vertex 1.47095 6.69313 0
    endloop
  endfacet
  facet normal 0 0 -1
    outer loop
      vertex 0.407898 6.95354 0
      vertex 1.47095 6.69313 0
      vertex 0.480804 6.51607 0
    endloop
  endfacet
  facet normal 0 0 -1
    outer loop
      vertex 1.47095 6.69313 0
      vertex 0.407898 6.95354 0
      vertex 1.53688 6.73561 0
    endloop
  endfacet
  facet normal 0 0 -1
    outer loop
      vertex 1.53688 6.73561 0
      vertex 0.407898 6.95354 0
      vertex 1.60257 6.77493 0
    endloop
  endfacet
  facet normal 0 0 -1
    outer loop
      vertex 1.60257 6.77493 0
      vertex 0.407898 6.95354 0
      vertex 1.668 6.81111 0
    endloop
  endfacet
  facet normal 0 0 -1
    outer loop
      vertex 1.668 6.81111 0
      vertex 0.407898 6.95354 0
      vertex 1.73318 6.84415 0
    endloop
  endfacet
  facet normal 0 0 -1
    outer loop
      vertex -0.379517 7.01813 0
      vertex 2.25813 6.99515 0
      vertex 0.407898 6.95354 0
    endloop
  endfacet
  facet normal 0 0 -1
    outer loop
      vertex 2.25813 6.99515 0
      vertex -0.379517 7.01813 0
      vertex 11.25 11.25 0
    endloop
  endfacet
  facet normal 0 0 -1
    outer loop
      vertex -1.38492 4.09332 0
      vertex -0.379517 7.01813 0
      vertex -1.37738 3.84126 0
    endloop
  endfacet
  facet normal 0 0 -1
    outer loop
      vertex -1.44814 5.9151 0
      vertex -0.379517 7.01813 0
      vertex -1.38492 4.09332 0
    endloop
  endfacet
  facet normal 0 0 -1
    outer loop
      vertex -1.41389 6.18568 0
      vertex -0.379517 7.01813 0
      vertex -1.412 6.12653 0
    endloop
  endfacet
  facet normal 0 0 -1
    outer loop
      vertex -1.41957 6.24292 0
      vertex -0.379517 7.01813 0
      vertex -1.41389 6.18568 0
    endloop
  endfacet
  facet normal 0 0 -1
    outer loop
      vertex -1.42903 6.29825 0
      vertex -0.379517 7.01813 0
      vertex -1.41957 6.24292 0
    endloop
  endfacet
  facet normal 0 0 -1
    outer loop
      vertex -1.44228 6.35167 0
      vertex -0.379517 7.01813 0
      vertex -1.42903 6.29825 0
    endloop
  endfacet
  facet normal 0 0 -1
    outer loop
      vertex -1.4593 6.40317 0
      vertex -0.379517 7.01813 0
      vertex -1.44228 6.35167 0
    endloop
  endfacet
  facet normal 0 0 -1
    outer loop
      vertex -1.4801 6.45276 0
      vertex -0.379517 7.01813 0
      vertex -1.4593 6.40317 0
    endloop
  endfacet
  facet normal 0 0 -1
    outer loop
      vertex -1.5047 6.50044 0
      vertex -0.379517 7.01813 0
      vertex -1.4801 6.45276 0
    endloop
  endfacet
  facet normal 0 0 -1
    outer loop
      vertex -1.53239 6.5461 0
      vertex -0.379517 7.01813 0
      vertex -1.5047 6.50044 0
    endloop
  endfacet
  facet normal 0 0 -1
    outer loop
      vertex -1.56252 6.58963 0
      vertex -0.379517 7.01813 0
      vertex -1.53239 6.5461 0
    endloop
  endfacet
  facet normal 0 0 -1
    outer loop
      vertex -1.59506 6.63104 0
      vertex -0.379517 7.01813 0
      vertex -1.56252 6.58963 0
    endloop
  endfacet
  facet normal 0 0 -1
    outer loop
      vertex -1.63004 6.67033 0
      vertex -0.379517 7.01813 0
      vertex -1.59506 6.63104 0
    endloop
  endfacet
  facet normal 0 0 -1
    outer loop
      vertex -1.66742 6.70749 0
      vertex -0.379517 7.01813 0
      vertex -1.63004 6.67033 0
    endloop
  endfacet
  facet normal 0 0 -1
    outer loop
      vertex -1.70723 6.74252 0
      vertex -0.379517 7.01813 0
      vertex -1.66742 6.70749 0
    endloop
  endfacet
  facet normal 0 0 -1
    outer loop
      vertex -1.74948 6.77542 0
      vertex -0.379517 7.01813 0
      vertex -1.70723 6.74252 0
    endloop
  endfacet
  facet normal 0 0 -1
    outer loop
      vertex -1.79375 6.80615 0
      vertex -0.379517 7.01813 0
      vertex -1.74948 6.77542 0
    endloop
  endfacet
  facet normal 0 0 -1
    outer loop
      vertex -1.83969 6.83469 0
      vertex -0.379517 7.01813 0
      vertex -1.79375 6.80615 0
    endloop
  endfacet
  facet normal 0 0 -1
    outer loop
      vertex -1.88728 6.86099 0
      vertex -0.379517 7.01813 0
      vertex -1.83969 6.83469 0
    endloop
  endfacet
  facet normal 0 0 -1
    outer loop
      vertex -1.93654 6.8851 0
      vertex -0.379517 7.01813 0
      vertex -1.88728 6.86099 0
    endloop
  endfacet
  facet normal 0 0 -1
    outer loop
      vertex -1.98744 6.907 0
      vertex -0.379517 7.01813 0
      vertex -1.93654 6.8851 0
    endloop
  endfacet
  facet normal 0 0 -1
    outer loop
      vertex -2.04001 6.92667 0
      vertex -0.379517 7.01813 0
      vertex -1.98744 6.907 0
    endloop
  endfacet
  facet normal 0 0 -1
    outer loop
      vertex -2.09424 6.94414 0
      vertex -0.379517 7.01813 0
      vertex -2.04001 6.92667 0
    endloop
  endfacet
  facet normal 0 0 -1
    outer loop
      vertex -2.14944 6.95935 0
      vertex -0.379517 7.01813 0
      vertex -2.09424 6.94414 0
    endloop
  endfacet
  facet normal 0 0 -1
    outer loop
      vertex -2.20496 6.97221 0
      vertex -0.379517 7.01813 0
      vertex -2.14944 6.95935 0
    endloop
  endfacet
  facet normal 0 0 -1
    outer loop
      vertex -2.26076 6.98273 0
      vertex -0.379517 7.01813 0
      vertex -2.20496 6.97221 0
    endloop
  endfacet
  facet normal 0 0 -1
    outer loop
      vertex -2.31685 6.99092 0
      vertex -0.379517 7.01813 0
      vertex -2.26076 6.98273 0
    endloop
  endfacet
  facet normal 0 0 -1
    outer loop
      vertex -2.37325 6.99677 0
      vertex -0.379517 7.01813 0
      vertex -2.31685 6.99092 0
    endloop
  endfacet
  facet normal -0 0 -1
    outer loop
      vertex -0.379517 7.01813 0
      vertex -2.37325 6.99677 0
      vertex -11.25 11.25 0
    endloop
  endfacet
  facet normal 0 0 -1
    outer loop
      vertex -11.25 11.25 0
      vertex -2.37325 6.99677 0
      vertex -2.42995 7.00027 0
    endloop
  endfacet
  facet normal 0 0 -1
    outer loop
      vertex -11.25 11.25 0
      vertex -2.42995 7.00027 0
      vertex -2.48694 7.00145 0
    endloop
  endfacet
  facet normal 0 0 -1
    outer loop
      vertex -11.25 11.25 0
      vertex -2.48694 7.00145 0
      vertex -2.55618 6.99986 0
    endloop
  endfacet
  facet normal 0 0 -1
    outer loop
      vertex -11.25 11.25 0
      vertex -2.55618 6.99986 0
      vertex -2.62468 6.99515 0
    endloop
  endfacet
  facet normal 0 0 -1
    outer loop
      vertex -11.25 11.25 0
      vertex -2.62468 6.99515 0
      vertex -2.6924 6.98729 0
    endloop
  endfacet
  facet normal 0 0 -1
    outer loop
      vertex -11.25 11.25 0
      vertex -2.6924 6.98729 0
      vertex -2.75935 6.97627 0
    endloop
  endfacet
  facet normal 0 0 -1
    outer loop
      vertex -11.25 11.25 0
      vertex -2.75935 6.97627 0
      vertex -2.82555 6.96213 0
    endloop
  endfacet
  facet normal 0 0 -1
    outer loop
      vertex -11.25 11.25 0
      vertex -2.82555 6.96213 0
      vertex -2.89096 6.94482 0
    endloop
  endfacet
  facet normal 0 0 -1
    outer loop
      vertex -3.4308 5.11711 0
      vertex -3.41187 6.69313 0
      vertex -3.41608 5.14629 0
    endloop
  endfacet
  facet normal 0 0 -1
    outer loop
      vertex -3.4444 5.0871 0
      vertex -3.41187 6.69313 0
      vertex -3.4308 5.11711 0
    endloop
  endfacet
  facet normal 0 0 -1
    outer loop
      vertex -3.45683 5.05623 0
      vertex -3.41187 6.69313 0
      vertex -3.4444 5.0871 0
    endloop
  endfacet
  facet normal 0 0 -1
    outer loop
      vertex -3.46811 5.02452 0
      vertex -3.41187 6.69313 0
      vertex -3.45683 5.05623 0
    endloop
  endfacet
  facet normal 0 0 -1
    outer loop
      vertex -3.47806 4.99187 0
      vertex -3.41187 6.69313 0
      vertex -3.46811 5.02452 0
    endloop
  endfacet
  facet normal 0 0 -1
    outer loop
      vertex -3.48648 4.95819 0
      vertex -3.41187 6.69313 0
      vertex -3.47806 4.99187 0
    endloop
  endfacet
  facet normal 0 0 -1
    outer loop
      vertex -3.49336 4.92349 0
      vertex -3.41187 6.69313 0
      vertex -3.48648 4.95819 0
    endloop
  endfacet
  facet normal 0 0 -1
    outer loop
      vertex -11.25 11.25 0
      vertex -3.49336 4.92349 0
      vertex -3.49873 4.88779 0
    endloop
  endfacet
  facet normal 0 0 -1
    outer loop
      vertex -11.25 11.25 0
      vertex -3.49873 4.88779 0
      vertex -3.50255 4.85106 0
    endloop
  endfacet
  facet normal 0 0 -1
    outer loop
      vertex -11.25 11.25 0
      vertex -3.50255 4.85106 0
      vertex -3.50485 4.81329 0
    endloop
  endfacet
  facet normal 0 0 -1
    outer loop
      vertex -3.50357 4.70671 0
      vertex -11.25 11.25 0
      vertex -3.50562 4.77452 0
    endloop
  endfacet
  facet normal 0 0 -1
    outer loop
      vertex -3.50562 4.77452 0
      vertex -11.25 11.25 0
      vertex -3.50485 4.81329 0
    endloop
  endfacet
  facet normal 0 0 -1
    outer loop
      vertex -0.379517 7.01813 0
      vertex -11.25 11.25 0
      vertex 11.25 11.25 0
    endloop
  endfacet
  facet normal 0 0 -1
    outer loop
      vertex -2.95563 6.92438 0
      vertex -11.25 11.25 0
      vertex -2.89096 6.94482 0
    endloop
  endfacet
  facet normal 0 0 -1
    outer loop
      vertex -3.02003 6.90077 0
      vertex -11.25 11.25 0
      vertex -2.95563 6.92438 0
    endloop
  endfacet
  facet normal 0 0 -1
    outer loop
      vertex -3.0847 6.87404 0
      vertex -11.25 11.25 0
      vertex -3.02003 6.90077 0
    endloop
  endfacet
  facet normal 0 0 -1
    outer loop
      vertex -3.14963 6.84415 0
      vertex -11.25 11.25 0
      vertex -3.0847 6.87404 0
    endloop
  endfacet
  facet normal 0 0 -1
    outer loop
      vertex -3.2148 6.81111 0
      vertex -11.25 11.25 0
      vertex -3.14963 6.84415 0
    endloop
  endfacet
  facet normal 0 0 -1
    outer loop
      vertex -3.28024 6.77493 0
      vertex -11.25 11.25 0
      vertex -3.2148 6.81111 0
    endloop
  endfacet
  facet normal 0 0 -1
    outer loop
      vertex -3.34592 6.73561 0
      vertex -11.25 11.25 0
      vertex -3.28024 6.77493 0
    endloop
  endfacet
  facet normal 0 0 -1
    outer loop
      vertex -3.41187 6.69313 0
      vertex -11.25 11.25 0
      vertex -3.34592 6.73561 0
    endloop
  endfacet
  facet normal 0 0 -1
    outer loop
      vertex -3.49336 4.92349 0
      vertex -11.25 11.25 0
      vertex -3.41187 6.69313 0
    endloop
  endfacet
  facet normal 0 0 -1
    outer loop
      vertex -11.25 11.25 0
      vertex -7.5 -2.57501 0
      vertex -11.25 -11.25 0
    endloop
  endfacet
  facet normal 0 0 -1
    outer loop
      vertex -2.7364 -6.00279 0
      vertex -3.59135 -5.43115 0
      vertex -2.7364 -5.43115 0
    endloop
  endfacet
  facet normal 0 0 -1
    outer loop
      vertex -3.76302 -6.22278 0
      vertex -2.7364 -6.00279 0
      vertex -2.72307 -6.22278 0
    endloop
  endfacet
  facet normal 0 0 -1
    outer loop
      vertex -3.94765 -5.24979 0
      vertex -3.59135 -5.07619 0
      vertex -3.59135 -5.43115 0
    endloop
  endfacet
  facet normal 0 0 -1
    outer loop
      vertex -3.94765 -5.24979 0
      vertex -3.59135 -5.43115 0
      vertex -3.94624 -5.32118 0
    endloop
  endfacet
  facet normal 0 0 -1
    outer loop
      vertex -3.94624 -5.32118 0
      vertex -3.59135 -5.43115 0
      vertex -3.76302 -6.22278 0
    endloop
  endfacet
  facet normal -0 0 -1
    outer loop
      vertex -2.7364 -6.00279 0
      vertex -3.76302 -6.22278 0
      vertex -3.59135 -5.43115 0
    endloop
  endfacet
  facet normal 0 0 -1
    outer loop
      vertex -2.7364 -5.07619 0
      vertex -3.59135 -5.07619 0
      vertex -2.7364 -4.71288 0
    endloop
  endfacet
  facet normal 0 0 -1
    outer loop
      vertex -3.70135 -4.48288 0
      vertex -2.7364 -4.71288 0
      vertex -3.59135 -5.07619 0
    endloop
  endfacet
  facet normal 0 0 -1
    outer loop
      vertex -2.7364 -4.71288 0
      vertex -3.70135 -4.48288 0
      vertex -2.7114 -4.48288 0
    endloop
  endfacet
  facet normal 0 0 -1
    outer loop
      vertex 3.28571 -6.00279 0
      vertex 2.43076 -5.43115 0
      vertex 3.28571 -5.43115 0
    endloop
  endfacet
  facet normal 0 0 -1
    outer loop
      vertex 2.25909 -6.22278 0
      vertex 3.28571 -6.00279 0
      vertex 3.29904 -6.22278 0
    endloop
  endfacet
  facet normal 0 0 -1
    outer loop
      vertex 1.94922 -4.49788 0
      vertex 2.43076 -5.07619 0
      vertex 2.43076 -5.43115 0
    endloop
  endfacet
  facet normal 0 0 -1
    outer loop
      vertex 2.43076 -5.07619 0
      vertex 1.94922 -4.49788 0
      vertex 2.32076 -4.48288 0
    endloop
  endfacet
  facet normal 0 0 -1
    outer loop
      vertex 1.94922 -4.49788 0
      vertex 2.43076 -5.43115 0
      vertex 2.25909 -6.22278 0
    endloop
  endfacet
  facet normal -0 0 -1
    outer loop
      vertex 3.28571 -6.00279 0
      vertex 2.25909 -6.22278 0
      vertex 2.43076 -5.43115 0
    endloop
  endfacet
  facet normal 0 0 -1
    outer loop
      vertex 3.28571 -5.07619 0
      vertex 2.43076 -5.07619 0
      vertex 3.28571 -4.71288 0
    endloop
  endfacet
  facet normal 0 0 -1
    outer loop
      vertex 2.32076 -4.48288 0
      vertex 3.28571 -4.71288 0
      vertex 2.43076 -5.07619 0
    endloop
  endfacet
  facet normal 0 0 -1
    outer loop
      vertex 3.28571 -4.71288 0
      vertex 2.32076 -4.48288 0
      vertex 3.31071 -4.48288 0
    endloop
  endfacet
  facet normal 0 0 -1
    outer loop
      vertex 3.87068 -4.49788 0
      vertex 4.13484 -5.68225 0
      vertex 3.87068 -6.21776 0
    endloop
  endfacet
  facet normal 0 0 -1
    outer loop
      vertex 4.13484 -5.68225 0
      vertex 3.87068 -4.49788 0
      vertex 3.929 -4.10292 0
    endloop
  endfacet
  facet normal 0 0 -1
    outer loop
      vertex 2.32076 -4.48288 0
      vertex 1.99921 -4.11293 0
      vertex 2.32076 -4.10292 0
    endloop
  endfacet
  facet normal 0 0 -1
    outer loop
      vertex 1.20593 -5.70946 0
      vertex 1.49759 -4.83788 0
      vertex 1.41258 -5.7728 0
    endloop
  endfacet
  facet normal -0 0 -1
    outer loop
      vertex 1.49759 -4.83788 0
      vertex 1.20593 -5.70946 0
      vertex 1.48758 -4.83621 0
    endloop
  endfacet
  facet normal 0 0 -1
    outer loop
      vertex 0.569305 -6.39775 0
      vertex 0.00102234 -5.68448 0
      vertex 0.207657 -5.63446 0
    endloop
  endfacet
  facet normal 0 0 -1
    outer loop
      vertex -0.0739746 -4.83621 0
      vertex 0.207657 -5.63446 0
      vertex 0.00102234 -5.68448 0
    endloop
  endfacet
  facet normal 0 0 -1
    outer loop
      vertex 0.207657 -5.63446 0
      vertex -0.0739746 -4.83621 0
      vertex -0.0656433 -4.83453 0
    endloop
  endfacet
  facet normal 0 0 -1
    outer loop
      vertex -0.550613 -6.60274 0
      vertex -2.15143 -4.49788 0
      vertex -0.550613 -4.0596 0
    endloop
  endfacet
  facet normal 0 0 -1
    outer loop
      vertex -0.550613 -4.0596 0
      vertex -2.15143 -4.49788 0
      vertex -2.09311 -4.10292 0
    endloop
  endfacet
  facet normal 0 0 -1
    outer loop
      vertex -5.59447 -4.65288 0
      vertex -4.52954 -5.31616 0
      vertex -4.52983 -5.34534 0
    endloop
  endfacet
  facet normal 0 0 -1
    outer loop
      vertex -5.59447 -4.65288 0
      vertex -4.52983 -5.34534 0
      vertex -4.5307 -5.37474 0
    endloop
  endfacet
  facet normal 0 0 -1
    outer loop
      vertex -5.59447 -4.65288 0
      vertex -4.5307 -5.37474 0
      vertex -4.53215 -5.40436 0
    endloop
  endfacet
  facet normal 0 0 -1
    outer loop
      vertex -4.52954 -5.31616 0
      vertex -5.59447 -4.65288 0
      vertex -4.53021 -5.26749 0
    endloop
  endfacet
  facet normal 0 0 -1
    outer loop
      vertex -5.61446 -6.05612 0
      vertex -4.53215 -5.40436 0
      vertex -4.53416 -5.43423 0
    endloop
  endfacet
  facet normal 0 0 -1
    outer loop
      vertex -4.53021 -5.26749 0
      vertex -5.59447 -4.65288 0
      vertex -4.5322 -5.21951 0
    endloop
  endfacet
  facet normal 0 0 -1
    outer loop
      vertex -5.61446 -6.05612 0
      vertex -4.53416 -5.43423 0
      vertex -4.53677 -5.46436 0
    endloop
  endfacet
  facet normal 0 0 -1
    outer loop
      vertex -5.61446 -6.05612 0
      vertex -4.53677 -5.46436 0
      vertex -4.53995 -5.49472 0
    endloop
  endfacet
  facet normal 0 0 -1
    outer loop
      vertex -4.5322 -5.21951 0
      vertex -5.59447 -4.65288 0
      vertex -4.53551 -5.17226 0
    endloop
  endfacet
  facet normal 0 0 -1
    outer loop
      vertex -5.61446 -6.05612 0
      vertex -4.53995 -5.49472 0
      vertex -4.5437 -5.52531 0
    endloop
  endfacet
  facet normal 0 0 -1
    outer loop
      vertex -4.53551 -5.17226 0
      vertex -5.59447 -4.65288 0
      vertex -4.54015 -5.1257 0
    endloop
  endfacet
  facet normal 0 0 -1
    outer loop
      vertex -5.61446 -6.05612 0
      vertex -4.5437 -5.52531 0
      vertex -4.54805 -5.55592 0
    endloop
  endfacet
  facet normal 0 0 -1
    outer loop
      vertex -5.58913 -6.07008 0
      vertex -4.54805 -5.55592 0
      vertex -4.55302 -5.58633 0
    endloop
  endfacet
  facet normal 0 -0 -1
    outer loop
      vertex -5.57866 -4.64247 0
      vertex -4.54015 -5.1257 0
      vertex -5.59447 -4.65288 0
    endloop
  endfacet
  facet normal 0 0 -1
    outer loop
      vertex -5.56453 -6.08339 0
      vertex -4.55302 -5.58633 0
      vertex -4.55859 -5.61653 0
    endloop
  endfacet
  facet normal 0 -0 -1
    outer loop
      vertex -5.56264 -4.6322 0
      vertex -4.54015 -5.1257 0
      vertex -5.57866 -4.64247 0
    endloop
  endfacet
  facet normal 0 0 -1
    outer loop
      vertex -5.54068 -6.09607 0
      vertex -4.55859 -5.61653 0
      vertex -4.56479 -5.64653 0
    endloop
  endfacet
  facet normal 0 0 -1
    outer loop
      vertex -5.54068 -6.09607 0
      vertex -4.56479 -5.64653 0
      vertex -4.57158 -5.67633 0
    endloop
  endfacet
  facet normal 0 0 -1
    outer loop
      vertex -4.54015 -5.1257 0
      vertex -5.56264 -4.6322 0
      vertex -4.54613 -5.07988 0
    endloop
  endfacet
  facet normal 0 0 -1
    outer loop
      vertex -5.51759 -6.10809 0
      vertex -4.57158 -5.67633 0
      vertex -4.57899 -5.70592 0
    endloop
  endfacet
  facet normal 0 -0 -1
    outer loop
      vertex -5.5464 -4.62207 0
      vertex -4.54613 -5.07988 0
      vertex -5.56264 -4.6322 0
    endloop
  endfacet
  facet normal 0 0 -1
    outer loop
      vertex -5.49524 -6.11946 0
      vertex -4.57899 -5.70592 0
      vertex -4.58702 -5.73531 0
    endloop
  endfacet
  facet normal 0 0 -1
    outer loop
      vertex -5.47365 -6.1302 0
      vertex -4.58702 -5.73531 0
      vertex -4.59569 -5.76434 0
    endloop
  endfacet
  facet normal 0 -0 -1
    outer loop
      vertex -5.52997 -4.61208 0
      vertex -4.54613 -5.07988 0
      vertex -5.5464 -4.62207 0
    endloop
  endfacet
  facet normal 0 0 -1
    outer loop
      vertex -5.4528 -6.14029 0
      vertex -4.59569 -5.76434 0
      vertex -4.60504 -5.79285 0
    endloop
  endfacet
  facet normal 0 0 -1
    outer loop
      vertex -4.54613 -5.07988 0
      vertex -5.52997 -4.61208 0
      vertex -4.55342 -5.03476 0
    endloop
  endfacet
  facet normal 0 0 -1
    outer loop
      vertex -5.43254 -6.14977 0
      vertex -4.60504 -5.79285 0
      vertex -4.61508 -5.82086 0
    endloop
  endfacet
  facet normal 0 0 -1
    outer loop
      vertex -5.41273 -6.15872 0
      vertex -4.61508 -5.82086 0
      vertex -4.62579 -5.84836 0
    endloop
  endfacet
  facet normal 0 -0 -1
    outer loop
      vertex -5.51334 -4.60222 0
      vertex -4.55342 -5.03476 0
      vertex -5.52997 -4.61208 0
    endloop
  endfacet
  facet normal 0 0 -1
    outer loop
      vertex -5.39336 -6.16711 0
      vertex -4.62579 -5.84836 0
      vertex -4.63719 -5.87534 0
    endloop
  endfacet
  facet normal 0 -0 -1
    outer loop
      vertex -5.49651 -4.59248 0
      vertex -4.55342 -5.03476 0
      vertex -5.51334 -4.60222 0
    endloop
  endfacet
  facet normal 0 0 -1
    outer loop
      vertex -5.37444 -6.17497 0
      vertex -4.63719 -5.87534 0
      vertex -4.64926 -5.90182 0
    endloop
  endfacet
  facet normal 0 0 -1
    outer loop
      vertex -5.35594 -6.18228 0
      vertex -4.64926 -5.90182 0
      vertex -4.66202 -5.9278 0
    endloop
  endfacet
  facet normal 0 -0 -1
    outer loop
      vertex -5.47946 -4.5829 0
      vertex -4.55342 -5.03476 0
      vertex -5.49651 -4.59248 0
    endloop
  endfacet
  facet normal 0 0 -1
    outer loop
      vertex -5.3203 -6.19527 0
      vertex -4.66202 -5.9278 0
      vertex -4.67546 -5.95306 0
    endloop
  endfacet
  facet normal 0 0 -1
    outer loop
      vertex -4.55342 -5.03476 0
      vertex -5.47946 -4.5829 0
      vertex -4.56204 -4.99037 0
    endloop
  endfacet
  facet normal 0 0 -1
    outer loop
      vertex -5.30304 -6.20099 0
      vertex -4.67546 -5.95306 0
      vertex -4.68958 -5.97745 0
    endloop
  endfacet
  facet normal 0 0 -1
    outer loop
      vertex -5.26923 -6.21098 0
      vertex -4.68958 -5.97745 0
      vertex -4.70438 -6.00095 0
    endloop
  endfacet
  facet normal 0 -0 -1
    outer loop
      vertex -5.46228 -4.57353 0
      vertex -4.56204 -4.99037 0
      vertex -5.47946 -4.5829 0
    endloop
  endfacet
  facet normal 0 0 -1
    outer loop
      vertex -5.25269 -6.21527 0
      vertex -4.70438 -6.00095 0
      vertex -4.71985 -6.02357 0
    endloop
  endfacet
  facet normal 0 -0 -1
    outer loop
      vertex -5.44499 -4.56453 0
      vertex -4.56204 -4.99037 0
      vertex -5.46228 -4.57353 0
    endloop
  endfacet
  facet normal 0 0 -1
    outer loop
      vertex -5.22031 -6.22241 0
      vertex -4.71985 -6.02357 0
      vertex -4.73601 -6.0453 0
    endloop
  endfacet
  facet normal 0 0 -1
    outer loop
      vertex -5.18872 -6.22771 0
      vertex -4.73601 -6.0453 0
      vertex -4.75284 -6.06615 0
    endloop
  endfacet
  facet normal 0 0 -1
    outer loop
      vertex -4.56204 -4.99037 0
      vertex -5.44499 -4.56453 0
      vertex -4.57208 -4.9471 0
    endloop
  endfacet
  facet normal 0 0 -1
    outer loop
      vertex -5.15703 -6.23145 0
      vertex -4.75284 -6.06615 0
      vertex -4.77036 -6.08612 0
    endloop
  endfacet
  facet normal 0 -0 -1
    outer loop
      vertex -5.4101 -4.54752 0
      vertex -4.57208 -4.9471 0
      vertex -5.4276 -4.55585 0
    endloop
  endfacet
  facet normal 0 0 -1
    outer loop
      vertex -5.14108 -6.23276 0
      vertex -4.77036 -6.08612 0
      vertex -4.78857 -6.10506 0
    endloop
  endfacet
  facet normal 0 0 -1
    outer loop
      vertex -5.12506 -6.23369 0
      vertex -4.78857 -6.10506 0
      vertex -4.8075 -6.12285 0
    endloop
  endfacet
  facet normal 0 -0 -1
    outer loop
      vertex -5.3925 -4.53954 0
      vertex -4.58366 -4.90541 0
      vertex -5.4101 -4.54752 0
    endloop
  endfacet
  facet normal 0 0 -1
    outer loop
      vertex -5.12506 -6.23369 0
      vertex -4.8075 -6.12285 0
      vertex -4.82713 -6.13948 0
    endloop
  endfacet
  facet normal 0 0 -1
    outer loop
      vertex -4.58366 -4.90541 0
      vertex -5.3748 -4.53188 0
      vertex -4.59677 -4.86528 0
    endloop
  endfacet
  facet normal 0 0 -1
    outer loop
      vertex -5.10898 -6.23425 0
      vertex -4.82713 -6.13948 0
      vertex -4.84749 -6.15495 0
    endloop
  endfacet
  facet normal 0 0 -1
    outer loop
      vertex -5.10898 -6.23425 0
      vertex -4.84749 -6.15495 0
      vertex -4.86856 -6.16928 0
    endloop
  endfacet
  facet normal 0 -0 -1
    outer loop
      vertex -5.35699 -4.52457 0
      vertex -4.59677 -4.86528 0
      vertex -5.3748 -4.53188 0
    endloop
  endfacet
  facet normal 0 0 -1
    outer loop
      vertex -5.10898 -6.23425 0
      vertex -4.86856 -6.16928 0
      vertex -4.89035 -6.18245 0
    endloop
  endfacet
  facet normal 0 0 -1
    outer loop
      vertex -4.59677 -4.86528 0
      vertex -5.33916 -4.51764 0
      vertex -4.61142 -4.82671 0
    endloop
  endfacet
  facet normal 0 0 -1
    outer loop
      vertex -5.10898 -6.23425 0
      vertex -4.89035 -6.18245 0
      vertex -4.91284 -6.19446 0
    endloop
  endfacet
  facet normal 0 0 -1
    outer loop
      vertex -5.10898 -6.23425 0
      vertex -4.91284 -6.19446 0
      vertex -4.93611 -6.20506 0
    endloop
  endfacet
  facet normal 0 -0 -1
    outer loop
      vertex -5.30357 -4.50497 0
      vertex -4.61142 -4.82671 0
      vertex -5.32135 -4.51109 0
    endloop
  endfacet
  facet normal 0 0 -1
    outer loop
      vertex -5.10898 -6.23425 0
      vertex -4.93611 -6.20506 0
      vertex -4.96019 -6.21404 0
    endloop
  endfacet
  facet normal 0 0 -1
    outer loop
      vertex -5.10898 -6.23425 0
      vertex -4.96019 -6.21404 0
      vertex -4.98508 -6.22139 0
    endloop
  endfacet
  facet normal 0 -0 -1
    outer loop
      vertex -5.28583 -4.49927 0
      vertex -4.62759 -4.7897 0
      vertex -5.30357 -4.50497 0
    endloop
  endfacet
  facet normal 0 0 -1
    outer loop
      vertex -5.10898 -6.23425 0
      vertex -4.98508 -6.22139 0
      vertex -5.01079 -6.2271 0
    endloop
  endfacet
  facet normal 0 -0 -1
    outer loop
      vertex -5.26813 -4.49396 0
      vertex -4.64529 -4.75426 0
      vertex -5.28583 -4.49927 0
    endloop
  endfacet
  facet normal 0 0 -1
    outer loop
      vertex -5.10898 -6.23425 0
      vertex -5.01079 -6.2271 0
      vertex -5.03732 -6.23117 0
    endloop
  endfacet
  facet normal 0 0 -1
    outer loop
      vertex -5.10898 -6.23425 0
      vertex -5.03732 -6.23117 0
      vertex -5.06467 -6.23363 0
    endloop
  endfacet
  facet normal 0 0 -1
    outer loop
      vertex -4.66452 -4.72038 0
      vertex -5.25046 -4.48906 0
      vertex -4.68535 -4.68828 0
    endloop
  endfacet
  facet normal 0 0 -1
    outer loop
      vertex -5.10898 -6.23425 0
      vertex -5.06467 -6.23363 0
      vertex -5.09282 -6.23444 0
    endloop
  endfacet
  facet normal 0 0 -1
    outer loop
      vertex -4.82713 -6.13948 0
      vertex -5.10898 -6.23425 0
      vertex -5.12506 -6.23369 0
    endloop
  endfacet
  facet normal 0 0 -1
    outer loop
      vertex -4.84534 -4.53705 0
      vertex -5.02789 -4.47508 0
      vertex -4.87798 -4.51915 0
    endloop
  endfacet
  facet normal 0 0 -1
    outer loop
      vertex -4.78857 -6.10506 0
      vertex -5.12506 -6.23369 0
      vertex -5.14108 -6.23276 0
    endloop
  endfacet
  facet normal 0 0 -1
    outer loop
      vertex -4.87798 -4.51915 0
      vertex -5.02789 -4.47508 0
      vertex -4.91255 -4.504 0
    endloop
  endfacet
  facet normal 0 0 -1
    outer loop
      vertex -4.77036 -6.08612 0
      vertex -5.14108 -6.23276 0
      vertex -5.15703 -6.23145 0
    endloop
  endfacet
  facet normal 0 0 -1
    outer loop
      vertex -4.91255 -4.504 0
      vertex -4.9875 -4.48196 0
      vertex -4.94905 -4.49161 0
    endloop
  endfacet
  facet normal 0 0 -1
    outer loop
      vertex -4.75284 -6.06615 0
      vertex -5.15703 -6.23145 0
      vertex -5.17291 -6.22977 0
    endloop
  endfacet
  facet normal 0 0 -1
    outer loop
      vertex -4.91255 -4.504 0
      vertex -5.02789 -4.47508 0
      vertex -4.9875 -4.48196 0
    endloop
  endfacet
  facet normal 0 0 -1
    outer loop
      vertex -4.75284 -6.06615 0
      vertex -5.17291 -6.22977 0
      vertex -5.18872 -6.22771 0
    endloop
  endfacet
  facet normal 0 0 -1
    outer loop
      vertex -4.78534 -4.57956 0
      vertex -5.02789 -4.47508 0
      vertex -4.81451 -4.55733 0
    endloop
  endfacet
  facet normal 0 0 -1
    outer loop
      vertex -4.73601 -6.0453 0
      vertex -5.18872 -6.22771 0
      vertex -5.20447 -6.22527 0
    endloop
  endfacet
  facet normal 0 0 -1
    outer loop
      vertex -5.13078 -4.46988 0
      vertex -5.25046 -4.48906 0
      vertex -5.14728 -4.47079 0
    endloop
  endfacet
  facet normal 0 0 -1
    outer loop
      vertex -4.73601 -6.0453 0
      vertex -5.20447 -6.22527 0
      vertex -5.22031 -6.22241 0
    endloop
  endfacet
  facet normal 0 0 -1
    outer loop
      vertex -5.18088 -4.47446 0
      vertex -5.25046 -4.48906 0
      vertex -5.19798 -4.47722 0
    endloop
  endfacet
  facet normal 0 0 -1
    outer loop
      vertex -4.71985 -6.02357 0
      vertex -5.22031 -6.22241 0
      vertex -5.23637 -6.21909 0
    endloop
  endfacet
  facet normal 0 0 -1
    outer loop
      vertex -5.19798 -4.47722 0
      vertex -5.23282 -4.48456 0
      vertex -5.2153 -4.48059 0
    endloop
  endfacet
  facet normal 0 0 -1
    outer loop
      vertex -4.71985 -6.02357 0
      vertex -5.23637 -6.21909 0
      vertex -5.25269 -6.21527 0
    endloop
  endfacet
  facet normal 0 0 -1
    outer loop
      vertex -5.19798 -4.47722 0
      vertex -5.25046 -4.48906 0
      vertex -5.23282 -4.48456 0
    endloop
  endfacet
  facet normal 0 0 -1
    outer loop
      vertex -4.70438 -6.00095 0
      vertex -5.25269 -6.21527 0
      vertex -5.26923 -6.21098 0
    endloop
  endfacet
  facet normal 0 0 -1
    outer loop
      vertex -5.16399 -4.47232 0
      vertex -5.25046 -4.48906 0
      vertex -5.18088 -4.47446 0
    endloop
  endfacet
  facet normal 0 0 -1
    outer loop
      vertex -4.68958 -5.97745 0
      vertex -5.26923 -6.21098 0
      vertex -5.28601 -6.20622 0
    endloop
  endfacet
  facet normal 0 0 -1
    outer loop
      vertex -5.14728 -4.47079 0
      vertex -5.25046 -4.48906 0
      vertex -5.16399 -4.47232 0
    endloop
  endfacet
  facet normal 0 0 -1
    outer loop
      vertex -4.68958 -5.97745 0
      vertex -5.28601 -6.20622 0
      vertex -5.30304 -6.20099 0
    endloop
  endfacet
  facet normal 0 0 -1
    outer loop
      vertex -4.67546 -5.95306 0
      vertex -5.30304 -6.20099 0
      vertex -5.3203 -6.19527 0
    endloop
  endfacet
  facet normal 0 0 -1
    outer loop
      vertex -5.1145 -4.46956 0
      vertex -5.25046 -4.48906 0
      vertex -5.13078 -4.46988 0
    endloop
  endfacet
  facet normal 0 0 -1
    outer loop
      vertex -4.66202 -5.9278 0
      vertex -5.3203 -6.19527 0
      vertex -5.33789 -6.18904 0
    endloop
  endfacet
  facet normal -0 0 -1
    outer loop
      vertex -5.07022 -4.47095 0
      vertex -5.25046 -4.48906 0
      vertex -5.1145 -4.46956 0
    endloop
  endfacet
  facet normal 0 0 -1
    outer loop
      vertex -4.66202 -5.9278 0
      vertex -5.33789 -6.18904 0
      vertex -5.35594 -6.18228 0
    endloop
  endfacet
  facet normal 0 0 -1
    outer loop
      vertex -4.81451 -4.55733 0
      vertex -5.02789 -4.47508 0
      vertex -4.84534 -4.53705 0
    endloop
  endfacet
  facet normal 0 0 -1
    outer loop
      vertex -4.64926 -5.90182 0
      vertex -5.35594 -6.18228 0
      vertex -5.37444 -6.17497 0
    endloop
  endfacet
  facet normal 0 0 -1
    outer loop
      vertex -4.75784 -4.60379 0
      vertex -5.02789 -4.47508 0
      vertex -4.78534 -4.57956 0
    endloop
  endfacet
  facet normal 0 0 -1
    outer loop
      vertex -4.63719 -5.87534 0
      vertex -5.37444 -6.17497 0
      vertex -5.39336 -6.16711 0
    endloop
  endfacet
  facet normal -0 -0 -1
    outer loop
      vertex -5.02789 -4.47508 0
      vertex -4.75784 -4.60379 0
      vertex -5.07022 -4.47095 0
    endloop
  endfacet
  facet normal 0 0 -1
    outer loop
      vertex -4.73203 -4.62997 0
      vertex -5.07022 -4.47095 0
      vertex -4.75784 -4.60379 0
    endloop
  endfacet
  facet normal 0 0 -1
    outer loop
      vertex -4.62579 -5.84836 0
      vertex -5.39336 -6.16711 0
      vertex -5.41273 -6.15872 0
    endloop
  endfacet
  facet normal 0 0 -1
    outer loop
      vertex -4.70786 -4.65814 0
      vertex -5.07022 -4.47095 0
      vertex -4.73203 -4.62997 0
    endloop
  endfacet
  facet normal 0 0 -1
    outer loop
      vertex -4.61508 -5.82086 0
      vertex -5.41273 -6.15872 0
      vertex -5.43254 -6.14977 0
    endloop
  endfacet
  facet normal 0 0 -1
    outer loop
      vertex -4.68535 -4.68828 0
      vertex -5.07022 -4.47095 0
      vertex -4.70786 -4.65814 0
    endloop
  endfacet
  facet normal 0 0 -1
    outer loop
      vertex -4.60504 -5.79285 0
      vertex -5.43254 -6.14977 0
      vertex -5.4528 -6.14029 0
    endloop
  endfacet
  facet normal 0 -0 -1
    outer loop
      vertex -5.07022 -4.47095 0
      vertex -4.68535 -4.68828 0
      vertex -5.25046 -4.48906 0
    endloop
  endfacet
  facet normal 0 0 -1
    outer loop
      vertex -4.59569 -5.76434 0
      vertex -5.4528 -6.14029 0
      vertex -5.47365 -6.1302 0
    endloop
  endfacet
  facet normal 0 0 -1
    outer loop
      vertex -4.64529 -4.75426 0
      vertex -5.25046 -4.48906 0
      vertex -4.66452 -4.72038 0
    endloop
  endfacet
  facet normal 0 0 -1
    outer loop
      vertex -4.58702 -5.73531 0
      vertex -5.47365 -6.1302 0
      vertex -5.49524 -6.11946 0
    endloop
  endfacet
  facet normal 0 -0 -1
    outer loop
      vertex -5.25046 -4.48906 0
      vertex -4.64529 -4.75426 0
      vertex -5.26813 -4.49396 0
    endloop
  endfacet
  facet normal 0 0 -1
    outer loop
      vertex -4.57899 -5.70592 0
      vertex -5.49524 -6.11946 0
      vertex -5.51759 -6.10809 0
    endloop
  endfacet
  facet normal 0 0 -1
    outer loop
      vertex -4.62759 -4.7897 0
      vertex -5.28583 -4.49927 0
      vertex -4.64529 -4.75426 0
    endloop
  endfacet
  facet normal 0 0 -1
    outer loop
      vertex -4.61142 -4.82671 0
      vertex -5.30357 -4.50497 0
      vertex -4.62759 -4.7897 0
    endloop
  endfacet
  facet normal 0 0 -1
    outer loop
      vertex -4.57158 -5.67633 0
      vertex -5.51759 -6.10809 0
      vertex -5.54068 -6.09607 0
    endloop
  endfacet
  facet normal 0 -0 -1
    outer loop
      vertex -5.32135 -4.51109 0
      vertex -4.61142 -4.82671 0
      vertex -5.33916 -4.51764 0
    endloop
  endfacet
  facet normal 0 0 -1
    outer loop
      vertex -4.55859 -5.61653 0
      vertex -5.54068 -6.09607 0
      vertex -5.56453 -6.08339 0
    endloop
  endfacet
  facet normal 0 -0 -1
    outer loop
      vertex -5.33916 -4.51764 0
      vertex -4.59677 -4.86528 0
      vertex -5.35699 -4.52457 0
    endloop
  endfacet
  facet normal 0 -0 -1
    outer loop
      vertex -5.3748 -4.53188 0
      vertex -4.58366 -4.90541 0
      vertex -5.3925 -4.53954 0
    endloop
  endfacet
  facet normal 0 0 -1
    outer loop
      vertex -4.55302 -5.58633 0
      vertex -5.56453 -6.08339 0
      vertex -5.58913 -6.07008 0
    endloop
  endfacet
  facet normal 0 0 -1
    outer loop
      vertex -4.57208 -4.9471 0
      vertex -5.4101 -4.54752 0
      vertex -4.58366 -4.90541 0
    endloop
  endfacet
  facet normal 0 0 -1
    outer loop
      vertex -4.54805 -5.55592 0
      vertex -5.58913 -6.07008 0
      vertex -5.61446 -6.05612 0
    endloop
  endfacet
  facet normal 0 -0 -1
    outer loop
      vertex -5.4276 -4.55585 0
      vertex -4.57208 -4.9471 0
      vertex -5.44499 -4.56453 0
    endloop
  endfacet
  facet normal -0 0 -1
    outer loop
      vertex -4.53215 -5.40436 0
      vertex -5.61446 -6.05612 0
      vertex -5.59447 -4.65288 0
    endloop
  endfacet
  facet normal 0 0 -1
    outer loop
      vertex -5.84113 -4.36292 0
      vertex -5.61446 -6.05612 0
      vertex -5.81277 -6.38107 0
    endloop
  endfacet
  facet normal 0 0 -1
    outer loop
      vertex -5.61446 -6.05612 0
      vertex -5.84113 -4.36292 0
      vertex -5.59447 -4.65288 0
    endloop
  endfacet
  facet normal 0 0 -1
    outer loop
      vertex 5.15961 -4.87657 0
      vertex 5.21107 -4.72787 0
      vertex 5.21042 -4.74706 0
    endloop
  endfacet
  facet normal -0 0 -1
    outer loop
      vertex 5.21107 -4.72787 0
      vertex 5.15961 -4.87657 0
      vertex 5.21051 -4.70738 0
    endloop
  endfacet
  facet normal 0 0 -1
    outer loop
      vertex 5.16994 -4.86243 0
      vertex 5.21042 -4.74706 0
      vertex 5.20848 -4.76556 0
    endloop
  endfacet
  facet normal 0 0 -1
    outer loop
      vertex 5.15961 -4.87657 0
      vertex 5.21042 -4.74706 0
      vertex 5.16994 -4.86243 0
    endloop
  endfacet
  facet normal 0 0 -1
    outer loop
      vertex 5.16994 -4.86243 0
      vertex 5.20848 -4.76556 0
      vertex 5.20525 -4.78339 0
    endloop
  endfacet
  facet normal 0 0 -1
    outer loop
      vertex 5.05531 -4.49228 0
      vertex 5.21051 -4.70738 0
      vertex 5.15961 -4.87657 0
    endloop
  endfacet
  facet normal 0 0 -1
    outer loop
      vertex 5.16994 -4.86243 0
      vertex 5.20525 -4.78339 0
      vertex 5.20073 -4.80052 0
    endloop
  endfacet
  facet normal 0 0 -1
    outer loop
      vertex 5.21051 -4.70738 0
      vertex 5.07007 -4.4987 0
      vertex 5.20882 -4.68782 0
    endloop
  endfacet
  facet normal 0 0 -1
    outer loop
      vertex 5.17941 -4.84789 0
      vertex 5.20073 -4.80052 0
      vertex 5.19492 -4.81699 0
    endloop
  endfacet
  facet normal 0 0 -1
    outer loop
      vertex 5.16994 -4.86243 0
      vertex 5.20073 -4.80052 0
      vertex 5.17941 -4.84789 0
    endloop
  endfacet
  facet normal 0 0 -1
    outer loop
      vertex 5.17941 -4.84789 0
      vertex 5.19492 -4.81699 0
      vertex 5.18781 -4.83278 0
    endloop
  endfacet
  facet normal -0 -0 -1
    outer loop
      vertex 5.08429 -4.50581 0
      vertex 5.20882 -4.68782 0
      vertex 5.07007 -4.4987 0
    endloop
  endfacet
  facet normal 0 0 -1
    outer loop
      vertex 5.20209 -4.65143 0
      vertex 5.16643 -4.57631 0
      vertex 5.19704 -4.63461 0
    endloop
  endfacet
  facet normal 0 0 -1
    outer loop
      vertex 5.19704 -4.63461 0
      vertex 5.18356 -4.60373 0
      vertex 5.19086 -4.61871 0
    endloop
  endfacet
  facet normal 0 0 -1
    outer loop
      vertex 5.19704 -4.63461 0
      vertex 5.17535 -4.58961 0
      vertex 5.18356 -4.60373 0
    endloop
  endfacet
  facet normal 0 0 -1
    outer loop
      vertex 5.19704 -4.63461 0
      vertex 5.16643 -4.57631 0
      vertex 5.17535 -4.58961 0
    endloop
  endfacet
  facet normal -0 -0 -1
    outer loop
      vertex 5.09796 -4.51361 0
      vertex 5.20601 -4.66916 0
      vertex 5.08429 -4.50581 0
    endloop
  endfacet
  facet normal 0 0 -1
    outer loop
      vertex 5.20209 -4.65143 0
      vertex 5.15678 -4.56383 0
      vertex 5.16643 -4.57631 0
    endloop
  endfacet
  facet normal 0 0 -1
    outer loop
      vertex 5.05531 -4.49228 0
      vertex 5.15961 -4.87657 0
      vertex 5.14844 -4.89032 0
    endloop
  endfacet
  facet normal 0 0 -1
    outer loop
      vertex 5.20209 -4.65143 0
      vertex 5.14642 -4.55217 0
      vertex 5.15678 -4.56383 0
    endloop
  endfacet
  facet normal 0 0 -1
    outer loop
      vertex 5.04001 -4.48653 0
      vertex 5.14844 -4.89032 0
      vertex 5.13641 -4.90364 0
    endloop
  endfacet
  facet normal 0 0 -1
    outer loop
      vertex 5.20209 -4.65143 0
      vertex 5.13536 -4.54132 0
      vertex 5.14642 -4.55217 0
    endloop
  endfacet
  facet normal 0 0 -1
    outer loop
      vertex 5.20209 -4.65143 0
      vertex 5.12358 -4.5313 0
      vertex 5.13536 -4.54132 0
    endloop
  endfacet
  facet normal 0 0 -1
    outer loop
      vertex 5.02415 -4.48146 0
      vertex 5.13641 -4.90364 0
      vertex 5.12354 -4.91656 0
    endloop
  endfacet
  facet normal 0 0 -1
    outer loop
      vertex 5.20209 -4.65143 0
      vertex 5.11108 -4.52208 0
      vertex 5.12358 -4.5313 0
    endloop
  endfacet
  facet normal 0 0 -1
    outer loop
      vertex 5.00777 -4.47708 0
      vertex 5.12354 -4.91656 0
      vertex 5.10982 -4.92908 0
    endloop
  endfacet
  facet normal 0 0 -1
    outer loop
      vertex 5.20209 -4.65143 0
      vertex 5.09796 -4.51361 0
      vertex 5.11108 -4.52208 0
    endloop
  endfacet
  facet normal 0 0 -1
    outer loop
      vertex 4.99103 -4.47331 0
      vertex 5.10982 -4.92908 0
      vertex 5.09525 -4.94119 0
    endloop
  endfacet
  facet normal 0 0 -1
    outer loop
      vertex 5.20601 -4.66916 0
      vertex 5.09796 -4.51361 0
      vertex 5.20209 -4.65143 0
    endloop
  endfacet
  facet normal 0 0 -1
    outer loop
      vertex 4.97415 -4.47012 0
      vertex 5.09525 -4.94119 0
      vertex 5.07991 -4.95294 0
    endloop
  endfacet
  facet normal 0 0 -1
    outer loop
      vertex 5.20882 -4.68782 0
      vertex 5.08429 -4.50581 0
      vertex 5.20601 -4.66916 0
    endloop
  endfacet
  facet normal 0 0 -1
    outer loop
      vertex 4.94 -4.4655 0
      vertex 5.07991 -4.95294 0
      vertex 5.06395 -4.96439 0
    endloop
  endfacet
  facet normal 0 0 -1
    outer loop
      vertex 5.21051 -4.70738 0
      vertex 5.05531 -4.49228 0
      vertex 5.07007 -4.4987 0
    endloop
  endfacet
  facet normal 0 0 -1
    outer loop
      vertex 4.92271 -4.46405 0
      vertex 5.06395 -4.96439 0
      vertex 5.04733 -4.97552 0
    endloop
  endfacet
  facet normal 0 0 -1
    outer loop
      vertex 5.14844 -4.89032 0
      vertex 5.04001 -4.48653 0
      vertex 5.05531 -4.49228 0
    endloop
  endfacet
  facet normal 0 0 -1
    outer loop
      vertex 4.90529 -4.46318 0
      vertex 5.04733 -4.97552 0
      vertex 5.03006 -4.98636 0
    endloop
  endfacet
  facet normal 0 0 -1
    outer loop
      vertex 5.13641 -4.90364 0
      vertex 5.02415 -4.48146 0
      vertex 5.04001 -4.48653 0
    endloop
  endfacet
  facet normal 0 0 -1
    outer loop
      vertex 4.86101 -4.46378 0
      vertex 5.03006 -4.98636 0
      vertex 5.01216 -4.99689 0
    endloop
  endfacet
  facet normal 0 0 -1
    outer loop
      vertex 5.12354 -4.91656 0
      vertex 5.00777 -4.47708 0
      vertex 5.02415 -4.48146 0
    endloop
  endfacet
  facet normal 0 0 -1
    outer loop
      vertex 4.82066 -4.46843 0
      vertex 5.01216 -4.99689 0
      vertex 4.99361 -5.00711 0
    endloop
  endfacet
  facet normal 0 0 -1
    outer loop
      vertex 5.10982 -4.92908 0
      vertex 4.99103 -4.47331 0
      vertex 5.00777 -4.47708 0
    endloop
  endfacet
  facet normal 0 0 -1
    outer loop
      vertex 4.77989 -4.47707 0
      vertex 4.99361 -5.00711 0
      vertex 4.97441 -5.01703 0
    endloop
  endfacet
  facet normal 0 0 -1
    outer loop
      vertex 5.09525 -4.94119 0
      vertex 4.97415 -4.47012 0
      vertex 4.99103 -4.47331 0
    endloop
  endfacet
  facet normal 0 0 -1
    outer loop
      vertex 5.07991 -4.95294 0
      vertex 4.95714 -4.46753 0
      vertex 4.97415 -4.47012 0
    endloop
  endfacet
  facet normal 0 0 -1
    outer loop
      vertex 4.7518 -4.48517 0
      vertex 4.97441 -5.01703 0
      vertex 4.95477 -5.02676 0
    endloop
  endfacet
  facet normal 0 0 -1
    outer loop
      vertex 5.07991 -4.95294 0
      vertex 4.94 -4.4655 0
      vertex 4.95714 -4.46753 0
    endloop
  endfacet
  facet normal 0 0 -1
    outer loop
      vertex 4.70789 -4.50089 0
      vertex 4.95477 -5.02676 0
      vertex 4.93495 -5.03648 0
    endloop
  endfacet
  facet normal 0 0 -1
    outer loop
      vertex 5.06395 -4.96439 0
      vertex 4.92271 -4.46405 0
      vertex 4.94 -4.4655 0
    endloop
  endfacet
  facet normal 0 0 -1
    outer loop
      vertex 4.69276 -4.50708 0
      vertex 4.93495 -5.03648 0
      vertex 4.91492 -5.04616 0
    endloop
  endfacet
  facet normal 0 0 -1
    outer loop
      vertex 5.04733 -4.97552 0
      vertex 4.90529 -4.46318 0
      vertex 4.92271 -4.46405 0
    endloop
  endfacet
  facet normal 0 0 -1
    outer loop
      vertex 4.66154 -4.52075 0
      vertex 4.91492 -5.04616 0
      vertex 4.89468 -5.0558 0
    endloop
  endfacet
  facet normal 0 0 -1
    outer loop
      vertex 5.03006 -4.98636 0
      vertex 4.88774 -4.46289 0
      vertex 4.90529 -4.46318 0
    endloop
  endfacet
  facet normal 0 0 -1
    outer loop
      vertex 5.03006 -4.98636 0
      vertex 4.87439 -4.46312 0
      vertex 4.88774 -4.46289 0
    endloop
  endfacet
  facet normal 0 0 -1
    outer loop
      vertex 4.64537 -4.5282 0
      vertex 4.89468 -5.0558 0
      vertex 4.87425 -5.0654 0
    endloop
  endfacet
  facet normal 0 0 -1
    outer loop
      vertex 5.03006 -4.98636 0
      vertex 4.86101 -4.46378 0
      vertex 4.87439 -4.46312 0
    endloop
  endfacet
  facet normal 0 0 -1
    outer loop
      vertex 4.61191 -4.54431 0
      vertex 4.87425 -5.0654 0
      vertex 4.85361 -5.07498 0
    endloop
  endfacet
  facet normal 0 0 -1
    outer loop
      vertex 5.01216 -4.99689 0
      vertex 4.8476 -4.46489 0
      vertex 4.86101 -4.46378 0
    endloop
  endfacet
  facet normal 0 0 -1
    outer loop
      vertex 5.01216 -4.99689 0
      vertex 4.83414 -4.46643 0
      vertex 4.8476 -4.46489 0
    endloop
  endfacet
  facet normal 0 0 -1
    outer loop
      vertex 4.5946 -4.55298 0
      vertex 4.85361 -5.07498 0
      vertex 4.83275 -5.08452 0
    endloop
  endfacet
  facet normal 0 0 -1
    outer loop
      vertex 5.01216 -4.99689 0
      vertex 4.82066 -4.46843 0
      vertex 4.83414 -4.46643 0
    endloop
  endfacet
  facet normal 0 0 -1
    outer loop
      vertex 4.55879 -4.57159 0
      vertex 4.83275 -5.08452 0
      vertex 4.8089 -5.09552 0
    endloop
  endfacet
  facet normal 0 0 -1
    outer loop
      vertex 4.99361 -5.00711 0
      vertex 4.80714 -4.47087 0
      vertex 4.82066 -4.46843 0
    endloop
  endfacet
  facet normal 0 0 -1
    outer loop
      vertex 4.99361 -5.00711 0
      vertex 4.79359 -4.47374 0
      vertex 4.80714 -4.47087 0
    endloop
  endfacet
  facet normal 0 0 -1
    outer loop
      vertex 4.99361 -5.00711 0
      vertex 4.77989 -4.47707 0
      vertex 4.79359 -4.47374 0
    endloop
  endfacet
  facet normal 0 0 -1
    outer loop
      vertex 4.97441 -5.01703 0
      vertex 4.76598 -4.48088 0
      vertex 4.77989 -4.47707 0
    endloop
  endfacet
  facet normal 0 0 -1
    outer loop
      vertex 4.52077 -4.59221 0
      vertex 4.8089 -5.09552 0
      vertex 4.76088 -5.11783 0
    endloop
  endfacet
  facet normal 0 0 -1
    outer loop
      vertex 4.97441 -5.01703 0
      vertex 4.7518 -4.48517 0
      vertex 4.76598 -4.48088 0
    endloop
  endfacet
  facet normal 0 0 -1
    outer loop
      vertex 4.95477 -5.02676 0
      vertex 4.7374 -4.48993 0
      vertex 4.7518 -4.48517 0
    endloop
  endfacet
  facet normal 0 0 -1
    outer loop
      vertex 4.48044 -4.61487 0
      vertex 4.76088 -5.11783 0
      vertex 4.73671 -5.12915 0
    endloop
  endfacet
  facet normal 0 0 -1
    outer loop
      vertex 4.95477 -5.02676 0
      vertex 4.72276 -4.49516 0
      vertex 4.7374 -4.48993 0
    endloop
  endfacet
  facet normal 0 0 -1
    outer loop
      vertex 4.95477 -5.02676 0
      vertex 4.70789 -4.50089 0
      vertex 4.72276 -4.49516 0
    endloop
  endfacet
  facet normal 0 0 -1
    outer loop
      vertex 4.93495 -5.03648 0
      vertex 4.69276 -4.50708 0
      vertex 4.70789 -4.50089 0
    endloop
  endfacet
  facet normal 0 0 -1
    outer loop
      vertex 4.4594 -4.62695 0
      vertex 4.73671 -5.12915 0
      vertex 4.68808 -5.15207 0
    endloop
  endfacet
  facet normal 0 0 -1
    outer loop
      vertex 4.91492 -5.04616 0
      vertex 4.67734 -4.5137 0
      vertex 4.69276 -4.50708 0
    endloop
  endfacet
  facet normal 0 0 -1
    outer loop
      vertex 4.43779 -4.63956 0
      vertex 4.68808 -5.15207 0
      vertex 4.6636 -5.1637 0
    endloop
  endfacet
  facet normal 0 0 -1
    outer loop
      vertex 4.91492 -5.04616 0
      vertex 4.66154 -4.52075 0
      vertex 4.67734 -4.5137 0
    endloop
  endfacet
  facet normal 0 0 -1
    outer loop
      vertex 4.89468 -5.0558 0
      vertex 4.64537 -4.5282 0
      vertex 4.66154 -4.52075 0
    endloop
  endfacet
  facet normal 0 0 -1
    outer loop
      vertex 4.43779 -4.63956 0
      vertex 4.6636 -5.1637 0
      vertex 4.63921 -5.17552 0
    endloop
  endfacet
  facet normal 0 0 -1
    outer loop
      vertex 4.87425 -5.0654 0
      vertex 4.62883 -4.53604 0
      vertex 4.64537 -4.5282 0
    endloop
  endfacet
  facet normal 0 0 -1
    outer loop
      vertex 4.43779 -4.63956 0
      vertex 4.63921 -5.17552 0
      vertex 4.61504 -5.1877 0
    endloop
  endfacet
  facet normal 0 0 -1
    outer loop
      vertex 4.87425 -5.0654 0
      vertex 4.61191 -4.54431 0
      vertex 4.62883 -4.53604 0
    endloop
  endfacet
  facet normal 0 0 -1
    outer loop
      vertex 4.85361 -5.07498 0
      vertex 4.5946 -4.55298 0
      vertex 4.61191 -4.54431 0
    endloop
  endfacet
  facet normal 0 0 -1
    outer loop
      vertex 4.43779 -4.63956 0
      vertex 4.61504 -5.1877 0
      vertex 4.59111 -5.20023 0
    endloop
  endfacet
  facet normal 0 0 -1
    outer loop
      vertex 4.83275 -5.08452 0
      vertex 4.57693 -4.56206 0
      vertex 4.5946 -4.55298 0
    endloop
  endfacet
  facet normal 0 0 -1
    outer loop
      vertex 4.43779 -4.63956 0
      vertex 4.59111 -5.20023 0
      vertex 4.56743 -5.21307 0
    endloop
  endfacet
  facet normal 0 0 -1
    outer loop
      vertex 4.83275 -5.08452 0
      vertex 4.55879 -4.57159 0
      vertex 4.57693 -4.56206 0
    endloop
  endfacet
  facet normal 0 0 -1
    outer loop
      vertex 4.43779 -4.63956 0
      vertex 4.56743 -5.21307 0
      vertex 4.54398 -5.22627 0
    endloop
  endfacet
  facet normal 0 0 -1
    outer loop
      vertex 4.8089 -5.09552 0
      vertex 4.54007 -4.58165 0
      vertex 4.55879 -4.57159 0
    endloop
  endfacet
  facet normal 0 0 -1
    outer loop
      vertex 4.43779 -4.63956 0
      vertex 4.54398 -5.22627 0
      vertex 4.52077 -5.23981 0
    endloop
  endfacet
  facet normal 0 0 -1
    outer loop
      vertex 4.8089 -5.09552 0
      vertex 4.52077 -4.59221 0
      vertex 4.54007 -4.58165 0
    endloop
  endfacet
  facet normal 0 0 -1
    outer loop
      vertex 4.76088 -5.11783 0
      vertex 4.50089 -4.60329 0
      vertex 4.52077 -4.59221 0
    endloop
  endfacet
  facet normal 0 0 -1
    outer loop
      vertex 4.43779 -4.63956 0
      vertex 4.52077 -5.23981 0
      vertex 4.49779 -5.25369 0
    endloop
  endfacet
  facet normal 0 0 -1
    outer loop
      vertex 4.76088 -5.11783 0
      vertex 4.48044 -4.61487 0
      vertex 4.50089 -4.60329 0
    endloop
  endfacet
  facet normal 0 0 -1
    outer loop
      vertex 4.43779 -4.63956 0
      vertex 4.49779 -5.25369 0
      vertex 4.47513 -5.26793 0
    endloop
  endfacet
  facet normal 0 0 -1
    outer loop
      vertex 4.73671 -5.12915 0
      vertex 4.4594 -4.62695 0
      vertex 4.48044 -4.61487 0
    endloop
  endfacet
  facet normal 0 0 -1
    outer loop
      vertex 4.43779 -4.63956 0
      vertex 4.47513 -5.26793 0
      vertex 4.45288 -5.28253 0
    endloop
  endfacet
  facet normal 0 0 -1
    outer loop
      vertex 4.68808 -5.15207 0
      vertex 4.43779 -4.63956 0
      vertex 4.4594 -4.62695 0
    endloop
  endfacet
  facet normal 0 0 -1
    outer loop
      vertex 4.43105 -5.29752 0
      vertex 4.43779 -4.63956 0
      vertex 4.45288 -5.28253 0
    endloop
  endfacet
  facet normal 0 0 -1
    outer loop
      vertex 4.40962 -5.31287 0
      vertex 4.43779 -4.63956 0
      vertex 4.43105 -5.29752 0
    endloop
  endfacet
  facet normal 0 0 -1
    outer loop
      vertex 4.3886 -5.3286 0
      vertex 4.43779 -4.63956 0
      vertex 4.40962 -5.31287 0
    endloop
  endfacet
  facet normal 0 0 -1
    outer loop
      vertex 4.36798 -5.34471 0
      vertex 4.43779 -4.63956 0
      vertex 4.3886 -5.3286 0
    endloop
  endfacet
  facet normal 0 0 -1
    outer loop
      vertex 4.34779 -5.36119 0
      vertex 4.43779 -4.63956 0
      vertex 4.36798 -5.34471 0
    endloop
  endfacet
  facet normal 0 0 -1
    outer loop
      vertex 4.32814 -5.37814 0
      vertex 4.43779 -4.63956 0
      vertex 4.34779 -5.36119 0
    endloop
  endfacet
  facet normal 0 0 -1
    outer loop
      vertex 4.30922 -5.39572 0
      vertex 4.43779 -4.63956 0
      vertex 4.32814 -5.37814 0
    endloop
  endfacet
  facet normal 0 0 -1
    outer loop
      vertex 4.291 -5.41393 0
      vertex 4.43779 -4.63956 0
      vertex 4.30922 -5.39572 0
    endloop
  endfacet
  facet normal 0 0 -1
    outer loop
      vertex 4.18781 -4.32124 0
      vertex 4.291 -5.41393 0
      vertex 4.2735 -5.43272 0
    endloop
  endfacet
  facet normal 0 0 -1
    outer loop
      vertex 4.18781 -4.32124 0
      vertex 4.2735 -5.43272 0
      vertex 4.25671 -5.45215 0
    endloop
  endfacet
  facet normal 0 0 -1
    outer loop
      vertex 4.18781 -4.32124 0
      vertex 4.25671 -5.45215 0
      vertex 4.24065 -5.47217 0
    endloop
  endfacet
  facet normal 0 0 -1
    outer loop
      vertex 4.18781 -4.32124 0
      vertex 4.24065 -5.47217 0
      vertex 4.2253 -5.49281 0
    endloop
  endfacet
  facet normal 0 0 -1
    outer loop
      vertex 3.929 -4.10292 0
      vertex 4.2253 -5.49281 0
      vertex 4.21075 -5.5141 0
    endloop
  endfacet
  facet normal 0 0 -1
    outer loop
      vertex 3.929 -4.10292 0
      vertex 4.21075 -5.5141 0
      vertex 4.19713 -5.53607 0
    endloop
  endfacet
  facet normal 0 0 -1
    outer loop
      vertex 4.291 -5.41393 0
      vertex 4.18781 -4.32124 0
      vertex 4.43779 -4.63956 0
    endloop
  endfacet
  facet normal 0 0 -1
    outer loop
      vertex 3.929 -4.10292 0
      vertex 4.19713 -5.53607 0
      vertex 4.18443 -5.55873 0
    endloop
  endfacet
  facet normal 0 0 -1
    outer loop
      vertex 6.89999 -3.175 0
      vertex 5.78653 -4.81102 0
      vertex 5.78769 -4.77454 0
    endloop
  endfacet
  facet normal 0 0 -1
    outer loop
      vertex 6.89999 -7.575 0
      vertex 5.78307 -4.84618 0
      vertex 5.78653 -4.81102 0
    endloop
  endfacet
  facet normal 0 0 -1
    outer loop
      vertex 6.89999 -7.575 0
      vertex 5.77728 -4.87999 0
      vertex 5.78307 -4.84618 0
    endloop
  endfacet
  facet normal 0 0 -1
    outer loop
      vertex 6.89999 -7.575 0
      vertex 5.7692 -4.91249 0
      vertex 5.77728 -4.87999 0
    endloop
  endfacet
  facet normal 0 0 -1
    outer loop
      vertex 5.80936 -6.40109 0
      vertex 5.75879 -4.94366 0
      vertex 5.7692 -4.91249 0
    endloop
  endfacet
  facet normal 0 0 -1
    outer loop
      vertex 5.80936 -6.40109 0
      vertex 5.74606 -4.97351 0
      vertex 5.75879 -4.94366 0
    endloop
  endfacet
  facet normal 0 0 -1
    outer loop
      vertex 5.80936 -6.40109 0
      vertex 5.73103 -5.00203 0
      vertex 5.74606 -4.97351 0
    endloop
  endfacet
  facet normal 0 0 -1
    outer loop
      vertex 5.80936 -6.40109 0
      vertex 5.71411 -5.02946 0
      vertex 5.73103 -5.00203 0
    endloop
  endfacet
  facet normal 0 0 -1
    outer loop
      vertex 5.80936 -6.40109 0
      vertex 5.69572 -5.05605 0
      vertex 5.71411 -5.02946 0
    endloop
  endfacet
  facet normal 0 0 -1
    outer loop
      vertex 5.57938 -6.02278 0
      vertex 5.69572 -5.05605 0
      vertex 5.80936 -6.40109 0
    endloop
  endfacet
  facet normal 0 0 -1
    outer loop
      vertex 5.69572 -5.05605 0
      vertex 5.57938 -6.02278 0
      vertex 5.67587 -5.08177 0
    endloop
  endfacet
  facet normal 0 0 -1
    outer loop
      vertex 5.67587 -5.08177 0
      vertex 5.57938 -6.02278 0
      vertex 5.65457 -5.10664 0
    endloop
  endfacet
  facet normal 0 0 -1
    outer loop
      vertex 5.65457 -5.10664 0
      vertex 5.57938 -6.02278 0
      vertex 5.63179 -5.13068 0
    endloop
  endfacet
  facet normal 0 0 -1
    outer loop
      vertex 5.63179 -5.13068 0
      vertex 5.57938 -6.02278 0
      vertex 5.60756 -5.15387 0
    endloop
  endfacet
  facet normal 0 0 -1
    outer loop
      vertex 5.60756 -5.15387 0
      vertex 5.57938 -6.02278 0
      vertex 5.58186 -5.17619 0
    endloop
  endfacet
  facet normal 0 0 -1
    outer loop
      vertex 5.20595 -5.39844 0
      vertex 5.57938 -6.02278 0
      vertex 5.56618 -6.03148 0
    endloop
  endfacet
  facet normal 0 0 -1
    outer loop
      vertex 5.57938 -6.02278 0
      vertex 5.55496 -5.19777 0
      vertex 5.58186 -5.17619 0
    endloop
  endfacet
  facet normal 0 0 -1
    outer loop
      vertex 5.20595 -5.39844 0
      vertex 5.56618 -6.03148 0
      vertex 5.55229 -6.04041 0
    endloop
  endfacet
  facet normal 0 0 -1
    outer loop
      vertex 5.20595 -5.39844 0
      vertex 5.55229 -6.04041 0
      vertex 5.53773 -6.04956 0
    endloop
  endfacet
  facet normal 0 0 -1
    outer loop
      vertex 5.57938 -6.02278 0
      vertex 5.52711 -5.2187 0
      vertex 5.55496 -5.19777 0
    endloop
  endfacet
  facet normal 0 0 -1
    outer loop
      vertex 5.17192 -5.41489 0
      vertex 5.53773 -6.04956 0
      vertex 5.52251 -6.05898 0
    endloop
  endfacet
  facet normal 0 0 -1
    outer loop
      vertex 5.17192 -5.41489 0
      vertex 5.52251 -6.05898 0
      vertex 5.50659 -6.06862 0
    endloop
  endfacet
  facet normal 0 0 -1
    outer loop
      vertex 5.57938 -6.02278 0
      vertex 5.49831 -5.239 0
      vertex 5.52711 -5.2187 0
    endloop
  endfacet
  facet normal 0 0 -1
    outer loop
      vertex 5.17192 -5.41489 0
      vertex 5.50659 -6.06862 0
      vertex 5.48999 -6.07849 0
    endloop
  endfacet
  facet normal 0 0 -1
    outer loop
      vertex 5.13773 -5.43115 0
      vertex 5.48999 -6.07849 0
      vertex 5.47272 -6.08861 0
    endloop
  endfacet
  facet normal 0 0 -1
    outer loop
      vertex 5.57938 -6.02278 0
      vertex 5.46854 -5.25864 0
      vertex 5.49831 -5.239 0
    endloop
  endfacet
  facet normal 0 0 -1
    outer loop
      vertex 5.13773 -5.43115 0
      vertex 5.47272 -6.08861 0
      vertex 5.45494 -6.09874 0
    endloop
  endfacet
  facet normal 0 0 -1
    outer loop
      vertex 5.57938 -6.02278 0
      vertex 5.43784 -5.27763 0
      vertex 5.46854 -5.25864 0
    endloop
  endfacet
  facet normal 0 0 -1
    outer loop
      vertex 5.11348 -5.44263 0
      vertex 5.45494 -6.09874 0
      vertex 5.43687 -6.10861 0
    endloop
  endfacet
  facet normal 0 0 -1
    outer loop
      vertex 5.08929 -5.45421 0
      vertex 5.43687 -6.10861 0
      vertex 5.41849 -6.11826 0
    endloop
  endfacet
  facet normal 0 0 -1
    outer loop
      vertex 5.57938 -6.02278 0
      vertex 5.40616 -5.29599 0
      vertex 5.43784 -5.27763 0
    endloop
  endfacet
  facet normal 0 0 -1
    outer loop
      vertex 5.08929 -5.45421 0
      vertex 5.41849 -6.11826 0
      vertex 5.3998 -6.12766 0
    endloop
  endfacet
  facet normal 0 0 -1
    outer loop
      vertex 5.06519 -5.4659 0
      vertex 5.3998 -6.12766 0
      vertex 5.3808 -6.13683 0
    endloop
  endfacet
  facet normal 0 0 -1
    outer loop
      vertex 5.57938 -6.02278 0
      vertex 5.37355 -5.31369 0
      vertex 5.40616 -5.29599 0
    endloop
  endfacet
  facet normal 0 0 -1
    outer loop
      vertex 5.06519 -5.4659 0
      vertex 5.3808 -6.13683 0
      vertex 5.3615 -6.14575 0
    endloop
  endfacet
  facet normal 0 0 -1
    outer loop
      vertex 5.04114 -5.47768 0
      vertex 5.3615 -6.14575 0
      vertex 5.34189 -6.15445 0
    endloop
  endfacet
  facet normal 0 0 -1
    outer loop
      vertex 5.57938 -6.02278 0
      vertex 5.34036 -5.33098 0
      vertex 5.37355 -5.31369 0
    endloop
  endfacet
  facet normal 0 0 -1
    outer loop
      vertex 5.01717 -5.48956 0
      vertex 5.34189 -6.15445 0
      vertex 5.32211 -6.16283 0
    endloop
  endfacet
  facet normal 0 0 -1
    outer loop
      vertex 5.57938 -6.02278 0
      vertex 5.30702 -5.34811 0
      vertex 5.34036 -5.33098 0
    endloop
  endfacet
  facet normal 0 0 -1
    outer loop
      vertex 5.01717 -5.48956 0
      vertex 5.32211 -6.16283 0
      vertex 5.30231 -6.17084 0
    endloop
  endfacet
  facet normal 0 0 -1
    outer loop
      vertex 4.99326 -5.50156 0
      vertex 5.30231 -6.17084 0
      vertex 5.28246 -6.17848 0
    endloop
  endfacet
  facet normal 0 0 -1
    outer loop
      vertex 5.57938 -6.02278 0
      vertex 5.2735 -5.36507 0
      vertex 5.30702 -5.34811 0
    endloop
  endfacet
  facet normal 0 0 -1
    outer loop
      vertex 4.99326 -5.50156 0
      vertex 5.28246 -6.17848 0
      vertex 5.26257 -6.18575 0
    endloop
  endfacet
  facet normal 0 0 -1
    outer loop
      vertex 4.96941 -5.51364 0
      vertex 5.26257 -6.18575 0
      vertex 5.24266 -6.19263 0
    endloop
  endfacet
  facet normal 0 0 -1
    outer loop
      vertex 5.57938 -6.02278 0
      vertex 5.23981 -5.38182 0
      vertex 5.2735 -5.36507 0
    endloop
  endfacet
  facet normal 0 0 -1
    outer loop
      vertex 4.94595 -5.526 0
      vertex 5.24266 -6.19263 0
      vertex 5.22272 -6.19914 0
    endloop
  endfacet
  facet normal 0 0 -1
    outer loop
      vertex 5.57938 -6.02278 0
      vertex 5.20595 -5.39844 0
      vertex 5.23981 -5.38182 0
    endloop
  endfacet
  facet normal 0 0 -1
    outer loop
      vertex 4.92322 -5.53874 0
      vertex 5.22272 -6.19914 0
      vertex 5.20274 -6.20528 0
    endloop
  endfacet
  facet normal 0 0 -1
    outer loop
      vertex 4.92322 -5.53874 0
      vertex 5.20274 -6.20528 0
      vertex 5.18288 -6.2108 0
    endloop
  endfacet
  facet normal 0 0 -1
    outer loop
      vertex 5.53773 -6.04956 0
      vertex 5.17192 -5.41489 0
      vertex 5.20595 -5.39844 0
    endloop
  endfacet
  facet normal 0 0 -1
    outer loop
      vertex 4.9012 -5.55191 0
      vertex 5.18288 -6.2108 0
      vertex 5.16328 -6.21548 0
    endloop
  endfacet
  facet normal 0 0 -1
    outer loop
      vertex 4.9012 -5.55191 0
      vertex 5.16328 -6.21548 0
      vertex 5.14395 -6.21931 0
    endloop
  endfacet
  facet normal 0 0 -1
    outer loop
      vertex 5.48999 -6.07849 0
      vertex 5.13773 -5.43115 0
      vertex 5.17192 -5.41489 0
    endloop
  endfacet
  facet normal 0 0 -1
    outer loop
      vertex 4.8799 -5.56548 0
      vertex 5.14395 -6.21931 0
      vertex 5.12491 -6.22229 0
    endloop
  endfacet
  facet normal 0 0 -1
    outer loop
      vertex 5.45494 -6.09874 0
      vertex 5.11348 -5.44263 0
      vertex 5.13773 -5.43115 0
    endloop
  endfacet
  facet normal 0 0 -1
    outer loop
      vertex 4.8799 -5.56548 0
      vertex 5.12491 -6.22229 0
      vertex 5.10612 -6.22441 0
    endloop
  endfacet
  facet normal 0 0 -1
    outer loop
      vertex 5.43687 -6.10861 0
      vertex 5.08929 -5.45421 0
      vertex 5.11348 -5.44263 0
    endloop
  endfacet
  facet normal 0 0 -1
    outer loop
      vertex 4.8799 -5.56548 0
      vertex 5.10612 -6.22441 0
      vertex 5.08763 -6.22569 0
    endloop
  endfacet
  facet normal 0 0 -1
    outer loop
      vertex 4.8799 -5.56548 0
      vertex 5.08763 -6.22569 0
      vertex 5.0694 -6.2261 0
    endloop
  endfacet
  facet normal 0 0 -1
    outer loop
      vertex 5.3998 -6.12766 0
      vertex 5.06519 -5.4659 0
      vertex 5.08929 -5.45421 0
    endloop
  endfacet
  facet normal 0 0 -1
    outer loop
      vertex 4.8593 -5.57947 0
      vertex 5.0694 -6.2261 0
      vertex 5.04848 -6.22574 0
    endloop
  endfacet
  facet normal 0 0 -1
    outer loop
      vertex 5.3615 -6.14575 0
      vertex 5.04114 -5.47768 0
      vertex 5.06519 -5.4659 0
    endloop
  endfacet
  facet normal 0 0 -1
    outer loop
      vertex 4.8593 -5.57947 0
      vertex 5.04848 -6.22574 0
      vertex 5.02763 -6.22461 0
    endloop
  endfacet
  facet normal 0 0 -1
    outer loop
      vertex 5.34189 -6.15445 0
      vertex 5.01717 -5.48956 0
      vertex 5.04114 -5.47768 0
    endloop
  endfacet
  facet normal 0 0 -1
    outer loop
      vertex 4.83942 -5.59384 0
      vertex 5.02763 -6.22461 0
      vertex 5.00685 -6.22275 0
    endloop
  endfacet
  facet normal 0 0 -1
    outer loop
      vertex 5.30231 -6.17084 0
      vertex 4.99326 -5.50156 0
      vertex 5.01717 -5.48956 0
    endloop
  endfacet
  facet normal 0 0 -1
    outer loop
      vertex 4.83942 -5.59384 0
      vertex 5.00685 -6.22275 0
      vertex 4.98615 -6.22012 0
    endloop
  endfacet
  facet normal 0 0 -1
    outer loop
      vertex 5.26257 -6.18575 0
      vertex 4.96941 -5.51364 0
      vertex 4.99326 -5.50156 0
    endloop
  endfacet
  facet normal 0 0 -1
    outer loop
      vertex 4.82025 -5.60864 0
      vertex 4.98615 -6.22012 0
      vertex 4.9655 -6.21675 0
    endloop
  endfacet
  facet normal 0 0 -1
    outer loop
      vertex 5.24266 -6.19263 0
      vertex 4.94595 -5.526 0
      vertex 4.96941 -5.51364 0
    endloop
  endfacet
  facet normal 0 0 -1
    outer loop
      vertex 4.80196 -5.62395 0
      vertex 4.9655 -6.21675 0
      vertex 4.94492 -6.21265 0
    endloop
  endfacet
  facet normal 0 0 -1
    outer loop
      vertex 4.76842 -5.65639 0
      vertex 4.94492 -6.21265 0
      vertex 4.92441 -6.20778 0
    endloop
  endfacet
  facet normal 0 0 -1
    outer loop
      vertex 5.22272 -6.19914 0
      vertex 4.92322 -5.53874 0
      vertex 4.94595 -5.526 0
    endloop
  endfacet
  facet normal 0 0 -1
    outer loop
      vertex 4.75317 -5.67352 0
      vertex 4.92441 -6.20778 0
      vertex 4.90427 -6.20207 0
    endloop
  endfacet
  facet normal 0 0 -1
    outer loop
      vertex 5.18288 -6.2108 0
      vertex 4.9012 -5.55191 0
      vertex 4.92322 -5.53874 0
    endloop
  endfacet
  facet normal 0 0 -1
    outer loop
      vertex 4.75317 -5.67352 0
      vertex 4.90427 -6.20207 0
      vertex 4.88475 -6.19547 0
    endloop
  endfacet
  facet normal 0 0 -1
    outer loop
      vertex 5.14395 -6.21931 0
      vertex 4.8799 -5.56548 0
      vertex 4.9012 -5.55191 0
    endloop
  endfacet
  facet normal 0 0 -1
    outer loop
      vertex 4.67346 -5.91219 0
      vertex 4.88475 -6.19547 0
      vertex 4.86589 -6.18793 0
    endloop
  endfacet
  facet normal 0 0 -1
    outer loop
      vertex 5.0694 -6.2261 0
      vertex 4.8593 -5.57947 0
      vertex 4.8799 -5.56548 0
    endloop
  endfacet
  facet normal 0 0 -1
    outer loop
      vertex 4.67346 -5.91219 0
      vertex 4.86589 -6.18793 0
      vertex 4.84769 -6.17947 0
    endloop
  endfacet
  facet normal 0 0 -1
    outer loop
      vertex 5.02763 -6.22461 0
      vertex 4.83942 -5.59384 0
      vertex 4.8593 -5.57947 0
    endloop
  endfacet
  facet normal 0 0 -1
    outer loop
      vertex 4.67346 -5.91219 0
      vertex 4.84769 -6.17947 0
      vertex 4.83011 -6.1701 0
    endloop
  endfacet
  facet normal 0 0 -1
    outer loop
      vertex 4.98615 -6.22012 0
      vertex 4.82025 -5.60864 0
      vertex 4.83942 -5.59384 0
    endloop
  endfacet
  facet normal 0 0 -1
    outer loop
      vertex 4.67346 -5.91219 0
      vertex 4.83011 -6.1701 0
      vertex 4.8132 -6.15982 0
    endloop
  endfacet
  facet normal 0 0 -1
    outer loop
      vertex 4.9655 -6.21675 0
      vertex 4.80196 -5.62395 0
      vertex 4.82025 -5.60864 0
    endloop
  endfacet
  facet normal 0 0 -1
    outer loop
      vertex 4.67557 -5.93707 0
      vertex 4.8132 -6.15982 0
      vertex 4.79692 -6.14862 0
    endloop
  endfacet
  facet normal 0 0 -1
    outer loop
      vertex 4.94492 -6.21265 0
      vertex 4.78467 -5.63986 0
      vertex 4.80196 -5.62395 0
    endloop
  endfacet
  facet normal 0 0 -1
    outer loop
      vertex 4.67557 -5.93707 0
      vertex 4.79692 -6.14862 0
      vertex 4.78142 -6.13647 0
    endloop
  endfacet
  facet normal 0 0 -1
    outer loop
      vertex 4.94492 -6.21265 0
      vertex 4.76842 -5.65639 0
      vertex 4.78467 -5.63986 0
    endloop
  endfacet
  facet normal 0 0 -1
    outer loop
      vertex 4.67557 -5.93707 0
      vertex 4.78142 -6.13647 0
      vertex 4.7668 -6.12337 0
    endloop
  endfacet
  facet normal 0 0 -1
    outer loop
      vertex 4.92441 -6.20778 0
      vertex 4.75317 -5.67352 0
      vertex 4.76842 -5.65639 0
    endloop
  endfacet
  facet normal 0 0 -1
    outer loop
      vertex 4.67557 -5.93707 0
      vertex 4.7668 -6.12337 0
      vertex 4.75305 -6.10931 0
    endloop
  endfacet
  facet normal 0 0 -1
    outer loop
      vertex 4.67557 -5.93707 0
      vertex 4.75305 -6.10931 0
      vertex 4.7402 -6.09431 0
    endloop
  endfacet
  facet normal 0 0 -1
    outer loop
      vertex 4.88475 -6.19547 0
      vertex 4.73897 -5.69128 0
      vertex 4.75317 -5.67352 0
    endloop
  endfacet
  facet normal 0 0 -1
    outer loop
      vertex 4.67557 -5.93707 0
      vertex 4.7402 -6.09431 0
      vertex 4.72823 -6.07837 0
    endloop
  endfacet
  facet normal 0 0 -1
    outer loop
      vertex 4.88475 -6.19547 0
      vertex 4.67346 -5.91219 0
      vertex 4.73897 -5.69128 0
    endloop
  endfacet
  facet normal 0 0 -1
    outer loop
      vertex 4.67557 -5.93707 0
      vertex 4.72823 -6.07837 0
      vertex 4.71715 -6.06146 0
    endloop
  endfacet
  facet normal 0 0 -1
    outer loop
      vertex 4.67278 -5.88612 0
      vertex 4.73897 -5.69128 0
      vertex 4.67346 -5.91219 0
    endloop
  endfacet
  facet normal 0 0 -1
    outer loop
      vertex 4.67905 -5.96075 0
      vertex 4.71715 -6.06146 0
      vertex 4.70695 -6.04361 0
    endloop
  endfacet
  facet normal 0 0 -1
    outer loop
      vertex 4.73897 -5.69128 0
      vertex 4.67278 -5.88612 0
      vertex 4.72577 -5.70966 0
    endloop
  endfacet
  facet normal 0 0 -1
    outer loop
      vertex 4.67905 -5.96075 0
      vertex 4.70695 -6.04361 0
      vertex 4.69788 -6.02469 0
    endloop
  endfacet
  facet normal 0 0 -1
    outer loop
      vertex 4.8132 -6.15982 0
      vertex 4.67557 -5.93707 0
      vertex 4.67346 -5.91219 0
    endloop
  endfacet
  facet normal 0 0 -1
    outer loop
      vertex 4.67905 -5.96075 0
      vertex 4.69788 -6.02469 0
      vertex 4.6902 -6.00456 0
    endloop
  endfacet
  facet normal 0 -0 -1
    outer loop
      vertex 4.6736 -5.86087 0
      vertex 4.72577 -5.70966 0
      vertex 4.67278 -5.88612 0
    endloop
  endfacet
  facet normal 0 0 -1
    outer loop
      vertex 4.67905 -5.96075 0
      vertex 4.6902 -6.00456 0
      vertex 4.68393 -5.98326 0
    endloop
  endfacet
  facet normal 0 0 -1
    outer loop
      vertex 4.71715 -6.06146 0
      vertex 4.67905 -5.96075 0
      vertex 4.67557 -5.93707 0
    endloop
  endfacet
  facet normal 0 0 -1
    outer loop
      vertex 4.72577 -5.70966 0
      vertex 4.6736 -5.86087 0
      vertex 4.71359 -5.72864 0
    endloop
  endfacet
  facet normal 0 -0 -1
    outer loop
      vertex 4.6761 -5.83653 0
      vertex 4.71359 -5.72864 0
      vertex 4.6736 -5.86087 0
    endloop
  endfacet
  facet normal 0 0 -1
    outer loop
      vertex 4.6936 -5.76904 0
      vertex 4.68027 -5.81313 0
      vertex 4.6861 -5.79062 0
    endloop
  endfacet
  facet normal 0 0 -1
    outer loop
      vertex 4.6936 -5.76904 0
      vertex 4.6761 -5.83653 0
      vertex 4.68027 -5.81313 0
    endloop
  endfacet
  facet normal 0 0 -1
    outer loop
      vertex 4.70276 -5.74838 0
      vertex 4.6761 -5.83653 0
      vertex 4.6936 -5.76904 0
    endloop
  endfacet
  facet normal 0 0 -1
    outer loop
      vertex 4.71359 -5.72864 0
      vertex 4.6761 -5.83653 0
      vertex 4.70276 -5.74838 0
    endloop
  endfacet
  facet normal 0 0 -1
    outer loop
      vertex 5.7692 -4.91249 0
      vertex 6.89999 -7.575 0
      vertex 5.80936 -6.40109 0
    endloop
  endfacet
  facet normal 0 0 -1
    outer loop
      vertex 6.89999 -7.575 0
      vertex 5.75844 -6.43192 0
      vertex 5.80936 -6.40109 0
    endloop
  endfacet
  facet normal 0 0 -1
    outer loop
      vertex 6.89999 -7.575 0
      vertex 5.70753 -6.4606 0
      vertex 5.75844 -6.43192 0
    endloop
  endfacet
  facet normal 0 0 -1
    outer loop
      vertex 6.89999 -7.575 0
      vertex 5.65668 -6.48715 0
      vertex 5.70753 -6.4606 0
    endloop
  endfacet
  facet normal 0 0 -1
    outer loop
      vertex 6.89999 -7.575 0
      vertex 5.60585 -6.51155 0
      vertex 5.65668 -6.48715 0
    endloop
  endfacet
  facet normal 0 0 -1
    outer loop
      vertex 6.89999 -7.575 0
      vertex 5.55505 -6.53381 0
      vertex 5.60585 -6.51155 0
    endloop
  endfacet
  facet normal 0 0 -1
    outer loop
      vertex 6.89999 -7.575 0
      vertex 5.50429 -6.55392 0
      vertex 5.55505 -6.53381 0
    endloop
  endfacet
  facet normal 0 0 -1
    outer loop
      vertex 6.89999 -7.575 0
      vertex 5.45357 -6.5719 0
      vertex 5.50429 -6.55392 0
    endloop
  endfacet
  facet normal 0 0 -1
    outer loop
      vertex 6.89999 -7.575 0
      vertex 5.40219 -6.5876 0
      vertex 5.45357 -6.5719 0
    endloop
  endfacet
  facet normal 0 0 -1
    outer loop
      vertex 6.89999 -7.575 0
      vertex 5.34949 -6.60088 0
      vertex 5.40219 -6.5876 0
    endloop
  endfacet
  facet normal 0 0 -1
    outer loop
      vertex 6.89999 -7.575 0
      vertex 5.29546 -6.61174 0
      vertex 5.34949 -6.60088 0
    endloop
  endfacet
  facet normal 0 0 -1
    outer loop
      vertex 6.89999 -7.575 0
      vertex 5.2401 -6.62019 0
      vertex 5.29546 -6.61174 0
    endloop
  endfacet
  facet normal 0 0 -1
    outer loop
      vertex 6.89999 -7.575 0
      vertex 5.18343 -6.62624 0
      vertex 5.2401 -6.62019 0
    endloop
  endfacet
  facet normal 0 0 -1
    outer loop
      vertex 6.89999 -7.575 0
      vertex 5.12541 -6.62985 0
      vertex 5.18343 -6.62624 0
    endloop
  endfacet
  facet normal 0 0 -1
    outer loop
      vertex 6.89999 -7.575 0
      vertex 5.06609 -6.63106 0
      vertex 5.12541 -6.62985 0
    endloop
  endfacet
  facet normal 0 0 -1
    outer loop
      vertex 6.89999 -7.575 0
      vertex 5.01392 -6.63007 0
      vertex 5.06609 -6.63106 0
    endloop
  endfacet
  facet normal 0 0 -1
    outer loop
      vertex 6.89999 -7.575 0
      vertex 4.9622 -6.62704 0
      vertex 5.01392 -6.63007 0
    endloop
  endfacet
  facet normal 0 0 -1
    outer loop
      vertex 6.89999 -7.575 0
      vertex 4.91093 -6.62204 0
      vertex 4.9622 -6.62704 0
    endloop
  endfacet
  facet normal 0 0 -1
    outer loop
      vertex 6.89999 -7.575 0
      vertex 4.86009 -6.61501 0
      vertex 4.91093 -6.62204 0
    endloop
  endfacet
  facet normal 0 0 -1
    outer loop
      vertex 3.899 -6.60274 0
      vertex 4.86009 -6.61501 0
      vertex 6.89999 -7.575 0
    endloop
  endfacet
  facet normal 0 0 -1
    outer loop
      vertex 4.86009 -6.61501 0
      vertex 3.899 -6.60274 0
      vertex 4.80971 -6.60599 0
    endloop
  endfacet
  facet normal 0 0 -1
    outer loop
      vertex 4.80971 -6.60599 0
      vertex 3.899 -6.60274 0
      vertex 4.75977 -6.59496 0
    endloop
  endfacet
  facet normal -0 0 -1
    outer loop
      vertex 4.75977 -6.59496 0
      vertex 3.899 -6.60274 0
      vertex 4.71027 -6.58191 0
    endloop
  endfacet
  facet normal -0 0 -1
    outer loop
      vertex 4.71027 -6.58191 0
      vertex 3.899 -6.60274 0
      vertex 4.66179 -6.56689 0
    endloop
  endfacet
  facet normal -0 0 -1
    outer loop
      vertex 4.66179 -6.56689 0
      vertex 3.899 -6.60274 0
      vertex 4.61496 -6.54994 0
    endloop
  endfacet
  facet normal -0 0 -1
    outer loop
      vertex 4.11934 -5.96265 0
      vertex 3.87068 -6.21776 0
      vertex 4.11444 -5.91037 0
    endloop
  endfacet
  facet normal -0 0 -1
    outer loop
      vertex 4.1275 -6.01295 0
      vertex 3.87068 -6.21776 0
      vertex 4.11934 -5.96265 0
    endloop
  endfacet
  facet normal -0 0 -1
    outer loop
      vertex 4.11444 -5.91037 0
      vertex 3.87068 -6.21776 0
      vertex 4.11281 -5.85612 0
    endloop
  endfacet
  facet normal -0 0 -1
    outer loop
      vertex 4.13892 -6.06128 0
      vertex 3.87068 -6.21776 0
      vertex 4.1275 -6.01295 0
    endloop
  endfacet
  facet normal -0 0 -1
    outer loop
      vertex 4.15361 -6.10764 0
      vertex 3.87068 -6.21776 0
      vertex 4.13892 -6.06128 0
    endloop
  endfacet
  facet normal -0 0 -1
    outer loop
      vertex 4.17157 -6.15202 0
      vertex 3.87068 -6.21776 0
      vertex 4.15361 -6.10764 0
    endloop
  endfacet
  facet normal -0 0 -1
    outer loop
      vertex 4.19279 -6.19443 0
      vertex 3.87068 -6.21776 0
      vertex 4.17157 -6.15202 0
    endloop
  endfacet
  facet normal 0 0 -1
    outer loop
      vertex 4.21672 -6.23486 0
      vertex 3.87068 -6.21776 0
      vertex 4.19279 -6.19443 0
    endloop
  endfacet
  facet normal 0 0 -1
    outer loop
      vertex 4.2428 -6.27333 0
      vertex 3.87068 -6.21776 0
      vertex 4.21672 -6.23486 0
    endloop
  endfacet
  facet normal 0 0 -1
    outer loop
      vertex 3.87068 -6.21776 0
      vertex 4.2428 -6.27333 0
      vertex 3.899 -6.60274 0
    endloop
  endfacet
  facet normal -0 0 -1
    outer loop
      vertex 4.27101 -6.30983 0
      vertex 3.899 -6.60274 0
      vertex 4.2428 -6.27333 0
    endloop
  endfacet
  facet normal -0 0 -1
    outer loop
      vertex 4.30136 -6.34435 0
      vertex 3.899 -6.60274 0
      vertex 4.27101 -6.30983 0
    endloop
  endfacet
  facet normal -0 0 -1
    outer loop
      vertex 4.33386 -6.37691 0
      vertex 3.899 -6.60274 0
      vertex 4.30136 -6.34435 0
    endloop
  endfacet
  facet normal -0 0 -1
    outer loop
      vertex 4.3685 -6.40749 0
      vertex 3.899 -6.60274 0
      vertex 4.33386 -6.37691 0
    endloop
  endfacet
  facet normal -0 0 -1
    outer loop
      vertex 4.40529 -6.43608 0
      vertex 3.899 -6.60274 0
      vertex 4.3685 -6.40749 0
    endloop
  endfacet
  facet normal -0 0 -1
    outer loop
      vertex 4.44395 -6.46274 0
      vertex 3.899 -6.60274 0
      vertex 4.40529 -6.43608 0
    endloop
  endfacet
  facet normal -0 0 -1
    outer loop
      vertex 4.48425 -6.48744 0
      vertex 3.899 -6.60274 0
      vertex 4.44395 -6.46274 0
    endloop
  endfacet
  facet normal -0 0 -1
    outer loop
      vertex 4.5262 -6.51022 0
      vertex 3.899 -6.60274 0
      vertex 4.48425 -6.48744 0
    endloop
  endfacet
  facet normal -0 0 -1
    outer loop
      vertex 4.56976 -6.53105 0
      vertex 3.899 -6.60274 0
      vertex 4.5262 -6.51022 0
    endloop
  endfacet
  facet normal -0 0 -1
    outer loop
      vertex 4.61496 -6.54994 0
      vertex 3.899 -6.60274 0
      vertex 4.56976 -6.53105 0
    endloop
  endfacet
  facet normal 0 0 -1
    outer loop
      vertex 6.89999 -7.575 0
      vertex 2.30411 -6.60274 0
      vertex 3.899 -6.60274 0
    endloop
  endfacet
  facet normal 0 0 -1
    outer loop
      vertex 1.94922 -6.60274 0
      vertex 2.25909 -6.22278 0
      vertex 2.30411 -6.60274 0
    endloop
  endfacet
  facet normal 0 0 -1
    outer loop
      vertex 1.94922 -4.49788 0
      vertex 2.25909 -6.22278 0
      vertex 1.94922 -6.60274 0
    endloop
  endfacet
  facet normal 0 0 -1
    outer loop
      vertex 6.89999 -7.575 0
      vertex 1.94922 -6.60274 0
      vertex 2.30411 -6.60274 0
    endloop
  endfacet
  facet normal 0 0 -1
    outer loop
      vertex 6.89999 -7.575 0
      vertex 1.41258 -6.60274 0
      vertex 1.94922 -6.60274 0
    endloop
  endfacet
  facet normal 0 0 -1
    outer loop
      vertex 0.874283 -6.39775 0
      vertex 1.41258 -5.7728 0
      vertex 1.41258 -6.60274 0
    endloop
  endfacet
  facet normal -0 0 -1
    outer loop
      vertex 1.41258 -5.7728 0
      vertex 0.874283 -6.39775 0
      vertex 1.20593 -5.70946 0
    endloop
  endfacet
  facet normal 0 0 -1
    outer loop
      vertex 1.41258 -6.60274 0
      vertex 0.569305 -6.39775 0
      vertex 0.874283 -6.39775 0
    endloop
  endfacet
  facet normal 0 0 -1
    outer loop
      vertex 0.00102234 -5.68448 0
      vertex 0.569305 -6.39775 0
      vertex 0.00102234 -6.60274 0
    endloop
  endfacet
  facet normal 0 0 -1
    outer loop
      vertex 1.41258 -6.60274 0
      vertex 0.00102234 -6.60274 0
      vertex 0.569305 -6.39775 0
    endloop
  endfacet
  facet normal 0 0 -1
    outer loop
      vertex 6.89999 -7.575 0
      vertex 0.00102234 -6.60274 0
      vertex 1.41258 -6.60274 0
    endloop
  endfacet
  facet normal 0 0 -1
    outer loop
      vertex -6.89999 -7.575 0
      vertex 0.00102234 -6.60274 0
      vertex 6.89999 -7.575 0
    endloop
  endfacet
  facet normal 0 0 -1
    outer loop
      vertex -2.15143 -4.49788 0
      vertex -0.550613 -6.60274 0
      vertex -2.15143 -6.21776 0
    endloop
  endfacet
  facet normal 0 0 -1
    outer loop
      vertex -2.15143 -6.21776 0
      vertex -0.550613 -6.60274 0
      vertex -2.12311 -6.60274 0
    endloop
  endfacet
  facet normal -0 0 -1
    outer loop
      vertex 0.00102234 -6.60274 0
      vertex -6.89999 -7.575 0
      vertex -0.550613 -6.60274 0
    endloop
  endfacet
  facet normal -0 0 -1
    outer loop
      vertex -0.550613 -6.60274 0
      vertex -6.89999 -7.575 0
      vertex -2.12311 -6.60274 0
    endloop
  endfacet
  facet normal 0 0 -1
    outer loop
      vertex -4.24121 -6.24442 0
      vertex -3.76302 -6.22278 0
      vertex -3.718 -6.60274 0
    endloop
  endfacet
  facet normal 0 0 -1
    outer loop
      vertex -3.76302 -6.22278 0
      vertex -3.9478 -5.39722 0
      vertex -3.94624 -5.32118 0
    endloop
  endfacet
  facet normal 0 0 -1
    outer loop
      vertex -3.76302 -6.22278 0
      vertex -3.95244 -5.47203 0
      vertex -3.9478 -5.39722 0
    endloop
  endfacet
  facet normal 0 0 -1
    outer loop
      vertex -3.76302 -6.22278 0
      vertex -3.96017 -5.54562 0
      vertex -3.95244 -5.47203 0
    endloop
  endfacet
  facet normal 0 0 -1
    outer loop
      vertex -3.76302 -6.22278 0
      vertex -3.97101 -5.618 0
      vertex -3.96017 -5.54562 0
    endloop
  endfacet
  facet normal 0 0 -1
    outer loop
      vertex -3.76302 -6.22278 0
      vertex -3.98492 -5.68915 0
      vertex -3.97101 -5.618 0
    endloop
  endfacet
  facet normal 0 0 -1
    outer loop
      vertex -3.76302 -6.22278 0
      vertex -4.00195 -5.75908 0
      vertex -3.98492 -5.68915 0
    endloop
  endfacet
  facet normal 0 0 -1
    outer loop
      vertex -3.76302 -6.22278 0
      vertex -4.02206 -5.82779 0
      vertex -4.00195 -5.75908 0
    endloop
  endfacet
  facet normal 0 0 -1
    outer loop
      vertex -3.76302 -6.22278 0
      vertex -4.0451 -5.89465 0
      vertex -4.02206 -5.82779 0
    endloop
  endfacet
  facet normal 0 0 -1
    outer loop
      vertex -3.76302 -6.22278 0
      vertex -4.07091 -5.95906 0
      vertex -4.0451 -5.89465 0
    endloop
  endfacet
  facet normal 0 0 -1
    outer loop
      vertex -3.76302 -6.22278 0
      vertex -4.09946 -6.02104 0
      vertex -4.07091 -5.95906 0
    endloop
  endfacet
  facet normal 0 0 -1
    outer loop
      vertex -3.76302 -6.22278 0
      vertex -4.13077 -6.08055 0
      vertex -4.09946 -6.02104 0
    endloop
  endfacet
  facet normal 0 0 -1
    outer loop
      vertex -3.76302 -6.22278 0
      vertex -4.16483 -6.13763 0
      vertex -4.13077 -6.08055 0
    endloop
  endfacet
  facet normal 0 0 -1
    outer loop
      vertex -3.76302 -6.22278 0
      vertex -4.20164 -6.19225 0
      vertex -4.16483 -6.13763 0
    endloop
  endfacet
  facet normal -0 0 -1
    outer loop
      vertex -3.76302 -6.22278 0
      vertex -4.24121 -6.24442 0
      vertex -4.20164 -6.19225 0
    endloop
  endfacet
  facet normal 0 0 -1
    outer loop
      vertex -3.718 -6.60274 0
      vertex -4.28342 -6.29385 0
      vertex -4.24121 -6.24442 0
    endloop
  endfacet
  facet normal 0 0 -1
    outer loop
      vertex -3.718 -6.60274 0
      vertex -4.32814 -6.34027 0
      vertex -4.28342 -6.29385 0
    endloop
  endfacet
  facet normal 0 0 -1
    outer loop
      vertex -3.718 -6.60274 0
      vertex -4.37538 -6.38365 0
      vertex -4.32814 -6.34027 0
    endloop
  endfacet
  facet normal 0 0 -1
    outer loop
      vertex -3.718 -6.60274 0
      vertex -4.42514 -6.424 0
      vertex -4.37538 -6.38365 0
    endloop
  endfacet
  facet normal 0 0 -1
    outer loop
      vertex -3.718 -6.60274 0
      vertex -4.47742 -6.46133 0
      vertex -4.42514 -6.424 0
    endloop
  endfacet
  facet normal 0 0 -1
    outer loop
      vertex -3.718 -6.60274 0
      vertex -4.53221 -6.49564 0
      vertex -4.47742 -6.46133 0
    endloop
  endfacet
  facet normal 0 0 -1
    outer loop
      vertex -3.718 -6.60274 0
      vertex -4.58952 -6.5269 0
      vertex -4.53221 -6.49564 0
    endloop
  endfacet
  facet normal -0 0 -1
    outer loop
      vertex -2.12311 -6.60274 0
      vertex -6.89999 -7.575 0
      vertex -3.718 -6.60274 0
    endloop
  endfacet
  facet normal 0 0 -1
    outer loop
      vertex -3.718 -6.60274 0
      vertex -4.64919 -6.55453 0
      vertex -4.58952 -6.5269 0
    endloop
  endfacet
  facet normal 0 0 -1
    outer loop
      vertex -3.718 -6.60274 0
      vertex -4.71101 -6.57793 0
      vertex -4.64919 -6.55453 0
    endloop
  endfacet
  facet normal 0 -0 -1
    outer loop
      vertex -4.84122 -6.61194 0
      vertex -3.718 -6.60274 0
      vertex -6.89999 -7.575 0
    endloop
  endfacet
  facet normal 0 0 -1
    outer loop
      vertex -3.718 -6.60274 0
      vertex -4.77502 -6.59705 0
      vertex -4.71101 -6.57793 0
    endloop
  endfacet
  facet normal -0 0 -1
    outer loop
      vertex -3.718 -6.60274 0
      vertex -4.84122 -6.61194 0
      vertex -4.77502 -6.59705 0
    endloop
  endfacet
  facet normal 0 0 -1
    outer loop
      vertex -4.84122 -6.61194 0
      vertex -6.89999 -7.575 0
      vertex -4.90958 -6.62256 0
    endloop
  endfacet
  facet normal 0 0 -1
    outer loop
      vertex -4.90958 -6.62256 0
      vertex -6.89999 -7.575 0
      vertex -4.98012 -6.62894 0
    endloop
  endfacet
  facet normal 0 0 -1
    outer loop
      vertex -4.98012 -6.62894 0
      vertex -6.89999 -7.575 0
      vertex -5.05284 -6.63106 0
    endloop
  endfacet
  facet normal -0 0 -1
    outer loop
      vertex -5.05284 -6.63106 0
      vertex -6.89999 -7.575 0
      vertex -5.11414 -6.62988 0
    endloop
  endfacet
  facet normal -0 0 -1
    outer loop
      vertex -5.81277 -6.38107 0
      vertex -6.89999 -7.575 0
      vertex -5.84113 -4.36292 0
    endloop
  endfacet
  facet normal -0 0 -1
    outer loop
      vertex -5.7643 -6.41808 0
      vertex -6.89999 -7.575 0
      vertex -5.81277 -6.38107 0
    endloop
  endfacet
  facet normal -0 0 -1
    outer loop
      vertex -5.71503 -6.45189 0
      vertex -6.89999 -7.575 0
      vertex -5.7643 -6.41808 0
    endloop
  endfacet
  facet normal -0 0 -1
    outer loop
      vertex -5.66498 -6.48256 0
      vertex -6.89999 -7.575 0
      vertex -5.71503 -6.45189 0
    endloop
  endfacet
  facet normal -0 0 -1
    outer loop
      vertex -5.61415 -6.51006 0
      vertex -6.89999 -7.575 0
      vertex -5.66498 -6.48256 0
    endloop
  endfacet
  facet normal -0 0 -1
    outer loop
      vertex -5.56255 -6.53439 0
      vertex -6.89999 -7.575 0
      vertex -5.61415 -6.51006 0
    endloop
  endfacet
  facet normal -0 0 -1
    outer loop
      vertex -5.51015 -6.55557 0
      vertex -6.89999 -7.575 0
      vertex -5.56255 -6.53439 0
    endloop
  endfacet
  facet normal -0 0 -1
    outer loop
      vertex -5.45697 -6.57358 0
      vertex -6.89999 -7.575 0
      vertex -5.51015 -6.55557 0
    endloop
  endfacet
  facet normal -0 0 -1
    outer loop
      vertex -5.40282 -6.58884 0
      vertex -6.89999 -7.575 0
      vertex -5.45697 -6.57358 0
    endloop
  endfacet
  facet normal -0 0 -1
    outer loop
      vertex -5.34746 -6.60173 0
      vertex -6.89999 -7.575 0
      vertex -5.40282 -6.58884 0
    endloop
  endfacet
  facet normal -0 0 -1
    outer loop
      vertex -5.29091 -6.61229 0
      vertex -6.89999 -7.575 0
      vertex -5.34746 -6.60173 0
    endloop
  endfacet
  facet normal -0 0 -1
    outer loop
      vertex -5.23318 -6.6205 0
      vertex -6.89999 -7.575 0
      vertex -5.29091 -6.61229 0
    endloop
  endfacet
  facet normal -0 0 -1
    outer loop
      vertex -5.17426 -6.62637 0
      vertex -6.89999 -7.575 0
      vertex -5.23318 -6.6205 0
    endloop
  endfacet
  facet normal -0 0 -1
    outer loop
      vertex -5.11414 -6.62988 0
      vertex -6.89999 -7.575 0
      vertex -5.17426 -6.62637 0
    endloop
  endfacet
  facet normal 0 0 -1
    outer loop
      vertex 5.78653 -4.81102 0
      vertex 6.89999 -3.175 0
      vertex 6.89999 -7.575 0
    endloop
  endfacet
  facet normal 0 0 -1
    outer loop
      vertex 5.78618 -4.7272 0
      vertex 6.89999 -3.175 0
      vertex 5.78769 -4.77454 0
    endloop
  endfacet
  facet normal 0 0 -1
    outer loop
      vertex 5.78163 -4.68141 0
      vertex 6.89999 -3.175 0
      vertex 5.78618 -4.7272 0
    endloop
  endfacet
  facet normal 0 0 -1
    outer loop
      vertex 5.77406 -4.63715 0
      vertex 6.89999 -3.175 0
      vertex 5.78163 -4.68141 0
    endloop
  endfacet
  facet normal 0 0 -1
    outer loop
      vertex 5.76347 -4.59442 0
      vertex 6.89999 -3.175 0
      vertex 5.77406 -4.63715 0
    endloop
  endfacet
  facet normal 0 0 -1
    outer loop
      vertex 5.74985 -4.55321 0
      vertex 6.89999 -3.175 0
      vertex 5.76347 -4.59442 0
    endloop
  endfacet
  facet normal 0 0 -1
    outer loop
      vertex 5.7332 -4.51353 0
      vertex 6.89999 -3.175 0
      vertex 5.74985 -4.55321 0
    endloop
  endfacet
  facet normal 0 0 -1
    outer loop
      vertex 5.71353 -4.4754 0
      vertex 6.89999 -3.175 0
      vertex 5.7332 -4.51353 0
    endloop
  endfacet
  facet normal 0 0 -1
    outer loop
      vertex 5.69138 -4.43887 0
      vertex 6.89999 -3.175 0
      vertex 5.71353 -4.4754 0
    endloop
  endfacet
  facet normal 0 0 -1
    outer loop
      vertex 5.66728 -4.40404 0
      vertex 6.89999 -3.175 0
      vertex 5.69138 -4.43887 0
    endloop
  endfacet
  facet normal 0 0 -1
    outer loop
      vertex 5.64124 -4.37091 0
      vertex 6.89999 -3.175 0
      vertex 5.66728 -4.40404 0
    endloop
  endfacet
  facet normal 0 0 -1
    outer loop
      vertex 5.61327 -4.33949 0
      vertex 6.89999 -3.175 0
      vertex 5.64124 -4.37091 0
    endloop
  endfacet
  facet normal 0 0 -1
    outer loop
      vertex 5.58336 -4.30977 0
      vertex 6.89999 -3.175 0
      vertex 5.61327 -4.33949 0
    endloop
  endfacet
  facet normal 0 0 -1
    outer loop
      vertex 5.5515 -4.28174 0
      vertex 6.89999 -3.175 0
      vertex 5.58336 -4.30977 0
    endloop
  endfacet
  facet normal 0 0 -1
    outer loop
      vertex 5.51772 -4.25542 0
      vertex 6.89999 -3.175 0
      vertex 5.5515 -4.28174 0
    endloop
  endfacet
  facet normal 0 0 -1
    outer loop
      vertex 5.4823 -4.23082 0
      vertex 6.89999 -3.175 0
      vertex 5.51772 -4.25542 0
    endloop
  endfacet
  facet normal 0 0 -1
    outer loop
      vertex 5.44554 -4.20801 0
      vertex 6.89999 -3.175 0
      vertex 5.4823 -4.23082 0
    endloop
  endfacet
  facet normal 0 0 -1
    outer loop
      vertex 5.40747 -4.18695 0
      vertex 6.89999 -3.175 0
      vertex 5.44554 -4.20801 0
    endloop
  endfacet
  facet normal 0 0 -1
    outer loop
      vertex 5.36807 -4.16766 0
      vertex 6.89999 -3.175 0
      vertex 5.40747 -4.18695 0
    endloop
  endfacet
  facet normal 0 0 -1
    outer loop
      vertex 5.32735 -4.15016 0
      vertex 6.89999 -3.175 0
      vertex 5.36807 -4.16766 0
    endloop
  endfacet
  facet normal 0 0 -1
    outer loop
      vertex 5.28529 -4.13441 0
      vertex 6.89999 -3.175 0
      vertex 5.32735 -4.15016 0
    endloop
  endfacet
  facet normal 0 0 -1
    outer loop
      vertex 5.24191 -4.12044 0
      vertex 6.89999 -3.175 0
      vertex 5.28529 -4.13441 0
    endloop
  endfacet
  facet normal 0 0 -1
    outer loop
      vertex 5.19774 -4.10828 0
      vertex 6.89999 -3.175 0
      vertex 5.24191 -4.12044 0
    endloop
  endfacet
  facet normal 0 0 -1
    outer loop
      vertex 5.15334 -4.09799 0
      vertex 6.89999 -3.175 0
      vertex 5.19774 -4.10828 0
    endloop
  endfacet
  facet normal 0 0 -1
    outer loop
      vertex 5.10869 -4.08957 0
      vertex 6.89999 -3.175 0
      vertex 5.15334 -4.09799 0
    endloop
  endfacet
  facet normal 0 0 -1
    outer loop
      vertex 5.06381 -4.08302 0
      vertex 6.89999 -3.175 0
      vertex 5.10869 -4.08957 0
    endloop
  endfacet
  facet normal 0 0 -1
    outer loop
      vertex 5.01869 -4.07834 0
      vertex 6.89999 -3.175 0
      vertex 5.06381 -4.08302 0
    endloop
  endfacet
  facet normal 0 0 -1
    outer loop
      vertex 4.97334 -4.07553 0
      vertex 6.89999 -3.175 0
      vertex 5.01869 -4.07834 0
    endloop
  endfacet
  facet normal 0 0 -1
    outer loop
      vertex 4.92775 -4.0746 0
      vertex 6.89999 -3.175 0
      vertex 4.97334 -4.07553 0
    endloop
  endfacet
  facet normal 0 0 -1
    outer loop
      vertex 4.87234 -4.07585 0
      vertex 6.89999 -3.175 0
      vertex 4.92775 -4.0746 0
    endloop
  endfacet
  facet normal 0 0 -1
    outer loop
      vertex 4.81755 -4.07964 0
      vertex 6.89999 -3.175 0
      vertex 4.87234 -4.07585 0
    endloop
  endfacet
  facet normal 0 0 -1
    outer loop
      vertex 4.76338 -4.08592 0
      vertex 6.89999 -3.175 0
      vertex 4.81755 -4.07964 0
    endloop
  endfacet
  facet normal 0 0 -1
    outer loop
      vertex 3.929 -4.10292 0
      vertex 4.76338 -4.08592 0
      vertex 4.70981 -4.09473 0
    endloop
  endfacet
  facet normal 0 0 -1
    outer loop
      vertex 3.929 -4.10292 0
      vertex 4.70981 -4.09473 0
      vertex 4.65686 -4.10605 0
    endloop
  endfacet
  facet normal 0 0 -1
    outer loop
      vertex 3.929 -4.10292 0
      vertex 4.65686 -4.10605 0
      vertex 4.60452 -4.11989 0
    endloop
  endfacet
  facet normal 0 0 -1
    outer loop
      vertex 3.929 -4.10292 0
      vertex 4.60452 -4.11989 0
      vertex 4.5528 -4.13626 0
    endloop
  endfacet
  facet normal 0 0 -1
    outer loop
      vertex 3.929 -4.10292 0
      vertex 4.5528 -4.13626 0
      vertex 4.50127 -4.15512 0
    endloop
  endfacet
  facet normal 0 0 -1
    outer loop
      vertex 3.929 -4.10292 0
      vertex 4.18443 -5.55873 0
      vertex 4.17265 -5.58206 0
    endloop
  endfacet
  facet normal 0 0 -1
    outer loop
      vertex 3.929 -4.10292 0
      vertex 4.17265 -5.58206 0
      vertex 4.16179 -5.60606 0
    endloop
  endfacet
  facet normal 0 0 -1
    outer loop
      vertex 3.929 -4.10292 0
      vertex 4.16179 -5.60606 0
      vertex 4.15184 -5.63077 0
    endloop
  endfacet
  facet normal 0 0 -1
    outer loop
      vertex 3.929 -4.10292 0
      vertex 4.15184 -5.63077 0
      vertex 4.14281 -5.65613 0
    endloop
  endfacet
  facet normal 0 0 -1
    outer loop
      vertex 3.929 -4.10292 0
      vertex 4.14281 -5.65613 0
      vertex 4.13484 -5.68225 0
    endloop
  endfacet
  facet normal 0 0 -1
    outer loop
      vertex 3.87068 -6.21776 0
      vertex 4.13484 -5.68225 0
      vertex 4.12811 -5.7092 0
    endloop
  endfacet
  facet normal 0 0 -1
    outer loop
      vertex 3.87068 -6.21776 0
      vertex 4.12811 -5.7092 0
      vertex 4.1226 -5.73695 0
    endloop
  endfacet
  facet normal 0 0 -1
    outer loop
      vertex 3.87068 -6.21776 0
      vertex 4.1226 -5.73695 0
      vertex 4.11832 -5.76552 0
    endloop
  endfacet
  facet normal 0 0 -1
    outer loop
      vertex 3.87068 -6.21776 0
      vertex 4.11832 -5.76552 0
      vertex 4.11525 -5.79491 0
    endloop
  endfacet
  facet normal 0 0 -1
    outer loop
      vertex 3.87068 -6.21776 0
      vertex 4.11525 -5.79491 0
      vertex 4.11342 -5.8251 0
    endloop
  endfacet
  facet normal 0 0 -1
    outer loop
      vertex 3.87068 -6.21776 0
      vertex 4.11342 -5.8251 0
      vertex 4.11281 -5.85612 0
    endloop
  endfacet
  facet normal 0 0 -1
    outer loop
      vertex 4.2253 -5.49281 0
      vertex 3.929 -4.10292 0
      vertex 4.18781 -4.32124 0
    endloop
  endfacet
  facet normal 0 0 -1
    outer loop
      vertex 3.929 -4.10292 0
      vertex 4.24055 -4.28726 0
      vertex 4.18781 -4.32124 0
    endloop
  endfacet
  facet normal 0 0 -1
    outer loop
      vertex 3.929 -4.10292 0
      vertex 4.29311 -4.2558 0
      vertex 4.24055 -4.28726 0
    endloop
  endfacet
  facet normal 0 0 -1
    outer loop
      vertex 3.929 -4.10292 0
      vertex 4.34544 -4.22685 0
      vertex 4.29311 -4.2558 0
    endloop
  endfacet
  facet normal 0 0 -1
    outer loop
      vertex 3.929 -4.10292 0
      vertex 4.3976 -4.20042 0
      vertex 4.34544 -4.22685 0
    endloop
  endfacet
  facet normal 0 0 -1
    outer loop
      vertex 3.929 -4.10292 0
      vertex 4.44952 -4.17651 0
      vertex 4.3976 -4.20042 0
    endloop
  endfacet
  facet normal 0 0 -1
    outer loop
      vertex 3.929 -4.10292 0
      vertex 4.50127 -4.15512 0
      vertex 4.44952 -4.17651 0
    endloop
  endfacet
  facet normal -0 0 -1
    outer loop
      vertex 4.76338 -4.08592 0
      vertex 3.929 -4.10292 0
      vertex 6.89999 -3.175 0
    endloop
  endfacet
  facet normal 0 0 -1
    outer loop
      vertex 2.32076 -4.10292 0
      vertex 6.89999 -3.175 0
      vertex 3.929 -4.10292 0
    endloop
  endfacet
  facet normal 0 -0 -1
    outer loop
      vertex 1.99921 -4.11293 0
      vertex 2.32076 -4.48288 0
      vertex 1.94922 -4.49788 0
    endloop
  endfacet
  facet normal 0 0 -1
    outer loop
      vertex 1.40091 -4.06291 0
      vertex 2.32076 -4.10292 0
      vertex 1.99921 -4.11293 0
    endloop
  endfacet
  facet normal 0 0 -1
    outer loop
      vertex 2.32076 -4.10292 0
      vertex 1.40091 -4.06291 0
      vertex 6.89999 -3.175 0
    endloop
  endfacet
  facet normal 0 0 -1
    outer loop
      vertex 0.5793 -5.27116 0
      vertex 0.827621 -5.26785 0
      vertex 0.702637 -5.7728 0
    endloop
  endfacet
  facet normal 0 0 -1
    outer loop
      vertex 0.0326691 -4.11125 0
      vertex 0.827621 -5.26785 0
      vertex 0.5793 -5.27116 0
    endloop
  endfacet
  facet normal 0 0 -1
    outer loop
      vertex 0.827621 -5.26785 0
      vertex 0.0326691 -4.11125 0
      vertex 1.40091 -4.06291 0
    endloop
  endfacet
  facet normal 0 0 -1
    outer loop
      vertex -0.550613 -4.0596 0
      vertex 1.40091 -4.06291 0
      vertex 0.0326691 -4.11125 0
    endloop
  endfacet
  facet normal 0 0 -1
    outer loop
      vertex 1.40091 -4.06291 0
      vertex -0.550613 -4.0596 0
      vertex 6.89999 -3.175 0
    endloop
  endfacet
  facet normal 0 0 -1
    outer loop
      vertex -6.89999 -3.175 0
      vertex -0.550613 -4.0596 0
      vertex -2.09311 -4.10292 0
    endloop
  endfacet
  facet normal 0 0 -1
    outer loop
      vertex -6.89999 -3.175 0
      vertex -2.09311 -4.10292 0
      vertex -3.70135 -4.10292 0
    endloop
  endfacet
  facet normal 0 0 -1
    outer loop
      vertex -3.59135 -5.07619 0
      vertex -3.94765 -5.24979 0
      vertex -3.95183 -5.17941 0
    endloop
  endfacet
  facet normal 0 0 -1
    outer loop
      vertex -3.59135 -5.07619 0
      vertex -3.95183 -5.17941 0
      vertex -3.9588 -5.11006 0
    endloop
  endfacet
  facet normal -0 0 -1
    outer loop
      vertex -3.59135 -5.07619 0
      vertex -3.9588 -5.11006 0
      vertex -3.96855 -5.04173 0
    endloop
  endfacet
  facet normal 0 0 -1
    outer loop
      vertex -3.98111 -4.97443 0
      vertex -3.59135 -5.07619 0
      vertex -3.96855 -5.04173 0
    endloop
  endfacet
  facet normal 0 0 -1
    outer loop
      vertex -3.99644 -4.90814 0
      vertex -3.59135 -5.07619 0
      vertex -3.98111 -4.97443 0
    endloop
  endfacet
  facet normal 0 0 -1
    outer loop
      vertex -3.59135 -5.07619 0
      vertex -3.99644 -4.90814 0
      vertex -3.70135 -4.48288 0
    endloop
  endfacet
  facet normal 0 0 -1
    outer loop
      vertex -4.01457 -4.84288 0
      vertex -3.70135 -4.48288 0
      vertex -3.99644 -4.90814 0
    endloop
  endfacet
  facet normal 0 0 -1
    outer loop
      vertex -4.03558 -4.77927 0
      vertex -3.70135 -4.48288 0
      vertex -4.01457 -4.84288 0
    endloop
  endfacet
  facet normal 0 0 -1
    outer loop
      vertex -4.05954 -4.71793 0
      vertex -3.70135 -4.48288 0
      vertex -4.03558 -4.77927 0
    endloop
  endfacet
  facet normal 0 0 -1
    outer loop
      vertex -4.08646 -4.65886 0
      vertex -3.70135 -4.48288 0
      vertex -4.05954 -4.71793 0
    endloop
  endfacet
  facet normal 0 0 -1
    outer loop
      vertex -4.11633 -4.60208 0
      vertex -3.70135 -4.48288 0
      vertex -4.08646 -4.65886 0
    endloop
  endfacet
  facet normal 0 0 -1
    outer loop
      vertex -4.14917 -4.54758 0
      vertex -3.70135 -4.48288 0
      vertex -4.11633 -4.60208 0
    endloop
  endfacet
  facet normal 0 0 -1
    outer loop
      vertex -4.18495 -4.49535 0
      vertex -3.70135 -4.48288 0
      vertex -4.14917 -4.54758 0
    endloop
  endfacet
  facet normal -0 0 -1
    outer loop
      vertex -3.70135 -4.48288 0
      vertex -4.18495 -4.49535 0
      vertex -3.70135 -4.10292 0
    endloop
  endfacet
  facet normal 0 0 -1
    outer loop
      vertex -4.22371 -4.4454 0
      vertex -3.70135 -4.10292 0
      vertex -4.18495 -4.49535 0
    endloop
  endfacet
  facet normal 0 0 -1
    outer loop
      vertex -4.26546 -4.39804 0
      vertex -3.70135 -4.10292 0
      vertex -4.22371 -4.4454 0
    endloop
  endfacet
  facet normal 0 0 -1
    outer loop
      vertex -4.31024 -4.35356 0
      vertex -3.70135 -4.10292 0
      vertex -4.26546 -4.39804 0
    endloop
  endfacet
  facet normal 0 0 -1
    outer loop
      vertex -4.35805 -4.31198 0
      vertex -3.70135 -4.10292 0
      vertex -4.31024 -4.35356 0
    endloop
  endfacet
  facet normal 0 0 -1
    outer loop
      vertex -4.40887 -4.2733 0
      vertex -3.70135 -4.10292 0
      vertex -4.35805 -4.31198 0
    endloop
  endfacet
  facet normal 0 0 -1
    outer loop
      vertex -4.46274 -4.2375 0
      vertex -3.70135 -4.10292 0
      vertex -4.40887 -4.2733 0
    endloop
  endfacet
  facet normal 0 0 -1
    outer loop
      vertex -4.51962 -4.20459 0
      vertex -3.70135 -4.10292 0
      vertex -4.46274 -4.2375 0
    endloop
  endfacet
  facet normal 0 0 -1
    outer loop
      vertex -4.57953 -4.17458 0
      vertex -3.70135 -4.10292 0
      vertex -4.51962 -4.20459 0
    endloop
  endfacet
  facet normal 0 0 -1
    outer loop
      vertex -4.64256 -4.14806 0
      vertex -3.70135 -4.10292 0
      vertex -4.57953 -4.17458 0
    endloop
  endfacet
  facet normal 0 0 -1
    outer loop
      vertex -4.70879 -4.12561 0
      vertex -3.70135 -4.10292 0
      vertex -4.64256 -4.14806 0
    endloop
  endfacet
  facet normal 0 0 -1
    outer loop
      vertex -4.7782 -4.10724 0
      vertex -3.70135 -4.10292 0
      vertex -4.70879 -4.12561 0
    endloop
  endfacet
  facet normal 0 0 -1
    outer loop
      vertex -4.85081 -4.09296 0
      vertex -3.70135 -4.10292 0
      vertex -4.7782 -4.10724 0
    endloop
  endfacet
  facet normal 0 0 -1
    outer loop
      vertex -3.70135 -4.10292 0
      vertex -4.85081 -4.09296 0
      vertex -6.89999 -3.175 0
    endloop
  endfacet
  facet normal 0 0 -1
    outer loop
      vertex -6.89999 -3.175 0
      vertex -4.85081 -4.09296 0
      vertex -4.92662 -4.08276 0
    endloop
  endfacet
  facet normal 0 0 -1
    outer loop
      vertex -6.89999 -3.175 0
      vertex -4.92662 -4.08276 0
      vertex -5.00563 -4.07664 0
    endloop
  endfacet
  facet normal 0 0 -1
    outer loop
      vertex -6.89999 -3.175 0
      vertex -5.00563 -4.07664 0
      vertex -5.08783 -4.0746 0
    endloop
  endfacet
  facet normal 0 0 -1
    outer loop
      vertex -6.89999 -3.175 0
      vertex -5.08783 -4.0746 0
      vertex -5.14886 -4.07611 0
    endloop
  endfacet
  facet normal 0 0 -1
    outer loop
      vertex -0.550613 -4.0596 0
      vertex -6.89999 -3.175 0
      vertex 6.89999 -3.175 0
    endloop
  endfacet
  facet normal 0 0 -1
    outer loop
      vertex -5.20912 -4.08066 0
      vertex -6.89999 -3.175 0
      vertex -5.14886 -4.07611 0
    endloop
  endfacet
  facet normal 0 0 -1
    outer loop
      vertex -5.26859 -4.08823 0
      vertex -6.89999 -3.175 0
      vertex -5.20912 -4.08066 0
    endloop
  endfacet
  facet normal 0 0 -1
    outer loop
      vertex -5.32727 -4.09882 0
      vertex -6.89999 -3.175 0
      vertex -5.26859 -4.08823 0
    endloop
  endfacet
  facet normal 0 0 -1
    outer loop
      vertex -5.38518 -4.11243 0
      vertex -6.89999 -3.175 0
      vertex -5.32727 -4.09882 0
    endloop
  endfacet
  facet normal 0 0 -1
    outer loop
      vertex -5.44231 -4.12909 0
      vertex -6.89999 -3.175 0
      vertex -5.38518 -4.11243 0
    endloop
  endfacet
  facet normal 0 0 -1
    outer loop
      vertex -5.49864 -4.14876 0
      vertex -6.89999 -3.175 0
      vertex -5.44231 -4.12909 0
    endloop
  endfacet
  facet normal 0 0 -1
    outer loop
      vertex -5.55359 -4.1713 0
      vertex -6.89999 -3.175 0
      vertex -5.49864 -4.14876 0
    endloop
  endfacet
  facet normal 0 0 -1
    outer loop
      vertex -5.60652 -4.1965 0
      vertex -6.89999 -3.175 0
      vertex -5.55359 -4.1713 0
    endloop
  endfacet
  facet normal 0 0 -1
    outer loop
      vertex -5.65746 -4.22441 0
      vertex -6.89999 -3.175 0
      vertex -5.60652 -4.1965 0
    endloop
  endfacet
  facet normal 0 0 -1
    outer loop
      vertex -5.70638 -4.255 0
      vertex -6.89999 -3.175 0
      vertex -5.65746 -4.22441 0
    endloop
  endfacet
  facet normal 0 0 -1
    outer loop
      vertex -5.7533 -4.28828 0
      vertex -6.89999 -3.175 0
      vertex -5.70638 -4.255 0
    endloop
  endfacet
  facet normal 0 0 -1
    outer loop
      vertex -5.79822 -4.32425 0
      vertex -6.89999 -3.175 0
      vertex -5.7533 -4.28828 0
    endloop
  endfacet
  facet normal 0 0 -1
    outer loop
      vertex -5.84113 -4.36292 0
      vertex -6.89999 -3.175 0
      vertex -5.79822 -4.32425 0
    endloop
  endfacet
  facet normal 0 0 -1
    outer loop
      vertex -6.89999 -3.175 0
      vertex -5.84113 -4.36292 0
      vertex -6.89999 -7.575 0
    endloop
  endfacet
  facet normal 0 0 -1
    outer loop
      vertex 0.0954285 5.90363 0
      vertex -0.123291 5.90363 0
      vertex -0.0149536 6.67648 0
    endloop
  endfacet
  facet normal 0 0 -1
    outer loop
      vertex 0.270416 5.187 0
      vertex -0.123291 5.90363 0
      vertex 0.0954285 5.90363 0
    endloop
  endfacet
  facet normal 0 -0 -1
    outer loop
      vertex -0.123291 5.90363 0
      vertex 0.270416 5.187 0
      vertex -0.300385 5.187 0
    endloop
  endfacet
  facet normal -1 0 0
    outer loop
      vertex -11.25 -11.25 0
      vertex -11.25 11.25 3
      vertex -11.25 11.25 0
    endloop
  endfacet
  facet normal -1 -0 0
    outer loop
      vertex -11.25 11.25 3
      vertex -11.25 -11.25 0
      vertex -11.25 -11.25 3
    endloop
  endfacet
  facet normal 0 1 -0
    outer loop
      vertex 11.25 11.25 0
      vertex -11.25 11.25 3
      vertex 11.25 11.25 3
    endloop
  endfacet
  facet normal 0 1 0
    outer loop
      vertex -11.25 11.25 3
      vertex 11.25 11.25 0
      vertex -11.25 11.25 0
    endloop
  endfacet
  facet normal 0 -1 0
    outer loop
      vertex -11.25 -11.25 0
      vertex 11.25 -11.25 3
      vertex -11.25 -11.25 3
    endloop
  endfacet
  facet normal 0 -1 -0
    outer loop
      vertex 11.25 -11.25 3
      vertex -11.25 -11.25 0
      vertex 11.25 -11.25 0
    endloop
  endfacet
  facet normal 1 -0 0
    outer loop
      vertex 10.25 -0.5 6.9
      vertex 10.25 0.5 3
      vertex 10.25 0.5 6.9
    endloop
  endfacet
  facet normal 1 0 0
    outer loop
      vertex 10.25 0.5 3
      vertex 10.25 -0.5 6.9
      vertex 10.25 -0.5 3
    endloop
  endfacet
  facet normal -1 0 0
    outer loop
      vertex 10.25 0.5 0.6
      vertex 10.25 10.25 3
      vertex 10.25 10.25 0.6
    endloop
  endfacet
  facet normal -1 -0 0
    outer loop
      vertex 10.25 10.25 3
      vertex 10.25 0.5 0.6
      vertex 10.25 0.5 3
    endloop
  endfacet
  facet normal -1 0 0
    outer loop
      vertex 10.25 -10.25 0.6
      vertex 10.25 -0.5 3
      vertex 10.25 -0.5 0.6
    endloop
  endfacet
  facet normal -1 -0 0
    outer loop
      vertex 10.25 -0.5 3
      vertex 10.25 -10.25 0.6
      vertex 10.25 -10.25 3
    endloop
  endfacet
  facet normal -1 0 0
    outer loop
      vertex -10.25 -0.5 3
      vertex -10.25 0.5 6.9
      vertex -10.25 0.5 3
    endloop
  endfacet
  facet normal -1 -0 0
    outer loop
      vertex -10.25 0.5 6.9
      vertex -10.25 -0.5 3
      vertex -10.25 -0.5 6.9
    endloop
  endfacet
  facet normal 1 -0 0
    outer loop
      vertex -10.25 -10.25 3
      vertex -10.25 -0.5 0.6
      vertex -10.25 -0.5 3
    endloop
  endfacet
  facet normal 1 0 0
    outer loop
      vertex -10.25 -0.5 0.6
      vertex -10.25 -10.25 3
      vertex -10.25 -10.25 0.6
    endloop
  endfacet
  facet normal 1 -0 0
    outer loop
      vertex -10.25 0.5 3
      vertex -10.25 10.25 0.6
      vertex -10.25 10.25 3
    endloop
  endfacet
  facet normal 1 0 0
    outer loop
      vertex -10.25 10.25 0.6
      vertex -10.25 0.5 3
      vertex -10.25 0.5 0.6
    endloop
  endfacet
  facet normal 0 -1 0
    outer loop
      vertex -10.25 10.25 0.6
      vertex -3.5 10.25 3
      vertex -10.25 10.25 3
    endloop
  endfacet
  facet normal 0 -1 -0
    outer loop
      vertex -3.5 10.25 3
      vertex -10.25 10.25 0.6
      vertex -3.5 10.25 0.6
    endloop
  endfacet
  facet normal 0 -1 0
    outer loop
      vertex 3.5 10.25 0.6
      vertex 10.25 10.25 3
      vertex 3.5 10.25 3
    endloop
  endfacet
  facet normal 0 -1 -0
    outer loop
      vertex 10.25 10.25 3
      vertex 3.5 10.25 0.6
      vertex 10.25 10.25 0.6
    endloop
  endfacet
  facet normal 0 1 -0
    outer loop
      vertex -3.5 -10.25 0.6
      vertex -10.25 -10.25 3
      vertex -3.5 -10.25 3
    endloop
  endfacet
  facet normal 0 1 0
    outer loop
      vertex -10.25 -10.25 3
      vertex -3.5 -10.25 0.6
      vertex -10.25 -10.25 0.6
    endloop
  endfacet
  facet normal 0 1 -0
    outer loop
      vertex 10.25 -10.25 0.6
      vertex 3.5 -10.25 3
      vertex 10.25 -10.25 3
    endloop
  endfacet
  facet normal 0 1 0
    outer loop
      vertex 3.5 -10.25 3
      vertex 10.25 -10.25 0.6
      vertex 3.5 -10.25 0.6
    endloop
  endfacet
  facet normal -0 0 1
    outer loop
      vertex -10.25 10.25 0.6
      vertex -3.5 9.25 0.6
      vertex -3.5 10.25 0.6
    endloop
  endfacet
  facet normal 0 0 1
    outer loop
      vertex -3.5 9.25 0.6
      vertex -10.25 10.25 0.6
      vertex -3.50255 4.85106 0.6
    endloop
  endfacet
  facet normal 0 0 1
    outer loop
      vertex -10.25 0.5 0.6
      vertex -3.50255 4.85106 0.6
      vertex -10.25 10.25 0.6
    endloop
  endfacet
  facet normal 0 0 1
    outer loop
      vertex -3.50255 4.85106 0.6
      vertex -10.25 0.5 0.6
      vertex -3.50485 4.81329 0.6
    endloop
  endfacet
  facet normal 0 0 1
    outer loop
      vertex 3.46503 6.03697 0.6
      vertex 10.25 10.25 0.6
      vertex 3.46936 6.08092 0.6
    endloop
  endfacet
  facet normal 0 0 1
    outer loop
      vertex 10.25 10.25 0.6
      vertex 3.46892 6.18568 0.6
      vertex 3.47081 6.12653 0.6
    endloop
  endfacet
  facet normal 0 0 1
    outer loop
      vertex 10.25 10.25 0.6
      vertex 3.46324 6.24292 0.6
      vertex 3.46892 6.18568 0.6
    endloop
  endfacet
  facet normal 0 0 1
    outer loop
      vertex 10.25 10.25 0.6
      vertex 3.45378 6.29825 0.6
      vertex 3.46324 6.24292 0.6
    endloop
  endfacet
  facet normal 0 0 1
    outer loop
      vertex 10.25 10.25 0.6
      vertex 3.44054 6.35167 0.6
      vertex 3.45378 6.29825 0.6
    endloop
  endfacet
  facet normal 0 0 1
    outer loop
      vertex 10.25 10.25 0.6
      vertex 3.42351 6.40317 0.6
      vertex 3.44054 6.35167 0.6
    endloop
  endfacet
  facet normal 0 0 1
    outer loop
      vertex 3.5 9.25 0.6
      vertex 3.40269 6.45276 0.6
      vertex 3.42351 6.40317 0.6
    endloop
  endfacet
  facet normal 0 0 1
    outer loop
      vertex 3.5 9.25 0.6
      vertex 3.3781 6.50044 0.6
      vertex 3.40269 6.45276 0.6
    endloop
  endfacet
  facet normal 0 0 1
    outer loop
      vertex 3.5 9.25 0.6
      vertex 3.3504 6.5461 0.6
      vertex 3.3781 6.50044 0.6
    endloop
  endfacet
  facet normal 0 0 1
    outer loop
      vertex 3.5 9.25 0.6
      vertex 3.32028 6.58963 0.6
      vertex 3.3504 6.5461 0.6
    endloop
  endfacet
  facet normal 0 0 1
    outer loop
      vertex 3.5 9.25 0.6
      vertex 3.28773 6.63104 0.6
      vertex 3.32028 6.58963 0.6
    endloop
  endfacet
  facet normal 0 0 1
    outer loop
      vertex 3.5 9.25 0.6
      vertex 3.25278 6.67033 0.6
      vertex 3.28773 6.63104 0.6
    endloop
  endfacet
  facet normal 0 0 1
    outer loop
      vertex 3.5 9.25 0.6
      vertex 3.21538 6.70749 0.6
      vertex 3.25278 6.67033 0.6
    endloop
  endfacet
  facet normal 0 0 1
    outer loop
      vertex 3.5 9.25 0.6
      vertex 3.17557 6.74252 0.6
      vertex 3.21538 6.70749 0.6
    endloop
  endfacet
  facet normal 0 0 1
    outer loop
      vertex 3.5 9.25 0.6
      vertex 3.13333 6.77542 0.6
      vertex 3.17557 6.74252 0.6
    endloop
  endfacet
  facet normal 0 0 1
    outer loop
      vertex 3.5 9.25 0.6
      vertex 3.08905 6.80615 0.6
      vertex 3.13333 6.77542 0.6
    endloop
  endfacet
  facet normal 0 0 1
    outer loop
      vertex 3.5 9.25 0.6
      vertex 3.04312 6.83469 0.6
      vertex 3.08905 6.80615 0.6
    endloop
  endfacet
  facet normal 0 0 1
    outer loop
      vertex 3.5 9.25 0.6
      vertex 2.99553 6.86099 0.6
      vertex 3.04312 6.83469 0.6
    endloop
  endfacet
  facet normal 0 0 1
    outer loop
      vertex 3.5 9.25 0.6
      vertex 2.94627 6.8851 0.6
      vertex 2.99553 6.86099 0.6
    endloop
  endfacet
  facet normal 0 0 1
    outer loop
      vertex 3.5 9.25 0.6
      vertex 2.89537 6.907 0.6
      vertex 2.94627 6.8851 0.6
    endloop
  endfacet
  facet normal 0 0 1
    outer loop
      vertex 3.5 9.25 0.6
      vertex 2.8428 6.92667 0.6
      vertex 2.89537 6.907 0.6
    endloop
  endfacet
  facet normal 0 0 1
    outer loop
      vertex 3.5 9.25 0.6
      vertex 2.78857 6.94414 0.6
      vertex 2.8428 6.92667 0.6
    endloop
  endfacet
  facet normal 0 0 1
    outer loop
      vertex 3.5 9.25 0.6
      vertex 2.73337 6.95935 0.6
      vertex 2.78857 6.94414 0.6
    endloop
  endfacet
  facet normal 0 0 1
    outer loop
      vertex 3.5 9.25 0.6
      vertex 2.67786 6.97221 0.6
      vertex 2.73337 6.95935 0.6
    endloop
  endfacet
  facet normal 0 0 1
    outer loop
      vertex 3.5 9.25 0.6
      vertex 2.62206 6.98273 0.6
      vertex 2.67786 6.97221 0.6
    endloop
  endfacet
  facet normal 0 0 1
    outer loop
      vertex 3.5 9.25 0.6
      vertex 2.56595 6.99092 0.6
      vertex 2.62206 6.98273 0.6
    endloop
  endfacet
  facet normal 0 0 1
    outer loop
      vertex 3.5 9.25 0.6
      vertex 2.50955 6.99677 0.6
      vertex 2.56595 6.99092 0.6
    endloop
  endfacet
  facet normal 0 0 1
    outer loop
      vertex 3.5 9.25 0.6
      vertex 2.45287 7.00027 0.6
      vertex 2.50955 6.99677 0.6
    endloop
  endfacet
  facet normal 0 0 1
    outer loop
      vertex 3.5 9.25 0.6
      vertex 2.39587 7.00145 0.6
      vertex 2.45287 7.00027 0.6
    endloop
  endfacet
  facet normal 0 0 1
    outer loop
      vertex 3.5 9.25 0.6
      vertex 2.32661 6.99986 0.6
      vertex 2.39587 7.00145 0.6
    endloop
  endfacet
  facet normal 0 0 1
    outer loop
      vertex 3.5 9.25 0.6
      vertex 2.25813 6.99515 0.6
      vertex 2.32661 6.99986 0.6
    endloop
  endfacet
  facet normal 0 0 1
    outer loop
      vertex 3.5 9.25 0.6
      vertex 2.19041 6.98729 0.6
      vertex 2.25813 6.99515 0.6
    endloop
  endfacet
  facet normal 0 0 1
    outer loop
      vertex 3.5 9.25 0.6
      vertex 2.12346 6.97627 0.6
      vertex 2.19041 6.98729 0.6
    endloop
  endfacet
  facet normal 0 0 1
    outer loop
      vertex 3.5 9.25 0.6
      vertex 2.05727 6.96213 0.6
      vertex 2.12346 6.97627 0.6
    endloop
  endfacet
  facet normal 0 0 1
    outer loop
      vertex 3.5 9.25 0.6
      vertex 1.99184 6.94482 0.6
      vertex 2.05727 6.96213 0.6
    endloop
  endfacet
  facet normal 0 0 1
    outer loop
      vertex 3.5 9.25 0.6
      vertex 1.92719 6.92438 0.6
      vertex 1.99184 6.94482 0.6
    endloop
  endfacet
  facet normal -0 0 1
    outer loop
      vertex 0.407898 6.95354 0.6
      vertex 1.92719 6.92438 0.6
      vertex 3.5 9.25 0.6
    endloop
  endfacet
  facet normal 0 0 1
    outer loop
      vertex 1.92719 6.92438 0.6
      vertex 0.407898 6.95354 0.6
      vertex 1.86276 6.90077 0.6
    endloop
  endfacet
  facet normal 0 0 1
    outer loop
      vertex 1.86276 6.90077 0.6
      vertex 0.407898 6.95354 0.6
      vertex 1.7981 6.87404 0.6
    endloop
  endfacet
  facet normal 0 0 1
    outer loop
      vertex 1.7981 6.87404 0.6
      vertex 0.407898 6.95354 0.6
      vertex 1.73318 6.84415 0.6
    endloop
  endfacet
  facet normal 0 0 1
    outer loop
      vertex 1.73318 6.84415 0.6
      vertex 0.407898 6.95354 0.6
      vertex 1.668 6.81111 0.6
    endloop
  endfacet
  facet normal 0 0 1
    outer loop
      vertex 1.668 6.81111 0.6
      vertex 0.407898 6.95354 0.6
      vertex 1.60257 6.77493 0.6
    endloop
  endfacet
  facet normal 0 0 1
    outer loop
      vertex 1.60257 6.77493 0.6
      vertex 0.407898 6.95354 0.6
      vertex 1.53688 6.73561 0.6
    endloop
  endfacet
  facet normal 0 0 1
    outer loop
      vertex 1.4826 5.17459 0.6
      vertex 0.480804 6.51607 0.6
      vertex 1.46674 5.14629 0.6
    endloop
  endfacet
  facet normal 0 0 1
    outer loop
      vertex 1.46674 5.14629 0.6
      vertex 0.480804 6.51607 0.6
      vertex 1.452 5.11711 0.6
    endloop
  endfacet
  facet normal 0 0 1
    outer loop
      vertex 1.452 5.11711 0.6
      vertex 0.480804 6.51607 0.6
      vertex 1.43842 5.0871 0.6
    endloop
  endfacet
  facet normal 0 0 1
    outer loop
      vertex 1.43842 5.0871 0.6
      vertex 0.480804 6.51607 0.6
      vertex 1.42598 5.05623 0.6
    endloop
  endfacet
  facet normal 0 0 1
    outer loop
      vertex 1.42598 5.05623 0.6
      vertex 0.480804 6.51607 0.6
      vertex 1.41469 5.02452 0.6
    endloop
  endfacet
  facet normal 0 0 1
    outer loop
      vertex 1.41469 5.02452 0.6
      vertex 0.480804 6.51607 0.6
      vertex 1.40474 4.99187 0.6
    endloop
  endfacet
  facet normal 0 0 1
    outer loop
      vertex 1.40474 4.99187 0.6
      vertex 0.480804 6.51607 0.6
      vertex 1.39633 4.95819 0.6
    endloop
  endfacet
  facet normal 0 0 1
    outer loop
      vertex 1.39633 4.95819 0.6
      vertex 0.480804 6.51607 0.6
      vertex 1.38943 4.92349 0.6
    endloop
  endfacet
  facet normal 0 0 1
    outer loop
      vertex 1.38943 4.92349 0.6
      vertex 0.480804 6.51607 0.6
      vertex 1.38408 4.88779 0.6
    endloop
  endfacet
  facet normal 0 0 1
    outer loop
      vertex 1.38408 4.88779 0.6
      vertex 0.480804 6.51607 0.6
      vertex 1.38025 4.85106 0.6
    endloop
  endfacet
  facet normal 0 0 1
    outer loop
      vertex 0.480804 6.51607 0.6
      vertex 1.3772 4.77452 0.6
      vertex 1.37796 4.81329 0.6
    endloop
  endfacet
  facet normal 0 0 1
    outer loop
      vertex 1.38025 4.85106 0.6
      vertex 0.480804 6.51607 0.6
      vertex 1.37796 4.81329 0.6
    endloop
  endfacet
  facet normal 0 0 1
    outer loop
      vertex 1.3772 4.77452 0.6
      vertex 0.480804 6.51607 0.6
      vertex 1.30992 3.84126 0.6
    endloop
  endfacet
  facet normal 0 0 1
    outer loop
      vertex 1.53688 6.73561 0.6
      vertex 0.407898 6.95354 0.6
      vertex 1.47095 6.69313 0.6
    endloop
  endfacet
  facet normal 0 0 1
    outer loop
      vertex 1.47095 6.69313 0.6
      vertex 0.407898 6.95354 0.6
      vertex 0.480804 6.51607 0.6
    endloop
  endfacet
  facet normal 0 0 1
    outer loop
      vertex 3.5 9.25 0.6
      vertex -0.379517 7.01813 0.6
      vertex 0.407898 6.95354 0.6
    endloop
  endfacet
  facet normal 0 0 1
    outer loop
      vertex -0.379517 7.01813 0.6
      vertex -1.38492 4.09332 0.6
      vertex -1.37738 3.84126 0.6
    endloop
  endfacet
  facet normal 0 0 1
    outer loop
      vertex -1.41345 6.08092 0.6
      vertex -0.379517 7.01813 0.6
      vertex -1.412 6.12653 0.6
    endloop
  endfacet
  facet normal 0 0 1
    outer loop
      vertex -0.379517 7.01813 0.6
      vertex -1.41389 6.18568 0.6
      vertex -1.412 6.12653 0.6
    endloop
  endfacet
  facet normal 0 0 1
    outer loop
      vertex -0.379517 7.01813 0.6
      vertex -1.41957 6.24292 0.6
      vertex -1.41389 6.18568 0.6
    endloop
  endfacet
  facet normal 0 0 1
    outer loop
      vertex -0.379517 7.01813 0.6
      vertex -1.42903 6.29825 0.6
      vertex -1.41957 6.24292 0.6
    endloop
  endfacet
  facet normal 0 0 1
    outer loop
      vertex -0.379517 7.01813 0.6
      vertex -1.44228 6.35167 0.6
      vertex -1.42903 6.29825 0.6
    endloop
  endfacet
  facet normal 0 0 1
    outer loop
      vertex -0.379517 7.01813 0.6
      vertex -1.4593 6.40317 0.6
      vertex -1.44228 6.35167 0.6
    endloop
  endfacet
  facet normal -0 0 1
    outer loop
      vertex -3.5 9.25 0.6
      vertex -0.379517 7.01813 0.6
      vertex 3.5 9.25 0.6
    endloop
  endfacet
  facet normal 0 0 1
    outer loop
      vertex -0.379517 7.01813 0.6
      vertex -1.4801 6.45276 0.6
      vertex -1.4593 6.40317 0.6
    endloop
  endfacet
  facet normal 0 0 1
    outer loop
      vertex -0.379517 7.01813 0.6
      vertex -1.5047 6.50044 0.6
      vertex -1.4801 6.45276 0.6
    endloop
  endfacet
  facet normal 0 0 1
    outer loop
      vertex -0.379517 7.01813 0.6
      vertex -1.53239 6.5461 0.6
      vertex -1.5047 6.50044 0.6
    endloop
  endfacet
  facet normal 0 0 1
    outer loop
      vertex -0.379517 7.01813 0.6
      vertex -1.56252 6.58963 0.6
      vertex -1.53239 6.5461 0.6
    endloop
  endfacet
  facet normal 0 0 1
    outer loop
      vertex -0.379517 7.01813 0.6
      vertex -1.59506 6.63104 0.6
      vertex -1.56252 6.58963 0.6
    endloop
  endfacet
  facet normal 0 0 1
    outer loop
      vertex -0.379517 7.01813 0.6
      vertex -1.63004 6.67033 0.6
      vertex -1.59506 6.63104 0.6
    endloop
  endfacet
  facet normal 0 0 1
    outer loop
      vertex -0.379517 7.01813 0.6
      vertex -1.66742 6.70749 0.6
      vertex -1.63004 6.67033 0.6
    endloop
  endfacet
  facet normal 0 0 1
    outer loop
      vertex -0.379517 7.01813 0.6
      vertex -1.70723 6.74252 0.6
      vertex -1.66742 6.70749 0.6
    endloop
  endfacet
  facet normal 0 0 1
    outer loop
      vertex -0.379517 7.01813 0.6
      vertex -1.74948 6.77542 0.6
      vertex -1.70723 6.74252 0.6
    endloop
  endfacet
  facet normal 0 0 1
    outer loop
      vertex -0.379517 7.01813 0.6
      vertex -1.79375 6.80615 0.6
      vertex -1.74948 6.77542 0.6
    endloop
  endfacet
  facet normal 0 0 1
    outer loop
      vertex -0.379517 7.01813 0.6
      vertex -1.83969 6.83469 0.6
      vertex -1.79375 6.80615 0.6
    endloop
  endfacet
  facet normal 0 -0 1
    outer loop
      vertex -2.04001 6.92667 0.6
      vertex -0.379517 7.01813 0.6
      vertex -3.5 9.25 0.6
    endloop
  endfacet
  facet normal 0 0 1
    outer loop
      vertex -0.379517 7.01813 0.6
      vertex -1.88728 6.86099 0.6
      vertex -1.83969 6.83469 0.6
    endloop
  endfacet
  facet normal 0 0 1
    outer loop
      vertex -0.379517 7.01813 0.6
      vertex -1.93654 6.8851 0.6
      vertex -1.88728 6.86099 0.6
    endloop
  endfacet
  facet normal 0 0 1
    outer loop
      vertex -0.379517 7.01813 0.6
      vertex -1.98744 6.907 0.6
      vertex -1.93654 6.8851 0.6
    endloop
  endfacet
  facet normal 0 0 1
    outer loop
      vertex -0.379517 7.01813 0.6
      vertex -2.04001 6.92667 0.6
      vertex -1.98744 6.907 0.6
    endloop
  endfacet
  facet normal 0 0 1
    outer loop
      vertex -2.04001 6.92667 0.6
      vertex -3.5 9.25 0.6
      vertex -2.09424 6.94414 0.6
    endloop
  endfacet
  facet normal 0 0 1
    outer loop
      vertex -2.09424 6.94414 0.6
      vertex -3.5 9.25 0.6
      vertex -2.14944 6.95935 0.6
    endloop
  endfacet
  facet normal 0 0 1
    outer loop
      vertex -2.14944 6.95935 0.6
      vertex -3.5 9.25 0.6
      vertex -2.20496 6.97221 0.6
    endloop
  endfacet
  facet normal 0 0 1
    outer loop
      vertex -2.20496 6.97221 0.6
      vertex -3.5 9.25 0.6
      vertex -2.26076 6.98273 0.6
    endloop
  endfacet
  facet normal 0 0 1
    outer loop
      vertex -2.26076 6.98273 0.6
      vertex -3.5 9.25 0.6
      vertex -2.31685 6.99092 0.6
    endloop
  endfacet
  facet normal 0 0 1
    outer loop
      vertex -2.31685 6.99092 0.6
      vertex -3.5 9.25 0.6
      vertex -2.37325 6.99677 0.6
    endloop
  endfacet
  facet normal 0 0 1
    outer loop
      vertex -2.37325 6.99677 0.6
      vertex -3.5 9.25 0.6
      vertex -2.42995 7.00027 0.6
    endloop
  endfacet
  facet normal 0 0 1
    outer loop
      vertex -2.42995 7.00027 0.6
      vertex -3.5 9.25 0.6
      vertex -2.48694 7.00145 0.6
    endloop
  endfacet
  facet normal 0 0 1
    outer loop
      vertex -2.48694 7.00145 0.6
      vertex -3.5 9.25 0.6
      vertex -2.55618 6.99986 0.6
    endloop
  endfacet
  facet normal 0 0 1
    outer loop
      vertex -2.55618 6.99986 0.6
      vertex -3.5 9.25 0.6
      vertex -2.62468 6.99515 0.6
    endloop
  endfacet
  facet normal 0 0 1
    outer loop
      vertex -2.62468 6.99515 0.6
      vertex -3.5 9.25 0.6
      vertex -2.6924 6.98729 0.6
    endloop
  endfacet
  facet normal 0 0 1
    outer loop
      vertex -2.6924 6.98729 0.6
      vertex -3.5 9.25 0.6
      vertex -2.75935 6.97627 0.6
    endloop
  endfacet
  facet normal 0 0 1
    outer loop
      vertex -2.75935 6.97627 0.6
      vertex -3.5 9.25 0.6
      vertex -2.82555 6.96213 0.6
    endloop
  endfacet
  facet normal 0 0 1
    outer loop
      vertex -2.82555 6.96213 0.6
      vertex -3.5 9.25 0.6
      vertex -2.89096 6.94482 0.6
    endloop
  endfacet
  facet normal 0 0 1
    outer loop
      vertex -3.41187 6.69313 0.6
      vertex -3.4308 5.11711 0.6
      vertex -3.41608 5.14629 0.6
    endloop
  endfacet
  facet normal 0 0 1
    outer loop
      vertex -3.41187 6.69313 0.6
      vertex -3.4444 5.0871 0.6
      vertex -3.4308 5.11711 0.6
    endloop
  endfacet
  facet normal 0 0 1
    outer loop
      vertex -3.41187 6.69313 0.6
      vertex -3.45683 5.05623 0.6
      vertex -3.4444 5.0871 0.6
    endloop
  endfacet
  facet normal 0 0 1
    outer loop
      vertex -3.41187 6.69313 0.6
      vertex -3.46811 5.02452 0.6
      vertex -3.45683 5.05623 0.6
    endloop
  endfacet
  facet normal 0 0 1
    outer loop
      vertex -3.41187 6.69313 0.6
      vertex -3.47806 4.99187 0.6
      vertex -3.46811 5.02452 0.6
    endloop
  endfacet
  facet normal 0 0 1
    outer loop
      vertex -3.41187 6.69313 0.6
      vertex -3.48648 4.95819 0.6
      vertex -3.47806 4.99187 0.6
    endloop
  endfacet
  facet normal 0 0 1
    outer loop
      vertex -3.41187 6.69313 0.6
      vertex -3.49336 4.92349 0.6
      vertex -3.48648 4.95819 0.6
    endloop
  endfacet
  facet normal 0 0 1
    outer loop
      vertex -3.41187 6.69313 0.6
      vertex -3.49873 4.88779 0.6
      vertex -3.49336 4.92349 0.6
    endloop
  endfacet
  facet normal 0 0 1
    outer loop
      vertex -2.89096 6.94482 0.6
      vertex -3.5 9.25 0.6
      vertex -2.95563 6.92438 0.6
    endloop
  endfacet
  facet normal 0 0 1
    outer loop
      vertex -3.5 9.25 0.6
      vertex -3.02003 6.90077 0.6
      vertex -2.95563 6.92438 0.6
    endloop
  endfacet
  facet normal 0 0 1
    outer loop
      vertex -3.5 9.25 0.6
      vertex -3.0847 6.87404 0.6
      vertex -3.02003 6.90077 0.6
    endloop
  endfacet
  facet normal 0 0 1
    outer loop
      vertex -3.5 9.25 0.6
      vertex -3.14963 6.84415 0.6
      vertex -3.0847 6.87404 0.6
    endloop
  endfacet
  facet normal 0 0 1
    outer loop
      vertex -3.5 9.25 0.6
      vertex -3.2148 6.81111 0.6
      vertex -3.14963 6.84415 0.6
    endloop
  endfacet
  facet normal 0 0 1
    outer loop
      vertex -3.5 9.25 0.6
      vertex -3.28024 6.77493 0.6
      vertex -3.2148 6.81111 0.6
    endloop
  endfacet
  facet normal 0 0 1
    outer loop
      vertex -3.5 9.25 0.6
      vertex -3.34592 6.73561 0.6
      vertex -3.28024 6.77493 0.6
    endloop
  endfacet
  facet normal 0 0 1
    outer loop
      vertex -3.5 9.25 0.6
      vertex -3.41187 6.69313 0.6
      vertex -3.34592 6.73561 0.6
    endloop
  endfacet
  facet normal 0 0 1
    outer loop
      vertex -3.50255 4.85106 0.6
      vertex -3.41187 6.69313 0.6
      vertex -3.5 9.25 0.6
    endloop
  endfacet
  facet normal 0 0 1
    outer loop
      vertex -3.41187 6.69313 0.6
      vertex -3.50255 4.85106 0.6
      vertex -3.49873 4.88779 0.6
    endloop
  endfacet
  facet normal 0 0 1
    outer loop
      vertex 3.5 9.25 0.6
      vertex 10.25 10.25 0.6
      vertex 3.5 10.25 0.6
    endloop
  endfacet
  facet normal 0 0 1
    outer loop
      vertex 3.42351 6.40317 0.6
      vertex 10.25 10.25 0.6
      vertex 3.5 9.25 0.6
    endloop
  endfacet
  facet normal 0 0 1
    outer loop
      vertex 3.46936 6.08092 0.6
      vertex 10.25 10.25 0.6
      vertex 3.47081 6.12653 0.6
    endloop
  endfacet
  facet normal -0 0 1
    outer loop
      vertex 3.43423 4.05478 0.6
      vertex 10.25 0.5 0.6
      vertex 3.49789 4.09332 0.6
    endloop
  endfacet
  facet normal -0 0 1
    outer loop
      vertex 3.37061 4.01892 0.6
      vertex 10.25 0.5 0.6
      vertex 3.43423 4.05478 0.6
    endloop
  endfacet
  facet normal -0 0 1
    outer loop
      vertex 3.30702 3.98575 0.6
      vertex 10.25 0.5 0.6
      vertex 3.37061 4.01892 0.6
    endloop
  endfacet
  facet normal -0 0 1
    outer loop
      vertex 3.2435 3.95525 0.6
      vertex 10.25 0.5 0.6
      vertex 3.30702 3.98575 0.6
    endloop
  endfacet
  facet normal -0 0 1
    outer loop
      vertex 3.17999 3.92741 0.6
      vertex 10.25 0.5 0.6
      vertex 3.2435 3.95525 0.6
    endloop
  endfacet
  facet normal -0 0 1
    outer loop
      vertex 3.11655 3.90228 0.6
      vertex 10.25 0.5 0.6
      vertex 3.17999 3.92741 0.6
    endloop
  endfacet
  facet normal -0 0 1
    outer loop
      vertex 3.05315 3.87981 0.6
      vertex 10.25 0.5 0.6
      vertex 3.11655 3.90228 0.6
    endloop
  endfacet
  facet normal -0 0 1
    outer loop
      vertex 2.98892 3.86018 0.6
      vertex 10.25 0.5 0.6
      vertex 3.05315 3.87981 0.6
    endloop
  endfacet
  facet normal -0 0 1
    outer loop
      vertex 2.92303 3.84358 0.6
      vertex 10.25 0.5 0.6
      vertex 2.98892 3.86018 0.6
    endloop
  endfacet
  facet normal -0 0 1
    outer loop
      vertex 2.8555 3.83 0.6
      vertex 10.25 0.5 0.6
      vertex 2.92303 3.84358 0.6
    endloop
  endfacet
  facet normal -0 0 1
    outer loop
      vertex 2.78632 3.81944 0.6
      vertex 10.25 0.5 0.6
      vertex 2.8555 3.83 0.6
    endloop
  endfacet
  facet normal -0 0 1
    outer loop
      vertex 2.71547 3.81189 0.6
      vertex 10.25 0.5 0.6
      vertex 2.78632 3.81944 0.6
    endloop
  endfacet
  facet normal -0 0 1
    outer loop
      vertex 2.64296 3.80737 0.6
      vertex 10.25 0.5 0.6
      vertex 2.71547 3.81189 0.6
    endloop
  endfacet
  facet normal -0 0 1
    outer loop
      vertex 2.56879 3.80586 0.6
      vertex 10.25 0.5 0.6
      vertex 2.64296 3.80737 0.6
    endloop
  endfacet
  facet normal 0 0 1
    outer loop
      vertex 2.50359 3.80711 0.6
      vertex 10.25 0.5 0.6
      vertex 2.56879 3.80586 0.6
    endloop
  endfacet
  facet normal 0 0 1
    outer loop
      vertex 2.43895 3.81087 0.6
      vertex 10.25 0.5 0.6
      vertex 2.50359 3.80711 0.6
    endloop
  endfacet
  facet normal 0 0 1
    outer loop
      vertex 1.30992 3.84126 0.6
      vertex 2.43895 3.81087 0.6
      vertex 2.37485 3.81714 0.6
    endloop
  endfacet
  facet normal 0 0 1
    outer loop
      vertex 1.30992 3.84126 0.6
      vertex 2.37485 3.81714 0.6
      vertex 2.31131 3.82591 0.6
    endloop
  endfacet
  facet normal 0 0 1
    outer loop
      vertex 1.30992 3.84126 0.6
      vertex 2.31131 3.82591 0.6
      vertex 2.24832 3.8372 0.6
    endloop
  endfacet
  facet normal -0 0 1
    outer loop
      vertex 1.30992 3.84126 0.6
      vertex 2.24832 3.8372 0.6
      vertex 2.1859 3.851 0.6
    endloop
  endfacet
  facet normal 0 0 1
    outer loop
      vertex 1.30992 3.84126 0.6
      vertex 2.1859 3.851 0.6
      vertex 2.12401 3.86729 0.6
    endloop
  endfacet
  facet normal 0 0 1
    outer loop
      vertex 1.30992 3.84126 0.6
      vertex 2.12401 3.86729 0.6
      vertex 2.06343 3.88606 0.6
    endloop
  endfacet
  facet normal 0 0 1
    outer loop
      vertex 1.30992 3.84126 0.6
      vertex 2.06343 3.88606 0.6
      vertex 2.00488 3.90726 0.6
    endloop
  endfacet
  facet normal 0 0 1
    outer loop
      vertex 1.30992 3.84126 0.6
      vertex 1.37923 4.70671 0.6
      vertex 1.3772 4.77452 0.6
    endloop
  endfacet
  facet normal 0 0 1
    outer loop
      vertex 1.30992 3.84126 0.6
      vertex 1.38536 4.64137 0.6
      vertex 1.37923 4.70671 0.6
    endloop
  endfacet
  facet normal 0 0 1
    outer loop
      vertex 1.30992 3.84126 0.6
      vertex 1.39555 4.57849 0.6
      vertex 1.38536 4.64137 0.6
    endloop
  endfacet
  facet normal 0 0 1
    outer loop
      vertex 1.30992 3.84126 0.6
      vertex 1.40984 4.51808 0.6
      vertex 1.39555 4.57849 0.6
    endloop
  endfacet
  facet normal 0 0 1
    outer loop
      vertex 1.30992 3.84126 0.6
      vertex 1.42821 4.46014 0.6
      vertex 1.40984 4.51808 0.6
    endloop
  endfacet
  facet normal 0 0 1
    outer loop
      vertex 1.30992 3.84126 0.6
      vertex 1.45065 4.40466 0.6
      vertex 1.42821 4.46014 0.6
    endloop
  endfacet
  facet normal 0 0 1
    outer loop
      vertex 1.30992 3.84126 0.6
      vertex 1.47719 4.35165 0.6
      vertex 1.45065 4.40466 0.6
    endloop
  endfacet
  facet normal 0 0 1
    outer loop
      vertex 1.30992 3.84126 0.6
      vertex 1.5071 4.3011 0.6
      vertex 1.47719 4.35165 0.6
    endloop
  endfacet
  facet normal 0 0 1
    outer loop
      vertex 1.30992 3.84126 0.6
      vertex 1.53967 4.25302 0.6
      vertex 1.5071 4.3011 0.6
    endloop
  endfacet
  facet normal 0 0 1
    outer loop
      vertex 1.30992 3.84126 0.6
      vertex 1.57495 4.2074 0.6
      vertex 1.53967 4.25302 0.6
    endloop
  endfacet
  facet normal 0 0 1
    outer loop
      vertex 1.30992 3.84126 0.6
      vertex 1.61288 4.16425 0.6
      vertex 1.57495 4.2074 0.6
    endloop
  endfacet
  facet normal 0 0 1
    outer loop
      vertex 1.30992 3.84126 0.6
      vertex 1.65352 4.12357 0.6
      vertex 1.61288 4.16425 0.6
    endloop
  endfacet
  facet normal 0 0 1
    outer loop
      vertex 1.30992 3.84126 0.6
      vertex 1.69682 4.08534 0.6
      vertex 1.65352 4.12357 0.6
    endloop
  endfacet
  facet normal 0 0 1
    outer loop
      vertex 1.30992 3.84126 0.6
      vertex 1.7428 4.04958 0.6
      vertex 1.69682 4.08534 0.6
    endloop
  endfacet
  facet normal 0 0 1
    outer loop
      vertex 1.30992 3.84126 0.6
      vertex 1.79114 4.01627 0.6
      vertex 1.7428 4.04958 0.6
    endloop
  endfacet
  facet normal 0 0 1
    outer loop
      vertex 1.30992 3.84126 0.6
      vertex 1.84151 3.98538 0.6
      vertex 1.79114 4.01627 0.6
    endloop
  endfacet
  facet normal 0 0 1
    outer loop
      vertex 1.30992 3.84126 0.6
      vertex 1.89394 3.95691 0.6
      vertex 1.84151 3.98538 0.6
    endloop
  endfacet
  facet normal 0 0 1
    outer loop
      vertex 1.30992 3.84126 0.6
      vertex 1.94839 3.93088 0.6
      vertex 1.89394 3.95691 0.6
    endloop
  endfacet
  facet normal 0 0 1
    outer loop
      vertex 1.30992 3.84126 0.6
      vertex 2.00488 3.90726 0.6
      vertex 1.94839 3.93088 0.6
    endloop
  endfacet
  facet normal 0 0 1
    outer loop
      vertex 2.43895 3.81087 0.6
      vertex 1.30992 3.84126 0.6
      vertex 10.25 0.5 0.6
    endloop
  endfacet
  facet normal -0 0 1
    outer loop
      vertex 0.628708 3.84126 0.6
      vertex 10.25 0.5 0.6
      vertex 1.30992 3.84126 0.6
    endloop
  endfacet
  facet normal -0 0 1
    outer loop
      vertex -0.423294 4.73079 0.6
      vertex 0.628708 3.84126 0.6
      vertex 0.393326 4.73079 0.6
    endloop
  endfacet
  facet normal 0 0 1
    outer loop
      vertex -0.664948 3.84126 0.6
      vertex 0.628708 3.84126 0.6
      vertex -0.423294 4.73079 0.6
    endloop
  endfacet
  facet normal -0 0 1
    outer loop
      vertex -0.664948 3.84126 0.6
      vertex 10.25 0.5 0.6
      vertex 0.628708 3.84126 0.6
    endloop
  endfacet
  facet normal 0 0 1
    outer loop
      vertex -10.25 0.5 0.6
      vertex -0.664948 3.84126 0.6
      vertex -1.37738 3.84126 0.6
    endloop
  endfacet
  facet normal -0 0 1
    outer loop
      vertex -1.44858 4.05478 0.6
      vertex -1.37738 3.84126 0.6
      vertex -1.38492 4.09332 0.6
    endloop
  endfacet
  facet normal -0 0 1
    outer loop
      vertex -1.51221 4.01892 0.6
      vertex -1.37738 3.84126 0.6
      vertex -1.44858 4.05478 0.6
    endloop
  endfacet
  facet normal -0 0 1
    outer loop
      vertex -1.57578 3.98575 0.6
      vertex -1.37738 3.84126 0.6
      vertex -1.51221 4.01892 0.6
    endloop
  endfacet
  facet normal -0 0 1
    outer loop
      vertex -1.63931 3.95525 0.6
      vertex -1.37738 3.84126 0.6
      vertex -1.57578 3.98575 0.6
    endloop
  endfacet
  facet normal -0 0 1
    outer loop
      vertex -1.7028 3.92741 0.6
      vertex -1.37738 3.84126 0.6
      vertex -1.63931 3.95525 0.6
    endloop
  endfacet
  facet normal -0 0 1
    outer loop
      vertex -1.76625 3.90228 0.6
      vertex -1.37738 3.84126 0.6
      vertex -1.7028 3.92741 0.6
    endloop
  endfacet
  facet normal -0 0 1
    outer loop
      vertex -1.82967 3.87981 0.6
      vertex -1.37738 3.84126 0.6
      vertex -1.76625 3.90228 0.6
    endloop
  endfacet
  facet normal -0 0 1
    outer loop
      vertex -1.89389 3.86018 0.6
      vertex -1.37738 3.84126 0.6
      vertex -1.82967 3.87981 0.6
    endloop
  endfacet
  facet normal -0 0 1
    outer loop
      vertex -1.95976 3.84358 0.6
      vertex -1.37738 3.84126 0.6
      vertex -1.89389 3.86018 0.6
    endloop
  endfacet
  facet normal 0 0 1
    outer loop
      vertex -2.0273 3.83 0.6
      vertex -1.37738 3.84126 0.6
      vertex -1.95976 3.84358 0.6
    endloop
  endfacet
  facet normal 0 0 1
    outer loop
      vertex -2.0965 3.81944 0.6
      vertex -1.37738 3.84126 0.6
      vertex -2.0273 3.83 0.6
    endloop
  endfacet
  facet normal 0 0 1
    outer loop
      vertex -2.16734 3.81189 0.6
      vertex -1.37738 3.84126 0.6
      vertex -2.0965 3.81944 0.6
    endloop
  endfacet
  facet normal 0 0 1
    outer loop
      vertex -1.37738 3.84126 0.6
      vertex -2.16734 3.81189 0.6
      vertex -10.25 0.5 0.6
    endloop
  endfacet
  facet normal 0 0 1
    outer loop
      vertex -10.25 0.5 0.6
      vertex -2.16734 3.81189 0.6
      vertex -2.23985 3.80737 0.6
    endloop
  endfacet
  facet normal 0 0 1
    outer loop
      vertex -10.25 0.5 0.6
      vertex -2.23985 3.80737 0.6
      vertex -2.31401 3.80586 0.6
    endloop
  endfacet
  facet normal 0 0 1
    outer loop
      vertex -10.25 0.5 0.6
      vertex -2.31401 3.80586 0.6
      vertex -2.37921 3.80711 0.6
    endloop
  endfacet
  facet normal 0 0 1
    outer loop
      vertex -10.25 0.5 0.6
      vertex -2.37921 3.80711 0.6
      vertex -2.44386 3.81087 0.6
    endloop
  endfacet
  facet normal 0 0 1
    outer loop
      vertex -10.25 0.5 0.6
      vertex -2.44386 3.81087 0.6
      vertex -2.50795 3.81714 0.6
    endloop
  endfacet
  facet normal 0 0 1
    outer loop
      vertex -10.25 0.5 0.6
      vertex -2.50795 3.81714 0.6
      vertex -2.57149 3.82591 0.6
    endloop
  endfacet
  facet normal 0 0 1
    outer loop
      vertex -10.25 0.5 0.6
      vertex -2.57149 3.82591 0.6
      vertex -2.63448 3.8372 0.6
    endloop
  endfacet
  facet normal 0 0 1
    outer loop
      vertex -10.25 0.5 0.6
      vertex -2.63448 3.8372 0.6
      vertex -2.69691 3.851 0.6
    endloop
  endfacet
  facet normal 0 0 1
    outer loop
      vertex -3.50485 4.81329 0.6
      vertex -10.25 0.5 0.6
      vertex -3.50562 4.77452 0.6
    endloop
  endfacet
  facet normal 0 0 1
    outer loop
      vertex -3.50562 4.77452 0.6
      vertex -10.25 0.5 0.6
      vertex -3.50357 4.70671 0.6
    endloop
  endfacet
  facet normal 0 0 1
    outer loop
      vertex -3.50357 4.70671 0.6
      vertex -10.25 0.5 0.6
      vertex -3.49745 4.64137 0.6
    endloop
  endfacet
  facet normal 0 0 1
    outer loop
      vertex -3.49745 4.64137 0.6
      vertex -10.25 0.5 0.6
      vertex -3.48724 4.57849 0.6
    endloop
  endfacet
  facet normal 0 0 1
    outer loop
      vertex -3.48724 4.57849 0.6
      vertex -10.25 0.5 0.6
      vertex -3.47296 4.51808 0.6
    endloop
  endfacet
  facet normal 0 0 1
    outer loop
      vertex -3.47296 4.51808 0.6
      vertex -10.25 0.5 0.6
      vertex -3.45461 4.46014 0.6
    endloop
  endfacet
  facet normal 0 0 1
    outer loop
      vertex -3.45461 4.46014 0.6
      vertex -10.25 0.5 0.6
      vertex -3.43216 4.40466 0.6
    endloop
  endfacet
  facet normal 0 0 1
    outer loop
      vertex -3.43216 4.40466 0.6
      vertex -10.25 0.5 0.6
      vertex -3.40562 4.35165 0.6
    endloop
  endfacet
  facet normal 0 0 1
    outer loop
      vertex -3.40562 4.35165 0.6
      vertex -10.25 0.5 0.6
      vertex -3.37572 4.3011 0.6
    endloop
  endfacet
  facet normal 0 0 1
    outer loop
      vertex -3.37572 4.3011 0.6
      vertex -10.25 0.5 0.6
      vertex -3.34312 4.25302 0.6
    endloop
  endfacet
  facet normal 0 0 1
    outer loop
      vertex -3.34312 4.25302 0.6
      vertex -10.25 0.5 0.6
      vertex -3.30786 4.2074 0.6
    endloop
  endfacet
  facet normal 0 0 1
    outer loop
      vertex -3.30786 4.2074 0.6
      vertex -10.25 0.5 0.6
      vertex -3.26991 4.16425 0.6
    endloop
  endfacet
  facet normal 0 0 1
    outer loop
      vertex -3.26991 4.16425 0.6
      vertex -10.25 0.5 0.6
      vertex -3.22929 4.12357 0.6
    endloop
  endfacet
  facet normal 0 0 1
    outer loop
      vertex -0.664948 3.84126 0.6
      vertex -10.25 0.5 0.6
      vertex 10.25 0.5 0.6
    endloop
  endfacet
  facet normal 0 0 1
    outer loop
      vertex -2.75879 3.86729 0.6
      vertex -10.25 0.5 0.6
      vertex -2.69691 3.851 0.6
    endloop
  endfacet
  facet normal 0 0 1
    outer loop
      vertex -2.81938 3.88606 0.6
      vertex -10.25 0.5 0.6
      vertex -2.75879 3.86729 0.6
    endloop
  endfacet
  facet normal 0 0 1
    outer loop
      vertex -2.87791 3.90726 0.6
      vertex -10.25 0.5 0.6
      vertex -2.81938 3.88606 0.6
    endloop
  endfacet
  facet normal 0 0 1
    outer loop
      vertex -2.93442 3.93088 0.6
      vertex -10.25 0.5 0.6
      vertex -2.87791 3.90726 0.6
    endloop
  endfacet
  facet normal 0 0 1
    outer loop
      vertex -2.98888 3.95691 0.6
      vertex -10.25 0.5 0.6
      vertex -2.93442 3.93088 0.6
    endloop
  endfacet
  facet normal 0 0 1
    outer loop
      vertex -3.04129 3.98538 0.6
      vertex -10.25 0.5 0.6
      vertex -2.98888 3.95691 0.6
    endloop
  endfacet
  facet normal 0 0 1
    outer loop
      vertex -3.09167 4.01627 0.6
      vertex -10.25 0.5 0.6
      vertex -3.04129 3.98538 0.6
    endloop
  endfacet
  facet normal 0 0 1
    outer loop
      vertex -3.14 4.04958 0.6
      vertex -10.25 0.5 0.6
      vertex -3.09167 4.01627 0.6
    endloop
  endfacet
  facet normal 0 0 1
    outer loop
      vertex -3.18599 4.08534 0.6
      vertex -10.25 0.5 0.6
      vertex -3.14 4.04958 0.6
    endloop
  endfacet
  facet normal 0 0 1
    outer loop
      vertex -3.22929 4.12357 0.6
      vertex -10.25 0.5 0.6
      vertex -3.18599 4.08534 0.6
    endloop
  endfacet
  facet normal 0 0 1
    outer loop
      vertex 10.25 10.25 0.6
      vertex 3.46503 6.03697 0.6
      vertex 10.25 0.5 0.6
    endloop
  endfacet
  facet normal 0 0 1
    outer loop
      vertex 10.25 0.5 0.6
      vertex 3.46503 6.03697 0.6
      vertex 3.49789 4.09332 0.6
    endloop
  endfacet
  facet normal -0 0 1
    outer loop
      vertex 3.45779 5.99469 0.6
      vertex 3.49789 4.09332 0.6
      vertex 3.46503 6.03697 0.6
    endloop
  endfacet
  facet normal -0 0 1
    outer loop
      vertex 3.44768 5.95407 0.6
      vertex 3.49789 4.09332 0.6
      vertex 3.45779 5.99469 0.6
    endloop
  endfacet
  facet normal -0 0 1
    outer loop
      vertex 3.43466 5.9151 0.6
      vertex 3.49789 4.09332 0.6
      vertex 3.44768 5.95407 0.6
    endloop
  endfacet
  facet normal -0 0 1
    outer loop
      vertex 3.41876 5.87779 0.6
      vertex 3.49789 4.09332 0.6
      vertex 3.43466 5.9151 0.6
    endloop
  endfacet
  facet normal -0 0 1
    outer loop
      vertex 3.39998 5.84215 0.6
      vertex 3.49789 4.09332 0.6
      vertex 3.41876 5.87779 0.6
    endloop
  endfacet
  facet normal -0 0 1
    outer loop
      vertex 3.37881 5.80786 0.6
      vertex 3.49789 4.09332 0.6
      vertex 3.39998 5.84215 0.6
    endloop
  endfacet
  facet normal -0 0 1
    outer loop
      vertex 3.35583 5.77464 0.6
      vertex 3.49789 4.09332 0.6
      vertex 3.37881 5.80786 0.6
    endloop
  endfacet
  facet normal 0 0 1
    outer loop
      vertex 3.2104 4.56621 0.6
      vertex 3.35583 5.77464 0.6
      vertex 3.33104 5.74248 0.6
    endloop
  endfacet
  facet normal 0 0 1
    outer loop
      vertex 3.2104 4.56621 0.6
      vertex 3.33104 5.74248 0.6
      vertex 3.3044 5.71138 0.6
    endloop
  endfacet
  facet normal 0 0 1
    outer loop
      vertex 3.2104 4.56621 0.6
      vertex 3.3044 5.71138 0.6
      vertex 3.27594 5.68134 0.6
    endloop
  endfacet
  facet normal 0 0 1
    outer loop
      vertex 3.2104 4.56621 0.6
      vertex 3.27594 5.68134 0.6
      vertex 3.24564 5.65236 0.6
    endloop
  endfacet
  facet normal 0 0 1
    outer loop
      vertex 3.2104 4.56621 0.6
      vertex 3.24564 5.65236 0.6
      vertex 3.21352 5.62444 0.6
    endloop
  endfacet
  facet normal 0 0 1
    outer loop
      vertex 3.35583 5.77464 0.6
      vertex 3.2104 4.56621 0.6
      vertex 3.49789 4.09332 0.6
    endloop
  endfacet
  facet normal -0 0 1
    outer loop
      vertex 3.1799 5.59747 0.6
      vertex 3.2104 4.56621 0.6
      vertex 3.21352 5.62444 0.6
    endloop
  endfacet
  facet normal -0 0 1
    outer loop
      vertex 3.14508 5.5713 0.6
      vertex 3.2104 4.56621 0.6
      vertex 3.1799 5.59747 0.6
    endloop
  endfacet
  facet normal -0 0 1
    outer loop
      vertex 3.10907 5.54594 0.6
      vertex 3.2104 4.56621 0.6
      vertex 3.14508 5.5713 0.6
    endloop
  endfacet
  facet normal -0 0 1
    outer loop
      vertex 3.07187 5.52139 0.6
      vertex 3.2104 4.56621 0.6
      vertex 3.10907 5.54594 0.6
    endloop
  endfacet
  facet normal -0 0 1
    outer loop
      vertex 3.03348 5.49765 0.6
      vertex 3.2104 4.56621 0.6
      vertex 3.07187 5.52139 0.6
    endloop
  endfacet
  facet normal -0 0 1
    outer loop
      vertex 2.9939 5.4747 0.6
      vertex 3.2104 4.56621 0.6
      vertex 3.03348 5.49765 0.6
    endloop
  endfacet
  facet normal -0 0 1
    outer loop
      vertex 2.95312 5.45258 0.6
      vertex 3.2104 4.56621 0.6
      vertex 2.9939 5.4747 0.6
    endloop
  endfacet
  facet normal -0 0 1
    outer loop
      vertex 2.91165 5.43095 0.6
      vertex 3.2104 4.56621 0.6
      vertex 2.95312 5.45258 0.6
    endloop
  endfacet
  facet normal -0 0 1
    outer loop
      vertex 2.86996 5.40956 0.6
      vertex 3.2104 4.56621 0.6
      vertex 2.91165 5.43095 0.6
    endloop
  endfacet
  facet normal -0 0 1
    outer loop
      vertex 2.82806 5.38837 0.6
      vertex 3.2104 4.56621 0.6
      vertex 2.86996 5.40956 0.6
    endloop
  endfacet
  facet normal -0 0 1
    outer loop
      vertex 2.78595 5.3674 0.6
      vertex 3.2104 4.56621 0.6
      vertex 2.82806 5.38837 0.6
    endloop
  endfacet
  facet normal -0 0 1
    outer loop
      vertex 2.74364 5.34663 0.6
      vertex 3.2104 4.56621 0.6
      vertex 2.78595 5.3674 0.6
    endloop
  endfacet
  facet normal 0 0 1
    outer loop
      vertex 3.2104 4.56621 0.6
      vertex 2.74364 5.34663 0.6
      vertex 3.19391 4.55534 0.6
    endloop
  endfacet
  facet normal 0 0 1
    outer loop
      vertex 3.19391 4.55534 0.6
      vertex 2.74364 5.34663 0.6
      vertex 3.17656 4.54419 0.6
    endloop
  endfacet
  facet normal 0 0 1
    outer loop
      vertex 3.17656 4.54419 0.6
      vertex 2.74364 5.34663 0.6
      vertex 3.15837 4.53273 0.6
    endloop
  endfacet
  facet normal -0 0 1
    outer loop
      vertex 2.7011 5.32608 0.6
      vertex 3.15837 4.53273 0.6
      vertex 2.74364 5.34663 0.6
    endloop
  endfacet
  facet normal 0 0 1
    outer loop
      vertex 3.15837 4.53273 0.6
      vertex 2.7011 5.32608 0.6
      vertex 3.13931 4.52097 0.6
    endloop
  endfacet
  facet normal 0 0 1
    outer loop
      vertex 3.13931 4.52097 0.6
      vertex 2.7011 5.32608 0.6
      vertex 3.11943 4.50891 0.6
    endloop
  endfacet
  facet normal 0 0 1
    outer loop
      vertex 3.11943 4.50891 0.6
      vertex 2.7011 5.32608 0.6
      vertex 3.09868 4.49657 0.6
    endloop
  endfacet
  facet normal -0 0 1
    outer loop
      vertex 2.65834 5.30574 0.6
      vertex 3.09868 4.49657 0.6
      vertex 2.7011 5.32608 0.6
    endloop
  endfacet
  facet normal 0 0 1
    outer loop
      vertex 3.09868 4.49657 0.6
      vertex 2.65834 5.30574 0.6
      vertex 3.07709 4.48392 0.6
    endloop
  endfacet
  facet normal 0 0 1
    outer loop
      vertex 3.07709 4.48392 0.6
      vertex 2.65834 5.30574 0.6
      vertex 3.05487 4.47127 0.6
    endloop
  endfacet
  facet normal -0 0 1
    outer loop
      vertex 2.62804 5.2914 0.6
      vertex 3.05487 4.47127 0.6
      vertex 2.65834 5.30574 0.6
    endloop
  endfacet
  facet normal 0 0 1
    outer loop
      vertex 3.05487 4.47127 0.6
      vertex 2.62804 5.2914 0.6
      vertex 3.03227 4.45892 0.6
    endloop
  endfacet
  facet normal -0 0 1
    outer loop
      vertex 2.59781 5.27692 0.6
      vertex 3.03227 4.45892 0.6
      vertex 2.62804 5.2914 0.6
    endloop
  endfacet
  facet normal 0 0 1
    outer loop
      vertex 3.03227 4.45892 0.6
      vertex 2.59781 5.27692 0.6
      vertex 3.00929 4.44687 0.6
    endloop
  endfacet
  facet normal 0 0 1
    outer loop
      vertex 3.00929 4.44687 0.6
      vertex 2.59781 5.27692 0.6
      vertex 2.98593 4.4351 0.6
    endloop
  endfacet
  facet normal -0 0 1
    outer loop
      vertex 2.56767 5.26231 0.6
      vertex 2.98593 4.4351 0.6
      vertex 2.59781 5.27692 0.6
    endloop
  endfacet
  facet normal 0 0 1
    outer loop
      vertex 2.98593 4.4351 0.6
      vertex 2.56767 5.26231 0.6
      vertex 2.96219 4.42365 0.6
    endloop
  endfacet
  facet normal 0 0 1
    outer loop
      vertex 2.96219 4.42365 0.6
      vertex 2.56767 5.26231 0.6
      vertex 2.93806 4.41249 0.6
    endloop
  endfacet
  facet normal -0 0 1
    outer loop
      vertex 2.53761 5.24759 0.6
      vertex 2.93806 4.41249 0.6
      vertex 2.56767 5.26231 0.6
    endloop
  endfacet
  facet normal 0 0 1
    outer loop
      vertex 2.93806 4.41249 0.6
      vertex 2.53761 5.24759 0.6
      vertex 2.91356 4.40163 0.6
    endloop
  endfacet
  facet normal -0 0 1
    outer loop
      vertex 2.50764 5.23273 0.6
      vertex 2.91356 4.40163 0.6
      vertex 2.53761 5.24759 0.6
    endloop
  endfacet
  facet normal 0 0 1
    outer loop
      vertex 2.91356 4.40163 0.6
      vertex 2.50764 5.23273 0.6
      vertex 2.88882 4.39114 0.6
    endloop
  endfacet
  facet normal 0 0 1
    outer loop
      vertex 2.88882 4.39114 0.6
      vertex 2.50764 5.23273 0.6
      vertex 2.86406 4.38113 0.6
    endloop
  endfacet
  facet normal -0 0 1
    outer loop
      vertex 2.47775 5.21774 0.6
      vertex 2.86406 4.38113 0.6
      vertex 2.50764 5.23273 0.6
    endloop
  endfacet
  facet normal 0 0 1
    outer loop
      vertex 2.86406 4.38113 0.6
      vertex 2.47775 5.21774 0.6
      vertex 2.83926 4.3716 0.6
    endloop
  endfacet
  facet normal 0 0 1
    outer loop
      vertex 2.83926 4.3716 0.6
      vertex 2.47775 5.21774 0.6
      vertex 2.81441 4.36252 0.6
    endloop
  endfacet
  facet normal -0 0 1
    outer loop
      vertex 2.44795 5.20262 0.6
      vertex 2.81441 4.36252 0.6
      vertex 2.47775 5.21774 0.6
    endloop
  endfacet
  facet normal 0 0 1
    outer loop
      vertex 2.81441 4.36252 0.6
      vertex 2.44795 5.20262 0.6
      vertex 2.78952 4.3539 0.6
    endloop
  endfacet
  facet normal -0 0 1
    outer loop
      vertex 2.41864 5.18719 0.6
      vertex 2.78952 4.3539 0.6
      vertex 2.44795 5.20262 0.6
    endloop
  endfacet
  facet normal 0 0 1
    outer loop
      vertex 2.78952 4.3539 0.6
      vertex 2.41864 5.18719 0.6
      vertex 2.76459 4.34576 0.6
    endloop
  endfacet
  facet normal -0 0 1
    outer loop
      vertex 2.39021 5.17125 0.6
      vertex 2.76459 4.34576 0.6
      vertex 2.41864 5.18719 0.6
    endloop
  endfacet
  facet normal 0 0 1
    outer loop
      vertex 2.76459 4.34576 0.6
      vertex 2.39021 5.17125 0.6
      vertex 2.73961 4.33809 0.6
    endloop
  endfacet
  facet normal 0 0 1
    outer loop
      vertex 2.73961 4.33809 0.6
      vertex 2.39021 5.17125 0.6
      vertex 2.71478 4.33118 0.6
    endloop
  endfacet
  facet normal -0 0 1
    outer loop
      vertex 2.36269 5.1548 0.6
      vertex 2.71478 4.33118 0.6
      vertex 2.39021 5.17125 0.6
    endloop
  endfacet
  facet normal 0 0 1
    outer loop
      vertex 2.71478 4.33118 0.6
      vertex 2.36269 5.1548 0.6
      vertex 2.69029 4.32533 0.6
    endloop
  endfacet
  facet normal 0 0 1
    outer loop
      vertex 2.69029 4.32533 0.6
      vertex 2.36269 5.1548 0.6
      vertex 2.66614 4.32056 0.6
    endloop
  endfacet
  facet normal -0 0 1
    outer loop
      vertex 2.33606 5.13783 0.6
      vertex 2.66614 4.32056 0.6
      vertex 2.36269 5.1548 0.6
    endloop
  endfacet
  facet normal 0 0 1
    outer loop
      vertex 2.66614 4.32056 0.6
      vertex 2.33606 5.13783 0.6
      vertex 2.64232 4.31683 0.6
    endloop
  endfacet
  facet normal 0 0 1
    outer loop
      vertex 2.64232 4.31683 0.6
      vertex 2.33606 5.13783 0.6
      vertex 2.61885 4.31418 0.6
    endloop
  endfacet
  facet normal 0 0 1
    outer loop
      vertex 2.61885 4.31418 0.6
      vertex 2.33606 5.13783 0.6
      vertex 2.59572 4.31258 0.6
    endloop
  endfacet
  facet normal 0 0 1
    outer loop
      vertex 2.59572 4.31258 0.6
      vertex 2.33606 5.13783 0.6
      vertex 2.57294 4.31204 0.6
    endloop
  endfacet
  facet normal -0 0 1
    outer loop
      vertex 2.31032 5.12036 0.6
      vertex 2.57294 4.31204 0.6
      vertex 2.33606 5.13783 0.6
    endloop
  endfacet
  facet normal 0 0 1
    outer loop
      vertex 2.57294 4.31204 0.6
      vertex 2.31032 5.12036 0.6
      vertex 2.54678 4.31252 0.6
    endloop
  endfacet
  facet normal 0 0 1
    outer loop
      vertex 2.54678 4.31252 0.6
      vertex 2.31032 5.12036 0.6
      vertex 2.52074 4.31392 0.6
    endloop
  endfacet
  facet normal -0 0 1
    outer loop
      vertex 2.28546 5.10237 0.6
      vertex 2.52074 4.31392 0.6
      vertex 2.31032 5.12036 0.6
    endloop
  endfacet
  facet normal 0 0 1
    outer loop
      vertex 2.52074 4.31392 0.6
      vertex 2.28546 5.10237 0.6
      vertex 2.49475 4.31625 0.6
    endloop
  endfacet
  facet normal 0 0 1
    outer loop
      vertex 2.49475 4.31625 0.6
      vertex 2.28546 5.10237 0.6
      vertex 2.46887 4.31953 0.6
    endloop
  endfacet
  facet normal -0 0 1
    outer loop
      vertex 2.26151 5.08389 0.6
      vertex 2.46887 4.31953 0.6
      vertex 2.28546 5.10237 0.6
    endloop
  endfacet
  facet normal 0 0 1
    outer loop
      vertex 2.46887 4.31953 0.6
      vertex 2.26151 5.08389 0.6
      vertex 2.44305 4.32375 0.6
    endloop
  endfacet
  facet normal -0 0 1
    outer loop
      vertex 2.23863 5.06476 0.6
      vertex 2.44305 4.32375 0.6
      vertex 2.26151 5.08389 0.6
    endloop
  endfacet
  facet normal 0 0 1
    outer loop
      vertex 2.44305 4.32375 0.6
      vertex 2.23863 5.06476 0.6
      vertex 2.41734 4.32889 0.6
    endloop
  endfacet
  facet normal -0 0 1
    outer loop
      vertex 2.21703 5.04486 0.6
      vertex 2.41734 4.32889 0.6
      vertex 2.23863 5.06476 0.6
    endloop
  endfacet
  facet normal -0 0 1
    outer loop
      vertex 2.19672 5.0242 0.6
      vertex 2.41734 4.32889 0.6
      vertex 2.21703 5.04486 0.6
    endloop
  endfacet
  facet normal 0 0 1
    outer loop
      vertex 2.41734 4.32889 0.6
      vertex 2.19672 5.0242 0.6
      vertex 2.39171 4.33496 0.6
    endloop
  endfacet
  facet normal -0 0 1
    outer loop
      vertex 2.17766 5.00278 0.6
      vertex 2.39171 4.33496 0.6
      vertex 2.19672 5.0242 0.6
    endloop
  endfacet
  facet normal 0 0 1
    outer loop
      vertex 2.39171 4.33496 0.6
      vertex 2.17766 5.00278 0.6
      vertex 2.36652 4.34209 0.6
    endloop
  endfacet
  facet normal 0 0 1
    outer loop
      vertex 2.36652 4.34209 0.6
      vertex 2.17766 5.00278 0.6
      vertex 2.34213 4.35036 0.6
    endloop
  endfacet
  facet normal -0 0 1
    outer loop
      vertex 2.1599 4.98058 0.6
      vertex 2.34213 4.35036 0.6
      vertex 2.17766 5.00278 0.6
    endloop
  endfacet
  facet normal -0 0 1
    outer loop
      vertex 2.07802 4.70445 0.6
      vertex 2.34213 4.35036 0.6
      vertex 2.1599 4.98058 0.6
    endloop
  endfacet
  facet normal 0 0 1
    outer loop
      vertex 2.34213 4.35036 0.6
      vertex 2.07802 4.70445 0.6
      vertex 2.31856 4.35977 0.6
    endloop
  endfacet
  facet normal 0 0 1
    outer loop
      vertex 2.31856 4.35977 0.6
      vertex 2.07802 4.70445 0.6
      vertex 2.29579 4.37035 0.6
    endloop
  endfacet
  facet normal 0 0 1
    outer loop
      vertex 2.29579 4.37035 0.6
      vertex 2.07802 4.70445 0.6
      vertex 2.27383 4.38205 0.6
    endloop
  endfacet
  facet normal 0 0 1
    outer loop
      vertex 2.27383 4.38205 0.6
      vertex 2.07802 4.70445 0.6
      vertex 2.25269 4.39491 0.6
    endloop
  endfacet
  facet normal -0 -0 1
    outer loop
      vertex 2.08064 4.67336 0.6
      vertex 2.25269 4.39491 0.6
      vertex 2.07802 4.70445 0.6
    endloop
  endfacet
  facet normal 0 0 1
    outer loop
      vertex 2.25269 4.39491 0.6
      vertex 2.08064 4.67336 0.6
      vertex 2.23235 4.40892 0.6
    endloop
  endfacet
  facet normal 0 0 1
    outer loop
      vertex 2.23235 4.40892 0.6
      vertex 2.08064 4.67336 0.6
      vertex 2.21295 4.4241 0.6
    endloop
  endfacet
  facet normal 0 0 1
    outer loop
      vertex 2.21295 4.4241 0.6
      vertex 2.08064 4.67336 0.6
      vertex 2.19469 4.44048 0.6
    endloop
  endfacet
  facet normal 0 0 1
    outer loop
      vertex 2.19469 4.44048 0.6
      vertex 2.08064 4.67336 0.6
      vertex 2.17751 4.45804 0.6
    endloop
  endfacet
  facet normal 0 0 1
    outer loop
      vertex 2.07715 4.73703 0.6
      vertex 2.1599 4.98058 0.6
      vertex 2.1434 4.95761 0.6
    endloop
  endfacet
  facet normal 0 0 1
    outer loop
      vertex 2.17751 4.45804 0.6
      vertex 2.08064 4.67336 0.6
      vertex 2.16144 4.47678 0.6
    endloop
  endfacet
  facet normal 0 0 1
    outer loop
      vertex 2.07715 4.73703 0.6
      vertex 2.1434 4.95761 0.6
      vertex 2.12819 4.93388 0.6
    endloop
  endfacet
  facet normal 0 0 1
    outer loop
      vertex 2.16144 4.47678 0.6
      vertex 2.08064 4.67336 0.6
      vertex 2.14648 4.49672 0.6
    endloop
  endfacet
  facet normal 0 0 1
    outer loop
      vertex 2.07715 4.73703 0.6
      vertex 2.12819 4.93388 0.6
      vertex 2.11464 4.90921 0.6
    endloop
  endfacet
  facet normal 0 0 1
    outer loop
      vertex 2.14648 4.49672 0.6
      vertex 2.08064 4.67336 0.6
      vertex 2.13263 4.51785 0.6
    endloop
  endfacet
  facet normal 0 0 1
    outer loop
      vertex 2.07715 4.73703 0.6
      vertex 2.11464 4.90921 0.6
      vertex 2.1032 4.88339 0.6
    endloop
  endfacet
  facet normal 0 0 1
    outer loop
      vertex 2.13263 4.51785 0.6
      vertex 2.08501 4.64374 0.6
      vertex 2.11987 4.54016 0.6
    endloop
  endfacet
  facet normal 0 0 1
    outer loop
      vertex 2.07715 4.73703 0.6
      vertex 2.1032 4.88339 0.6
      vertex 2.09381 4.85641 0.6
    endloop
  endfacet
  facet normal 0 0 1
    outer loop
      vertex 2.11987 4.54016 0.6
      vertex 2.08501 4.64374 0.6
      vertex 2.10854 4.56383 0.6
    endloop
  endfacet
  facet normal 0 0 1
    outer loop
      vertex 2.07715 4.73703 0.6
      vertex 2.09381 4.85641 0.6
      vertex 2.08653 4.82829 0.6
    endloop
  endfacet
  facet normal 0 0 1
    outer loop
      vertex 2.09895 4.58897 0.6
      vertex 2.08501 4.64374 0.6
      vertex 2.09109 4.61562 0.6
    endloop
  endfacet
  facet normal 0 0 1
    outer loop
      vertex 2.0782 4.7686 0.6
      vertex 2.08653 4.82829 0.6
      vertex 2.08131 4.79901 0.6
    endloop
  endfacet
  facet normal 0 0 1
    outer loop
      vertex 2.10854 4.56383 0.6
      vertex 2.08501 4.64374 0.6
      vertex 2.09895 4.58897 0.6
    endloop
  endfacet
  facet normal 0 0 1
    outer loop
      vertex 2.07715 4.73703 0.6
      vertex 2.08653 4.82829 0.6
      vertex 2.0782 4.7686 0.6
    endloop
  endfacet
  facet normal -0 -0 1
    outer loop
      vertex 2.08501 4.64374 0.6
      vertex 2.13263 4.51785 0.6
      vertex 2.08064 4.67336 0.6
    endloop
  endfacet
  facet normal 0 0 1
    outer loop
      vertex 2.1599 4.98058 0.6
      vertex 2.07715 4.73703 0.6
      vertex 2.07802 4.70445 0.6
    endloop
  endfacet
  facet normal 0 0 1
    outer loop
      vertex 2.6857 5.99896 0.6
      vertex 2.75003 6.18484 0.6
      vertex 2.74933 6.21045 0.6
    endloop
  endfacet
  facet normal 0 0 1
    outer loop
      vertex 2.57378 6.4713 0.6
      vertex 2.74933 6.21045 0.6
      vertex 2.74722 6.23492 0.6
    endloop
  endfacet
  facet normal 0 0 1
    outer loop
      vertex 2.75003 6.18484 0.6
      vertex 2.6857 5.99896 0.6
      vertex 2.74922 6.16086 0.6
    endloop
  endfacet
  facet normal 0 0 1
    outer loop
      vertex 2.59154 6.46242 0.6
      vertex 2.74722 6.23492 0.6
      vertex 2.74371 6.25824 0.6
    endloop
  endfacet
  facet normal 0 0 1
    outer loop
      vertex 2.74922 6.16086 0.6
      vertex 2.69861 6.01665 0.6
      vertex 2.7468 6.13774 0.6
    endloop
  endfacet
  facet normal 0 0 1
    outer loop
      vertex 2.60863 6.45268 0.6
      vertex 2.74371 6.25824 0.6
      vertex 2.7388 6.28041 0.6
    endloop
  endfacet
  facet normal 0 0 1
    outer loop
      vertex 2.7468 6.13774 0.6
      vertex 2.69861 6.01665 0.6
      vertex 2.74275 6.11546 0.6
    endloop
  endfacet
  facet normal 0 0 1
    outer loop
      vertex 2.69421 6.3743 0.6
      vertex 2.7388 6.28041 0.6
      vertex 2.73248 6.30142 0.6
    endloop
  endfacet
  facet normal 0 0 1
    outer loop
      vertex 2.74275 6.11546 0.6
      vertex 2.69861 6.01665 0.6
      vertex 2.73711 6.09402 0.6
    endloop
  endfacet
  facet normal 0 0 1
    outer loop
      vertex 2.71564 6.34003 0.6
      vertex 2.73248 6.30142 0.6
      vertex 2.72476 6.3213 0.6
    endloop
  endfacet
  facet normal 0 0 1
    outer loop
      vertex 2.73711 6.09402 0.6
      vertex 2.71045 6.03484 0.6
      vertex 2.72983 6.07346 0.6
    endloop
  endfacet
  facet normal 0 0 1
    outer loop
      vertex 2.70537 6.35768 0.6
      vertex 2.73248 6.30142 0.6
      vertex 2.71564 6.34003 0.6
    endloop
  endfacet
  facet normal 0 0 1
    outer loop
      vertex 2.72983 6.07346 0.6
      vertex 2.71045 6.03484 0.6
      vertex 2.72095 6.05373 0.6
    endloop
  endfacet
  facet normal 0 0 1
    outer loop
      vertex 2.69421 6.3743 0.6
      vertex 2.73248 6.30142 0.6
      vertex 2.70537 6.35768 0.6
    endloop
  endfacet
  facet normal 0 0 1
    outer loop
      vertex 2.73711 6.09402 0.6
      vertex 2.69861 6.01665 0.6
      vertex 2.71045 6.03484 0.6
    endloop
  endfacet
  facet normal 0 0 1
    outer loop
      vertex 2.68216 6.38989 0.6
      vertex 2.7388 6.28041 0.6
      vertex 2.69421 6.3743 0.6
    endloop
  endfacet
  facet normal 0 0 1
    outer loop
      vertex 2.74922 6.16086 0.6
      vertex 2.6857 5.99896 0.6
      vertex 2.69861 6.01665 0.6
    endloop
  endfacet
  facet normal 0 0 1
    outer loop
      vertex 2.66922 6.40448 0.6
      vertex 2.7388 6.28041 0.6
      vertex 2.68216 6.38989 0.6
    endloop
  endfacet
  facet normal 0 0 1
    outer loop
      vertex 2.65538 6.41805 0.6
      vertex 2.7388 6.28041 0.6
      vertex 2.66922 6.40448 0.6
    endloop
  endfacet
  facet normal 0 0 1
    outer loop
      vertex 2.64066 6.43057 0.6
      vertex 2.7388 6.28041 0.6
      vertex 2.65538 6.41805 0.6
    endloop
  endfacet
  facet normal 0 0 1
    outer loop
      vertex 2.62505 6.44209 0.6
      vertex 2.7388 6.28041 0.6
      vertex 2.64066 6.43057 0.6
    endloop
  endfacet
  facet normal 0 0 1
    outer loop
      vertex 2.60863 6.45268 0.6
      vertex 2.7388 6.28041 0.6
      vertex 2.62505 6.44209 0.6
    endloop
  endfacet
  facet normal 0 0 1
    outer loop
      vertex 2.74371 6.25824 0.6
      vertex 2.60863 6.45268 0.6
      vertex 2.59154 6.46242 0.6
    endloop
  endfacet
  facet normal 0 0 1
    outer loop
      vertex 2.74722 6.23492 0.6
      vertex 2.59154 6.46242 0.6
      vertex 2.57378 6.4713 0.6
    endloop
  endfacet
  facet normal 0 0 1
    outer loop
      vertex 2.55531 6.47934 0.6
      vertex 2.74933 6.21045 0.6
      vertex 2.57378 6.4713 0.6
    endloop
  endfacet
  facet normal 0 0 1
    outer loop
      vertex 2.74933 6.21045 0.6
      vertex 2.55531 6.47934 0.6
      vertex 2.6857 5.99896 0.6
    endloop
  endfacet
  facet normal 0 0 1
    outer loop
      vertex 2.6857 5.99896 0.6
      vertex 2.55531 6.47934 0.6
      vertex 2.67174 5.9818 0.6
    endloop
  endfacet
  facet normal 0 0 1
    outer loop
      vertex 2.53619 6.48653 0.6
      vertex 2.67174 5.9818 0.6
      vertex 2.55531 6.47934 0.6
    endloop
  endfacet
  facet normal 0 0 1
    outer loop
      vertex 2.67174 5.9818 0.6
      vertex 2.53619 6.48653 0.6
      vertex 2.65671 5.96513 0.6
    endloop
  endfacet
  facet normal 0 0 1
    outer loop
      vertex 2.51639 6.49286 0.6
      vertex 2.65671 5.96513 0.6
      vertex 2.53619 6.48653 0.6
    endloop
  endfacet
  facet normal 0 0 1
    outer loop
      vertex 2.65671 5.96513 0.6
      vertex 2.51639 6.49286 0.6
      vertex 2.64061 5.94897 0.6
    endloop
  endfacet
  facet normal 0 0 1
    outer loop
      vertex 2.4959 6.49834 0.6
      vertex 2.64061 5.94897 0.6
      vertex 2.51639 6.49286 0.6
    endloop
  endfacet
  facet normal 0 0 1
    outer loop
      vertex 2.64061 5.94897 0.6
      vertex 2.4959 6.49834 0.6
      vertex 2.62346 5.93333 0.6
    endloop
  endfacet
  facet normal 0 0 1
    outer loop
      vertex 2.47498 6.50305 0.6
      vertex 2.62346 5.93333 0.6
      vertex 2.4959 6.49834 0.6
    endloop
  endfacet
  facet normal 0 0 1
    outer loop
      vertex 2.62346 5.93333 0.6
      vertex 2.47498 6.50305 0.6
      vertex 2.60524 5.9182 0.6
    endloop
  endfacet
  facet normal 0 0 1
    outer loop
      vertex 2.45387 6.50702 0.6
      vertex 2.60524 5.9182 0.6
      vertex 2.47498 6.50305 0.6
    endloop
  endfacet
  facet normal 0 0 1
    outer loop
      vertex 2.60524 5.9182 0.6
      vertex 2.45387 6.50702 0.6
      vertex 2.58609 5.90352 0.6
    endloop
  endfacet
  facet normal 0 0 1
    outer loop
      vertex 2.43262 6.51028 0.6
      vertex 2.58609 5.90352 0.6
      vertex 2.45387 6.50702 0.6
    endloop
  endfacet
  facet normal 0 0 1
    outer loop
      vertex 2.41118 6.51282 0.6
      vertex 2.58609 5.90352 0.6
      vertex 2.43262 6.51028 0.6
    endloop
  endfacet
  facet normal 0 0 1
    outer loop
      vertex 2.58609 5.90352 0.6
      vertex 2.41118 6.51282 0.6
      vertex 2.56612 5.88921 0.6
    endloop
  endfacet
  facet normal 0 0 1
    outer loop
      vertex 2.38957 6.51462 0.6
      vertex 2.56612 5.88921 0.6
      vertex 2.41118 6.51282 0.6
    endloop
  endfacet
  facet normal 0 0 1
    outer loop
      vertex 2.56612 5.88921 0.6
      vertex 2.38957 6.51462 0.6
      vertex 2.54535 5.87527 0.6
    endloop
  endfacet
  facet normal 0 0 1
    outer loop
      vertex 2.36781 6.51572 0.6
      vertex 2.54535 5.87527 0.6
      vertex 2.38957 6.51462 0.6
    endloop
  endfacet
  facet normal 0 0 1
    outer loop
      vertex 2.54535 5.87527 0.6
      vertex 2.36781 6.51572 0.6
      vertex 2.52377 5.86174 0.6
    endloop
  endfacet
  facet normal 0 0 1
    outer loop
      vertex 2.34586 6.51607 0.6
      vertex 2.52377 5.86174 0.6
      vertex 2.36781 6.51572 0.6
    endloop
  endfacet
  facet normal -0 0 1
    outer loop
      vertex 2.32918 6.51579 0.6
      vertex 2.52377 5.86174 0.6
      vertex 2.34586 6.51607 0.6
    endloop
  endfacet
  facet normal -0 0 1
    outer loop
      vertex 2.31245 6.51497 0.6
      vertex 2.52377 5.86174 0.6
      vertex 2.32918 6.51579 0.6
    endloop
  endfacet
  facet normal 0 0 1
    outer loop
      vertex 2.52377 5.86174 0.6
      vertex 2.31245 6.51497 0.6
      vertex 2.50139 5.84857 0.6
    endloop
  endfacet
  facet normal -0 0 1
    outer loop
      vertex 2.29568 6.51358 0.6
      vertex 2.50139 5.84857 0.6
      vertex 2.31245 6.51497 0.6
    endloop
  endfacet
  facet normal -0 0 1
    outer loop
      vertex 2.27887 6.51164 0.6
      vertex 2.50139 5.84857 0.6
      vertex 2.29568 6.51358 0.6
    endloop
  endfacet
  facet normal -0 0 1
    outer loop
      vertex 2.26201 6.50916 0.6
      vertex 2.50139 5.84857 0.6
      vertex 2.27887 6.51164 0.6
    endloop
  endfacet
  facet normal 0 0 1
    outer loop
      vertex 2.50139 5.84857 0.6
      vertex 2.26201 6.50916 0.6
      vertex 2.4782 5.8358 0.6
    endloop
  endfacet
  facet normal -0 0 1
    outer loop
      vertex 2.24512 6.5061 0.6
      vertex 2.4782 5.8358 0.6
      vertex 2.26201 6.50916 0.6
    endloop
  endfacet
  facet normal -0 0 1
    outer loop
      vertex 2.22818 6.50252 0.6
      vertex 2.4782 5.8358 0.6
      vertex 2.24512 6.5061 0.6
    endloop
  endfacet
  facet normal -0 0 1
    outer loop
      vertex 2.21106 6.49835 0.6
      vertex 2.4782 5.8358 0.6
      vertex 2.22818 6.50252 0.6
    endloop
  endfacet
  facet normal 0 0 1
    outer loop
      vertex 2.4782 5.8358 0.6
      vertex 2.21106 6.49835 0.6
      vertex 2.45419 5.82339 0.6
    endloop
  endfacet
  facet normal -0 0 1
    outer loop
      vertex 2.19365 6.49359 0.6
      vertex 2.45419 5.82339 0.6
      vertex 2.21106 6.49835 0.6
    endloop
  endfacet
  facet normal -0 0 1
    outer loop
      vertex 2.17595 6.48824 0.6
      vertex 2.45419 5.82339 0.6
      vertex 2.19365 6.49359 0.6
    endloop
  endfacet
  facet normal 0 0 1
    outer loop
      vertex 2.45419 5.82339 0.6
      vertex 2.17595 6.48824 0.6
      vertex 2.42966 5.81123 0.6
    endloop
  endfacet
  facet normal -0 0 1
    outer loop
      vertex 2.15794 6.48228 0.6
      vertex 2.42966 5.81123 0.6
      vertex 2.17595 6.48824 0.6
    endloop
  endfacet
  facet normal -0 0 1
    outer loop
      vertex 2.13963 6.47572 0.6
      vertex 2.42966 5.81123 0.6
      vertex 2.15794 6.48228 0.6
    endloop
  endfacet
  facet normal 0 0 1
    outer loop
      vertex 2.42966 5.81123 0.6
      vertex 2.13963 6.47572 0.6
      vertex 2.40488 5.79909 0.6
    endloop
  endfacet
  facet normal -0 0 1
    outer loop
      vertex 2.12103 6.46858 0.6
      vertex 2.40488 5.79909 0.6
      vertex 2.13963 6.47572 0.6
    endloop
  endfacet
  facet normal -0 0 1
    outer loop
      vertex 2.10214 6.46085 0.6
      vertex 2.40488 5.79909 0.6
      vertex 2.12103 6.46858 0.6
    endloop
  endfacet
  facet normal 0 0 1
    outer loop
      vertex 2.40488 5.79909 0.6
      vertex 2.10214 6.46085 0.6
      vertex 2.37984 5.787 0.6
    endloop
  endfacet
  facet normal -0 0 1
    outer loop
      vertex 2.08287 6.45256 0.6
      vertex 2.37984 5.787 0.6
      vertex 2.10214 6.46085 0.6
    endloop
  endfacet
  facet normal -0 0 1
    outer loop
      vertex 2.06311 6.44376 0.6
      vertex 2.37984 5.787 0.6
      vertex 2.08287 6.45256 0.6
    endloop
  endfacet
  facet normal 0 0 1
    outer loop
      vertex 2.37984 5.787 0.6
      vertex 2.06311 6.44376 0.6
      vertex 2.35454 5.77495 0.6
    endloop
  endfacet
  facet normal -0 0 1
    outer loop
      vertex 2.04291 6.43445 0.6
      vertex 2.35454 5.77495 0.6
      vertex 2.06311 6.44376 0.6
    endloop
  endfacet
  facet normal 0 0 1
    outer loop
      vertex 2.35454 5.77495 0.6
      vertex 2.04291 6.43445 0.6
      vertex 2.32899 5.76294 0.6
    endloop
  endfacet
  facet normal -0 0 1
    outer loop
      vertex 2.02222 6.42464 0.6
      vertex 2.32899 5.76294 0.6
      vertex 2.04291 6.43445 0.6
    endloop
  endfacet
  facet normal -0 0 1
    outer loop
      vertex 2.00107 6.41431 0.6
      vertex 2.32899 5.76294 0.6
      vertex 2.02222 6.42464 0.6
    endloop
  endfacet
  facet normal 0 0 1
    outer loop
      vertex 2.32899 5.76294 0.6
      vertex 2.00107 6.41431 0.6
      vertex 2.30319 5.75096 0.6
    endloop
  endfacet
  facet normal -0 0 1
    outer loop
      vertex 1.97945 6.40346 0.6
      vertex 2.30319 5.75096 0.6
      vertex 2.00107 6.41431 0.6
    endloop
  endfacet
  facet normal 0 0 1
    outer loop
      vertex 2.30319 5.75096 0.6
      vertex 1.97945 6.40346 0.6
      vertex 2.27713 5.73904 0.6
    endloop
  endfacet
  facet normal -0 0 1
    outer loop
      vertex 1.95737 6.39211 0.6
      vertex 2.27713 5.73904 0.6
      vertex 1.97945 6.40346 0.6
    endloop
  endfacet
  facet normal -0 0 1
    outer loop
      vertex 1.93468 6.38019 0.6
      vertex 2.27713 5.73904 0.6
      vertex 1.95737 6.39211 0.6
    endloop
  endfacet
  facet normal 0 0 1
    outer loop
      vertex 2.27713 5.73904 0.6
      vertex 1.93468 6.38019 0.6
      vertex 2.24731 5.7253 0.6
    endloop
  endfacet
  facet normal -0 0 1
    outer loop
      vertex 1.91129 6.36763 0.6
      vertex 2.24731 5.7253 0.6
      vertex 1.93468 6.38019 0.6
    endloop
  endfacet
  facet normal 0 0 1
    outer loop
      vertex 2.24731 5.7253 0.6
      vertex 1.91129 6.36763 0.6
      vertex 2.21736 5.71141 0.6
    endloop
  endfacet
  facet normal -0 0 1
    outer loop
      vertex 1.88715 6.35443 0.6
      vertex 2.21736 5.71141 0.6
      vertex 1.91129 6.36763 0.6
    endloop
  endfacet
  facet normal 0 0 1
    outer loop
      vertex 2.21736 5.71141 0.6
      vertex 1.88715 6.35443 0.6
      vertex 2.18729 5.6974 0.6
    endloop
  endfacet
  facet normal -0 0 1
    outer loop
      vertex 1.8623 6.34059 0.6
      vertex 2.18729 5.6974 0.6
      vertex 1.88715 6.35443 0.6
    endloop
  endfacet
  facet normal -0 0 1
    outer loop
      vertex 1.83673 6.32611 0.6
      vertex 2.18729 5.6974 0.6
      vertex 1.8623 6.34059 0.6
    endloop
  endfacet
  facet normal 0 0 1
    outer loop
      vertex 2.18729 5.6974 0.6
      vertex 1.83673 6.32611 0.6
      vertex 2.15707 5.68326 0.6
    endloop
  endfacet
  facet normal -0 0 1
    outer loop
      vertex 1.81044 6.31099 0.6
      vertex 2.15707 5.68326 0.6
      vertex 1.83673 6.32611 0.6
    endloop
  endfacet
  facet normal 0 0 1
    outer loop
      vertex 2.15707 5.68326 0.6
      vertex 1.81044 6.31099 0.6
      vertex 2.12674 5.66899 0.6
    endloop
  endfacet
  facet normal -0 0 1
    outer loop
      vertex 1.78342 6.29524 0.6
      vertex 2.12674 5.66899 0.6
      vertex 1.81044 6.31099 0.6
    endloop
  endfacet
  facet normal 0 0 1
    outer loop
      vertex 2.12674 5.66899 0.6
      vertex 1.78342 6.29524 0.6
      vertex 2.09628 5.6546 0.6
    endloop
  endfacet
  facet normal 0 0 1
    outer loop
      vertex 2.09628 5.6546 0.6
      vertex 1.78342 6.29524 0.6
      vertex 2.06569 5.64008 0.6
    endloop
  endfacet
  facet normal 0 0 1
    outer loop
      vertex 2.06569 5.64008 0.6
      vertex 1.78342 6.29524 0.6
      vertex 2.03519 5.62527 0.6
    endloop
  endfacet
  facet normal 0 0 1
    outer loop
      vertex 2.03519 5.62527 0.6
      vertex 1.78342 6.29524 0.6
      vertex 2.00499 5.61006 0.6
    endloop
  endfacet
  facet normal 0 0 1
    outer loop
      vertex 2.00499 5.61006 0.6
      vertex 1.78342 6.29524 0.6
      vertex 1.97508 5.59442 0.6
    endloop
  endfacet
  facet normal 0 0 1
    outer loop
      vertex 1.97508 5.59442 0.6
      vertex 1.78342 6.29524 0.6
      vertex 1.94547 5.57834 0.6
    endloop
  endfacet
  facet normal 0 0 1
    outer loop
      vertex 1.94547 5.57834 0.6
      vertex 1.78342 6.29524 0.6
      vertex 1.91615 5.56184 0.6
    endloop
  endfacet
  facet normal 0 0 1
    outer loop
      vertex 1.91615 5.56184 0.6
      vertex 1.78342 6.29524 0.6
      vertex 1.88715 5.54492 0.6
    endloop
  endfacet
  facet normal 0 0 1
    outer loop
      vertex 1.88715 5.54492 0.6
      vertex 1.78342 6.29524 0.6
      vertex 1.85843 5.52757 0.6
    endloop
  endfacet
  facet normal 0 0 1
    outer loop
      vertex 1.85843 5.52757 0.6
      vertex 1.78342 6.29524 0.6
      vertex 1.83011 5.50978 0.6
    endloop
  endfacet
  facet normal 0 0 1
    outer loop
      vertex 1.83011 5.50978 0.6
      vertex 1.78342 6.29524 0.6
      vertex 1.80229 5.49153 0.6
    endloop
  endfacet
  facet normal 0 0 1
    outer loop
      vertex 1.78342 6.29524 0.6
      vertex 1.77499 5.47279 0.6
      vertex 1.80229 5.49153 0.6
    endloop
  endfacet
  facet normal 0 0 1
    outer loop
      vertex 1.78342 6.29524 0.6
      vertex 1.74821 5.4536 0.6
      vertex 1.77499 5.47279 0.6
    endloop
  endfacet
  facet normal 0 0 1
    outer loop
      vertex 1.78342 6.29524 0.6
      vertex 1.72194 5.43394 0.6
      vertex 1.74821 5.4536 0.6
    endloop
  endfacet
  facet normal 0 0 1
    outer loop
      vertex 1.78342 6.29524 0.6
      vertex 1.69617 5.4138 0.6
      vertex 1.72194 5.43394 0.6
    endloop
  endfacet
  facet normal 0 0 1
    outer loop
      vertex 1.78342 6.29524 0.6
      vertex 1.67093 5.3932 0.6
      vertex 1.69617 5.4138 0.6
    endloop
  endfacet
  facet normal 0 0 1
    outer loop
      vertex 1.78342 6.29524 0.6
      vertex 1.64636 5.37201 0.6
      vertex 1.67093 5.3932 0.6
    endloop
  endfacet
  facet normal 0 0 1
    outer loop
      vertex 1.78342 6.29524 0.6
      vertex 1.62271 5.35004 0.6
      vertex 1.64636 5.37201 0.6
    endloop
  endfacet
  facet normal 0 0 1
    outer loop
      vertex 0.480804 6.51607 0.6
      vertex 1.62271 5.35004 0.6
      vertex 1.78342 6.29524 0.6
    endloop
  endfacet
  facet normal -0 0 1
    outer loop
      vertex 0.480804 6.51607 0.6
      vertex 1.78342 6.29524 0.6
      vertex 1.47095 6.69313 0.6
    endloop
  endfacet
  facet normal 0 0 1
    outer loop
      vertex 1.62271 5.35004 0.6
      vertex 0.480804 6.51607 0.6
      vertex 1.59993 5.32729 0.6
    endloop
  endfacet
  facet normal 0 0 1
    outer loop
      vertex 1.59993 5.32729 0.6
      vertex 0.480804 6.51607 0.6
      vertex 1.57806 5.30379 0.6
    endloop
  endfacet
  facet normal 0 0 1
    outer loop
      vertex 1.57806 5.30379 0.6
      vertex 0.480804 6.51607 0.6
      vertex 1.55708 5.27951 0.6
    endloop
  endfacet
  facet normal 0 0 1
    outer loop
      vertex 1.55708 5.27951 0.6
      vertex 0.480804 6.51607 0.6
      vertex 1.537 5.25447 0.6
    endloop
  endfacet
  facet normal 0 0 1
    outer loop
      vertex 1.537 5.25447 0.6
      vertex 0.480804 6.51607 0.6
      vertex 1.51781 5.22867 0.6
    endloop
  endfacet
  facet normal 0 0 1
    outer loop
      vertex 1.51781 5.22867 0.6
      vertex 0.480804 6.51607 0.6
      vertex 1.49963 5.20206 0.6
    endloop
  endfacet
  facet normal 0 0 1
    outer loop
      vertex 1.49963 5.20206 0.6
      vertex 0.480804 6.51607 0.6
      vertex 1.4826 5.17459 0.6
    endloop
  endfacet
  facet normal 0 0 1
    outer loop
      vertex -1.41779 6.03697 0.6
      vertex -0.379517 7.01813 0.6
      vertex -1.41345 6.08092 0.6
    endloop
  endfacet
  facet normal 0 0 1
    outer loop
      vertex -1.42502 5.99469 0.6
      vertex -0.379517 7.01813 0.6
      vertex -1.41779 6.03697 0.6
    endloop
  endfacet
  facet normal 0 0 1
    outer loop
      vertex -1.43513 5.95407 0.6
      vertex -0.379517 7.01813 0.6
      vertex -1.42502 5.99469 0.6
    endloop
  endfacet
  facet normal 0 0 1
    outer loop
      vertex -1.44814 5.9151 0.6
      vertex -0.379517 7.01813 0.6
      vertex -1.43513 5.95407 0.6
    endloop
  endfacet
  facet normal 0 0 1
    outer loop
      vertex -0.379517 7.01813 0.6
      vertex -1.44814 5.9151 0.6
      vertex -1.38492 4.09332 0.6
    endloop
  endfacet
  facet normal -0 0 1
    outer loop
      vertex -1.46404 5.87779 0.6
      vertex -1.38492 4.09332 0.6
      vertex -1.44814 5.9151 0.6
    endloop
  endfacet
  facet normal -0 0 1
    outer loop
      vertex -1.48283 5.84215 0.6
      vertex -1.38492 4.09332 0.6
      vertex -1.46404 5.87779 0.6
    endloop
  endfacet
  facet normal -0 0 1
    outer loop
      vertex -1.50398 5.80786 0.6
      vertex -1.38492 4.09332 0.6
      vertex -1.48283 5.84215 0.6
    endloop
  endfacet
  facet normal -0 0 1
    outer loop
      vertex -1.52696 5.77464 0.6
      vertex -1.38492 4.09332 0.6
      vertex -1.50398 5.80786 0.6
    endloop
  endfacet
  facet normal 0 0 1
    outer loop
      vertex -1.67241 4.56621 0.6
      vertex -1.52696 5.77464 0.6
      vertex -1.55177 5.74248 0.6
    endloop
  endfacet
  facet normal 0 0 1
    outer loop
      vertex -1.67241 4.56621 0.6
      vertex -1.55177 5.74248 0.6
      vertex -1.57841 5.71138 0.6
    endloop
  endfacet
  facet normal 0 0 1
    outer loop
      vertex -1.67241 4.56621 0.6
      vertex -1.57841 5.71138 0.6
      vertex -1.60687 5.68134 0.6
    endloop
  endfacet
  facet normal 0 0 1
    outer loop
      vertex -1.67241 4.56621 0.6
      vertex -1.60687 5.68134 0.6
      vertex -1.63716 5.65236 0.6
    endloop
  endfacet
  facet normal 0 0 1
    outer loop
      vertex -1.67241 4.56621 0.6
      vertex -1.63716 5.65236 0.6
      vertex -1.66928 5.62444 0.6
    endloop
  endfacet
  facet normal 0 0 1
    outer loop
      vertex -1.52696 5.77464 0.6
      vertex -1.67241 4.56621 0.6
      vertex -1.38492 4.09332 0.6
    endloop
  endfacet
  facet normal -0 0 1
    outer loop
      vertex -1.70291 5.59747 0.6
      vertex -1.67241 4.56621 0.6
      vertex -1.66928 5.62444 0.6
    endloop
  endfacet
  facet normal -0 0 1
    outer loop
      vertex -1.73773 5.5713 0.6
      vertex -1.67241 4.56621 0.6
      vertex -1.70291 5.59747 0.6
    endloop
  endfacet
  facet normal -0 0 1
    outer loop
      vertex -1.77374 5.54594 0.6
      vertex -1.67241 4.56621 0.6
      vertex -1.73773 5.5713 0.6
    endloop
  endfacet
  facet normal -0 0 1
    outer loop
      vertex -1.81094 5.52139 0.6
      vertex -1.67241 4.56621 0.6
      vertex -1.77374 5.54594 0.6
    endloop
  endfacet
  facet normal -0 0 1
    outer loop
      vertex -1.84933 5.49765 0.6
      vertex -1.67241 4.56621 0.6
      vertex -1.81094 5.52139 0.6
    endloop
  endfacet
  facet normal -0 0 1
    outer loop
      vertex -1.88892 5.4747 0.6
      vertex -1.67241 4.56621 0.6
      vertex -1.84933 5.49765 0.6
    endloop
  endfacet
  facet normal -0 0 1
    outer loop
      vertex -1.92969 5.45258 0.6
      vertex -1.67241 4.56621 0.6
      vertex -1.88892 5.4747 0.6
    endloop
  endfacet
  facet normal -0 0 1
    outer loop
      vertex -1.97116 5.43095 0.6
      vertex -1.67241 4.56621 0.6
      vertex -1.92969 5.45258 0.6
    endloop
  endfacet
  facet normal -0 0 1
    outer loop
      vertex -2.01285 5.40956 0.6
      vertex -1.67241 4.56621 0.6
      vertex -1.97116 5.43095 0.6
    endloop
  endfacet
  facet normal -0 0 1
    outer loop
      vertex -2.05473 5.38837 0.6
      vertex -1.67241 4.56621 0.6
      vertex -2.01285 5.40956 0.6
    endloop
  endfacet
  facet normal -0 0 1
    outer loop
      vertex -2.09685 5.3674 0.6
      vertex -1.67241 4.56621 0.6
      vertex -2.05473 5.38837 0.6
    endloop
  endfacet
  facet normal -0 0 1
    outer loop
      vertex -2.13918 5.34663 0.6
      vertex -1.67241 4.56621 0.6
      vertex -2.09685 5.3674 0.6
    endloop
  endfacet
  facet normal 0 0 1
    outer loop
      vertex -1.67241 4.56621 0.6
      vertex -2.13918 5.34663 0.6
      vertex -1.6889 4.55534 0.6
    endloop
  endfacet
  facet normal 0 0 1
    outer loop
      vertex -1.6889 4.55534 0.6
      vertex -2.13918 5.34663 0.6
      vertex -1.70625 4.54419 0.6
    endloop
  endfacet
  facet normal 0 0 1
    outer loop
      vertex -1.70625 4.54419 0.6
      vertex -2.13918 5.34663 0.6
      vertex -1.72444 4.53273 0.6
    endloop
  endfacet
  facet normal -0 0 1
    outer loop
      vertex -2.18172 5.32608 0.6
      vertex -1.72444 4.53273 0.6
      vertex -2.13918 5.34663 0.6
    endloop
  endfacet
  facet normal 0 0 1
    outer loop
      vertex -1.72444 4.53273 0.6
      vertex -2.18172 5.32608 0.6
      vertex -1.74348 4.52097 0.6
    endloop
  endfacet
  facet normal 0 0 1
    outer loop
      vertex -1.74348 4.52097 0.6
      vertex -2.18172 5.32608 0.6
      vertex -1.76338 4.50891 0.6
    endloop
  endfacet
  facet normal 0 0 1
    outer loop
      vertex -1.76338 4.50891 0.6
      vertex -2.18172 5.32608 0.6
      vertex -1.78413 4.49657 0.6
    endloop
  endfacet
  facet normal -0 0 1
    outer loop
      vertex -2.22446 5.30574 0.6
      vertex -1.78413 4.49657 0.6
      vertex -2.18172 5.32608 0.6
    endloop
  endfacet
  facet normal 0 0 1
    outer loop
      vertex -1.78413 4.49657 0.6
      vertex -2.22446 5.30574 0.6
      vertex -1.80573 4.48392 0.6
    endloop
  endfacet
  facet normal 0 0 1
    outer loop
      vertex -1.80573 4.48392 0.6
      vertex -2.22446 5.30574 0.6
      vertex -1.82794 4.47127 0.6
    endloop
  endfacet
  facet normal -0 0 1
    outer loop
      vertex -2.25478 5.2914 0.6
      vertex -1.82794 4.47127 0.6
      vertex -2.22446 5.30574 0.6
    endloop
  endfacet
  facet normal 0 0 1
    outer loop
      vertex -1.82794 4.47127 0.6
      vertex -2.25478 5.2914 0.6
      vertex -1.85052 4.45892 0.6
    endloop
  endfacet
  facet normal -0 0 1
    outer loop
      vertex -2.285 5.27692 0.6
      vertex -1.85052 4.45892 0.6
      vertex -2.25478 5.2914 0.6
    endloop
  endfacet
  facet normal 0 0 1
    outer loop
      vertex -1.85052 4.45892 0.6
      vertex -2.285 5.27692 0.6
      vertex -1.8735 4.44687 0.6
    endloop
  endfacet
  facet normal 0 0 1
    outer loop
      vertex -1.8735 4.44687 0.6
      vertex -2.285 5.27692 0.6
      vertex -1.89687 4.4351 0.6
    endloop
  endfacet
  facet normal -0 0 1
    outer loop
      vertex -2.31514 5.26231 0.6
      vertex -1.89687 4.4351 0.6
      vertex -2.285 5.27692 0.6
    endloop
  endfacet
  facet normal 0 0 1
    outer loop
      vertex -1.89687 4.4351 0.6
      vertex -2.31514 5.26231 0.6
      vertex -1.92061 4.42365 0.6
    endloop
  endfacet
  facet normal 0 0 1
    outer loop
      vertex -1.92061 4.42365 0.6
      vertex -2.31514 5.26231 0.6
      vertex -1.94475 4.41249 0.6
    endloop
  endfacet
  facet normal -0 0 1
    outer loop
      vertex -2.3452 5.24759 0.6
      vertex -1.94475 4.41249 0.6
      vertex -2.31514 5.26231 0.6
    endloop
  endfacet
  facet normal 0 0 1
    outer loop
      vertex -1.94475 4.41249 0.6
      vertex -2.3452 5.24759 0.6
      vertex -1.96925 4.40163 0.6
    endloop
  endfacet
  facet normal -0 0 1
    outer loop
      vertex -2.37517 5.23273 0.6
      vertex -1.96925 4.40163 0.6
      vertex -2.3452 5.24759 0.6
    endloop
  endfacet
  facet normal 0 0 1
    outer loop
      vertex -1.96925 4.40163 0.6
      vertex -2.37517 5.23273 0.6
      vertex -1.99397 4.39114 0.6
    endloop
  endfacet
  facet normal 0 0 1
    outer loop
      vertex -1.99397 4.39114 0.6
      vertex -2.37517 5.23273 0.6
      vertex -2.01874 4.38113 0.6
    endloop
  endfacet
  facet normal -0 0 1
    outer loop
      vertex -2.40504 5.21774 0.6
      vertex -2.01874 4.38113 0.6
      vertex -2.37517 5.23273 0.6
    endloop
  endfacet
  facet normal 0 0 1
    outer loop
      vertex -2.01874 4.38113 0.6
      vertex -2.40504 5.21774 0.6
      vertex -2.04355 4.3716 0.6
    endloop
  endfacet
  facet normal 0 0 1
    outer loop
      vertex -2.04355 4.3716 0.6
      vertex -2.40504 5.21774 0.6
      vertex -2.06841 4.36252 0.6
    endloop
  endfacet
  facet normal -0 0 1
    outer loop
      vertex -2.43486 5.20262 0.6
      vertex -2.06841 4.36252 0.6
      vertex -2.40504 5.21774 0.6
    endloop
  endfacet
  facet normal 0 0 1
    outer loop
      vertex -2.06841 4.36252 0.6
      vertex -2.43486 5.20262 0.6
      vertex -2.09329 4.3539 0.6
    endloop
  endfacet
  facet normal -0 0 1
    outer loop
      vertex -2.46417 5.18719 0.6
      vertex -2.09329 4.3539 0.6
      vertex -2.43486 5.20262 0.6
    endloop
  endfacet
  facet normal 0 0 1
    outer loop
      vertex -2.09329 4.3539 0.6
      vertex -2.46417 5.18719 0.6
      vertex -2.11823 4.34576 0.6
    endloop
  endfacet
  facet normal -0 0 1
    outer loop
      vertex -2.49258 5.17125 0.6
      vertex -2.11823 4.34576 0.6
      vertex -2.46417 5.18719 0.6
    endloop
  endfacet
  facet normal 0 0 1
    outer loop
      vertex -2.11823 4.34576 0.6
      vertex -2.49258 5.17125 0.6
      vertex -2.14319 4.33809 0.6
    endloop
  endfacet
  facet normal 0 0 1
    outer loop
      vertex -2.14319 4.33809 0.6
      vertex -2.49258 5.17125 0.6
      vertex -2.16803 4.33118 0.6
    endloop
  endfacet
  facet normal -0 0 1
    outer loop
      vertex -2.52011 5.1548 0.6
      vertex -2.16803 4.33118 0.6
      vertex -2.49258 5.17125 0.6
    endloop
  endfacet
  facet normal 0 0 1
    outer loop
      vertex -2.16803 4.33118 0.6
      vertex -2.52011 5.1548 0.6
      vertex -2.19252 4.32533 0.6
    endloop
  endfacet
  facet normal 0 0 1
    outer loop
      vertex -2.19252 4.32533 0.6
      vertex -2.52011 5.1548 0.6
      vertex -2.21667 4.32056 0.6
    endloop
  endfacet
  facet normal -0 0 1
    outer loop
      vertex -2.54675 5.13783 0.6
      vertex -2.21667 4.32056 0.6
      vertex -2.52011 5.1548 0.6
    endloop
  endfacet
  facet normal 0 0 1
    outer loop
      vertex -2.21667 4.32056 0.6
      vertex -2.54675 5.13783 0.6
      vertex -2.24048 4.31683 0.6
    endloop
  endfacet
  facet normal 0 0 1
    outer loop
      vertex -2.24048 4.31683 0.6
      vertex -2.54675 5.13783 0.6
      vertex -2.26395 4.31418 0.6
    endloop
  endfacet
  facet normal 0 0 1
    outer loop
      vertex -2.26395 4.31418 0.6
      vertex -2.54675 5.13783 0.6
      vertex -2.28708 4.31258 0.6
    endloop
  endfacet
  facet normal 0 0 1
    outer loop
      vertex -2.28708 4.31258 0.6
      vertex -2.54675 5.13783 0.6
      vertex -2.30988 4.31204 0.6
    endloop
  endfacet
  facet normal -0 0 1
    outer loop
      vertex -2.57249 5.12036 0.6
      vertex -2.30988 4.31204 0.6
      vertex -2.54675 5.13783 0.6
    endloop
  endfacet
  facet normal 0 0 1
    outer loop
      vertex -2.30988 4.31204 0.6
      vertex -2.57249 5.12036 0.6
      vertex -2.33601 4.31252 0.6
    endloop
  endfacet
  facet normal 0 0 1
    outer loop
      vertex -2.33601 4.31252 0.6
      vertex -2.57249 5.12036 0.6
      vertex -2.36208 4.31392 0.6
    endloop
  endfacet
  facet normal -0 0 1
    outer loop
      vertex -2.59735 5.10237 0.6
      vertex -2.36208 4.31392 0.6
      vertex -2.57249 5.12036 0.6
    endloop
  endfacet
  facet normal 0 0 1
    outer loop
      vertex -2.36208 4.31392 0.6
      vertex -2.59735 5.10237 0.6
      vertex -2.38805 4.31625 0.6
    endloop
  endfacet
  facet normal 0 0 1
    outer loop
      vertex -2.38805 4.31625 0.6
      vertex -2.59735 5.10237 0.6
      vertex -2.41394 4.31953 0.6
    endloop
  endfacet
  facet normal -0 0 1
    outer loop
      vertex -2.62131 5.08389 0.6
      vertex -2.41394 4.31953 0.6
      vertex -2.59735 5.10237 0.6
    endloop
  endfacet
  facet normal 0 0 1
    outer loop
      vertex -2.41394 4.31953 0.6
      vertex -2.62131 5.08389 0.6
      vertex -2.43974 4.32375 0.6
    endloop
  endfacet
  facet normal -0 0 1
    outer loop
      vertex -2.64418 5.06476 0.6
      vertex -2.43974 4.32375 0.6
      vertex -2.62131 5.08389 0.6
    endloop
  endfacet
  facet normal 0 0 1
    outer loop
      vertex -2.43974 4.32375 0.6
      vertex -2.64418 5.06476 0.6
      vertex -2.46547 4.32889 0.6
    endloop
  endfacet
  facet normal -0 0 1
    outer loop
      vertex -2.66577 5.04486 0.6
      vertex -2.46547 4.32889 0.6
      vertex -2.64418 5.06476 0.6
    endloop
  endfacet
  facet normal -0 0 1
    outer loop
      vertex -2.6861 5.0242 0.6
      vertex -2.46547 4.32889 0.6
      vertex -2.66577 5.04486 0.6
    endloop
  endfacet
  facet normal 0 0 1
    outer loop
      vertex -2.46547 4.32889 0.6
      vertex -2.6861 5.0242 0.6
      vertex -2.4911 4.33496 0.6
    endloop
  endfacet
  facet normal -0 0 1
    outer loop
      vertex -2.70514 5.00278 0.6
      vertex -2.4911 4.33496 0.6
      vertex -2.6861 5.0242 0.6
    endloop
  endfacet
  facet normal 0 0 1
    outer loop
      vertex -2.4911 4.33496 0.6
      vertex -2.70514 5.00278 0.6
      vertex -2.5163 4.34209 0.6
    endloop
  endfacet
  facet normal 0 0 1
    outer loop
      vertex -2.5163 4.34209 0.6
      vertex -2.70514 5.00278 0.6
      vertex -2.54068 4.35036 0.6
    endloop
  endfacet
  facet normal -0 0 1
    outer loop
      vertex -2.72292 4.98058 0.6
      vertex -2.54068 4.35036 0.6
      vertex -2.70514 5.00278 0.6
    endloop
  endfacet
  facet normal -0 0 1
    outer loop
      vertex -2.80478 4.70445 0.6
      vertex -2.54068 4.35036 0.6
      vertex -2.72292 4.98058 0.6
    endloop
  endfacet
  facet normal 0 0 1
    outer loop
      vertex -2.54068 4.35036 0.6
      vertex -2.80478 4.70445 0.6
      vertex -2.56425 4.35977 0.6
    endloop
  endfacet
  facet normal 0 0 1
    outer loop
      vertex -2.56425 4.35977 0.6
      vertex -2.80478 4.70445 0.6
      vertex -2.58702 4.37035 0.6
    endloop
  endfacet
  facet normal 0 0 1
    outer loop
      vertex -2.58702 4.37035 0.6
      vertex -2.80478 4.70445 0.6
      vertex -2.60898 4.38205 0.6
    endloop
  endfacet
  facet normal 0 0 1
    outer loop
      vertex -2.60898 4.38205 0.6
      vertex -2.80478 4.70445 0.6
      vertex -2.63013 4.39491 0.6
    endloop
  endfacet
  facet normal -0 -0 1
    outer loop
      vertex -2.80217 4.67336 0.6
      vertex -2.63013 4.39491 0.6
      vertex -2.80478 4.70445 0.6
    endloop
  endfacet
  facet normal 0 0 1
    outer loop
      vertex -2.63013 4.39491 0.6
      vertex -2.80217 4.67336 0.6
      vertex -2.65047 4.40892 0.6
    endloop
  endfacet
  facet normal 0 0 1
    outer loop
      vertex -2.65047 4.40892 0.6
      vertex -2.80217 4.67336 0.6
      vertex -2.66985 4.4241 0.6
    endloop
  endfacet
  facet normal 0 0 1
    outer loop
      vertex -2.66985 4.4241 0.6
      vertex -2.80217 4.67336 0.6
      vertex -2.68813 4.44048 0.6
    endloop
  endfacet
  facet normal 0 0 1
    outer loop
      vertex -2.68813 4.44048 0.6
      vertex -2.80217 4.67336 0.6
      vertex -2.70531 4.45804 0.6
    endloop
  endfacet
  facet normal 0 0 1
    outer loop
      vertex -2.80565 4.73703 0.6
      vertex -2.72292 4.98058 0.6
      vertex -2.73941 4.95761 0.6
    endloop
  endfacet
  facet normal 0 0 1
    outer loop
      vertex -2.70531 4.45804 0.6
      vertex -2.80217 4.67336 0.6
      vertex -2.72136 4.47678 0.6
    endloop
  endfacet
  facet normal 0 0 1
    outer loop
      vertex -2.80461 4.7686 0.6
      vertex -2.73941 4.95761 0.6
      vertex -2.75462 4.93388 0.6
    endloop
  endfacet
  facet normal 0 0 1
    outer loop
      vertex -2.72136 4.47678 0.6
      vertex -2.80217 4.67336 0.6
      vertex -2.73633 4.49672 0.6
    endloop
  endfacet
  facet normal 0 0 1
    outer loop
      vertex -2.80148 4.79901 0.6
      vertex -2.75462 4.93388 0.6
      vertex -2.76816 4.90921 0.6
    endloop
  endfacet
  facet normal 0 0 1
    outer loop
      vertex -2.73633 4.49672 0.6
      vertex -2.80217 4.67336 0.6
      vertex -2.75018 4.51785 0.6
    endloop
  endfacet
  facet normal 0 0 1
    outer loop
      vertex -2.78899 4.85641 0.6
      vertex -2.76816 4.90921 0.6
      vertex -2.77962 4.88339 0.6
    endloop
  endfacet
  facet normal 0 0 1
    outer loop
      vertex -2.75018 4.51785 0.6
      vertex -2.79781 4.64374 0.6
      vertex -2.76294 4.54016 0.6
    endloop
  endfacet
  facet normal 0 0 1
    outer loop
      vertex -2.79628 4.82829 0.6
      vertex -2.76816 4.90921 0.6
      vertex -2.78899 4.85641 0.6
    endloop
  endfacet
  facet normal 0 0 1
    outer loop
      vertex -2.76294 4.54016 0.6
      vertex -2.79781 4.64374 0.6
      vertex -2.77426 4.56383 0.6
    endloop
  endfacet
  facet normal 0 0 1
    outer loop
      vertex -2.80148 4.79901 0.6
      vertex -2.76816 4.90921 0.6
      vertex -2.79628 4.82829 0.6
    endloop
  endfacet
  facet normal 0 0 1
    outer loop
      vertex -2.78386 4.58897 0.6
      vertex -2.79781 4.64374 0.6
      vertex -2.7917 4.61562 0.6
    endloop
  endfacet
  facet normal 0 0 1
    outer loop
      vertex -2.75462 4.93388 0.6
      vertex -2.80148 4.79901 0.6
      vertex -2.80461 4.7686 0.6
    endloop
  endfacet
  facet normal 0 0 1
    outer loop
      vertex -2.77426 4.56383 0.6
      vertex -2.79781 4.64374 0.6
      vertex -2.78386 4.58897 0.6
    endloop
  endfacet
  facet normal 0 0 1
    outer loop
      vertex -2.73941 4.95761 0.6
      vertex -2.80461 4.7686 0.6
      vertex -2.80565 4.73703 0.6
    endloop
  endfacet
  facet normal -0 -0 1
    outer loop
      vertex -2.79781 4.64374 0.6
      vertex -2.75018 4.51785 0.6
      vertex -2.80217 4.67336 0.6
    endloop
  endfacet
  facet normal 0 0 1
    outer loop
      vertex -2.72292 4.98058 0.6
      vertex -2.80565 4.73703 0.6
      vertex -2.80478 4.70445 0.6
    endloop
  endfacet
  facet normal 0 0 1
    outer loop
      vertex -2.19711 5.99896 0.6
      vertex -2.13278 6.18484 0.6
      vertex -2.13348 6.21045 0.6
    endloop
  endfacet
  facet normal 0 0 1
    outer loop
      vertex -2.30904 6.4713 0.6
      vertex -2.13348 6.21045 0.6
      vertex -2.13559 6.23492 0.6
    endloop
  endfacet
  facet normal 0 0 1
    outer loop
      vertex -2.13278 6.18484 0.6
      vertex -2.19711 5.99896 0.6
      vertex -2.13359 6.16086 0.6
    endloop
  endfacet
  facet normal 0 0 1
    outer loop
      vertex -2.29126 6.46242 0.6
      vertex -2.13559 6.23492 0.6
      vertex -2.1391 6.25824 0.6
    endloop
  endfacet
  facet normal 0 0 1
    outer loop
      vertex -2.13359 6.16086 0.6
      vertex -2.1842 6.01665 0.6
      vertex -2.13602 6.13774 0.6
    endloop
  endfacet
  facet normal 0 0 1
    outer loop
      vertex -2.27417 6.45268 0.6
      vertex -2.1391 6.25824 0.6
      vertex -2.14401 6.28041 0.6
    endloop
  endfacet
  facet normal 0 0 1
    outer loop
      vertex -2.13602 6.13774 0.6
      vertex -2.1842 6.01665 0.6
      vertex -2.14005 6.11546 0.6
    endloop
  endfacet
  facet normal 0 0 1
    outer loop
      vertex -2.1886 6.3743 0.6
      vertex -2.14401 6.28041 0.6
      vertex -2.15033 6.30142 0.6
    endloop
  endfacet
  facet normal 0 0 1
    outer loop
      vertex -2.14005 6.11546 0.6
      vertex -2.1842 6.01665 0.6
      vertex -2.14571 6.09402 0.6
    endloop
  endfacet
  facet normal 0 0 1
    outer loop
      vertex -2.16716 6.34003 0.6
      vertex -2.15033 6.30142 0.6
      vertex -2.15804 6.3213 0.6
    endloop
  endfacet
  facet normal 0 0 1
    outer loop
      vertex -2.14571 6.09402 0.6
      vertex -2.17235 6.03484 0.6
      vertex -2.15297 6.07346 0.6
    endloop
  endfacet
  facet normal 0 0 1
    outer loop
      vertex -2.17743 6.35768 0.6
      vertex -2.15033 6.30142 0.6
      vertex -2.16716 6.34003 0.6
    endloop
  endfacet
  facet normal 0 0 1
    outer loop
      vertex -2.15297 6.07346 0.6
      vertex -2.17235 6.03484 0.6
      vertex -2.16185 6.05373 0.6
    endloop
  endfacet
  facet normal 0 0 1
    outer loop
      vertex -2.1886 6.3743 0.6
      vertex -2.15033 6.30142 0.6
      vertex -2.17743 6.35768 0.6
    endloop
  endfacet
  facet normal 0 0 1
    outer loop
      vertex -2.14571 6.09402 0.6
      vertex -2.1842 6.01665 0.6
      vertex -2.17235 6.03484 0.6
    endloop
  endfacet
  facet normal 0 0 1
    outer loop
      vertex -2.20064 6.38989 0.6
      vertex -2.14401 6.28041 0.6
      vertex -2.1886 6.3743 0.6
    endloop
  endfacet
  facet normal 0 0 1
    outer loop
      vertex -2.13359 6.16086 0.6
      vertex -2.19711 5.99896 0.6
      vertex -2.1842 6.01665 0.6
    endloop
  endfacet
  facet normal 0 0 1
    outer loop
      vertex -2.21359 6.40448 0.6
      vertex -2.14401 6.28041 0.6
      vertex -2.20064 6.38989 0.6
    endloop
  endfacet
  facet normal 0 0 1
    outer loop
      vertex -2.22742 6.41805 0.6
      vertex -2.14401 6.28041 0.6
      vertex -2.21359 6.40448 0.6
    endloop
  endfacet
  facet normal 0 0 1
    outer loop
      vertex -2.24214 6.43057 0.6
      vertex -2.14401 6.28041 0.6
      vertex -2.22742 6.41805 0.6
    endloop
  endfacet
  facet normal 0 0 1
    outer loop
      vertex -2.25777 6.44209 0.6
      vertex -2.14401 6.28041 0.6
      vertex -2.24214 6.43057 0.6
    endloop
  endfacet
  facet normal 0 0 1
    outer loop
      vertex -2.27417 6.45268 0.6
      vertex -2.14401 6.28041 0.6
      vertex -2.25777 6.44209 0.6
    endloop
  endfacet
  facet normal 0 0 1
    outer loop
      vertex -2.1391 6.25824 0.6
      vertex -2.27417 6.45268 0.6
      vertex -2.29126 6.46242 0.6
    endloop
  endfacet
  facet normal 0 0 1
    outer loop
      vertex -2.13559 6.23492 0.6
      vertex -2.29126 6.46242 0.6
      vertex -2.30904 6.4713 0.6
    endloop
  endfacet
  facet normal 0 0 1
    outer loop
      vertex -2.32748 6.47934 0.6
      vertex -2.13348 6.21045 0.6
      vertex -2.30904 6.4713 0.6
    endloop
  endfacet
  facet normal 0 0 1
    outer loop
      vertex -2.13348 6.21045 0.6
      vertex -2.32748 6.47934 0.6
      vertex -2.19711 5.99896 0.6
    endloop
  endfacet
  facet normal 0 0 1
    outer loop
      vertex -2.19711 5.99896 0.6
      vertex -2.32748 6.47934 0.6
      vertex -2.21107 5.9818 0.6
    endloop
  endfacet
  facet normal 0 0 1
    outer loop
      vertex -2.34662 6.48653 0.6
      vertex -2.21107 5.9818 0.6
      vertex -2.32748 6.47934 0.6
    endloop
  endfacet
  facet normal 0 0 1
    outer loop
      vertex -2.21107 5.9818 0.6
      vertex -2.34662 6.48653 0.6
      vertex -2.2261 5.96513 0.6
    endloop
  endfacet
  facet normal 0 0 1
    outer loop
      vertex -2.36642 6.49286 0.6
      vertex -2.2261 5.96513 0.6
      vertex -2.34662 6.48653 0.6
    endloop
  endfacet
  facet normal 0 0 1
    outer loop
      vertex -2.2261 5.96513 0.6
      vertex -2.36642 6.49286 0.6
      vertex -2.2422 5.94897 0.6
    endloop
  endfacet
  facet normal 0 0 1
    outer loop
      vertex -2.38692 6.49834 0.6
      vertex -2.2422 5.94897 0.6
      vertex -2.36642 6.49286 0.6
    endloop
  endfacet
  facet normal 0 0 1
    outer loop
      vertex -2.2422 5.94897 0.6
      vertex -2.38692 6.49834 0.6
      vertex -2.25935 5.93333 0.6
    endloop
  endfacet
  facet normal 0 0 1
    outer loop
      vertex -2.40784 6.50305 0.6
      vertex -2.25935 5.93333 0.6
      vertex -2.38692 6.49834 0.6
    endloop
  endfacet
  facet normal 0 0 1
    outer loop
      vertex -2.25935 5.93333 0.6
      vertex -2.40784 6.50305 0.6
      vertex -2.27756 5.9182 0.6
    endloop
  endfacet
  facet normal 0 0 1
    outer loop
      vertex -2.42892 6.50702 0.6
      vertex -2.27756 5.9182 0.6
      vertex -2.40784 6.50305 0.6
    endloop
  endfacet
  facet normal 0 0 1
    outer loop
      vertex -2.27756 5.9182 0.6
      vertex -2.42892 6.50702 0.6
      vertex -2.29672 5.90352 0.6
    endloop
  endfacet
  facet normal 0 0 1
    outer loop
      vertex -2.4502 6.51028 0.6
      vertex -2.29672 5.90352 0.6
      vertex -2.42892 6.50702 0.6
    endloop
  endfacet
  facet normal 0 0 1
    outer loop
      vertex -2.47162 6.51282 0.6
      vertex -2.29672 5.90352 0.6
      vertex -2.4502 6.51028 0.6
    endloop
  endfacet
  facet normal 0 0 1
    outer loop
      vertex -2.29672 5.90352 0.6
      vertex -2.47162 6.51282 0.6
      vertex -2.31668 5.88921 0.6
    endloop
  endfacet
  facet normal 0 0 1
    outer loop
      vertex -2.49323 6.51462 0.6
      vertex -2.31668 5.88921 0.6
      vertex -2.47162 6.51282 0.6
    endloop
  endfacet
  facet normal 0 0 1
    outer loop
      vertex -2.31668 5.88921 0.6
      vertex -2.49323 6.51462 0.6
      vertex -2.33746 5.87527 0.6
    endloop
  endfacet
  facet normal 0 0 1
    outer loop
      vertex -2.515 6.51572 0.6
      vertex -2.33746 5.87527 0.6
      vertex -2.49323 6.51462 0.6
    endloop
  endfacet
  facet normal 0 0 1
    outer loop
      vertex -2.33746 5.87527 0.6
      vertex -2.515 6.51572 0.6
      vertex -2.35904 5.86174 0.6
    endloop
  endfacet
  facet normal 0 0 1
    outer loop
      vertex -2.53694 6.51607 0.6
      vertex -2.35904 5.86174 0.6
      vertex -2.515 6.51572 0.6
    endloop
  endfacet
  facet normal -0 0 1
    outer loop
      vertex -2.55363 6.51579 0.6
      vertex -2.35904 5.86174 0.6
      vertex -2.53694 6.51607 0.6
    endloop
  endfacet
  facet normal -0 0 1
    outer loop
      vertex -2.57036 6.51497 0.6
      vertex -2.35904 5.86174 0.6
      vertex -2.55363 6.51579 0.6
    endloop
  endfacet
  facet normal 0 0 1
    outer loop
      vertex -2.35904 5.86174 0.6
      vertex -2.57036 6.51497 0.6
      vertex -2.38142 5.84857 0.6
    endloop
  endfacet
  facet normal -0 0 1
    outer loop
      vertex -2.58713 6.51358 0.6
      vertex -2.38142 5.84857 0.6
      vertex -2.57036 6.51497 0.6
    endloop
  endfacet
  facet normal -0 0 1
    outer loop
      vertex -2.60394 6.51164 0.6
      vertex -2.38142 5.84857 0.6
      vertex -2.58713 6.51358 0.6
    endloop
  endfacet
  facet normal -0 0 1
    outer loop
      vertex -2.62079 6.50916 0.6
      vertex -2.38142 5.84857 0.6
      vertex -2.60394 6.51164 0.6
    endloop
  endfacet
  facet normal 0 0 1
    outer loop
      vertex -2.38142 5.84857 0.6
      vertex -2.62079 6.50916 0.6
      vertex -2.40462 5.8358 0.6
    endloop
  endfacet
  facet normal -0 0 1
    outer loop
      vertex -2.6377 6.5061 0.6
      vertex -2.40462 5.8358 0.6
      vertex -2.62079 6.50916 0.6
    endloop
  endfacet
  facet normal -0 0 1
    outer loop
      vertex -2.65463 6.50252 0.6
      vertex -2.40462 5.8358 0.6
      vertex -2.6377 6.5061 0.6
    endloop
  endfacet
  facet normal -0 0 1
    outer loop
      vertex -2.67175 6.49835 0.6
      vertex -2.40462 5.8358 0.6
      vertex -2.65463 6.50252 0.6
    endloop
  endfacet
  facet normal 0 0 1
    outer loop
      vertex -2.40462 5.8358 0.6
      vertex -2.67175 6.49835 0.6
      vertex -2.42862 5.82339 0.6
    endloop
  endfacet
  facet normal -0 0 1
    outer loop
      vertex -2.68915 6.49359 0.6
      vertex -2.42862 5.82339 0.6
      vertex -2.67175 6.49835 0.6
    endloop
  endfacet
  facet normal -0 0 1
    outer loop
      vertex -2.70686 6.48824 0.6
      vertex -2.42862 5.82339 0.6
      vertex -2.68915 6.49359 0.6
    endloop
  endfacet
  facet normal 0 0 1
    outer loop
      vertex -2.42862 5.82339 0.6
      vertex -2.70686 6.48824 0.6
      vertex -2.45314 5.81123 0.6
    endloop
  endfacet
  facet normal -0 0 1
    outer loop
      vertex -2.72487 6.48228 0.6
      vertex -2.45314 5.81123 0.6
      vertex -2.70686 6.48824 0.6
    endloop
  endfacet
  facet normal -0 0 1
    outer loop
      vertex -2.74316 6.47572 0.6
      vertex -2.45314 5.81123 0.6
      vertex -2.72487 6.48228 0.6
    endloop
  endfacet
  facet normal 0 0 1
    outer loop
      vertex -2.45314 5.81123 0.6
      vertex -2.74316 6.47572 0.6
      vertex -2.47794 5.79909 0.6
    endloop
  endfacet
  facet normal -0 0 1
    outer loop
      vertex -2.76176 6.46858 0.6
      vertex -2.47794 5.79909 0.6
      vertex -2.74316 6.47572 0.6
    endloop
  endfacet
  facet normal -0 0 1
    outer loop
      vertex -2.78067 6.46085 0.6
      vertex -2.47794 5.79909 0.6
      vertex -2.76176 6.46858 0.6
    endloop
  endfacet
  facet normal 0 0 1
    outer loop
      vertex -2.47794 5.79909 0.6
      vertex -2.78067 6.46085 0.6
      vertex -2.50298 5.787 0.6
    endloop
  endfacet
  facet normal -0 0 1
    outer loop
      vertex -2.79994 6.45256 0.6
      vertex -2.50298 5.787 0.6
      vertex -2.78067 6.46085 0.6
    endloop
  endfacet
  facet normal -0 0 1
    outer loop
      vertex -2.81969 6.44376 0.6
      vertex -2.50298 5.787 0.6
      vertex -2.79994 6.45256 0.6
    endloop
  endfacet
  facet normal 0 0 1
    outer loop
      vertex -2.50298 5.787 0.6
      vertex -2.81969 6.44376 0.6
      vertex -2.52826 5.77495 0.6
    endloop
  endfacet
  facet normal -0 0 1
    outer loop
      vertex -2.8399 6.43445 0.6
      vertex -2.52826 5.77495 0.6
      vertex -2.81969 6.44376 0.6
    endloop
  endfacet
  facet normal 0 0 1
    outer loop
      vertex -2.52826 5.77495 0.6
      vertex -2.8399 6.43445 0.6
      vertex -2.55382 5.76294 0.6
    endloop
  endfacet
  facet normal -0 0 1
    outer loop
      vertex -2.8606 6.42464 0.6
      vertex -2.55382 5.76294 0.6
      vertex -2.8399 6.43445 0.6
    endloop
  endfacet
  facet normal -0 0 1
    outer loop
      vertex -2.88174 6.41431 0.6
      vertex -2.55382 5.76294 0.6
      vertex -2.8606 6.42464 0.6
    endloop
  endfacet
  facet normal 0 0 1
    outer loop
      vertex -2.55382 5.76294 0.6
      vertex -2.88174 6.41431 0.6
      vertex -2.57962 5.75096 0.6
    endloop
  endfacet
  facet normal -0 0 1
    outer loop
      vertex -2.90335 6.40346 0.6
      vertex -2.57962 5.75096 0.6
      vertex -2.88174 6.41431 0.6
    endloop
  endfacet
  facet normal 0 0 1
    outer loop
      vertex -2.57962 5.75096 0.6
      vertex -2.90335 6.40346 0.6
      vertex -2.60567 5.73904 0.6
    endloop
  endfacet
  facet normal -0 0 1
    outer loop
      vertex -2.92545 6.39211 0.6
      vertex -2.60567 5.73904 0.6
      vertex -2.90335 6.40346 0.6
    endloop
  endfacet
  facet normal -0 0 1
    outer loop
      vertex -2.94812 6.38019 0.6
      vertex -2.60567 5.73904 0.6
      vertex -2.92545 6.39211 0.6
    endloop
  endfacet
  facet normal 0 0 1
    outer loop
      vertex -2.60567 5.73904 0.6
      vertex -2.94812 6.38019 0.6
      vertex -2.6355 5.7253 0.6
    endloop
  endfacet
  facet normal -0 0 1
    outer loop
      vertex -2.97153 6.36763 0.6
      vertex -2.6355 5.7253 0.6
      vertex -2.94812 6.38019 0.6
    endloop
  endfacet
  facet normal 0 0 1
    outer loop
      vertex -2.6355 5.7253 0.6
      vertex -2.97153 6.36763 0.6
      vertex -2.66545 5.71141 0.6
    endloop
  endfacet
  facet normal -0 0 1
    outer loop
      vertex -2.99565 6.35443 0.6
      vertex -2.66545 5.71141 0.6
      vertex -2.97153 6.36763 0.6
    endloop
  endfacet
  facet normal 0 0 1
    outer loop
      vertex -2.66545 5.71141 0.6
      vertex -2.99565 6.35443 0.6
      vertex -2.69553 5.6974 0.6
    endloop
  endfacet
  facet normal -0 0 1
    outer loop
      vertex -3.02051 6.34059 0.6
      vertex -2.69553 5.6974 0.6
      vertex -2.99565 6.35443 0.6
    endloop
  endfacet
  facet normal -0 0 1
    outer loop
      vertex -3.04608 6.32611 0.6
      vertex -2.69553 5.6974 0.6
      vertex -3.02051 6.34059 0.6
    endloop
  endfacet
  facet normal 0 0 1
    outer loop
      vertex -2.69553 5.6974 0.6
      vertex -3.04608 6.32611 0.6
      vertex -2.72574 5.68326 0.6
    endloop
  endfacet
  facet normal -0 0 1
    outer loop
      vertex -3.07237 6.31099 0.6
      vertex -2.72574 5.68326 0.6
      vertex -3.04608 6.32611 0.6
    endloop
  endfacet
  facet normal 0 0 1
    outer loop
      vertex -2.72574 5.68326 0.6
      vertex -3.07237 6.31099 0.6
      vertex -2.75607 5.66899 0.6
    endloop
  endfacet
  facet normal -0 0 1
    outer loop
      vertex -3.09938 6.29524 0.6
      vertex -2.75607 5.66899 0.6
      vertex -3.07237 6.31099 0.6
    endloop
  endfacet
  facet normal 0 0 1
    outer loop
      vertex -2.75607 5.66899 0.6
      vertex -3.09938 6.29524 0.6
      vertex -2.78653 5.6546 0.6
    endloop
  endfacet
  facet normal 0 0 1
    outer loop
      vertex -2.78653 5.6546 0.6
      vertex -3.09938 6.29524 0.6
      vertex -2.81711 5.64008 0.6
    endloop
  endfacet
  facet normal 0 0 1
    outer loop
      vertex -2.81711 5.64008 0.6
      vertex -3.09938 6.29524 0.6
      vertex -2.84761 5.62527 0.6
    endloop
  endfacet
  facet normal 0 0 1
    outer loop
      vertex -2.84761 5.62527 0.6
      vertex -3.09938 6.29524 0.6
      vertex -2.87782 5.61006 0.6
    endloop
  endfacet
  facet normal 0 0 1
    outer loop
      vertex -2.87782 5.61006 0.6
      vertex -3.09938 6.29524 0.6
      vertex -2.90773 5.59442 0.6
    endloop
  endfacet
  facet normal 0 0 1
    outer loop
      vertex -2.90773 5.59442 0.6
      vertex -3.09938 6.29524 0.6
      vertex -2.93733 5.57834 0.6
    endloop
  endfacet
  facet normal 0 0 1
    outer loop
      vertex -2.93733 5.57834 0.6
      vertex -3.09938 6.29524 0.6
      vertex -2.96664 5.56184 0.6
    endloop
  endfacet
  facet normal 0 0 1
    outer loop
      vertex -2.96664 5.56184 0.6
      vertex -3.09938 6.29524 0.6
      vertex -2.99567 5.54492 0.6
    endloop
  endfacet
  facet normal 0 0 1
    outer loop
      vertex -2.99567 5.54492 0.6
      vertex -3.09938 6.29524 0.6
      vertex -3.02438 5.52757 0.6
    endloop
  endfacet
  facet normal 0 0 1
    outer loop
      vertex -3.02438 5.52757 0.6
      vertex -3.09938 6.29524 0.6
      vertex -3.0527 5.50978 0.6
    endloop
  endfacet
  facet normal 0 0 1
    outer loop
      vertex -3.0527 5.50978 0.6
      vertex -3.09938 6.29524 0.6
      vertex -3.08052 5.49153 0.6
    endloop
  endfacet
  facet normal 0 0 1
    outer loop
      vertex -3.09938 6.29524 0.6
      vertex -3.10782 5.47279 0.6
      vertex -3.08052 5.49153 0.6
    endloop
  endfacet
  facet normal 0 0 1
    outer loop
      vertex -3.09938 6.29524 0.6
      vertex -3.1346 5.4536 0.6
      vertex -3.10782 5.47279 0.6
    endloop
  endfacet
  facet normal 0 0 1
    outer loop
      vertex -3.09938 6.29524 0.6
      vertex -3.16087 5.43394 0.6
      vertex -3.1346 5.4536 0.6
    endloop
  endfacet
  facet normal 0 0 1
    outer loop
      vertex -3.09938 6.29524 0.6
      vertex -3.18663 5.4138 0.6
      vertex -3.16087 5.43394 0.6
    endloop
  endfacet
  facet normal 0 0 1
    outer loop
      vertex -3.09938 6.29524 0.6
      vertex -3.21188 5.3932 0.6
      vertex -3.18663 5.4138 0.6
    endloop
  endfacet
  facet normal 0 0 1
    outer loop
      vertex -3.09938 6.29524 0.6
      vertex -3.23643 5.37201 0.6
      vertex -3.21188 5.3932 0.6
    endloop
  endfacet
  facet normal 0 0 1
    outer loop
      vertex -3.09938 6.29524 0.6
      vertex -3.2601 5.35004 0.6
      vertex -3.23643 5.37201 0.6
    endloop
  endfacet
  facet normal 0 0 1
    outer loop
      vertex -3.09938 6.29524 0.6
      vertex -3.28287 5.32729 0.6
      vertex -3.2601 5.35004 0.6
    endloop
  endfacet
  facet normal 0 0 1
    outer loop
      vertex -3.41187 6.69313 0.6
      vertex -3.28287 5.32729 0.6
      vertex -3.09938 6.29524 0.6
    endloop
  endfacet
  facet normal 0 0 1
    outer loop
      vertex -3.28287 5.32729 0.6
      vertex -3.41187 6.69313 0.6
      vertex -3.30475 5.30379 0.6
    endloop
  endfacet
  facet normal 0 0 1
    outer loop
      vertex -3.30475 5.30379 0.6
      vertex -3.41187 6.69313 0.6
      vertex -3.32573 5.27951 0.6
    endloop
  endfacet
  facet normal 0 0 1
    outer loop
      vertex -3.32573 5.27951 0.6
      vertex -3.41187 6.69313 0.6
      vertex -3.34581 5.25447 0.6
    endloop
  endfacet
  facet normal 0 0 1
    outer loop
      vertex -3.34581 5.25447 0.6
      vertex -3.41187 6.69313 0.6
      vertex -3.36501 5.22867 0.6
    endloop
  endfacet
  facet normal 0 0 1
    outer loop
      vertex -3.36501 5.22867 0.6
      vertex -3.41187 6.69313 0.6
      vertex -3.38318 5.20206 0.6
    endloop
  endfacet
  facet normal 0 0 1
    outer loop
      vertex -3.38318 5.20206 0.6
      vertex -3.41187 6.69313 0.6
      vertex -3.40021 5.17459 0.6
    endloop
  endfacet
  facet normal 0 0 1
    outer loop
      vertex -3.40021 5.17459 0.6
      vertex -3.41187 6.69313 0.6
      vertex -3.41608 5.14629 0.6
    endloop
  endfacet
  facet normal 0 0 1
    outer loop
      vertex 7.5 -8.17499 0.6
      vertex -3.5 -9.25 0.6
      vertex 3.5 -9.25 0.6
    endloop
  endfacet
  facet normal -0 0 1
    outer loop
      vertex -7.5 -8.17499 0.6
      vertex -3.5 -9.25 0.6
      vertex 7.5 -8.17499 0.6
    endloop
  endfacet
  facet normal 0 0 1
    outer loop
      vertex -7.5 -8.17499 0.6
      vertex -3.5 -10.25 0.6
      vertex -3.5 -9.25 0.6
    endloop
  endfacet
  facet normal 0 0 1
    outer loop
      vertex -7.5 -8.17499 0.6
      vertex -10.25 -10.25 0.6
      vertex -3.5 -10.25 0.6
    endloop
  endfacet
  facet normal 0 0 1
    outer loop
      vertex -10.25 -10.25 0.6
      vertex -7.5 -8.17499 0.6
      vertex -10.25 -0.5 0.6
    endloop
  endfacet
  facet normal 0 0 1
    outer loop
      vertex 10.25 -0.5 0.6
      vertex 7.5 -2.57501 0.6
      vertex 10.25 -10.25 0.6
    endloop
  endfacet
  facet normal 0 0 1
    outer loop
      vertex 10.25 -0.5 0.6
      vertex -7.5 -2.57501 0.6
      vertex 7.5 -2.57501 0.6
    endloop
  endfacet
  facet normal 0 0 1
    outer loop
      vertex -7.5 -2.57501 0.6
      vertex -10.25 -0.5 0.6
      vertex -7.5 -8.17499 0.6
    endloop
  endfacet
  facet normal -0 0 1
    outer loop
      vertex -10.25 -0.5 0.6
      vertex -7.5 -2.57501 0.6
      vertex 10.25 -0.5 0.6
    endloop
  endfacet
  facet normal -0 0 1
    outer loop
      vertex 7.5 -8.17499 0.6
      vertex 10.25 -10.25 0.6
      vertex 7.5 -2.57501 0.6
    endloop
  endfacet
  facet normal 0 0 1
    outer loop
      vertex 3.5 -10.25 0.6
      vertex 7.5 -8.17499 0.6
      vertex 3.5 -9.25 0.6
    endloop
  endfacet
  facet normal 0 0 1
    outer loop
      vertex 7.5 -8.17499 0.6
      vertex 3.5 -10.25 0.6
      vertex 10.25 -10.25 0.6
    endloop
  endfacet
  facet normal 0 0 1
    outer loop
      vertex -0.123291 5.90363 0.6
      vertex 0.0954285 5.90363 0.6
      vertex -0.0149536 6.67648 0.6
    endloop
  endfacet
  facet normal -0 0 1
    outer loop
      vertex -0.123291 5.90363 0.6
      vertex 0.270416 5.187 0.6
      vertex 0.0954285 5.90363 0.6
    endloop
  endfacet
  facet normal 0 0 1
    outer loop
      vertex 0.270416 5.187 0.6
      vertex -0.123291 5.90363 0.6
      vertex -0.300385 5.187 0.6
    endloop
  endfacet
  facet normal 0 0 1
    outer loop
      vertex -5.59447 -4.65288 0.6
      vertex -4.52954 -5.31616 0.6
      vertex -4.53021 -5.26749 0.6
    endloop
  endfacet
  facet normal 0 0 1
    outer loop
      vertex -4.52954 -5.31616 0.6
      vertex -5.59447 -4.65288 0.6
      vertex -4.52983 -5.34534 0.6
    endloop
  endfacet
  facet normal 0 0 1
    outer loop
      vertex -4.52983 -5.34534 0.6
      vertex -5.59447 -4.65288 0.6
      vertex -4.5307 -5.37474 0.6
    endloop
  endfacet
  facet normal 0 0 1
    outer loop
      vertex -5.59447 -4.65288 0.6
      vertex -4.53021 -5.26749 0.6
      vertex -4.5322 -5.21951 0.6
    endloop
  endfacet
  facet normal 0 0 1
    outer loop
      vertex -4.5307 -5.37474 0.6
      vertex -5.59447 -4.65288 0.6
      vertex -4.53215 -5.40436 0.6
    endloop
  endfacet
  facet normal 0 0 1
    outer loop
      vertex -5.59447 -4.65288 0.6
      vertex -4.5322 -5.21951 0.6
      vertex -4.53551 -5.17226 0.6
    endloop
  endfacet
  facet normal 0 0 1
    outer loop
      vertex -5.61446 -6.05612 0.6
      vertex -4.53215 -5.40436 0.6
      vertex -5.59447 -4.65288 0.6
    endloop
  endfacet
  facet normal 0 0 1
    outer loop
      vertex -4.53215 -5.40436 0.6
      vertex -5.61446 -6.05612 0.6
      vertex -4.53416 -5.43423 0.6
    endloop
  endfacet
  facet normal 0 0 1
    outer loop
      vertex -5.59447 -4.65288 0.6
      vertex -4.53551 -5.17226 0.6
      vertex -4.54015 -5.1257 0.6
    endloop
  endfacet
  facet normal 0 0 1
    outer loop
      vertex -4.53416 -5.43423 0.6
      vertex -5.61446 -6.05612 0.6
      vertex -4.53677 -5.46436 0.6
    endloop
  endfacet
  facet normal 0 0 1
    outer loop
      vertex -5.56264 -4.6322 0.6
      vertex -4.54015 -5.1257 0.6
      vertex -4.54613 -5.07988 0.6
    endloop
  endfacet
  facet normal 0 0 1
    outer loop
      vertex -4.53677 -5.46436 0.6
      vertex -5.61446 -6.05612 0.6
      vertex -4.53995 -5.49472 0.6
    endloop
  endfacet
  facet normal 0 0 1
    outer loop
      vertex -4.53995 -5.49472 0.6
      vertex -5.61446 -6.05612 0.6
      vertex -4.5437 -5.52531 0.6
    endloop
  endfacet
  facet normal 0 0 1
    outer loop
      vertex -5.52997 -4.61208 0.6
      vertex -4.54613 -5.07988 0.6
      vertex -4.55342 -5.03476 0.6
    endloop
  endfacet
  facet normal 0 0 1
    outer loop
      vertex -4.5437 -5.52531 0.6
      vertex -5.61446 -6.05612 0.6
      vertex -4.54805 -5.55592 0.6
    endloop
  endfacet
  facet normal 0 0 1
    outer loop
      vertex -5.47946 -4.5829 0.6
      vertex -4.55342 -5.03476 0.6
      vertex -4.56204 -4.99037 0.6
    endloop
  endfacet
  facet normal 0 -0 1
    outer loop
      vertex -5.58913 -6.07008 0.6
      vertex -4.54805 -5.55592 0.6
      vertex -5.61446 -6.05612 0.6
    endloop
  endfacet
  facet normal 0 0 1
    outer loop
      vertex -4.54805 -5.55592 0.6
      vertex -5.58913 -6.07008 0.6
      vertex -4.55302 -5.58633 0.6
    endloop
  endfacet
  facet normal 0 0 1
    outer loop
      vertex -5.44499 -4.56453 0.6
      vertex -4.56204 -4.99037 0.6
      vertex -4.57208 -4.9471 0.6
    endloop
  endfacet
  facet normal 0 -0 1
    outer loop
      vertex -5.56453 -6.08339 0.6
      vertex -4.55302 -5.58633 0.6
      vertex -5.58913 -6.07008 0.6
    endloop
  endfacet
  facet normal 0 0 1
    outer loop
      vertex -5.4101 -4.54752 0.6
      vertex -4.57208 -4.9471 0.6
      vertex -4.58366 -4.90541 0.6
    endloop
  endfacet
  facet normal 0 0 1
    outer loop
      vertex -4.55302 -5.58633 0.6
      vertex -5.56453 -6.08339 0.6
      vertex -4.55859 -5.61653 0.6
    endloop
  endfacet
  facet normal 0 -0 1
    outer loop
      vertex -5.54068 -6.09607 0.6
      vertex -4.55859 -5.61653 0.6
      vertex -5.56453 -6.08339 0.6
    endloop
  endfacet
  facet normal 0 0 1
    outer loop
      vertex -5.3748 -4.53188 0.6
      vertex -4.58366 -4.90541 0.6
      vertex -4.59677 -4.86528 0.6
    endloop
  endfacet
  facet normal 0 0 1
    outer loop
      vertex -4.55859 -5.61653 0.6
      vertex -5.54068 -6.09607 0.6
      vertex -4.56479 -5.64653 0.6
    endloop
  endfacet
  facet normal 0 0 1
    outer loop
      vertex -5.33916 -4.51764 0.6
      vertex -4.59677 -4.86528 0.6
      vertex -4.61142 -4.82671 0.6
    endloop
  endfacet
  facet normal 0 0 1
    outer loop
      vertex -4.56479 -5.64653 0.6
      vertex -5.54068 -6.09607 0.6
      vertex -4.57158 -5.67633 0.6
    endloop
  endfacet
  facet normal 0 -0 1
    outer loop
      vertex -5.51759 -6.10809 0.6
      vertex -4.57158 -5.67633 0.6
      vertex -5.54068 -6.09607 0.6
    endloop
  endfacet
  facet normal 0 0 1
    outer loop
      vertex -5.30357 -4.50497 0.6
      vertex -4.61142 -4.82671 0.6
      vertex -4.62759 -4.7897 0.6
    endloop
  endfacet
  facet normal 0 0 1
    outer loop
      vertex -4.57158 -5.67633 0.6
      vertex -5.51759 -6.10809 0.6
      vertex -4.57899 -5.70592 0.6
    endloop
  endfacet
  facet normal 0 0 1
    outer loop
      vertex -5.28583 -4.49927 0.6
      vertex -4.62759 -4.7897 0.6
      vertex -4.64529 -4.75426 0.6
    endloop
  endfacet
  facet normal 0 -0 1
    outer loop
      vertex -5.49524 -6.11946 0.6
      vertex -4.57899 -5.70592 0.6
      vertex -5.51759 -6.10809 0.6
    endloop
  endfacet
  facet normal 0 0 1
    outer loop
      vertex -4.57899 -5.70592 0.6
      vertex -5.49524 -6.11946 0.6
      vertex -4.58702 -5.73531 0.6
    endloop
  endfacet
  facet normal 0 0 1
    outer loop
      vertex -5.25046 -4.48906 0.6
      vertex -4.64529 -4.75426 0.6
      vertex -4.66452 -4.72038 0.6
    endloop
  endfacet
  facet normal 0 -0 1
    outer loop
      vertex -5.47365 -6.1302 0.6
      vertex -4.58702 -5.73531 0.6
      vertex -5.49524 -6.11946 0.6
    endloop
  endfacet
  facet normal 0 0 1
    outer loop
      vertex -5.25046 -4.48906 0.6
      vertex -4.66452 -4.72038 0.6
      vertex -4.68535 -4.68828 0.6
    endloop
  endfacet
  facet normal 0 0 1
    outer loop
      vertex -4.58702 -5.73531 0.6
      vertex -5.47365 -6.1302 0.6
      vertex -4.59569 -5.76434 0.6
    endloop
  endfacet
  facet normal 0 0 1
    outer loop
      vertex -4.59569 -5.76434 0.6
      vertex -5.4528 -6.14029 0.6
      vertex -4.60504 -5.79285 0.6
    endloop
  endfacet
  facet normal 0 0 1
    outer loop
      vertex -5.07022 -4.47095 0.6
      vertex -4.68535 -4.68828 0.6
      vertex -4.70786 -4.65814 0.6
    endloop
  endfacet
  facet normal 0 -0 1
    outer loop
      vertex -5.43254 -6.14977 0.6
      vertex -4.60504 -5.79285 0.6
      vertex -5.4528 -6.14029 0.6
    endloop
  endfacet
  facet normal 0 0 1
    outer loop
      vertex -5.07022 -4.47095 0.6
      vertex -4.70786 -4.65814 0.6
      vertex -4.73203 -4.62997 0.6
    endloop
  endfacet
  facet normal 0 0 1
    outer loop
      vertex -4.60504 -5.79285 0.6
      vertex -5.43254 -6.14977 0.6
      vertex -4.61508 -5.82086 0.6
    endloop
  endfacet
  facet normal 0 0 1
    outer loop
      vertex -4.61508 -5.82086 0.6
      vertex -5.41273 -6.15872 0.6
      vertex -4.62579 -5.84836 0.6
    endloop
  endfacet
  facet normal 0 0 1
    outer loop
      vertex -5.07022 -4.47095 0.6
      vertex -4.73203 -4.62997 0.6
      vertex -4.75784 -4.60379 0.6
    endloop
  endfacet
  facet normal 0 0 1
    outer loop
      vertex -4.54015 -5.1257 0.6
      vertex -5.57866 -4.64247 0.6
      vertex -5.59447 -4.65288 0.6
    endloop
  endfacet
  facet normal 0 0 1
    outer loop
      vertex -5.02789 -4.47508 0.6
      vertex -4.75784 -4.60379 0.6
      vertex -4.78534 -4.57956 0.6
    endloop
  endfacet
  facet normal 0 0 1
    outer loop
      vertex -4.54015 -5.1257 0.6
      vertex -5.56264 -4.6322 0.6
      vertex -5.57866 -4.64247 0.6
    endloop
  endfacet
  facet normal 0 -0 1
    outer loop
      vertex -5.39336 -6.16711 0.6
      vertex -4.62579 -5.84836 0.6
      vertex -5.41273 -6.15872 0.6
    endloop
  endfacet
  facet normal 0 0 1
    outer loop
      vertex -5.02789 -4.47508 0.6
      vertex -4.78534 -4.57956 0.6
      vertex -4.81451 -4.55733 0.6
    endloop
  endfacet
  facet normal 0 0 1
    outer loop
      vertex -4.54613 -5.07988 0.6
      vertex -5.5464 -4.62207 0.6
      vertex -5.56264 -4.6322 0.6
    endloop
  endfacet
  facet normal 0 0 1
    outer loop
      vertex -5.02789 -4.47508 0.6
      vertex -4.81451 -4.55733 0.6
      vertex -4.84534 -4.53705 0.6
    endloop
  endfacet
  facet normal 0 0 1
    outer loop
      vertex -4.62579 -5.84836 0.6
      vertex -5.39336 -6.16711 0.6
      vertex -4.63719 -5.87534 0.6
    endloop
  endfacet
  facet normal 0 0 1
    outer loop
      vertex -4.63719 -5.87534 0.6
      vertex -5.37444 -6.17497 0.6
      vertex -4.64926 -5.90182 0.6
    endloop
  endfacet
  facet normal 0 0 1
    outer loop
      vertex -5.02789 -4.47508 0.6
      vertex -4.84534 -4.53705 0.6
      vertex -4.87798 -4.51915 0.6
    endloop
  endfacet
  facet normal 0 0 1
    outer loop
      vertex -4.54613 -5.07988 0.6
      vertex -5.52997 -4.61208 0.6
      vertex -5.5464 -4.62207 0.6
    endloop
  endfacet
  facet normal 0 0 1
    outer loop
      vertex -5.02789 -4.47508 0.6
      vertex -4.87798 -4.51915 0.6
      vertex -4.91255 -4.504 0.6
    endloop
  endfacet
  facet normal 0 0 1
    outer loop
      vertex -4.55342 -5.03476 0.6
      vertex -5.51334 -4.60222 0.6
      vertex -5.52997 -4.61208 0.6
    endloop
  endfacet
  facet normal 0 -0 1
    outer loop
      vertex -5.35594 -6.18228 0.6
      vertex -4.64926 -5.90182 0.6
      vertex -5.37444 -6.17497 0.6
    endloop
  endfacet
  facet normal 0 0 1
    outer loop
      vertex -4.9875 -4.48196 0.6
      vertex -4.91255 -4.504 0.6
      vertex -4.94905 -4.49161 0.6
    endloop
  endfacet
  facet normal 0 0 1
    outer loop
      vertex -4.55342 -5.03476 0.6
      vertex -5.49651 -4.59248 0.6
      vertex -5.51334 -4.60222 0.6
    endloop
  endfacet
  facet normal 0 -0 1
    outer loop
      vertex -5.33789 -6.18904 0.6
      vertex -4.66202 -5.9278 0.6
      vertex -5.35594 -6.18228 0.6
    endloop
  endfacet
  facet normal 0 0 1
    outer loop
      vertex -5.02789 -4.47508 0.6
      vertex -4.91255 -4.504 0.6
      vertex -4.9875 -4.48196 0.6
    endloop
  endfacet
  facet normal 0 0 1
    outer loop
      vertex -4.55342 -5.03476 0.6
      vertex -5.47946 -4.5829 0.6
      vertex -5.49651 -4.59248 0.6
    endloop
  endfacet
  facet normal 0 0 1
    outer loop
      vertex -4.75784 -4.60379 0.6
      vertex -5.02789 -4.47508 0.6
      vertex -5.07022 -4.47095 0.6
    endloop
  endfacet
  facet normal 0 0 1
    outer loop
      vertex -4.56204 -4.99037 0.6
      vertex -5.46228 -4.57353 0.6
      vertex -5.47946 -4.5829 0.6
    endloop
  endfacet
  facet normal 0 0 1
    outer loop
      vertex -4.56204 -4.99037 0.6
      vertex -5.44499 -4.56453 0.6
      vertex -5.46228 -4.57353 0.6
    endloop
  endfacet
  facet normal 0 0 1
    outer loop
      vertex -4.68535 -4.68828 0.6
      vertex -5.07022 -4.47095 0.6
      vertex -5.25046 -4.48906 0.6
    endloop
  endfacet
  facet normal 0 0 1
    outer loop
      vertex -4.59677 -4.86528 0.6
      vertex -5.33916 -4.51764 0.6
      vertex -5.35699 -4.52457 0.6
    endloop
  endfacet
  facet normal 0 0 1
    outer loop
      vertex -4.59677 -4.86528 0.6
      vertex -5.35699 -4.52457 0.6
      vertex -5.3748 -4.53188 0.6
    endloop
  endfacet
  facet normal 0 0 1
    outer loop
      vertex -5.25046 -4.48906 0.6
      vertex -5.07022 -4.47095 0.6
      vertex -5.1145 -4.46956 0.6
    endloop
  endfacet
  facet normal 0 0 1
    outer loop
      vertex -5.06467 -6.23363 0.6
      vertex -5.10898 -6.23425 0.6
      vertex -5.09282 -6.23444 0.6
    endloop
  endfacet
  facet normal 0 0 1
    outer loop
      vertex -5.25046 -4.48906 0.6
      vertex -5.1145 -4.46956 0.6
      vertex -5.13078 -4.46988 0.6
    endloop
  endfacet
  facet normal 0 0 1
    outer loop
      vertex -5.03732 -6.23117 0.6
      vertex -5.10898 -6.23425 0.6
      vertex -5.06467 -6.23363 0.6
    endloop
  endfacet
  facet normal 0 0 1
    outer loop
      vertex -5.25046 -4.48906 0.6
      vertex -5.13078 -4.46988 0.6
      vertex -5.14728 -4.47079 0.6
    endloop
  endfacet
  facet normal 0 0 1
    outer loop
      vertex -5.01079 -6.2271 0.6
      vertex -5.10898 -6.23425 0.6
      vertex -5.03732 -6.23117 0.6
    endloop
  endfacet
  facet normal 0 0 1
    outer loop
      vertex -5.25046 -4.48906 0.6
      vertex -5.14728 -4.47079 0.6
      vertex -5.16399 -4.47232 0.6
    endloop
  endfacet
  facet normal 0 0 1
    outer loop
      vertex -4.61142 -4.82671 0.6
      vertex -5.32135 -4.51109 0.6
      vertex -5.33916 -4.51764 0.6
    endloop
  endfacet
  facet normal 0 0 1
    outer loop
      vertex -5.25046 -4.48906 0.6
      vertex -5.16399 -4.47232 0.6
      vertex -5.18088 -4.47446 0.6
    endloop
  endfacet
  facet normal 0 0 1
    outer loop
      vertex -4.62759 -4.7897 0.6
      vertex -5.28583 -4.49927 0.6
      vertex -5.30357 -4.50497 0.6
    endloop
  endfacet
  facet normal 0 0 1
    outer loop
      vertex -5.25046 -4.48906 0.6
      vertex -5.18088 -4.47446 0.6
      vertex -5.19798 -4.47722 0.6
    endloop
  endfacet
  facet normal 0 0 1
    outer loop
      vertex -4.64529 -4.75426 0.6
      vertex -5.25046 -4.48906 0.6
      vertex -5.26813 -4.49396 0.6
    endloop
  endfacet
  facet normal 0 0 1
    outer loop
      vertex -5.23282 -4.48456 0.6
      vertex -5.19798 -4.47722 0.6
      vertex -5.2153 -4.48059 0.6
    endloop
  endfacet
  facet normal 0 0 1
    outer loop
      vertex -5.25046 -4.48906 0.6
      vertex -5.19798 -4.47722 0.6
      vertex -5.23282 -4.48456 0.6
    endloop
  endfacet
  facet normal 0 0 1
    outer loop
      vertex -4.64529 -4.75426 0.6
      vertex -5.26813 -4.49396 0.6
      vertex -5.28583 -4.49927 0.6
    endloop
  endfacet
  facet normal 0 0 1
    outer loop
      vertex -4.61142 -4.82671 0.6
      vertex -5.30357 -4.50497 0.6
      vertex -5.32135 -4.51109 0.6
    endloop
  endfacet
  facet normal 0 0 1
    outer loop
      vertex -4.98508 -6.22139 0.6
      vertex -5.10898 -6.23425 0.6
      vertex -5.01079 -6.2271 0.6
    endloop
  endfacet
  facet normal 0 0 1
    outer loop
      vertex -4.96019 -6.21404 0.6
      vertex -5.10898 -6.23425 0.6
      vertex -4.98508 -6.22139 0.6
    endloop
  endfacet
  facet normal 0 0 1
    outer loop
      vertex -4.93611 -6.20506 0.6
      vertex -5.10898 -6.23425 0.6
      vertex -4.96019 -6.21404 0.6
    endloop
  endfacet
  facet normal 0 0 1
    outer loop
      vertex -4.91284 -6.19446 0.6
      vertex -5.10898 -6.23425 0.6
      vertex -4.93611 -6.20506 0.6
    endloop
  endfacet
  facet normal 0 0 1
    outer loop
      vertex -4.89035 -6.18245 0.6
      vertex -5.10898 -6.23425 0.6
      vertex -4.91284 -6.19446 0.6
    endloop
  endfacet
  facet normal 0 0 1
    outer loop
      vertex -4.86856 -6.16928 0.6
      vertex -5.10898 -6.23425 0.6
      vertex -4.89035 -6.18245 0.6
    endloop
  endfacet
  facet normal 0 0 1
    outer loop
      vertex -4.84749 -6.15495 0.6
      vertex -5.10898 -6.23425 0.6
      vertex -4.86856 -6.16928 0.6
    endloop
  endfacet
  facet normal 0 0 1
    outer loop
      vertex -4.82713 -6.13948 0.6
      vertex -5.10898 -6.23425 0.6
      vertex -4.84749 -6.15495 0.6
    endloop
  endfacet
  facet normal 0 -0 1
    outer loop
      vertex -5.10898 -6.23425 0.6
      vertex -4.82713 -6.13948 0.6
      vertex -5.12506 -6.23369 0.6
    endloop
  endfacet
  facet normal 0 0 1
    outer loop
      vertex -4.8075 -6.12285 0.6
      vertex -5.12506 -6.23369 0.6
      vertex -4.82713 -6.13948 0.6
    endloop
  endfacet
  facet normal 0 0 1
    outer loop
      vertex -4.78857 -6.10506 0.6
      vertex -5.12506 -6.23369 0.6
      vertex -4.8075 -6.12285 0.6
    endloop
  endfacet
  facet normal 0 -0 1
    outer loop
      vertex -5.12506 -6.23369 0.6
      vertex -4.78857 -6.10506 0.6
      vertex -5.14108 -6.23276 0.6
    endloop
  endfacet
  facet normal 0 0 1
    outer loop
      vertex -4.58366 -4.90541 0.6
      vertex -5.3748 -4.53188 0.6
      vertex -5.3925 -4.53954 0.6
    endloop
  endfacet
  facet normal 0 0 1
    outer loop
      vertex -4.77036 -6.08612 0.6
      vertex -5.14108 -6.23276 0.6
      vertex -4.78857 -6.10506 0.6
    endloop
  endfacet
  facet normal 0 0 1
    outer loop
      vertex -4.58366 -4.90541 0.6
      vertex -5.3925 -4.53954 0.6
      vertex -5.4101 -4.54752 0.6
    endloop
  endfacet
  facet normal 0 -0 1
    outer loop
      vertex -5.14108 -6.23276 0.6
      vertex -4.77036 -6.08612 0.6
      vertex -5.15703 -6.23145 0.6
    endloop
  endfacet
  facet normal 0 0 1
    outer loop
      vertex -4.57208 -4.9471 0.6
      vertex -5.4101 -4.54752 0.6
      vertex -5.4276 -4.55585 0.6
    endloop
  endfacet
  facet normal 0 0 1
    outer loop
      vertex -4.57208 -4.9471 0.6
      vertex -5.4276 -4.55585 0.6
      vertex -5.44499 -4.56453 0.6
    endloop
  endfacet
  facet normal 0 0 1
    outer loop
      vertex -4.75284 -6.06615 0.6
      vertex -5.15703 -6.23145 0.6
      vertex -4.77036 -6.08612 0.6
    endloop
  endfacet
  facet normal 0 0 1
    outer loop
      vertex -4.70438 -6.00095 0.6
      vertex -5.25269 -6.21527 0.6
      vertex -4.71985 -6.02357 0.6
    endloop
  endfacet
  facet normal 0 -0 1
    outer loop
      vertex -5.15703 -6.23145 0.6
      vertex -4.75284 -6.06615 0.6
      vertex -5.17291 -6.22977 0.6
    endloop
  endfacet
  facet normal 0 -0 1
    outer loop
      vertex -5.17291 -6.22977 0.6
      vertex -4.75284 -6.06615 0.6
      vertex -5.18872 -6.22771 0.6
    endloop
  endfacet
  facet normal 0 -0 1
    outer loop
      vertex -5.18872 -6.22771 0.6
      vertex -4.73601 -6.0453 0.6
      vertex -5.20447 -6.22527 0.6
    endloop
  endfacet
  facet normal 0 0 1
    outer loop
      vertex -4.73601 -6.0453 0.6
      vertex -5.18872 -6.22771 0.6
      vertex -4.75284 -6.06615 0.6
    endloop
  endfacet
  facet normal 0 -0 1
    outer loop
      vertex -5.20447 -6.22527 0.6
      vertex -4.73601 -6.0453 0.6
      vertex -5.22031 -6.22241 0.6
    endloop
  endfacet
  facet normal 0 0 1
    outer loop
      vertex -4.71985 -6.02357 0.6
      vertex -5.22031 -6.22241 0.6
      vertex -4.73601 -6.0453 0.6
    endloop
  endfacet
  facet normal 0 -0 1
    outer loop
      vertex -5.22031 -6.22241 0.6
      vertex -4.71985 -6.02357 0.6
      vertex -5.23637 -6.21909 0.6
    endloop
  endfacet
  facet normal 0 -0 1
    outer loop
      vertex -5.23637 -6.21909 0.6
      vertex -4.71985 -6.02357 0.6
      vertex -5.25269 -6.21527 0.6
    endloop
  endfacet
  facet normal 0 -0 1
    outer loop
      vertex -5.25269 -6.21527 0.6
      vertex -4.70438 -6.00095 0.6
      vertex -5.26923 -6.21098 0.6
    endloop
  endfacet
  facet normal 0 -0 1
    outer loop
      vertex -5.26923 -6.21098 0.6
      vertex -4.68958 -5.97745 0.6
      vertex -5.28601 -6.20622 0.6
    endloop
  endfacet
  facet normal 0 0 1
    outer loop
      vertex -4.68958 -5.97745 0.6
      vertex -5.26923 -6.21098 0.6
      vertex -4.70438 -6.00095 0.6
    endloop
  endfacet
  facet normal 0 -0 1
    outer loop
      vertex -5.28601 -6.20622 0.6
      vertex -4.68958 -5.97745 0.6
      vertex -5.30304 -6.20099 0.6
    endloop
  endfacet
  facet normal 0 -0 1
    outer loop
      vertex -5.30304 -6.20099 0.6
      vertex -4.67546 -5.95306 0.6
      vertex -5.3203 -6.19527 0.6
    endloop
  endfacet
  facet normal 0 0 1
    outer loop
      vertex -4.67546 -5.95306 0.6
      vertex -5.30304 -6.20099 0.6
      vertex -4.68958 -5.97745 0.6
    endloop
  endfacet
  facet normal 0 0 1
    outer loop
      vertex -4.66202 -5.9278 0.6
      vertex -5.3203 -6.19527 0.6
      vertex -4.67546 -5.95306 0.6
    endloop
  endfacet
  facet normal 0 -0 1
    outer loop
      vertex -5.3203 -6.19527 0.6
      vertex -4.66202 -5.9278 0.6
      vertex -5.33789 -6.18904 0.6
    endloop
  endfacet
  facet normal 0 0 1
    outer loop
      vertex -4.64926 -5.90182 0.6
      vertex -5.35594 -6.18228 0.6
      vertex -4.66202 -5.9278 0.6
    endloop
  endfacet
  facet normal 0 -0 1
    outer loop
      vertex -5.37444 -6.17497 0.6
      vertex -4.63719 -5.87534 0.6
      vertex -5.39336 -6.16711 0.6
    endloop
  endfacet
  facet normal 0 -0 1
    outer loop
      vertex -5.41273 -6.15872 0.6
      vertex -4.61508 -5.82086 0.6
      vertex -5.43254 -6.14977 0.6
    endloop
  endfacet
  facet normal 0 -0 1
    outer loop
      vertex -5.4528 -6.14029 0.6
      vertex -4.59569 -5.76434 0.6
      vertex -5.47365 -6.1302 0.6
    endloop
  endfacet
  facet normal 0 0 1
    outer loop
      vertex -5.84113 -4.36292 0.6
      vertex -5.61446 -6.05612 0.6
      vertex -5.59447 -4.65288 0.6
    endloop
  endfacet
  facet normal 0 0 1
    outer loop
      vertex -5.61446 -6.05612 0.6
      vertex -5.84113 -4.36292 0.6
      vertex -5.81277 -6.38107 0.6
    endloop
  endfacet
  facet normal 0 0 1
    outer loop
      vertex -2.7364 -4.71288 0.6
      vertex -3.59135 -5.07619 0.6
      vertex -2.7364 -5.07619 0.6
    endloop
  endfacet
  facet normal -0 0 1
    outer loop
      vertex -3.70135 -4.48288 0.6
      vertex -2.7364 -4.71288 0.6
      vertex -2.7114 -4.48288 0.6
    endloop
  endfacet
  facet normal -0 0 1
    outer loop
      vertex -3.99644 -4.90814 0.6
      vertex -3.59135 -5.07619 0.6
      vertex -3.70135 -4.48288 0.6
    endloop
  endfacet
  facet normal 0 0 1
    outer loop
      vertex -2.7364 -4.71288 0.6
      vertex -3.70135 -4.48288 0.6
      vertex -3.59135 -5.07619 0.6
    endloop
  endfacet
  facet normal 0 0 1
    outer loop
      vertex -2.7364 -5.43115 0.6
      vertex -3.59135 -5.43115 0.6
      vertex -2.7364 -6.00279 0.6
    endloop
  endfacet
  facet normal -0 0 1
    outer loop
      vertex -2.15143 -6.21776 0.6
      vertex -0.550613 -6.60274 0.6
      vertex -2.15143 -4.49788 0.6
    endloop
  endfacet
  facet normal 0 0 1
    outer loop
      vertex -0.550613 -6.60274 0.6
      vertex -2.15143 -6.21776 0.6
      vertex -2.12311 -6.60274 0.6
    endloop
  endfacet
  facet normal -0 0 1
    outer loop
      vertex -0.0739746 -4.83621 0.6
      vertex 0.207657 -5.63446 0.6
      vertex -0.0656433 -4.83453 0.6
    endloop
  endfacet
  facet normal 0 0 1
    outer loop
      vertex 0.207657 -5.63446 0.6
      vertex -0.0739746 -4.83621 0.6
      vertex 0.00102234 -5.68448 0.6
    endloop
  endfacet
  facet normal 0 0 1
    outer loop
      vertex -3.76302 -6.22278 0.6
      vertex -2.7364 -6.00279 0.6
      vertex -3.59135 -5.43115 0.6
    endloop
  endfacet
  facet normal 0 0 1
    outer loop
      vertex -2.7364 -6.00279 0.6
      vertex -3.76302 -6.22278 0.6
      vertex -2.72307 -6.22278 0.6
    endloop
  endfacet
  facet normal 0 -0 1
    outer loop
      vertex -3.9588 -5.11006 0.6
      vertex -3.59135 -5.07619 0.6
      vertex -3.96855 -5.04173 0.6
    endloop
  endfacet
  facet normal 0 0 1
    outer loop
      vertex 1.20593 -5.70946 0.6
      vertex 1.49759 -4.83788 0.6
      vertex 1.48758 -4.83621 0.6
    endloop
  endfacet
  facet normal 0 0 1
    outer loop
      vertex 0.874283 -6.39775 0.6
      vertex 1.41258 -5.7728 0.6
      vertex 1.20593 -5.70946 0.6
    endloop
  endfacet
  facet normal 0 0 1
    outer loop
      vertex 1.49759 -4.83788 0.6
      vertex 1.20593 -5.70946 0.6
      vertex 1.41258 -5.7728 0.6
    endloop
  endfacet
  facet normal 0 0 1
    outer loop
      vertex 3.28571 -4.71288 0.6
      vertex 2.43076 -5.07619 0.6
      vertex 3.28571 -5.07619 0.6
    endloop
  endfacet
  facet normal -0 0 1
    outer loop
      vertex 2.32076 -4.48288 0.6
      vertex 3.28571 -4.71288 0.6
      vertex 3.31071 -4.48288 0.6
    endloop
  endfacet
  facet normal 0 0 1
    outer loop
      vertex 2.43076 -5.07619 0.6
      vertex 2.32076 -4.48288 0.6
      vertex 2.43076 -5.43115 0.6
    endloop
  endfacet
  facet normal 0 0 1
    outer loop
      vertex 3.28571 -4.71288 0.6
      vertex 2.32076 -4.48288 0.6
      vertex 2.43076 -5.07619 0.6
    endloop
  endfacet
  facet normal 0 0 1
    outer loop
      vertex 3.28571 -5.43115 0.6
      vertex 2.43076 -5.43115 0.6
      vertex 3.28571 -6.00279 0.6
    endloop
  endfacet
  facet normal 0 0 1
    outer loop
      vertex 4.11832 -5.76552 0.6
      vertex 3.87068 -6.21776 0.6
      vertex 4.11525 -5.79491 0.6
    endloop
  endfacet
  facet normal 0 0 1
    outer loop
      vertex 4.11525 -5.79491 0.6
      vertex 3.87068 -6.21776 0.6
      vertex 3.899 -6.60274 0.6
    endloop
  endfacet
  facet normal -0 0 1
    outer loop
      vertex 5.77728 -4.87999 0.6
      vertex 6.89999 -7.575 0.6
      vertex 6.89999 -3.175 0.6
    endloop
  endfacet
  facet normal 0 0 1
    outer loop
      vertex 5.78653 -4.81102 0.6
      vertex 6.89999 -3.175 0.6
      vertex 5.78769 -4.77454 0.6
    endloop
  endfacet
  facet normal 0 0 1
    outer loop
      vertex 6.89999 -3.175 0.6
      vertex 5.78618 -4.7272 0.6
      vertex 5.78769 -4.77454 0.6
    endloop
  endfacet
  facet normal 0 0 1
    outer loop
      vertex 6.89999 -3.175 0.6
      vertex 5.78163 -4.68141 0.6
      vertex 5.78618 -4.7272 0.6
    endloop
  endfacet
  facet normal 0 0 1
    outer loop
      vertex 6.89999 -3.175 0.6
      vertex 5.77406 -4.63715 0.6
      vertex 5.78163 -4.68141 0.6
    endloop
  endfacet
  facet normal 0 0 1
    outer loop
      vertex 6.89999 -3.175 0.6
      vertex 5.76347 -4.59442 0.6
      vertex 5.77406 -4.63715 0.6
    endloop
  endfacet
  facet normal 0 0 1
    outer loop
      vertex 6.89999 -3.175 0.6
      vertex 5.74985 -4.55321 0.6
      vertex 5.76347 -4.59442 0.6
    endloop
  endfacet
  facet normal 0 0 1
    outer loop
      vertex 6.89999 -3.175 0.6
      vertex 5.7332 -4.51353 0.6
      vertex 5.74985 -4.55321 0.6
    endloop
  endfacet
  facet normal 0 0 1
    outer loop
      vertex 6.89999 -3.175 0.6
      vertex 5.71353 -4.4754 0.6
      vertex 5.7332 -4.51353 0.6
    endloop
  endfacet
  facet normal 0 0 1
    outer loop
      vertex 6.89999 -3.175 0.6
      vertex 5.69138 -4.43887 0.6
      vertex 5.71353 -4.4754 0.6
    endloop
  endfacet
  facet normal 0 0 1
    outer loop
      vertex 6.89999 -3.175 0.6
      vertex 5.66728 -4.40404 0.6
      vertex 5.69138 -4.43887 0.6
    endloop
  endfacet
  facet normal 0 0 1
    outer loop
      vertex 6.89999 -3.175 0.6
      vertex 5.64124 -4.37091 0.6
      vertex 5.66728 -4.40404 0.6
    endloop
  endfacet
  facet normal 0 0 1
    outer loop
      vertex 6.89999 -3.175 0.6
      vertex 5.61327 -4.33949 0.6
      vertex 5.64124 -4.37091 0.6
    endloop
  endfacet
  facet normal 0 0 1
    outer loop
      vertex 6.89999 -3.175 0.6
      vertex 5.58336 -4.30977 0.6
      vertex 5.61327 -4.33949 0.6
    endloop
  endfacet
  facet normal 0 0 1
    outer loop
      vertex 6.89999 -3.175 0.6
      vertex 5.5515 -4.28174 0.6
      vertex 5.58336 -4.30977 0.6
    endloop
  endfacet
  facet normal 0 0 1
    outer loop
      vertex 6.89999 -3.175 0.6
      vertex 5.51772 -4.25542 0.6
      vertex 5.5515 -4.28174 0.6
    endloop
  endfacet
  facet normal 0 0 1
    outer loop
      vertex 6.89999 -3.175 0.6
      vertex 5.4823 -4.23082 0.6
      vertex 5.51772 -4.25542 0.6
    endloop
  endfacet
  facet normal 0 0 1
    outer loop
      vertex 6.89999 -3.175 0.6
      vertex 5.44554 -4.20801 0.6
      vertex 5.4823 -4.23082 0.6
    endloop
  endfacet
  facet normal 0 0 1
    outer loop
      vertex 6.89999 -3.175 0.6
      vertex 5.40747 -4.18695 0.6
      vertex 5.44554 -4.20801 0.6
    endloop
  endfacet
  facet normal 0 0 1
    outer loop
      vertex 6.89999 -3.175 0.6
      vertex 5.36807 -4.16766 0.6
      vertex 5.40747 -4.18695 0.6
    endloop
  endfacet
  facet normal 0 0 1
    outer loop
      vertex 6.89999 -3.175 0.6
      vertex 5.32735 -4.15016 0.6
      vertex 5.36807 -4.16766 0.6
    endloop
  endfacet
  facet normal 0 0 1
    outer loop
      vertex 6.89999 -3.175 0.6
      vertex 5.28529 -4.13441 0.6
      vertex 5.32735 -4.15016 0.6
    endloop
  endfacet
  facet normal 0 0 1
    outer loop
      vertex 6.89999 -3.175 0.6
      vertex 5.24191 -4.12044 0.6
      vertex 5.28529 -4.13441 0.6
    endloop
  endfacet
  facet normal 0 0 1
    outer loop
      vertex 6.89999 -3.175 0.6
      vertex 5.19774 -4.10828 0.6
      vertex 5.24191 -4.12044 0.6
    endloop
  endfacet
  facet normal 0 0 1
    outer loop
      vertex 6.89999 -3.175 0.6
      vertex 5.15334 -4.09799 0.6
      vertex 5.19774 -4.10828 0.6
    endloop
  endfacet
  facet normal 0 0 1
    outer loop
      vertex 6.89999 -3.175 0.6
      vertex 5.10869 -4.08957 0.6
      vertex 5.15334 -4.09799 0.6
    endloop
  endfacet
  facet normal 0 0 1
    outer loop
      vertex 6.89999 -3.175 0.6
      vertex 5.06381 -4.08302 0.6
      vertex 5.10869 -4.08957 0.6
    endloop
  endfacet
  facet normal 0 0 1
    outer loop
      vertex 6.89999 -3.175 0.6
      vertex 5.01869 -4.07834 0.6
      vertex 5.06381 -4.08302 0.6
    endloop
  endfacet
  facet normal 0 0 1
    outer loop
      vertex 6.89999 -3.175 0.6
      vertex 4.97334 -4.07553 0.6
      vertex 5.01869 -4.07834 0.6
    endloop
  endfacet
  facet normal 0 0 1
    outer loop
      vertex 6.89999 -3.175 0.6
      vertex 4.92775 -4.0746 0.6
      vertex 4.97334 -4.07553 0.6
    endloop
  endfacet
  facet normal 0 0 1
    outer loop
      vertex 6.89999 -3.175 0.6
      vertex 4.87234 -4.07585 0.6
      vertex 4.92775 -4.0746 0.6
    endloop
  endfacet
  facet normal 0 0 1
    outer loop
      vertex 6.89999 -3.175 0.6
      vertex 4.81755 -4.07964 0.6
      vertex 4.87234 -4.07585 0.6
    endloop
  endfacet
  facet normal 0 0 1
    outer loop
      vertex 6.89999 -3.175 0.6
      vertex 4.76338 -4.08592 0.6
      vertex 4.81755 -4.07964 0.6
    endloop
  endfacet
  facet normal 0 0 1
    outer loop
      vertex 3.929 -4.10292 0.6
      vertex 4.76338 -4.08592 0.6
      vertex 6.89999 -3.175 0.6
    endloop
  endfacet
  facet normal 0 0 1
    outer loop
      vertex 4.76338 -4.08592 0.6
      vertex 3.929 -4.10292 0.6
      vertex 4.70981 -4.09473 0.6
    endloop
  endfacet
  facet normal 0 0 1
    outer loop
      vertex 4.70981 -4.09473 0.6
      vertex 3.929 -4.10292 0.6
      vertex 4.65686 -4.10605 0.6
    endloop
  endfacet
  facet normal 0 0 1
    outer loop
      vertex 4.65686 -4.10605 0.6
      vertex 3.929 -4.10292 0.6
      vertex 4.60452 -4.11989 0.6
    endloop
  endfacet
  facet normal 0 0 1
    outer loop
      vertex 4.60452 -4.11989 0.6
      vertex 3.929 -4.10292 0.6
      vertex 4.5528 -4.13626 0.6
    endloop
  endfacet
  facet normal 0 0 1
    outer loop
      vertex 4.21075 -5.5141 0.6
      vertex 3.87068 -4.49788 0.6
      vertex 4.19713 -5.53607 0.6
    endloop
  endfacet
  facet normal 0 0 1
    outer loop
      vertex 4.19713 -5.53607 0.6
      vertex 3.87068 -4.49788 0.6
      vertex 4.18443 -5.55873 0.6
    endloop
  endfacet
  facet normal 0 0 1
    outer loop
      vertex 4.18443 -5.55873 0.6
      vertex 3.87068 -4.49788 0.6
      vertex 4.17265 -5.58206 0.6
    endloop
  endfacet
  facet normal 0 0 1
    outer loop
      vertex 4.17265 -5.58206 0.6
      vertex 3.87068 -4.49788 0.6
      vertex 4.16179 -5.60606 0.6
    endloop
  endfacet
  facet normal 0 0 1
    outer loop
      vertex 4.16179 -5.60606 0.6
      vertex 3.87068 -4.49788 0.6
      vertex 4.15184 -5.63077 0.6
    endloop
  endfacet
  facet normal 0 0 1
    outer loop
      vertex 4.15184 -5.63077 0.6
      vertex 3.87068 -4.49788 0.6
      vertex 4.14281 -5.65613 0.6
    endloop
  endfacet
  facet normal 0 0 1
    outer loop
      vertex 4.14281 -5.65613 0.6
      vertex 3.87068 -4.49788 0.6
      vertex 4.13484 -5.68225 0.6
    endloop
  endfacet
  facet normal 0 0 1
    outer loop
      vertex 4.13484 -5.68225 0.6
      vertex 3.87068 -4.49788 0.6
      vertex 4.12811 -5.7092 0.6
    endloop
  endfacet
  facet normal 0 0 1
    outer loop
      vertex 3.87068 -6.21776 0.6
      vertex 4.12811 -5.7092 0.6
      vertex 3.87068 -4.49788 0.6
    endloop
  endfacet
  facet normal 0 0 1
    outer loop
      vertex 4.12811 -5.7092 0.6
      vertex 3.87068 -6.21776 0.6
      vertex 4.1226 -5.73695 0.6
    endloop
  endfacet
  facet normal 0 0 1
    outer loop
      vertex 4.11525 -5.79491 0.6
      vertex 3.899 -6.60274 0.6
      vertex 4.11342 -5.8251 0.6
    endloop
  endfacet
  facet normal 0 0 1
    outer loop
      vertex 4.1226 -5.73695 0.6
      vertex 3.87068 -6.21776 0.6
      vertex 4.11832 -5.76552 0.6
    endloop
  endfacet
  facet normal 0 0 1
    outer loop
      vertex 4.24055 -4.28726 0.6
      vertex 3.929 -4.10292 0.6
      vertex 4.18781 -4.32124 0.6
    endloop
  endfacet
  facet normal 0 0 1
    outer loop
      vertex 4.29311 -4.2558 0.6
      vertex 3.929 -4.10292 0.6
      vertex 4.24055 -4.28726 0.6
    endloop
  endfacet
  facet normal 0 0 1
    outer loop
      vertex 4.34544 -4.22685 0.6
      vertex 3.929 -4.10292 0.6
      vertex 4.29311 -4.2558 0.6
    endloop
  endfacet
  facet normal 0 0 1
    outer loop
      vertex 4.3976 -4.20042 0.6
      vertex 3.929 -4.10292 0.6
      vertex 4.34544 -4.22685 0.6
    endloop
  endfacet
  facet normal 0 0 1
    outer loop
      vertex 4.44952 -4.17651 0.6
      vertex 3.929 -4.10292 0.6
      vertex 4.3976 -4.20042 0.6
    endloop
  endfacet
  facet normal 0 0 1
    outer loop
      vertex 4.50127 -4.15512 0.6
      vertex 3.929 -4.10292 0.6
      vertex 4.44952 -4.17651 0.6
    endloop
  endfacet
  facet normal 0 0 1
    outer loop
      vertex 4.5528 -4.13626 0.6
      vertex 3.929 -4.10292 0.6
      vertex 4.50127 -4.15512 0.6
    endloop
  endfacet
  facet normal 0 0 1
    outer loop
      vertex 6.89999 -3.175 0.6
      vertex 2.32076 -4.10292 0.6
      vertex 3.929 -4.10292 0.6
    endloop
  endfacet
  facet normal -0 0 1
    outer loop
      vertex 1.99921 -4.11293 0.6
      vertex 2.32076 -4.48288 0.6
      vertex 2.32076 -4.10292 0.6
    endloop
  endfacet
  facet normal 0 0 1
    outer loop
      vertex 2.32076 -4.48288 0.6
      vertex 1.99921 -4.11293 0.6
      vertex 1.94922 -4.49788 0.6
    endloop
  endfacet
  facet normal -0 0 1
    outer loop
      vertex 1.40091 -4.06291 0.6
      vertex 2.32076 -4.10292 0.6
      vertex 6.89999 -3.175 0.6
    endloop
  endfacet
  facet normal 0 0 1
    outer loop
      vertex 2.32076 -4.10292 0.6
      vertex 1.40091 -4.06291 0.6
      vertex 1.99921 -4.11293 0.6
    endloop
  endfacet
  facet normal 0 0 1
    outer loop
      vertex 0.827621 -5.26785 0.6
      vertex 0.5793 -5.27116 0.6
      vertex 0.702637 -5.7728 0.6
    endloop
  endfacet
  facet normal -0 0 1
    outer loop
      vertex 0.0326691 -4.11125 0.6
      vertex 0.827621 -5.26785 0.6
      vertex 1.40091 -4.06291 0.6
    endloop
  endfacet
  facet normal 0 0 1
    outer loop
      vertex 0.827621 -5.26785 0.6
      vertex 0.0326691 -4.11125 0.6
      vertex 0.5793 -5.27116 0.6
    endloop
  endfacet
  facet normal -0 0 1
    outer loop
      vertex -0.550613 -4.0596 0.6
      vertex 1.40091 -4.06291 0.6
      vertex 6.89999 -3.175 0.6
    endloop
  endfacet
  facet normal 0 0 1
    outer loop
      vertex 1.40091 -4.06291 0.6
      vertex -0.550613 -4.0596 0.6
      vertex 0.0326691 -4.11125 0.6
    endloop
  endfacet
  facet normal 0 0 1
    outer loop
      vertex -2.15143 -4.49788 0.6
      vertex -0.550613 -4.0596 0.6
      vertex -2.09311 -4.10292 0.6
    endloop
  endfacet
  facet normal -0 0 1
    outer loop
      vertex -6.89999 -3.175 0.6
      vertex -0.550613 -4.0596 0.6
      vertex 6.89999 -3.175 0.6
    endloop
  endfacet
  facet normal 0 0 1
    outer loop
      vertex -0.550613 -4.0596 0.6
      vertex -6.89999 -3.175 0.6
      vertex -2.09311 -4.10292 0.6
    endloop
  endfacet
  facet normal 0 0 1
    outer loop
      vertex -4.18495 -4.49535 0.6
      vertex -3.70135 -4.48288 0.6
      vertex -3.70135 -4.10292 0.6
    endloop
  endfacet
  facet normal -0 0 1
    outer loop
      vertex -3.9478 -5.39722 0.6
      vertex -3.59135 -5.43115 0.6
      vertex -3.94624 -5.32118 0.6
    endloop
  endfacet
  facet normal 0 0 1
    outer loop
      vertex -3.59135 -5.43115 0.6
      vertex -3.94765 -5.24979 0.6
      vertex -3.94624 -5.32118 0.6
    endloop
  endfacet
  facet normal 0 0 1
    outer loop
      vertex -3.59135 -5.07619 0.6
      vertex -3.94765 -5.24979 0.6
      vertex -3.59135 -5.43115 0.6
    endloop
  endfacet
  facet normal 0 -0 1
    outer loop
      vertex -3.94765 -5.24979 0.6
      vertex -3.59135 -5.07619 0.6
      vertex -3.95183 -5.17941 0.6
    endloop
  endfacet
  facet normal 0 -0 1
    outer loop
      vertex -3.95183 -5.17941 0.6
      vertex -3.59135 -5.07619 0.6
      vertex -3.9588 -5.11006 0.6
    endloop
  endfacet
  facet normal 0 0 1
    outer loop
      vertex -3.59135 -5.07619 0.6
      vertex -3.98111 -4.97443 0.6
      vertex -3.96855 -5.04173 0.6
    endloop
  endfacet
  facet normal 0 0 1
    outer loop
      vertex -3.59135 -5.07619 0.6
      vertex -3.99644 -4.90814 0.6
      vertex -3.98111 -4.97443 0.6
    endloop
  endfacet
  facet normal 0 0 1
    outer loop
      vertex -3.70135 -4.48288 0.6
      vertex -4.01457 -4.84288 0.6
      vertex -3.99644 -4.90814 0.6
    endloop
  endfacet
  facet normal 0 0 1
    outer loop
      vertex -3.70135 -4.48288 0.6
      vertex -4.03558 -4.77927 0.6
      vertex -4.01457 -4.84288 0.6
    endloop
  endfacet
  facet normal 0 0 1
    outer loop
      vertex -3.70135 -4.48288 0.6
      vertex -4.05954 -4.71793 0.6
      vertex -4.03558 -4.77927 0.6
    endloop
  endfacet
  facet normal 0 0 1
    outer loop
      vertex -3.70135 -4.48288 0.6
      vertex -4.08646 -4.65886 0.6
      vertex -4.05954 -4.71793 0.6
    endloop
  endfacet
  facet normal 0 0 1
    outer loop
      vertex -3.70135 -4.48288 0.6
      vertex -4.11633 -4.60208 0.6
      vertex -4.08646 -4.65886 0.6
    endloop
  endfacet
  facet normal 0 0 1
    outer loop
      vertex -3.70135 -4.48288 0.6
      vertex -4.14917 -4.54758 0.6
      vertex -4.11633 -4.60208 0.6
    endloop
  endfacet
  facet normal 0 0 1
    outer loop
      vertex -3.70135 -4.48288 0.6
      vertex -4.18495 -4.49535 0.6
      vertex -4.14917 -4.54758 0.6
    endloop
  endfacet
  facet normal 0 0 1
    outer loop
      vertex -3.70135 -4.10292 0.6
      vertex -4.22371 -4.4454 0.6
      vertex -4.18495 -4.49535 0.6
    endloop
  endfacet
  facet normal 0 0 1
    outer loop
      vertex -3.70135 -4.10292 0.6
      vertex -4.26546 -4.39804 0.6
      vertex -4.22371 -4.4454 0.6
    endloop
  endfacet
  facet normal 0 0 1
    outer loop
      vertex -3.70135 -4.10292 0.6
      vertex -4.31024 -4.35356 0.6
      vertex -4.26546 -4.39804 0.6
    endloop
  endfacet
  facet normal 0 0 1
    outer loop
      vertex -3.70135 -4.10292 0.6
      vertex -4.35805 -4.31198 0.6
      vertex -4.31024 -4.35356 0.6
    endloop
  endfacet
  facet normal 0 0 1
    outer loop
      vertex -3.70135 -4.10292 0.6
      vertex -4.40887 -4.2733 0.6
      vertex -4.35805 -4.31198 0.6
    endloop
  endfacet
  facet normal 0 0 1
    outer loop
      vertex -3.70135 -4.10292 0.6
      vertex -4.46274 -4.2375 0.6
      vertex -4.40887 -4.2733 0.6
    endloop
  endfacet
  facet normal 0 0 1
    outer loop
      vertex -3.70135 -4.10292 0.6
      vertex -4.51962 -4.20459 0.6
      vertex -4.46274 -4.2375 0.6
    endloop
  endfacet
  facet normal 0 0 1
    outer loop
      vertex -3.70135 -4.10292 0.6
      vertex -4.57953 -4.17458 0.6
      vertex -4.51962 -4.20459 0.6
    endloop
  endfacet
  facet normal 0 0 1
    outer loop
      vertex -2.09311 -4.10292 0.6
      vertex -6.89999 -3.175 0.6
      vertex -3.70135 -4.10292 0.6
    endloop
  endfacet
  facet normal 0 0 1
    outer loop
      vertex -3.70135 -4.10292 0.6
      vertex -4.64256 -4.14806 0.6
      vertex -4.57953 -4.17458 0.6
    endloop
  endfacet
  facet normal 0 0 1
    outer loop
      vertex -3.70135 -4.10292 0.6
      vertex -4.70879 -4.12561 0.6
      vertex -4.64256 -4.14806 0.6
    endloop
  endfacet
  facet normal -0 -0 1
    outer loop
      vertex -4.85081 -4.09296 0.6
      vertex -3.70135 -4.10292 0.6
      vertex -6.89999 -3.175 0.6
    endloop
  endfacet
  facet normal 0 0 1
    outer loop
      vertex -3.70135 -4.10292 0.6
      vertex -4.7782 -4.10724 0.6
      vertex -4.70879 -4.12561 0.6
    endloop
  endfacet
  facet normal 0 0 1
    outer loop
      vertex -3.70135 -4.10292 0.6
      vertex -4.85081 -4.09296 0.6
      vertex -4.7782 -4.10724 0.6
    endloop
  endfacet
  facet normal 0 0 1
    outer loop
      vertex -4.85081 -4.09296 0.6
      vertex -6.89999 -3.175 0.6
      vertex -4.92662 -4.08276 0.6
    endloop
  endfacet
  facet normal 0 0 1
    outer loop
      vertex -4.92662 -4.08276 0.6
      vertex -6.89999 -3.175 0.6
      vertex -5.00563 -4.07664 0.6
    endloop
  endfacet
  facet normal 0 0 1
    outer loop
      vertex -5.00563 -4.07664 0.6
      vertex -6.89999 -3.175 0.6
      vertex -5.08783 -4.0746 0.6
    endloop
  endfacet
  facet normal 0 0 1
    outer loop
      vertex -5.79822 -4.32425 0.6
      vertex -6.89999 -3.175 0.6
      vertex -5.84113 -4.36292 0.6
    endloop
  endfacet
  facet normal 0 0 1
    outer loop
      vertex -5.7533 -4.28828 0.6
      vertex -6.89999 -3.175 0.6
      vertex -5.79822 -4.32425 0.6
    endloop
  endfacet
  facet normal 0 0 1
    outer loop
      vertex -5.70638 -4.255 0.6
      vertex -6.89999 -3.175 0.6
      vertex -5.7533 -4.28828 0.6
    endloop
  endfacet
  facet normal 0 0 1
    outer loop
      vertex -5.65746 -4.22441 0.6
      vertex -6.89999 -3.175 0.6
      vertex -5.70638 -4.255 0.6
    endloop
  endfacet
  facet normal 0 0 1
    outer loop
      vertex -5.60652 -4.1965 0.6
      vertex -6.89999 -3.175 0.6
      vertex -5.65746 -4.22441 0.6
    endloop
  endfacet
  facet normal 0 0 1
    outer loop
      vertex -5.55359 -4.1713 0.6
      vertex -6.89999 -3.175 0.6
      vertex -5.60652 -4.1965 0.6
    endloop
  endfacet
  facet normal 0 0 1
    outer loop
      vertex -5.49864 -4.14876 0.6
      vertex -6.89999 -3.175 0.6
      vertex -5.55359 -4.1713 0.6
    endloop
  endfacet
  facet normal 0 0 1
    outer loop
      vertex -5.44231 -4.12909 0.6
      vertex -6.89999 -3.175 0.6
      vertex -5.49864 -4.14876 0.6
    endloop
  endfacet
  facet normal 0 0 1
    outer loop
      vertex -5.38518 -4.11243 0.6
      vertex -6.89999 -3.175 0.6
      vertex -5.44231 -4.12909 0.6
    endloop
  endfacet
  facet normal 0 0 1
    outer loop
      vertex -5.32727 -4.09882 0.6
      vertex -6.89999 -3.175 0.6
      vertex -5.38518 -4.11243 0.6
    endloop
  endfacet
  facet normal 0 0 1
    outer loop
      vertex -5.26859 -4.08823 0.6
      vertex -6.89999 -3.175 0.6
      vertex -5.32727 -4.09882 0.6
    endloop
  endfacet
  facet normal 0 0 1
    outer loop
      vertex -5.20912 -4.08066 0.6
      vertex -6.89999 -3.175 0.6
      vertex -5.26859 -4.08823 0.6
    endloop
  endfacet
  facet normal 0 0 1
    outer loop
      vertex -5.14886 -4.07611 0.6
      vertex -6.89999 -3.175 0.6
      vertex -5.20912 -4.08066 0.6
    endloop
  endfacet
  facet normal 0 0 1
    outer loop
      vertex -5.08783 -4.0746 0.6
      vertex -6.89999 -3.175 0.6
      vertex -5.14886 -4.07611 0.6
    endloop
  endfacet
  facet normal -0 0 1
    outer loop
      vertex 5.75844 -6.43192 0.6
      vertex 6.89999 -7.575 0.6
      vertex 5.80936 -6.40109 0.6
    endloop
  endfacet
  facet normal -0 0 1
    outer loop
      vertex 5.70753 -6.4606 0.6
      vertex 6.89999 -7.575 0.6
      vertex 5.75844 -6.43192 0.6
    endloop
  endfacet
  facet normal -0 0 1
    outer loop
      vertex 5.65668 -6.48715 0.6
      vertex 6.89999 -7.575 0.6
      vertex 5.70753 -6.4606 0.6
    endloop
  endfacet
  facet normal -0 0 1
    outer loop
      vertex 5.60585 -6.51155 0.6
      vertex 6.89999 -7.575 0.6
      vertex 5.65668 -6.48715 0.6
    endloop
  endfacet
  facet normal -0 0 1
    outer loop
      vertex 5.55505 -6.53381 0.6
      vertex 6.89999 -7.575 0.6
      vertex 5.60585 -6.51155 0.6
    endloop
  endfacet
  facet normal -0 0 1
    outer loop
      vertex 5.50429 -6.55392 0.6
      vertex 6.89999 -7.575 0.6
      vertex 5.55505 -6.53381 0.6
    endloop
  endfacet
  facet normal -0 0 1
    outer loop
      vertex 5.45357 -6.5719 0.6
      vertex 6.89999 -7.575 0.6
      vertex 5.50429 -6.55392 0.6
    endloop
  endfacet
  facet normal -0 0 1
    outer loop
      vertex 5.40219 -6.5876 0.6
      vertex 6.89999 -7.575 0.6
      vertex 5.45357 -6.5719 0.6
    endloop
  endfacet
  facet normal -0 0 1
    outer loop
      vertex 5.34949 -6.60088 0.6
      vertex 6.89999 -7.575 0.6
      vertex 5.40219 -6.5876 0.6
    endloop
  endfacet
  facet normal -0 0 1
    outer loop
      vertex 5.29546 -6.61174 0.6
      vertex 6.89999 -7.575 0.6
      vertex 5.34949 -6.60088 0.6
    endloop
  endfacet
  facet normal -0 0 1
    outer loop
      vertex 5.2401 -6.62019 0.6
      vertex 6.89999 -7.575 0.6
      vertex 5.29546 -6.61174 0.6
    endloop
  endfacet
  facet normal -0 0 1
    outer loop
      vertex 5.18343 -6.62624 0.6
      vertex 6.89999 -7.575 0.6
      vertex 5.2401 -6.62019 0.6
    endloop
  endfacet
  facet normal -0 0 1
    outer loop
      vertex 5.12541 -6.62985 0.6
      vertex 6.89999 -7.575 0.6
      vertex 5.18343 -6.62624 0.6
    endloop
  endfacet
  facet normal -0 0 1
    outer loop
      vertex 5.06609 -6.63106 0.6
      vertex 6.89999 -7.575 0.6
      vertex 5.12541 -6.62985 0.6
    endloop
  endfacet
  facet normal 0 0 1
    outer loop
      vertex 5.01392 -6.63007 0.6
      vertex 6.89999 -7.575 0.6
      vertex 5.06609 -6.63106 0.6
    endloop
  endfacet
  facet normal 0 0 1
    outer loop
      vertex 4.9622 -6.62704 0.6
      vertex 6.89999 -7.575 0.6
      vertex 5.01392 -6.63007 0.6
    endloop
  endfacet
  facet normal 0 0 1
    outer loop
      vertex 4.91093 -6.62204 0.6
      vertex 6.89999 -7.575 0.6
      vertex 4.9622 -6.62704 0.6
    endloop
  endfacet
  facet normal 0 0 1
    outer loop
      vertex 4.86009 -6.61501 0.6
      vertex 6.89999 -7.575 0.6
      vertex 4.91093 -6.62204 0.6
    endloop
  endfacet
  facet normal 0 0 1
    outer loop
      vertex 3.899 -6.60274 0.6
      vertex 4.86009 -6.61501 0.6
      vertex 4.80971 -6.60599 0.6
    endloop
  endfacet
  facet normal -0 0 1
    outer loop
      vertex 3.899 -6.60274 0.6
      vertex 4.80971 -6.60599 0.6
      vertex 4.75977 -6.59496 0.6
    endloop
  endfacet
  facet normal 0 0 1
    outer loop
      vertex 3.899 -6.60274 0.6
      vertex 4.75977 -6.59496 0.6
      vertex 4.71027 -6.58191 0.6
    endloop
  endfacet
  facet normal 0 0 1
    outer loop
      vertex 3.899 -6.60274 0.6
      vertex 4.71027 -6.58191 0.6
      vertex 4.66179 -6.56689 0.6
    endloop
  endfacet
  facet normal 0 0 1
    outer loop
      vertex 3.899 -6.60274 0.6
      vertex 4.66179 -6.56689 0.6
      vertex 4.61496 -6.54994 0.6
    endloop
  endfacet
  facet normal 0 0 1
    outer loop
      vertex 3.899 -6.60274 0.6
      vertex 4.61496 -6.54994 0.6
      vertex 4.56976 -6.53105 0.6
    endloop
  endfacet
  facet normal 0 0 1
    outer loop
      vertex 4.11342 -5.8251 0.6
      vertex 3.899 -6.60274 0.6
      vertex 4.11281 -5.85612 0.6
    endloop
  endfacet
  facet normal 0 0 1
    outer loop
      vertex 4.11281 -5.85612 0.6
      vertex 3.899 -6.60274 0.6
      vertex 4.11444 -5.91037 0.6
    endloop
  endfacet
  facet normal 0 0 1
    outer loop
      vertex 4.11444 -5.91037 0.6
      vertex 3.899 -6.60274 0.6
      vertex 4.11934 -5.96265 0.6
    endloop
  endfacet
  facet normal 0 0 1
    outer loop
      vertex 3.899 -6.60274 0.6
      vertex 4.1275 -6.01295 0.6
      vertex 4.11934 -5.96265 0.6
    endloop
  endfacet
  facet normal 0 0 1
    outer loop
      vertex 3.899 -6.60274 0.6
      vertex 4.13892 -6.06128 0.6
      vertex 4.1275 -6.01295 0.6
    endloop
  endfacet
  facet normal 0 0 1
    outer loop
      vertex 3.899 -6.60274 0.6
      vertex 4.15361 -6.10764 0.6
      vertex 4.13892 -6.06128 0.6
    endloop
  endfacet
  facet normal 0 0 1
    outer loop
      vertex 3.899 -6.60274 0.6
      vertex 4.17157 -6.15202 0.6
      vertex 4.15361 -6.10764 0.6
    endloop
  endfacet
  facet normal 0 0 1
    outer loop
      vertex 3.899 -6.60274 0.6
      vertex 4.19279 -6.19443 0.6
      vertex 4.17157 -6.15202 0.6
    endloop
  endfacet
  facet normal 0 0 1
    outer loop
      vertex 3.899 -6.60274 0.6
      vertex 4.21672 -6.23486 0.6
      vertex 4.19279 -6.19443 0.6
    endloop
  endfacet
  facet normal 0 0 1
    outer loop
      vertex 3.899 -6.60274 0.6
      vertex 4.2428 -6.27333 0.6
      vertex 4.21672 -6.23486 0.6
    endloop
  endfacet
  facet normal 0 0 1
    outer loop
      vertex 3.899 -6.60274 0.6
      vertex 4.27101 -6.30983 0.6
      vertex 4.2428 -6.27333 0.6
    endloop
  endfacet
  facet normal 0 0 1
    outer loop
      vertex 3.899 -6.60274 0.6
      vertex 4.30136 -6.34435 0.6
      vertex 4.27101 -6.30983 0.6
    endloop
  endfacet
  facet normal 0 0 1
    outer loop
      vertex 3.899 -6.60274 0.6
      vertex 4.33386 -6.37691 0.6
      vertex 4.30136 -6.34435 0.6
    endloop
  endfacet
  facet normal 0 0 1
    outer loop
      vertex 3.899 -6.60274 0.6
      vertex 4.3685 -6.40749 0.6
      vertex 4.33386 -6.37691 0.6
    endloop
  endfacet
  facet normal 0 0 1
    outer loop
      vertex 3.899 -6.60274 0.6
      vertex 4.40529 -6.43608 0.6
      vertex 4.3685 -6.40749 0.6
    endloop
  endfacet
  facet normal 0 0 1
    outer loop
      vertex 3.899 -6.60274 0.6
      vertex 4.44395 -6.46274 0.6
      vertex 4.40529 -6.43608 0.6
    endloop
  endfacet
  facet normal 0 0 1
    outer loop
      vertex 3.899 -6.60274 0.6
      vertex 4.48425 -6.48744 0.6
      vertex 4.44395 -6.46274 0.6
    endloop
  endfacet
  facet normal 0 0 1
    outer loop
      vertex 3.899 -6.60274 0.6
      vertex 4.5262 -6.51022 0.6
      vertex 4.48425 -6.48744 0.6
    endloop
  endfacet
  facet normal 0 0 1
    outer loop
      vertex 3.899 -6.60274 0.6
      vertex 4.56976 -6.53105 0.6
      vertex 4.5262 -6.51022 0.6
    endloop
  endfacet
  facet normal 0 0 1
    outer loop
      vertex 4.86009 -6.61501 0.6
      vertex 3.899 -6.60274 0.6
      vertex 6.89999 -7.575 0.6
    endloop
  endfacet
  facet normal -0 0 1
    outer loop
      vertex 2.30411 -6.60274 0.6
      vertex 6.89999 -7.575 0.6
      vertex 3.899 -6.60274 0.6
    endloop
  endfacet
  facet normal 0 0 1
    outer loop
      vertex 2.32076 -4.48288 0.6
      vertex 1.94922 -4.49788 0.6
      vertex 2.25909 -6.22278 0.6
    endloop
  endfacet
  facet normal 0 0 1
    outer loop
      vertex 1.94922 -6.60274 0.6
      vertex 2.25909 -6.22278 0.6
      vertex 1.94922 -4.49788 0.6
    endloop
  endfacet
  facet normal 0 0 1
    outer loop
      vertex 2.25909 -6.22278 0.6
      vertex 1.94922 -6.60274 0.6
      vertex 2.30411 -6.60274 0.6
    endloop
  endfacet
  facet normal -0 0 1
    outer loop
      vertex 1.94922 -6.60274 0.6
      vertex 6.89999 -7.575 0.6
      vertex 2.30411 -6.60274 0.6
    endloop
  endfacet
  facet normal -0 0 1
    outer loop
      vertex 1.41258 -6.60274 0.6
      vertex 6.89999 -7.575 0.6
      vertex 1.94922 -6.60274 0.6
    endloop
  endfacet
  facet normal 0 0 1
    outer loop
      vertex 1.41258 -5.7728 0.6
      vertex 0.874283 -6.39775 0.6
      vertex 1.41258 -6.60274 0.6
    endloop
  endfacet
  facet normal -0 0 1
    outer loop
      vertex 0.569305 -6.39775 0.6
      vertex 1.41258 -6.60274 0.6
      vertex 0.874283 -6.39775 0.6
    endloop
  endfacet
  facet normal -0 0 1
    outer loop
      vertex 0.00102234 -5.68448 0.6
      vertex 0.569305 -6.39775 0.6
      vertex 0.207657 -5.63446 0.6
    endloop
  endfacet
  facet normal 0 0 1
    outer loop
      vertex 0.00102234 -6.60274 0.6
      vertex 0.569305 -6.39775 0.6
      vertex 0.00102234 -5.68448 0.6
    endloop
  endfacet
  facet normal 0 0 1
    outer loop
      vertex 0.00102234 -6.60274 0.6
      vertex 1.41258 -6.60274 0.6
      vertex 0.569305 -6.39775 0.6
    endloop
  endfacet
  facet normal -0 0 1
    outer loop
      vertex 0.00102234 -6.60274 0.6
      vertex 6.89999 -7.575 0.6
      vertex 1.41258 -6.60274 0.6
    endloop
  endfacet
  facet normal 0 0 1
    outer loop
      vertex -6.89999 -7.575 0.6
      vertex 0.00102234 -6.60274 0.6
      vertex -0.550613 -6.60274 0.6
    endloop
  endfacet
  facet normal 0 0 1
    outer loop
      vertex -0.550613 -4.0596 0.6
      vertex -2.15143 -4.49788 0.6
      vertex -0.550613 -6.60274 0.6
    endloop
  endfacet
  facet normal 0 0 1
    outer loop
      vertex -6.89999 -7.575 0.6
      vertex -0.550613 -6.60274 0.6
      vertex -2.12311 -6.60274 0.6
    endloop
  endfacet
  facet normal 0 0 1
    outer loop
      vertex -6.89999 -7.575 0.6
      vertex -2.12311 -6.60274 0.6
      vertex -3.718 -6.60274 0.6
    endloop
  endfacet
  facet normal 0 0 1
    outer loop
      vertex -3.95244 -5.47203 0.6
      vertex -3.59135 -5.43115 0.6
      vertex -3.9478 -5.39722 0.6
    endloop
  endfacet
  facet normal 0 0 1
    outer loop
      vertex -3.96017 -5.54562 0.6
      vertex -3.59135 -5.43115 0.6
      vertex -3.95244 -5.47203 0.6
    endloop
  endfacet
  facet normal 0 0 1
    outer loop
      vertex -3.97101 -5.618 0.6
      vertex -3.59135 -5.43115 0.6
      vertex -3.96017 -5.54562 0.6
    endloop
  endfacet
  facet normal 0 0 1
    outer loop
      vertex -3.98492 -5.68915 0.6
      vertex -3.59135 -5.43115 0.6
      vertex -3.97101 -5.618 0.6
    endloop
  endfacet
  facet normal 0 0 1
    outer loop
      vertex -4.00195 -5.75908 0.6
      vertex -3.59135 -5.43115 0.6
      vertex -3.98492 -5.68915 0.6
    endloop
  endfacet
  facet normal 0 0 1
    outer loop
      vertex -3.59135 -5.43115 0.6
      vertex -4.00195 -5.75908 0.6
      vertex -3.76302 -6.22278 0.6
    endloop
  endfacet
  facet normal -0 0 1
    outer loop
      vertex -4.02206 -5.82779 0.6
      vertex -3.76302 -6.22278 0.6
      vertex -4.00195 -5.75908 0.6
    endloop
  endfacet
  facet normal -0 0 1
    outer loop
      vertex -4.0451 -5.89465 0.6
      vertex -3.76302 -6.22278 0.6
      vertex -4.02206 -5.82779 0.6
    endloop
  endfacet
  facet normal -0 0 1
    outer loop
      vertex -4.07091 -5.95906 0.6
      vertex -3.76302 -6.22278 0.6
      vertex -4.0451 -5.89465 0.6
    endloop
  endfacet
  facet normal -0 0 1
    outer loop
      vertex -4.09946 -6.02104 0.6
      vertex -3.76302 -6.22278 0.6
      vertex -4.07091 -5.95906 0.6
    endloop
  endfacet
  facet normal -0 0 1
    outer loop
      vertex -4.13077 -6.08055 0.6
      vertex -3.76302 -6.22278 0.6
      vertex -4.09946 -6.02104 0.6
    endloop
  endfacet
  facet normal -0 0 1
    outer loop
      vertex -4.16483 -6.13763 0.6
      vertex -3.76302 -6.22278 0.6
      vertex -4.13077 -6.08055 0.6
    endloop
  endfacet
  facet normal -0 0 1
    outer loop
      vertex -4.20164 -6.19225 0.6
      vertex -3.76302 -6.22278 0.6
      vertex -4.16483 -6.13763 0.6
    endloop
  endfacet
  facet normal 0 0 1
    outer loop
      vertex -4.24121 -6.24442 0.6
      vertex -3.76302 -6.22278 0.6
      vertex -4.20164 -6.19225 0.6
    endloop
  endfacet
  facet normal 0 0 1
    outer loop
      vertex -3.76302 -6.22278 0.6
      vertex -4.24121 -6.24442 0.6
      vertex -3.718 -6.60274 0.6
    endloop
  endfacet
  facet normal -0 0 1
    outer loop
      vertex -4.28342 -6.29385 0.6
      vertex -3.718 -6.60274 0.6
      vertex -4.24121 -6.24442 0.6
    endloop
  endfacet
  facet normal -0 0 1
    outer loop
      vertex -4.32814 -6.34027 0.6
      vertex -3.718 -6.60274 0.6
      vertex -4.28342 -6.29385 0.6
    endloop
  endfacet
  facet normal -0 0 1
    outer loop
      vertex -4.37538 -6.38365 0.6
      vertex -3.718 -6.60274 0.6
      vertex -4.32814 -6.34027 0.6
    endloop
  endfacet
  facet normal -0 0 1
    outer loop
      vertex -4.42514 -6.424 0.6
      vertex -3.718 -6.60274 0.6
      vertex -4.37538 -6.38365 0.6
    endloop
  endfacet
  facet normal -0 0 1
    outer loop
      vertex -4.47742 -6.46133 0.6
      vertex -3.718 -6.60274 0.6
      vertex -4.42514 -6.424 0.6
    endloop
  endfacet
  facet normal -0 0 1
    outer loop
      vertex -4.53221 -6.49564 0.6
      vertex -3.718 -6.60274 0.6
      vertex -4.47742 -6.46133 0.6
    endloop
  endfacet
  facet normal -0 0 1
    outer loop
      vertex -4.58952 -6.5269 0.6
      vertex -3.718 -6.60274 0.6
      vertex -4.53221 -6.49564 0.6
    endloop
  endfacet
  facet normal -0 0 1
    outer loop
      vertex -4.64919 -6.55453 0.6
      vertex -3.718 -6.60274 0.6
      vertex -4.58952 -6.5269 0.6
    endloop
  endfacet
  facet normal -0 0 1
    outer loop
      vertex -4.71101 -6.57793 0.6
      vertex -3.718 -6.60274 0.6
      vertex -4.64919 -6.55453 0.6
    endloop
  endfacet
  facet normal -0 0 1
    outer loop
      vertex -4.77502 -6.59705 0.6
      vertex -3.718 -6.60274 0.6
      vertex -4.71101 -6.57793 0.6
    endloop
  endfacet
  facet normal 0 0 1
    outer loop
      vertex -4.84122 -6.61194 0.6
      vertex -3.718 -6.60274 0.6
      vertex -4.77502 -6.59705 0.6
    endloop
  endfacet
  facet normal 0 0 1
    outer loop
      vertex -3.718 -6.60274 0.6
      vertex -4.84122 -6.61194 0.6
      vertex -6.89999 -7.575 0.6
    endloop
  endfacet
  facet normal 0 0 1
    outer loop
      vertex -6.89999 -7.575 0.6
      vertex -4.84122 -6.61194 0.6
      vertex -4.90958 -6.62256 0.6
    endloop
  endfacet
  facet normal 0 0 1
    outer loop
      vertex -6.89999 -7.575 0.6
      vertex -4.90958 -6.62256 0.6
      vertex -4.98012 -6.62894 0.6
    endloop
  endfacet
  facet normal 0 0 1
    outer loop
      vertex -6.89999 -7.575 0.6
      vertex -4.98012 -6.62894 0.6
      vertex -5.05284 -6.63106 0.6
    endloop
  endfacet
  facet normal 0 0 1
    outer loop
      vertex -6.89999 -7.575 0.6
      vertex -5.05284 -6.63106 0.6
      vertex -5.11414 -6.62988 0.6
    endloop
  endfacet
  facet normal 0 0 1
    outer loop
      vertex -6.89999 -7.575 0.6
      vertex -5.11414 -6.62988 0.6
      vertex -5.17426 -6.62637 0.6
    endloop
  endfacet
  facet normal 0 0 1
    outer loop
      vertex -6.89999 -7.575 0.6
      vertex -5.84113 -4.36292 0.6
      vertex -6.89999 -3.175 0.6
    endloop
  endfacet
  facet normal 0 0 1
    outer loop
      vertex 0.00102234 -6.60274 0.6
      vertex -6.89999 -7.575 0.6
      vertex 6.89999 -7.575 0.6
    endloop
  endfacet
  facet normal 0 0 1
    outer loop
      vertex -5.23318 -6.6205 0.6
      vertex -6.89999 -7.575 0.6
      vertex -5.17426 -6.62637 0.6
    endloop
  endfacet
  facet normal 0 0 1
    outer loop
      vertex -5.29091 -6.61229 0.6
      vertex -6.89999 -7.575 0.6
      vertex -5.23318 -6.6205 0.6
    endloop
  endfacet
  facet normal 0 0 1
    outer loop
      vertex -5.34746 -6.60173 0.6
      vertex -6.89999 -7.575 0.6
      vertex -5.29091 -6.61229 0.6
    endloop
  endfacet
  facet normal 0 0 1
    outer loop
      vertex -5.40282 -6.58884 0.6
      vertex -6.89999 -7.575 0.6
      vertex -5.34746 -6.60173 0.6
    endloop
  endfacet
  facet normal 0 0 1
    outer loop
      vertex -5.45697 -6.57358 0.6
      vertex -6.89999 -7.575 0.6
      vertex -5.40282 -6.58884 0.6
    endloop
  endfacet
  facet normal 0 0 1
    outer loop
      vertex -5.51015 -6.55557 0.6
      vertex -6.89999 -7.575 0.6
      vertex -5.45697 -6.57358 0.6
    endloop
  endfacet
  facet normal 0 0 1
    outer loop
      vertex -5.56255 -6.53439 0.6
      vertex -6.89999 -7.575 0.6
      vertex -5.51015 -6.55557 0.6
    endloop
  endfacet
  facet normal 0 0 1
    outer loop
      vertex -5.61415 -6.51006 0.6
      vertex -6.89999 -7.575 0.6
      vertex -5.56255 -6.53439 0.6
    endloop
  endfacet
  facet normal 0 0 1
    outer loop
      vertex -5.66498 -6.48256 0.6
      vertex -6.89999 -7.575 0.6
      vertex -5.61415 -6.51006 0.6
    endloop
  endfacet
  facet normal 0 0 1
    outer loop
      vertex -5.71503 -6.45189 0.6
      vertex -6.89999 -7.575 0.6
      vertex -5.66498 -6.48256 0.6
    endloop
  endfacet
  facet normal 0 0 1
    outer loop
      vertex -5.7643 -6.41808 0.6
      vertex -6.89999 -7.575 0.6
      vertex -5.71503 -6.45189 0.6
    endloop
  endfacet
  facet normal 0 0 1
    outer loop
      vertex -5.81277 -6.38107 0.6
      vertex -6.89999 -7.575 0.6
      vertex -5.7643 -6.41808 0.6
    endloop
  endfacet
  facet normal 0 0 1
    outer loop
      vertex -5.84113 -4.36292 0.6
      vertex -6.89999 -7.575 0.6
      vertex -5.81277 -6.38107 0.6
    endloop
  endfacet
  facet normal 0 0 1
    outer loop
      vertex 5.78307 -4.84618 0.6
      vertex 6.89999 -3.175 0.6
      vertex 5.78653 -4.81102 0.6
    endloop
  endfacet
  facet normal 0 0 1
    outer loop
      vertex 5.77728 -4.87999 0.6
      vertex 6.89999 -3.175 0.6
      vertex 5.78307 -4.84618 0.6
    endloop
  endfacet
  facet normal -0 0 1
    outer loop
      vertex 5.7692 -4.91249 0.6
      vertex 6.89999 -7.575 0.6
      vertex 5.77728 -4.87999 0.6
    endloop
  endfacet
  facet normal 0 0 1
    outer loop
      vertex 6.89999 -7.575 0.6
      vertex 5.7692 -4.91249 0.6
      vertex 5.80936 -6.40109 0.6
    endloop
  endfacet
  facet normal -0 0 1
    outer loop
      vertex 5.75879 -4.94366 0.6
      vertex 5.80936 -6.40109 0.6
      vertex 5.7692 -4.91249 0.6
    endloop
  endfacet
  facet normal -0 0 1
    outer loop
      vertex 5.74606 -4.97351 0.6
      vertex 5.80936 -6.40109 0.6
      vertex 5.75879 -4.94366 0.6
    endloop
  endfacet
  facet normal -0 0 1
    outer loop
      vertex 5.73103 -5.00203 0.6
      vertex 5.80936 -6.40109 0.6
      vertex 5.74606 -4.97351 0.6
    endloop
  endfacet
  facet normal -0 0 1
    outer loop
      vertex 5.71411 -5.02946 0.6
      vertex 5.80936 -6.40109 0.6
      vertex 5.73103 -5.00203 0.6
    endloop
  endfacet
  facet normal -0 0 1
    outer loop
      vertex 5.69572 -5.05605 0.6
      vertex 5.80936 -6.40109 0.6
      vertex 5.71411 -5.02946 0.6
    endloop
  endfacet
  facet normal 0 0 1
    outer loop
      vertex 5.57938 -6.02278 0.6
      vertex 5.69572 -5.05605 0.6
      vertex 5.67587 -5.08177 0.6
    endloop
  endfacet
  facet normal 0 0 1
    outer loop
      vertex 5.57938 -6.02278 0.6
      vertex 5.67587 -5.08177 0.6
      vertex 5.65457 -5.10664 0.6
    endloop
  endfacet
  facet normal 0 0 1
    outer loop
      vertex 5.57938 -6.02278 0.6
      vertex 5.65457 -5.10664 0.6
      vertex 5.63179 -5.13068 0.6
    endloop
  endfacet
  facet normal 0 0 1
    outer loop
      vertex 5.57938 -6.02278 0.6
      vertex 5.63179 -5.13068 0.6
      vertex 5.60756 -5.15387 0.6
    endloop
  endfacet
  facet normal 0 0 1
    outer loop
      vertex 5.57938 -6.02278 0.6
      vertex 5.60756 -5.15387 0.6
      vertex 5.58186 -5.17619 0.6
    endloop
  endfacet
  facet normal 0 0 1
    outer loop
      vertex 5.69572 -5.05605 0.6
      vertex 5.57938 -6.02278 0.6
      vertex 5.80936 -6.40109 0.6
    endloop
  endfacet
  facet normal -0 0 1
    outer loop
      vertex 5.55496 -5.19777 0.6
      vertex 5.57938 -6.02278 0.6
      vertex 5.58186 -5.17619 0.6
    endloop
  endfacet
  facet normal -0 0 1
    outer loop
      vertex 5.52711 -5.2187 0.6
      vertex 5.57938 -6.02278 0.6
      vertex 5.55496 -5.19777 0.6
    endloop
  endfacet
  facet normal -0 0 1
    outer loop
      vertex 5.49831 -5.239 0.6
      vertex 5.57938 -6.02278 0.6
      vertex 5.52711 -5.2187 0.6
    endloop
  endfacet
  facet normal -0 0 1
    outer loop
      vertex 5.46854 -5.25864 0.6
      vertex 5.57938 -6.02278 0.6
      vertex 5.49831 -5.239 0.6
    endloop
  endfacet
  facet normal -0 0 1
    outer loop
      vertex 5.43784 -5.27763 0.6
      vertex 5.57938 -6.02278 0.6
      vertex 5.46854 -5.25864 0.6
    endloop
  endfacet
  facet normal -0 0 1
    outer loop
      vertex 5.40616 -5.29599 0.6
      vertex 5.57938 -6.02278 0.6
      vertex 5.43784 -5.27763 0.6
    endloop
  endfacet
  facet normal -0 0 1
    outer loop
      vertex 5.37355 -5.31369 0.6
      vertex 5.57938 -6.02278 0.6
      vertex 5.40616 -5.29599 0.6
    endloop
  endfacet
  facet normal -0 0 1
    outer loop
      vertex 5.34036 -5.33098 0.6
      vertex 5.57938 -6.02278 0.6
      vertex 5.37355 -5.31369 0.6
    endloop
  endfacet
  facet normal -0 0 1
    outer loop
      vertex 5.30702 -5.34811 0.6
      vertex 5.57938 -6.02278 0.6
      vertex 5.34036 -5.33098 0.6
    endloop
  endfacet
  facet normal -0 0 1
    outer loop
      vertex 5.2735 -5.36507 0.6
      vertex 5.57938 -6.02278 0.6
      vertex 5.30702 -5.34811 0.6
    endloop
  endfacet
  facet normal -0 0 1
    outer loop
      vertex 5.23981 -5.38182 0.6
      vertex 5.57938 -6.02278 0.6
      vertex 5.2735 -5.36507 0.6
    endloop
  endfacet
  facet normal -0 0 1
    outer loop
      vertex 5.20595 -5.39844 0.6
      vertex 5.57938 -6.02278 0.6
      vertex 5.23981 -5.38182 0.6
    endloop
  endfacet
  facet normal 0 0 1
    outer loop
      vertex 5.57938 -6.02278 0.6
      vertex 5.20595 -5.39844 0.6
      vertex 5.56618 -6.03148 0.6
    endloop
  endfacet
  facet normal 0 0 1
    outer loop
      vertex 5.56618 -6.03148 0.6
      vertex 5.20595 -5.39844 0.6
      vertex 5.55229 -6.04041 0.6
    endloop
  endfacet
  facet normal 0 0 1
    outer loop
      vertex 5.55229 -6.04041 0.6
      vertex 5.20595 -5.39844 0.6
      vertex 5.53773 -6.04956 0.6
    endloop
  endfacet
  facet normal -0 0 1
    outer loop
      vertex 5.17192 -5.41489 0.6
      vertex 5.53773 -6.04956 0.6
      vertex 5.20595 -5.39844 0.6
    endloop
  endfacet
  facet normal 0 0 1
    outer loop
      vertex 5.53773 -6.04956 0.6
      vertex 5.17192 -5.41489 0.6
      vertex 5.52251 -6.05898 0.6
    endloop
  endfacet
  facet normal 0 0 1
    outer loop
      vertex 5.52251 -6.05898 0.6
      vertex 5.17192 -5.41489 0.6
      vertex 5.50659 -6.06862 0.6
    endloop
  endfacet
  facet normal 0 0 1
    outer loop
      vertex 5.50659 -6.06862 0.6
      vertex 5.17192 -5.41489 0.6
      vertex 5.48999 -6.07849 0.6
    endloop
  endfacet
  facet normal -0 0 1
    outer loop
      vertex 5.13773 -5.43115 0.6
      vertex 5.48999 -6.07849 0.6
      vertex 5.17192 -5.41489 0.6
    endloop
  endfacet
  facet normal 0 0 1
    outer loop
      vertex 5.48999 -6.07849 0.6
      vertex 5.13773 -5.43115 0.6
      vertex 5.47272 -6.08861 0.6
    endloop
  endfacet
  facet normal 0 0 1
    outer loop
      vertex 5.47272 -6.08861 0.6
      vertex 5.13773 -5.43115 0.6
      vertex 5.45494 -6.09874 0.6
    endloop
  endfacet
  facet normal -0 0 1
    outer loop
      vertex 5.11348 -5.44263 0.6
      vertex 5.45494 -6.09874 0.6
      vertex 5.13773 -5.43115 0.6
    endloop
  endfacet
  facet normal 0 0 1
    outer loop
      vertex 5.45494 -6.09874 0.6
      vertex 5.11348 -5.44263 0.6
      vertex 5.43687 -6.10861 0.6
    endloop
  endfacet
  facet normal -0 0 1
    outer loop
      vertex 5.08929 -5.45421 0.6
      vertex 5.43687 -6.10861 0.6
      vertex 5.11348 -5.44263 0.6
    endloop
  endfacet
  facet normal 0 0 1
    outer loop
      vertex 5.43687 -6.10861 0.6
      vertex 5.08929 -5.45421 0.6
      vertex 5.41849 -6.11826 0.6
    endloop
  endfacet
  facet normal 0 0 1
    outer loop
      vertex 5.41849 -6.11826 0.6
      vertex 5.08929 -5.45421 0.6
      vertex 5.3998 -6.12766 0.6
    endloop
  endfacet
  facet normal -0 0 1
    outer loop
      vertex 5.06519 -5.4659 0.6
      vertex 5.3998 -6.12766 0.6
      vertex 5.08929 -5.45421 0.6
    endloop
  endfacet
  facet normal 0 0 1
    outer loop
      vertex 5.3998 -6.12766 0.6
      vertex 5.06519 -5.4659 0.6
      vertex 5.3808 -6.13683 0.6
    endloop
  endfacet
  facet normal 0 0 1
    outer loop
      vertex 5.3808 -6.13683 0.6
      vertex 5.06519 -5.4659 0.6
      vertex 5.3615 -6.14575 0.6
    endloop
  endfacet
  facet normal -0 0 1
    outer loop
      vertex 5.04114 -5.47768 0.6
      vertex 5.3615 -6.14575 0.6
      vertex 5.06519 -5.4659 0.6
    endloop
  endfacet
  facet normal 0 0 1
    outer loop
      vertex 5.3615 -6.14575 0.6
      vertex 5.04114 -5.47768 0.6
      vertex 5.34189 -6.15445 0.6
    endloop
  endfacet
  facet normal -0 0 1
    outer loop
      vertex 5.01717 -5.48956 0.6
      vertex 5.34189 -6.15445 0.6
      vertex 5.04114 -5.47768 0.6
    endloop
  endfacet
  facet normal 0 0 1
    outer loop
      vertex 5.34189 -6.15445 0.6
      vertex 5.01717 -5.48956 0.6
      vertex 5.32211 -6.16283 0.6
    endloop
  endfacet
  facet normal 0 0 1
    outer loop
      vertex 5.32211 -6.16283 0.6
      vertex 5.01717 -5.48956 0.6
      vertex 5.30231 -6.17084 0.6
    endloop
  endfacet
  facet normal -0 0 1
    outer loop
      vertex 4.99326 -5.50156 0.6
      vertex 5.30231 -6.17084 0.6
      vertex 5.01717 -5.48956 0.6
    endloop
  endfacet
  facet normal 0 0 1
    outer loop
      vertex 5.30231 -6.17084 0.6
      vertex 4.99326 -5.50156 0.6
      vertex 5.28246 -6.17848 0.6
    endloop
  endfacet
  facet normal 0 0 1
    outer loop
      vertex 5.28246 -6.17848 0.6
      vertex 4.99326 -5.50156 0.6
      vertex 5.26257 -6.18575 0.6
    endloop
  endfacet
  facet normal -0 0 1
    outer loop
      vertex 4.96941 -5.51364 0.6
      vertex 5.26257 -6.18575 0.6
      vertex 4.99326 -5.50156 0.6
    endloop
  endfacet
  facet normal 0 0 1
    outer loop
      vertex 5.26257 -6.18575 0.6
      vertex 4.96941 -5.51364 0.6
      vertex 5.24266 -6.19263 0.6
    endloop
  endfacet
  facet normal -0 0 1
    outer loop
      vertex 4.94595 -5.526 0.6
      vertex 5.24266 -6.19263 0.6
      vertex 4.96941 -5.51364 0.6
    endloop
  endfacet
  facet normal 0 0 1
    outer loop
      vertex 5.24266 -6.19263 0.6
      vertex 4.94595 -5.526 0.6
      vertex 5.22272 -6.19914 0.6
    endloop
  endfacet
  facet normal -0 0 1
    outer loop
      vertex 4.92322 -5.53874 0.6
      vertex 5.22272 -6.19914 0.6
      vertex 4.94595 -5.526 0.6
    endloop
  endfacet
  facet normal 0 0 1
    outer loop
      vertex 5.22272 -6.19914 0.6
      vertex 4.92322 -5.53874 0.6
      vertex 5.20274 -6.20528 0.6
    endloop
  endfacet
  facet normal 0 0 1
    outer loop
      vertex 5.20274 -6.20528 0.6
      vertex 4.92322 -5.53874 0.6
      vertex 5.18288 -6.2108 0.6
    endloop
  endfacet
  facet normal -0 0 1
    outer loop
      vertex 4.9012 -5.55191 0.6
      vertex 5.18288 -6.2108 0.6
      vertex 4.92322 -5.53874 0.6
    endloop
  endfacet
  facet normal 0 0 1
    outer loop
      vertex 5.18288 -6.2108 0.6
      vertex 4.9012 -5.55191 0.6
      vertex 5.16328 -6.21548 0.6
    endloop
  endfacet
  facet normal 0 0 1
    outer loop
      vertex 5.16328 -6.21548 0.6
      vertex 4.9012 -5.55191 0.6
      vertex 5.14395 -6.21931 0.6
    endloop
  endfacet
  facet normal -0 0 1
    outer loop
      vertex 4.8799 -5.56548 0.6
      vertex 5.14395 -6.21931 0.6
      vertex 4.9012 -5.55191 0.6
    endloop
  endfacet
  facet normal 0 0 1
    outer loop
      vertex 5.14395 -6.21931 0.6
      vertex 4.8799 -5.56548 0.6
      vertex 5.12491 -6.22229 0.6
    endloop
  endfacet
  facet normal 0 0 1
    outer loop
      vertex 5.12491 -6.22229 0.6
      vertex 4.8799 -5.56548 0.6
      vertex 5.10612 -6.22441 0.6
    endloop
  endfacet
  facet normal 0 0 1
    outer loop
      vertex 5.10612 -6.22441 0.6
      vertex 4.8799 -5.56548 0.6
      vertex 5.08763 -6.22569 0.6
    endloop
  endfacet
  facet normal 0 0 1
    outer loop
      vertex 5.08763 -6.22569 0.6
      vertex 4.8799 -5.56548 0.6
      vertex 5.0694 -6.2261 0.6
    endloop
  endfacet
  facet normal -0 0 1
    outer loop
      vertex 4.8593 -5.57947 0.6
      vertex 5.0694 -6.2261 0.6
      vertex 4.8799 -5.56548 0.6
    endloop
  endfacet
  facet normal 0 0 1
    outer loop
      vertex 5.0694 -6.2261 0.6
      vertex 4.8593 -5.57947 0.6
      vertex 5.04848 -6.22574 0.6
    endloop
  endfacet
  facet normal 0 0 1
    outer loop
      vertex 5.04848 -6.22574 0.6
      vertex 4.8593 -5.57947 0.6
      vertex 5.02763 -6.22461 0.6
    endloop
  endfacet
  facet normal -0 0 1
    outer loop
      vertex 4.83942 -5.59384 0.6
      vertex 5.02763 -6.22461 0.6
      vertex 4.8593 -5.57947 0.6
    endloop
  endfacet
  facet normal 0 0 1
    outer loop
      vertex 5.02763 -6.22461 0.6
      vertex 4.83942 -5.59384 0.6
      vertex 5.00685 -6.22275 0.6
    endloop
  endfacet
  facet normal 0 0 1
    outer loop
      vertex 5.00685 -6.22275 0.6
      vertex 4.83942 -5.59384 0.6
      vertex 4.98615 -6.22012 0.6
    endloop
  endfacet
  facet normal -0 0 1
    outer loop
      vertex 4.82025 -5.60864 0.6
      vertex 4.98615 -6.22012 0.6
      vertex 4.83942 -5.59384 0.6
    endloop
  endfacet
  facet normal 0 0 1
    outer loop
      vertex 4.98615 -6.22012 0.6
      vertex 4.82025 -5.60864 0.6
      vertex 4.9655 -6.21675 0.6
    endloop
  endfacet
  facet normal -0 0 1
    outer loop
      vertex 4.80196 -5.62395 0.6
      vertex 4.9655 -6.21675 0.6
      vertex 4.82025 -5.60864 0.6
    endloop
  endfacet
  facet normal 0 0 1
    outer loop
      vertex 4.9655 -6.21675 0.6
      vertex 4.80196 -5.62395 0.6
      vertex 4.94492 -6.21265 0.6
    endloop
  endfacet
  facet normal -0 0 1
    outer loop
      vertex 4.78467 -5.63986 0.6
      vertex 4.94492 -6.21265 0.6
      vertex 4.80196 -5.62395 0.6
    endloop
  endfacet
  facet normal -0 0 1
    outer loop
      vertex 4.76842 -5.65639 0.6
      vertex 4.94492 -6.21265 0.6
      vertex 4.78467 -5.63986 0.6
    endloop
  endfacet
  facet normal 0 0 1
    outer loop
      vertex 4.94492 -6.21265 0.6
      vertex 4.76842 -5.65639 0.6
      vertex 4.92441 -6.20778 0.6
    endloop
  endfacet
  facet normal -0 0 1
    outer loop
      vertex 4.75317 -5.67352 0.6
      vertex 4.92441 -6.20778 0.6
      vertex 4.76842 -5.65639 0.6
    endloop
  endfacet
  facet normal 0 0 1
    outer loop
      vertex 4.92441 -6.20778 0.6
      vertex 4.75317 -5.67352 0.6
      vertex 4.90427 -6.20207 0.6
    endloop
  endfacet
  facet normal 0 0 1
    outer loop
      vertex 4.90427 -6.20207 0.6
      vertex 4.75317 -5.67352 0.6
      vertex 4.88475 -6.19547 0.6
    endloop
  endfacet
  facet normal -0 0 1
    outer loop
      vertex 4.73897 -5.69128 0.6
      vertex 4.88475 -6.19547 0.6
      vertex 4.75317 -5.67352 0.6
    endloop
  endfacet
  facet normal -0 0 1
    outer loop
      vertex 4.67346 -5.91219 0.6
      vertex 4.88475 -6.19547 0.6
      vertex 4.73897 -5.69128 0.6
    endloop
  endfacet
  facet normal 0 0 1
    outer loop
      vertex 4.88475 -6.19547 0.6
      vertex 4.67346 -5.91219 0.6
      vertex 4.86589 -6.18793 0.6
    endloop
  endfacet
  facet normal 0 0 1
    outer loop
      vertex 4.86589 -6.18793 0.6
      vertex 4.67346 -5.91219 0.6
      vertex 4.84769 -6.17947 0.6
    endloop
  endfacet
  facet normal 0 0 1
    outer loop
      vertex 4.84769 -6.17947 0.6
      vertex 4.67346 -5.91219 0.6
      vertex 4.83011 -6.1701 0.6
    endloop
  endfacet
  facet normal 0 0 1
    outer loop
      vertex 4.83011 -6.1701 0.6
      vertex 4.67346 -5.91219 0.6
      vertex 4.8132 -6.15982 0.6
    endloop
  endfacet
  facet normal -0 -0 1
    outer loop
      vertex 4.67557 -5.93707 0.6
      vertex 4.8132 -6.15982 0.6
      vertex 4.67346 -5.91219 0.6
    endloop
  endfacet
  facet normal 0 0 1
    outer loop
      vertex 4.8132 -6.15982 0.6
      vertex 4.67557 -5.93707 0.6
      vertex 4.79692 -6.14862 0.6
    endloop
  endfacet
  facet normal 0 0 1
    outer loop
      vertex 4.79692 -6.14862 0.6
      vertex 4.67557 -5.93707 0.6
      vertex 4.78142 -6.13647 0.6
    endloop
  endfacet
  facet normal 0 0 1
    outer loop
      vertex 4.78142 -6.13647 0.6
      vertex 4.67557 -5.93707 0.6
      vertex 4.7668 -6.12337 0.6
    endloop
  endfacet
  facet normal 0 0 1
    outer loop
      vertex 4.7668 -6.12337 0.6
      vertex 4.67557 -5.93707 0.6
      vertex 4.75305 -6.10931 0.6
    endloop
  endfacet
  facet normal 0 0 1
    outer loop
      vertex 4.67278 -5.88612 0.6
      vertex 4.73897 -5.69128 0.6
      vertex 4.72577 -5.70966 0.6
    endloop
  endfacet
  facet normal 0 0 1
    outer loop
      vertex 4.75305 -6.10931 0.6
      vertex 4.67557 -5.93707 0.6
      vertex 4.7402 -6.09431 0.6
    endloop
  endfacet
  facet normal 0 0 1
    outer loop
      vertex 4.6736 -5.86087 0.6
      vertex 4.72577 -5.70966 0.6
      vertex 4.71359 -5.72864 0.6
    endloop
  endfacet
  facet normal 0 0 1
    outer loop
      vertex 4.7402 -6.09431 0.6
      vertex 4.67557 -5.93707 0.6
      vertex 4.72823 -6.07837 0.6
    endloop
  endfacet
  facet normal 0 0 1
    outer loop
      vertex 4.6761 -5.83653 0.6
      vertex 4.71359 -5.72864 0.6
      vertex 4.70276 -5.74838 0.6
    endloop
  endfacet
  facet normal 0 0 1
    outer loop
      vertex 4.72823 -6.07837 0.6
      vertex 4.67557 -5.93707 0.6
      vertex 4.71715 -6.06146 0.6
    endloop
  endfacet
  facet normal 0 0 1
    outer loop
      vertex 4.6761 -5.83653 0.6
      vertex 4.70276 -5.74838 0.6
      vertex 4.6936 -5.76904 0.6
    endloop
  endfacet
  facet normal 0 0 1
    outer loop
      vertex 4.71715 -6.06146 0.6
      vertex 4.67905 -5.96075 0.6
      vertex 4.70695 -6.04361 0.6
    endloop
  endfacet
  facet normal 0 0 1
    outer loop
      vertex 4.68027 -5.81313 0.6
      vertex 4.6936 -5.76904 0.6
      vertex 4.6861 -5.79062 0.6
    endloop
  endfacet
  facet normal 0 0 1
    outer loop
      vertex 4.70695 -6.04361 0.6
      vertex 4.67905 -5.96075 0.6
      vertex 4.69788 -6.02469 0.6
    endloop
  endfacet
  facet normal 0 0 1
    outer loop
      vertex 4.6761 -5.83653 0.6
      vertex 4.6936 -5.76904 0.6
      vertex 4.68027 -5.81313 0.6
    endloop
  endfacet
  facet normal 0 0 1
    outer loop
      vertex 4.6902 -6.00456 0.6
      vertex 4.67905 -5.96075 0.6
      vertex 4.68393 -5.98326 0.6
    endloop
  endfacet
  facet normal 0 0 1
    outer loop
      vertex 4.71359 -5.72864 0.6
      vertex 4.6761 -5.83653 0.6
      vertex 4.6736 -5.86087 0.6
    endloop
  endfacet
  facet normal 0 0 1
    outer loop
      vertex 4.69788 -6.02469 0.6
      vertex 4.67905 -5.96075 0.6
      vertex 4.6902 -6.00456 0.6
    endloop
  endfacet
  facet normal 0 0 1
    outer loop
      vertex 4.72577 -5.70966 0.6
      vertex 4.6736 -5.86087 0.6
      vertex 4.67278 -5.88612 0.6
    endloop
  endfacet
  facet normal -0 -0 1
    outer loop
      vertex 4.67905 -5.96075 0.6
      vertex 4.71715 -6.06146 0.6
      vertex 4.67557 -5.93707 0.6
    endloop
  endfacet
  facet normal 0 0 1
    outer loop
      vertex 4.73897 -5.69128 0.6
      vertex 4.67278 -5.88612 0.6
      vertex 4.67346 -5.91219 0.6
    endloop
  endfacet
  facet normal 0 0 1
    outer loop
      vertex 5.15961 -4.87657 0.6
      vertex 5.21107 -4.72787 0.6
      vertex 5.21051 -4.70738 0.6
    endloop
  endfacet
  facet normal 0 0 1
    outer loop
      vertex 5.07007 -4.4987 0.6
      vertex 5.21051 -4.70738 0.6
      vertex 5.20882 -4.68782 0.6
    endloop
  endfacet
  facet normal 0 0 1
    outer loop
      vertex 5.21107 -4.72787 0.6
      vertex 5.15961 -4.87657 0.6
      vertex 5.21042 -4.74706 0.6
    endloop
  endfacet
  facet normal 0 0 1
    outer loop
      vertex 5.08429 -4.50581 0.6
      vertex 5.20882 -4.68782 0.6
      vertex 5.20601 -4.66916 0.6
    endloop
  endfacet
  facet normal 0 0 1
    outer loop
      vertex 5.21042 -4.74706 0.6
      vertex 5.16994 -4.86243 0.6
      vertex 5.20848 -4.76556 0.6
    endloop
  endfacet
  facet normal 0 0 1
    outer loop
      vertex 5.09796 -4.51361 0.6
      vertex 5.20601 -4.66916 0.6
      vertex 5.20209 -4.65143 0.6
    endloop
  endfacet
  facet normal 0 0 1
    outer loop
      vertex 5.20848 -4.76556 0.6
      vertex 5.16994 -4.86243 0.6
      vertex 5.20525 -4.78339 0.6
    endloop
  endfacet
  facet normal 0 0 1
    outer loop
      vertex 5.16643 -4.57631 0.6
      vertex 5.20209 -4.65143 0.6
      vertex 5.19704 -4.63461 0.6
    endloop
  endfacet
  facet normal 0 0 1
    outer loop
      vertex 5.20525 -4.78339 0.6
      vertex 5.16994 -4.86243 0.6
      vertex 5.20073 -4.80052 0.6
    endloop
  endfacet
  facet normal 0 0 1
    outer loop
      vertex 5.18356 -4.60373 0.6
      vertex 5.19704 -4.63461 0.6
      vertex 5.19086 -4.61871 0.6
    endloop
  endfacet
  facet normal 0 0 1
    outer loop
      vertex 5.20073 -4.80052 0.6
      vertex 5.17941 -4.84789 0.6
      vertex 5.19492 -4.81699 0.6
    endloop
  endfacet
  facet normal 0 0 1
    outer loop
      vertex 5.17535 -4.58961 0.6
      vertex 5.19704 -4.63461 0.6
      vertex 5.18356 -4.60373 0.6
    endloop
  endfacet
  facet normal 0 0 1
    outer loop
      vertex 5.19492 -4.81699 0.6
      vertex 5.17941 -4.84789 0.6
      vertex 5.18781 -4.83278 0.6
    endloop
  endfacet
  facet normal 0 0 1
    outer loop
      vertex 5.16643 -4.57631 0.6
      vertex 5.19704 -4.63461 0.6
      vertex 5.17535 -4.58961 0.6
    endloop
  endfacet
  facet normal 0 0 1
    outer loop
      vertex 5.20073 -4.80052 0.6
      vertex 5.16994 -4.86243 0.6
      vertex 5.17941 -4.84789 0.6
    endloop
  endfacet
  facet normal 0 0 1
    outer loop
      vertex 5.15678 -4.56383 0.6
      vertex 5.20209 -4.65143 0.6
      vertex 5.16643 -4.57631 0.6
    endloop
  endfacet
  facet normal 0 0 1
    outer loop
      vertex 5.21042 -4.74706 0.6
      vertex 5.15961 -4.87657 0.6
      vertex 5.16994 -4.86243 0.6
    endloop
  endfacet
  facet normal 0 0 1
    outer loop
      vertex 5.14642 -4.55217 0.6
      vertex 5.20209 -4.65143 0.6
      vertex 5.15678 -4.56383 0.6
    endloop
  endfacet
  facet normal 0 0 1
    outer loop
      vertex 5.13536 -4.54132 0.6
      vertex 5.20209 -4.65143 0.6
      vertex 5.14642 -4.55217 0.6
    endloop
  endfacet
  facet normal 0 0 1
    outer loop
      vertex 5.12358 -4.5313 0.6
      vertex 5.20209 -4.65143 0.6
      vertex 5.13536 -4.54132 0.6
    endloop
  endfacet
  facet normal 0 0 1
    outer loop
      vertex 5.11108 -4.52208 0.6
      vertex 5.20209 -4.65143 0.6
      vertex 5.12358 -4.5313 0.6
    endloop
  endfacet
  facet normal 0 0 1
    outer loop
      vertex 5.09796 -4.51361 0.6
      vertex 5.20209 -4.65143 0.6
      vertex 5.11108 -4.52208 0.6
    endloop
  endfacet
  facet normal 0 0 1
    outer loop
      vertex 5.20601 -4.66916 0.6
      vertex 5.09796 -4.51361 0.6
      vertex 5.08429 -4.50581 0.6
    endloop
  endfacet
  facet normal 0 0 1
    outer loop
      vertex 5.20882 -4.68782 0.6
      vertex 5.08429 -4.50581 0.6
      vertex 5.07007 -4.4987 0.6
    endloop
  endfacet
  facet normal 0 0 1
    outer loop
      vertex 5.05531 -4.49228 0.6
      vertex 5.21051 -4.70738 0.6
      vertex 5.07007 -4.4987 0.6
    endloop
  endfacet
  facet normal 0 0 1
    outer loop
      vertex 5.21051 -4.70738 0.6
      vertex 5.05531 -4.49228 0.6
      vertex 5.15961 -4.87657 0.6
    endloop
  endfacet
  facet normal 0 0 1
    outer loop
      vertex 5.15961 -4.87657 0.6
      vertex 5.05531 -4.49228 0.6
      vertex 5.14844 -4.89032 0.6
    endloop
  endfacet
  facet normal 0 0 1
    outer loop
      vertex 5.04001 -4.48653 0.6
      vertex 5.14844 -4.89032 0.6
      vertex 5.05531 -4.49228 0.6
    endloop
  endfacet
  facet normal 0 0 1
    outer loop
      vertex 5.14844 -4.89032 0.6
      vertex 5.04001 -4.48653 0.6
      vertex 5.13641 -4.90364 0.6
    endloop
  endfacet
  facet normal 0 0 1
    outer loop
      vertex 5.02415 -4.48146 0.6
      vertex 5.13641 -4.90364 0.6
      vertex 5.04001 -4.48653 0.6
    endloop
  endfacet
  facet normal 0 0 1
    outer loop
      vertex 5.13641 -4.90364 0.6
      vertex 5.02415 -4.48146 0.6
      vertex 5.12354 -4.91656 0.6
    endloop
  endfacet
  facet normal 0 0 1
    outer loop
      vertex 5.00777 -4.47708 0.6
      vertex 5.12354 -4.91656 0.6
      vertex 5.02415 -4.48146 0.6
    endloop
  endfacet
  facet normal 0 0 1
    outer loop
      vertex 5.12354 -4.91656 0.6
      vertex 5.00777 -4.47708 0.6
      vertex 5.10982 -4.92908 0.6
    endloop
  endfacet
  facet normal 0 0 1
    outer loop
      vertex 4.99103 -4.47331 0.6
      vertex 5.10982 -4.92908 0.6
      vertex 5.00777 -4.47708 0.6
    endloop
  endfacet
  facet normal 0 0 1
    outer loop
      vertex 5.10982 -4.92908 0.6
      vertex 4.99103 -4.47331 0.6
      vertex 5.09525 -4.94119 0.6
    endloop
  endfacet
  facet normal 0 0 1
    outer loop
      vertex 4.97415 -4.47012 0.6
      vertex 5.09525 -4.94119 0.6
      vertex 4.99103 -4.47331 0.6
    endloop
  endfacet
  facet normal 0 0 1
    outer loop
      vertex 5.09525 -4.94119 0.6
      vertex 4.97415 -4.47012 0.6
      vertex 5.07991 -4.95294 0.6
    endloop
  endfacet
  facet normal 0 0 1
    outer loop
      vertex 4.95714 -4.46753 0.6
      vertex 5.07991 -4.95294 0.6
      vertex 4.97415 -4.47012 0.6
    endloop
  endfacet
  facet normal 0 0 1
    outer loop
      vertex 4.94 -4.4655 0.6
      vertex 5.07991 -4.95294 0.6
      vertex 4.95714 -4.46753 0.6
    endloop
  endfacet
  facet normal 0 0 1
    outer loop
      vertex 5.07991 -4.95294 0.6
      vertex 4.94 -4.4655 0.6
      vertex 5.06395 -4.96439 0.6
    endloop
  endfacet
  facet normal 0 0 1
    outer loop
      vertex 4.92271 -4.46405 0.6
      vertex 5.06395 -4.96439 0.6
      vertex 4.94 -4.4655 0.6
    endloop
  endfacet
  facet normal 0 0 1
    outer loop
      vertex 5.06395 -4.96439 0.6
      vertex 4.92271 -4.46405 0.6
      vertex 5.04733 -4.97552 0.6
    endloop
  endfacet
  facet normal 0 0 1
    outer loop
      vertex 4.90529 -4.46318 0.6
      vertex 5.04733 -4.97552 0.6
      vertex 4.92271 -4.46405 0.6
    endloop
  endfacet
  facet normal 0 0 1
    outer loop
      vertex 5.04733 -4.97552 0.6
      vertex 4.90529 -4.46318 0.6
      vertex 5.03006 -4.98636 0.6
    endloop
  endfacet
  facet normal 0 0 1
    outer loop
      vertex 4.88774 -4.46289 0.6
      vertex 5.03006 -4.98636 0.6
      vertex 4.90529 -4.46318 0.6
    endloop
  endfacet
  facet normal -0 0 1
    outer loop
      vertex 4.87439 -4.46312 0.6
      vertex 5.03006 -4.98636 0.6
      vertex 4.88774 -4.46289 0.6
    endloop
  endfacet
  facet normal -0 0 1
    outer loop
      vertex 4.86101 -4.46378 0.6
      vertex 5.03006 -4.98636 0.6
      vertex 4.87439 -4.46312 0.6
    endloop
  endfacet
  facet normal 0 0 1
    outer loop
      vertex 5.03006 -4.98636 0.6
      vertex 4.86101 -4.46378 0.6
      vertex 5.01216 -4.99689 0.6
    endloop
  endfacet
  facet normal -0 0 1
    outer loop
      vertex 4.8476 -4.46489 0.6
      vertex 5.01216 -4.99689 0.6
      vertex 4.86101 -4.46378 0.6
    endloop
  endfacet
  facet normal -0 0 1
    outer loop
      vertex 4.83414 -4.46643 0.6
      vertex 5.01216 -4.99689 0.6
      vertex 4.8476 -4.46489 0.6
    endloop
  endfacet
  facet normal -0 0 1
    outer loop
      vertex 4.82066 -4.46843 0.6
      vertex 5.01216 -4.99689 0.6
      vertex 4.83414 -4.46643 0.6
    endloop
  endfacet
  facet normal 0 0 1
    outer loop
      vertex 5.01216 -4.99689 0.6
      vertex 4.82066 -4.46843 0.6
      vertex 4.99361 -5.00711 0.6
    endloop
  endfacet
  facet normal -0 0 1
    outer loop
      vertex 4.80714 -4.47087 0.6
      vertex 4.99361 -5.00711 0.6
      vertex 4.82066 -4.46843 0.6
    endloop
  endfacet
  facet normal -0 0 1
    outer loop
      vertex 4.79359 -4.47374 0.6
      vertex 4.99361 -5.00711 0.6
      vertex 4.80714 -4.47087 0.6
    endloop
  endfacet
  facet normal -0 0 1
    outer loop
      vertex 4.77989 -4.47707 0.6
      vertex 4.99361 -5.00711 0.6
      vertex 4.79359 -4.47374 0.6
    endloop
  endfacet
  facet normal 0 0 1
    outer loop
      vertex 4.99361 -5.00711 0.6
      vertex 4.77989 -4.47707 0.6
      vertex 4.97441 -5.01703 0.6
    endloop
  endfacet
  facet normal -0 0 1
    outer loop
      vertex 4.76598 -4.48088 0.6
      vertex 4.97441 -5.01703 0.6
      vertex 4.77989 -4.47707 0.6
    endloop
  endfacet
  facet normal -0 0 1
    outer loop
      vertex 4.7518 -4.48517 0.6
      vertex 4.97441 -5.01703 0.6
      vertex 4.76598 -4.48088 0.6
    endloop
  endfacet
  facet normal 0 0 1
    outer loop
      vertex 4.97441 -5.01703 0.6
      vertex 4.7518 -4.48517 0.6
      vertex 4.95477 -5.02676 0.6
    endloop
  endfacet
  facet normal -0 0 1
    outer loop
      vertex 4.7374 -4.48993 0.6
      vertex 4.95477 -5.02676 0.6
      vertex 4.7518 -4.48517 0.6
    endloop
  endfacet
  facet normal -0 0 1
    outer loop
      vertex 4.72276 -4.49516 0.6
      vertex 4.95477 -5.02676 0.6
      vertex 4.7374 -4.48993 0.6
    endloop
  endfacet
  facet normal -0 0 1
    outer loop
      vertex 4.70789 -4.50089 0.6
      vertex 4.95477 -5.02676 0.6
      vertex 4.72276 -4.49516 0.6
    endloop
  endfacet
  facet normal 0 0 1
    outer loop
      vertex 4.95477 -5.02676 0.6
      vertex 4.70789 -4.50089 0.6
      vertex 4.93495 -5.03648 0.6
    endloop
  endfacet
  facet normal -0 0 1
    outer loop
      vertex 4.69276 -4.50708 0.6
      vertex 4.93495 -5.03648 0.6
      vertex 4.70789 -4.50089 0.6
    endloop
  endfacet
  facet normal 0 0 1
    outer loop
      vertex 4.93495 -5.03648 0.6
      vertex 4.69276 -4.50708 0.6
      vertex 4.91492 -5.04616 0.6
    endloop
  endfacet
  facet normal -0 0 1
    outer loop
      vertex 4.67734 -4.5137 0.6
      vertex 4.91492 -5.04616 0.6
      vertex 4.69276 -4.50708 0.6
    endloop
  endfacet
  facet normal -0 0 1
    outer loop
      vertex 4.66154 -4.52075 0.6
      vertex 4.91492 -5.04616 0.6
      vertex 4.67734 -4.5137 0.6
    endloop
  endfacet
  facet normal 0 0 1
    outer loop
      vertex 4.91492 -5.04616 0.6
      vertex 4.66154 -4.52075 0.6
      vertex 4.89468 -5.0558 0.6
    endloop
  endfacet
  facet normal -0 0 1
    outer loop
      vertex 4.64537 -4.5282 0.6
      vertex 4.89468 -5.0558 0.6
      vertex 4.66154 -4.52075 0.6
    endloop
  endfacet
  facet normal 0 0 1
    outer loop
      vertex 4.89468 -5.0558 0.6
      vertex 4.64537 -4.5282 0.6
      vertex 4.87425 -5.0654 0.6
    endloop
  endfacet
  facet normal -0 0 1
    outer loop
      vertex 4.62883 -4.53604 0.6
      vertex 4.87425 -5.0654 0.6
      vertex 4.64537 -4.5282 0.6
    endloop
  endfacet
  facet normal -0 0 1
    outer loop
      vertex 4.61191 -4.54431 0.6
      vertex 4.87425 -5.0654 0.6
      vertex 4.62883 -4.53604 0.6
    endloop
  endfacet
  facet normal 0 0 1
    outer loop
      vertex 4.87425 -5.0654 0.6
      vertex 4.61191 -4.54431 0.6
      vertex 4.85361 -5.07498 0.6
    endloop
  endfacet
  facet normal -0 0 1
    outer loop
      vertex 4.5946 -4.55298 0.6
      vertex 4.85361 -5.07498 0.6
      vertex 4.61191 -4.54431 0.6
    endloop
  endfacet
  facet normal 0 0 1
    outer loop
      vertex 4.85361 -5.07498 0.6
      vertex 4.5946 -4.55298 0.6
      vertex 4.83275 -5.08452 0.6
    endloop
  endfacet
  facet normal -0 0 1
    outer loop
      vertex 4.57693 -4.56206 0.6
      vertex 4.83275 -5.08452 0.6
      vertex 4.5946 -4.55298 0.6
    endloop
  endfacet
  facet normal -0 0 1
    outer loop
      vertex 4.55879 -4.57159 0.6
      vertex 4.83275 -5.08452 0.6
      vertex 4.57693 -4.56206 0.6
    endloop
  endfacet
  facet normal 0 0 1
    outer loop
      vertex 4.83275 -5.08452 0.6
      vertex 4.55879 -4.57159 0.6
      vertex 4.8089 -5.09552 0.6
    endloop
  endfacet
  facet normal -0 0 1
    outer loop
      vertex 4.54007 -4.58165 0.6
      vertex 4.8089 -5.09552 0.6
      vertex 4.55879 -4.57159 0.6
    endloop
  endfacet
  facet normal -0 0 1
    outer loop
      vertex 4.52077 -4.59221 0.6
      vertex 4.8089 -5.09552 0.6
      vertex 4.54007 -4.58165 0.6
    endloop
  endfacet
  facet normal 0 0 1
    outer loop
      vertex 4.8089 -5.09552 0.6
      vertex 4.52077 -4.59221 0.6
      vertex 4.76088 -5.11783 0.6
    endloop
  endfacet
  facet normal -0 0 1
    outer loop
      vertex 4.50089 -4.60329 0.6
      vertex 4.76088 -5.11783 0.6
      vertex 4.52077 -4.59221 0.6
    endloop
  endfacet
  facet normal -0 0 1
    outer loop
      vertex 4.48044 -4.61487 0.6
      vertex 4.76088 -5.11783 0.6
      vertex 4.50089 -4.60329 0.6
    endloop
  endfacet
  facet normal 0 0 1
    outer loop
      vertex 4.76088 -5.11783 0.6
      vertex 4.48044 -4.61487 0.6
      vertex 4.73671 -5.12915 0.6
    endloop
  endfacet
  facet normal -0 0 1
    outer loop
      vertex 4.4594 -4.62695 0.6
      vertex 4.73671 -5.12915 0.6
      vertex 4.48044 -4.61487 0.6
    endloop
  endfacet
  facet normal 0 0 1
    outer loop
      vertex 4.73671 -5.12915 0.6
      vertex 4.4594 -4.62695 0.6
      vertex 4.68808 -5.15207 0.6
    endloop
  endfacet
  facet normal -0 0 1
    outer loop
      vertex 4.43779 -4.63956 0.6
      vertex 4.68808 -5.15207 0.6
      vertex 4.4594 -4.62695 0.6
    endloop
  endfacet
  facet normal 0 0 1
    outer loop
      vertex 4.68808 -5.15207 0.6
      vertex 4.43779 -4.63956 0.6
      vertex 4.6636 -5.1637 0.6
    endloop
  endfacet
  facet normal 0 0 1
    outer loop
      vertex 4.6636 -5.1637 0.6
      vertex 4.43779 -4.63956 0.6
      vertex 4.63921 -5.17552 0.6
    endloop
  endfacet
  facet normal 0 0 1
    outer loop
      vertex 4.63921 -5.17552 0.6
      vertex 4.43779 -4.63956 0.6
      vertex 4.61504 -5.1877 0.6
    endloop
  endfacet
  facet normal 0 0 1
    outer loop
      vertex 4.61504 -5.1877 0.6
      vertex 4.43779 -4.63956 0.6
      vertex 4.59111 -5.20023 0.6
    endloop
  endfacet
  facet normal 0 0 1
    outer loop
      vertex 4.59111 -5.20023 0.6
      vertex 4.43779 -4.63956 0.6
      vertex 4.56743 -5.21307 0.6
    endloop
  endfacet
  facet normal 0 0 1
    outer loop
      vertex 4.56743 -5.21307 0.6
      vertex 4.43779 -4.63956 0.6
      vertex 4.54398 -5.22627 0.6
    endloop
  endfacet
  facet normal 0 0 1
    outer loop
      vertex 4.54398 -5.22627 0.6
      vertex 4.43779 -4.63956 0.6
      vertex 4.52077 -5.23981 0.6
    endloop
  endfacet
  facet normal 0 0 1
    outer loop
      vertex 4.52077 -5.23981 0.6
      vertex 4.43779 -4.63956 0.6
      vertex 4.49779 -5.25369 0.6
    endloop
  endfacet
  facet normal 0 0 1
    outer loop
      vertex 4.49779 -5.25369 0.6
      vertex 4.43779 -4.63956 0.6
      vertex 4.47513 -5.26793 0.6
    endloop
  endfacet
  facet normal 0 0 1
    outer loop
      vertex 4.47513 -5.26793 0.6
      vertex 4.43779 -4.63956 0.6
      vertex 4.45288 -5.28253 0.6
    endloop
  endfacet
  facet normal 0 0 1
    outer loop
      vertex 4.43779 -4.63956 0.6
      vertex 4.43105 -5.29752 0.6
      vertex 4.45288 -5.28253 0.6
    endloop
  endfacet
  facet normal 0 0 1
    outer loop
      vertex 4.43779 -4.63956 0.6
      vertex 4.40962 -5.31287 0.6
      vertex 4.43105 -5.29752 0.6
    endloop
  endfacet
  facet normal 0 0 1
    outer loop
      vertex 4.43779 -4.63956 0.6
      vertex 4.3886 -5.3286 0.6
      vertex 4.40962 -5.31287 0.6
    endloop
  endfacet
  facet normal 0 0 1
    outer loop
      vertex 4.43779 -4.63956 0.6
      vertex 4.36798 -5.34471 0.6
      vertex 4.3886 -5.3286 0.6
    endloop
  endfacet
  facet normal 0 0 1
    outer loop
      vertex 3.87068 -4.49788 0.6
      vertex 4.36798 -5.34471 0.6
      vertex 4.43779 -4.63956 0.6
    endloop
  endfacet
  facet normal 0 0 1
    outer loop
      vertex 4.36798 -5.34471 0.6
      vertex 3.87068 -4.49788 0.6
      vertex 4.34779 -5.36119 0.6
    endloop
  endfacet
  facet normal 0 0 1
    outer loop
      vertex 4.34779 -5.36119 0.6
      vertex 3.87068 -4.49788 0.6
      vertex 4.32814 -5.37814 0.6
    endloop
  endfacet
  facet normal 0 0 1
    outer loop
      vertex 4.32814 -5.37814 0.6
      vertex 3.87068 -4.49788 0.6
      vertex 4.30922 -5.39572 0.6
    endloop
  endfacet
  facet normal -0 0 1
    outer loop
      vertex 3.87068 -4.49788 0.6
      vertex 4.43779 -4.63956 0.6
      vertex 4.18781 -4.32124 0.6
    endloop
  endfacet
  facet normal 0 0 1
    outer loop
      vertex 4.30922 -5.39572 0.6
      vertex 3.87068 -4.49788 0.6
      vertex 4.291 -5.41393 0.6
    endloop
  endfacet
  facet normal 0 0 1
    outer loop
      vertex 4.291 -5.41393 0.6
      vertex 3.87068 -4.49788 0.6
      vertex 4.2735 -5.43272 0.6
    endloop
  endfacet
  facet normal 0 0 1
    outer loop
      vertex 4.2735 -5.43272 0.6
      vertex 3.87068 -4.49788 0.6
      vertex 4.25671 -5.45215 0.6
    endloop
  endfacet
  facet normal 0 0 1
    outer loop
      vertex 4.25671 -5.45215 0.6
      vertex 3.87068 -4.49788 0.6
      vertex 4.24065 -5.47217 0.6
    endloop
  endfacet
  facet normal 0 0 1
    outer loop
      vertex 3.87068 -4.49788 0.6
      vertex 4.18781 -4.32124 0.6
      vertex 3.929 -4.10292 0.6
    endloop
  endfacet
  facet normal 0 0 1
    outer loop
      vertex 4.24065 -5.47217 0.6
      vertex 3.87068 -4.49788 0.6
      vertex 4.2253 -5.49281 0.6
    endloop
  endfacet
  facet normal 0 0 1
    outer loop
      vertex 4.2253 -5.49281 0.6
      vertex 3.87068 -4.49788 0.6
      vertex 4.21075 -5.5141 0.6
    endloop
  endfacet
  facet normal 0 0 1
    outer loop
      vertex 2.25909 -6.22278 0.6
      vertex 3.28571 -6.00279 0.6
      vertex 2.43076 -5.43115 0.6
    endloop
  endfacet
  facet normal 0 0 1
    outer loop
      vertex 3.28571 -6.00279 0.6
      vertex 2.25909 -6.22278 0.6
      vertex 3.29904 -6.22278 0.6
    endloop
  endfacet
  facet normal 0 0 1
    outer loop
      vertex 2.25909 -6.22278 0.6
      vertex 2.43076 -5.43115 0.6
      vertex 2.32076 -4.48288 0.6
    endloop
  endfacet
  facet normal 0 1 -0
    outer loop
      vertex 0.393326 4.73079 0
      vertex -0.423294 4.73079 0.6
      vertex 0.393326 4.73079 0.6
    endloop
  endfacet
  facet normal 0 1 0
    outer loop
      vertex -0.423294 4.73079 0.6
      vertex 0.393326 4.73079 0
      vertex -0.423294 4.73079 0
    endloop
  endfacet
  facet normal 0.966727 0.255809 0
    outer loop
      vertex 0.628708 3.84126 0.6
      vertex 0.393326 4.73079 0
      vertex 0.393326 4.73079 0.6
    endloop
  endfacet
  facet normal 0.966727 0.255809 0
    outer loop
      vertex 0.393326 4.73079 0
      vertex 0.628708 3.84126 0.6
      vertex 0.628708 3.84126 0
    endloop
  endfacet
  facet normal 0 1 -0
    outer loop
      vertex 1.30992 3.84126 0
      vertex 0.628708 3.84126 0.6
      vertex 1.30992 3.84126 0.6
    endloop
  endfacet
  facet normal 0 1 0
    outer loop
      vertex 0.628708 3.84126 0.6
      vertex 1.30992 3.84126 0
      vertex 0.628708 3.84126 0
    endloop
  endfacet
  facet normal -0.955165 -0.296074 0
    outer loop
      vertex 1.30992 3.84126 0
      vertex 0.480804 6.51607 0.6
      vertex 0.480804 6.51607 0
    endloop
  endfacet
  facet normal -0.955165 -0.296074 0
    outer loop
      vertex 0.480804 6.51607 0.6
      vertex 1.30992 3.84126 0
      vertex 1.30992 3.84126 0.6
    endloop
  endfacet
  facet normal -0.986396 -0.164387 0
    outer loop
      vertex 0.480804 6.51607 0
      vertex 0.407898 6.95354 0.6
      vertex 0.407898 6.95354 0
    endloop
  endfacet
  facet normal -0.986396 -0.164387 0
    outer loop
      vertex 0.407898 6.95354 0.6
      vertex 0.480804 6.51607 0
      vertex 0.480804 6.51607 0.6
    endloop
  endfacet
  facet normal -0.0817533 -0.996653 0
    outer loop
      vertex -0.379517 7.01813 0
      vertex 0.407898 6.95354 0.6
      vertex -0.379517 7.01813 0.6
    endloop
  endfacet
  facet normal -0.0817533 -0.996653 -0
    outer loop
      vertex 0.407898 6.95354 0.6
      vertex -0.379517 7.01813 0
      vertex 0.407898 6.95354 0
    endloop
  endfacet
  facet normal 0.954044 -0.299668 0
    outer loop
      vertex -1.37738 3.84126 0.6
      vertex -0.379517 7.01813 0
      vertex -0.379517 7.01813 0.6
    endloop
  endfacet
  facet normal 0.954044 -0.299668 0
    outer loop
      vertex -0.379517 7.01813 0
      vertex -1.37738 3.84126 0.6
      vertex -1.37738 3.84126 0
    endloop
  endfacet
  facet normal 0 1 -0
    outer loop
      vertex -0.664948 3.84126 0
      vertex -1.37738 3.84126 0.6
      vertex -0.664948 3.84126 0.6
    endloop
  endfacet
  facet normal 0 1 0
    outer loop
      vertex -1.37738 3.84126 0.6
      vertex -0.664948 3.84126 0
      vertex -1.37738 3.84126 0
    endloop
  endfacet
  facet normal -0.965024 0.262163 0
    outer loop
      vertex -0.664948 3.84126 0
      vertex -0.423294 4.73079 0.6
      vertex -0.423294 4.73079 0
    endloop
  endfacet
  facet normal -0.965024 0.262163 0
    outer loop
      vertex -0.423294 4.73079 0.6
      vertex -0.664948 3.84126 0
      vertex -0.664948 3.84126 0.6
    endloop
  endfacet
  facet normal -0.970797 0.239904 0
    outer loop
      vertex -0.300385 5.187 0
      vertex -0.123291 5.90363 0.6
      vertex -0.123291 5.90363 0
    endloop
  endfacet
  facet normal -0.970797 0.239904 0
    outer loop
      vertex -0.123291 5.90363 0.6
      vertex -0.300385 5.187 0
      vertex -0.300385 5.187 0.6
    endloop
  endfacet
  facet normal -0.990317 0.138822 0
    outer loop
      vertex -0.123291 5.90363 0
      vertex -0.0149536 6.67648 0.6
      vertex -0.0149536 6.67648 0
    endloop
  endfacet
  facet normal -0.990317 0.138822 0
    outer loop
      vertex -0.0149536 6.67648 0.6
      vertex -0.123291 5.90363 0
      vertex -0.123291 5.90363 0.6
    endloop
  endfacet
  facet normal 0.989954 0.14139 0
    outer loop
      vertex 0.0954285 5.90363 0.6
      vertex -0.0149536 6.67648 0
      vertex -0.0149536 6.67648 0.6
    endloop
  endfacet
  facet normal 0.989954 0.14139 0
    outer loop
      vertex -0.0149536 6.67648 0
      vertex 0.0954285 5.90363 0.6
      vertex 0.0954285 5.90363 0
    endloop
  endfacet
  facet normal 0.971458 0.237212 0
    outer loop
      vertex 0.270416 5.187 0.6
      vertex 0.0954285 5.90363 0
      vertex 0.0954285 5.90363 0.6
    endloop
  endfacet
  facet normal 0.971458 0.237212 0
    outer loop
      vertex 0.0954285 5.90363 0
      vertex 0.270416 5.187 0.6
      vertex 0.270416 5.187 0
    endloop
  endfacet
  facet normal 0 -1 0
    outer loop
      vertex -0.300385 5.187 0
      vertex 0.270416 5.187 0.6
      vertex -0.300385 5.187 0.6
    endloop
  endfacet
  facet normal 0 -1 -0
    outer loop
      vertex 0.270416 5.187 0.6
      vertex -0.300385 5.187 0
      vertex 0.270416 5.187 0
    endloop
  endfacet
  facet normal -0.0622155 0.998063 0
    outer loop
      vertex 2.71547 3.81189 0
      vertex 2.64296 3.80737 0.6
      vertex 2.71547 3.81189 0.6
    endloop
  endfacet
  facet normal -0.0622155 0.998063 0
    outer loop
      vertex 2.64296 3.80737 0.6
      vertex 2.71547 3.81189 0
      vertex 2.64296 3.80737 0
    endloop
  endfacet
  facet normal -0.105963 0.99437 0
    outer loop
      vertex 2.78632 3.81944 0
      vertex 2.71547 3.81189 0.6
      vertex 2.78632 3.81944 0.6
    endloop
  endfacet
  facet normal -0.105963 0.99437 0
    outer loop
      vertex 2.71547 3.81189 0.6
      vertex 2.78632 3.81944 0
      vertex 2.71547 3.81189 0
    endloop
  endfacet
  facet normal -0.150897 0.988549 0
    outer loop
      vertex 2.8555 3.83 0
      vertex 2.78632 3.81944 0.6
      vertex 2.8555 3.83 0.6
    endloop
  endfacet
  facet normal -0.150897 0.988549 0
    outer loop
      vertex 2.78632 3.81944 0.6
      vertex 2.8555 3.83 0
      vertex 2.78632 3.81944 0
    endloop
  endfacet
  facet normal -0.197149 0.980374 0
    outer loop
      vertex 2.92303 3.84358 0
      vertex 2.8555 3.83 0.6
      vertex 2.92303 3.84358 0.6
    endloop
  endfacet
  facet normal -0.197149 0.980374 0
    outer loop
      vertex 2.8555 3.83 0.6
      vertex 2.92303 3.84358 0
      vertex 2.8555 3.83 0
    endloop
  endfacet
  facet normal -0.244301 0.969699 0
    outer loop
      vertex 2.98892 3.86018 0
      vertex 2.92303 3.84358 0.6
      vertex 2.98892 3.86018 0.6
    endloop
  endfacet
  facet normal -0.244301 0.969699 0
    outer loop
      vertex 2.92303 3.84358 0.6
      vertex 2.98892 3.86018 0
      vertex 2.92303 3.84358 0
    endloop
  endfacet
  facet normal -0.292275 0.956334 0
    outer loop
      vertex 3.05315 3.87981 0
      vertex 2.98892 3.86018 0.6
      vertex 3.05315 3.87981 0.6
    endloop
  endfacet
  facet normal -0.292275 0.956334 0
    outer loop
      vertex 2.98892 3.86018 0.6
      vertex 3.05315 3.87981 0
      vertex 2.98892 3.86018 0
    endloop
  endfacet
  facet normal -0.334056 0.942553 0
    outer loop
      vertex 3.11655 3.90228 0
      vertex 3.05315 3.87981 0.6
      vertex 3.11655 3.90228 0.6
    endloop
  endfacet
  facet normal -0.334056 0.942553 0
    outer loop
      vertex 3.05315 3.87981 0.6
      vertex 3.11655 3.90228 0
      vertex 3.05315 3.87981 0
    endloop
  endfacet
  facet normal -0.368281 0.929715 0
    outer loop
      vertex 3.17999 3.92741 0
      vertex 3.11655 3.90228 0.6
      vertex 3.17999 3.92741 0.6
    endloop
  endfacet
  facet normal -0.368281 0.929715 0
    outer loop
      vertex 3.11655 3.90228 0.6
      vertex 3.17999 3.92741 0
      vertex 3.11655 3.90228 0
    endloop
  endfacet
  facet normal -0.401477 0.915869 0
    outer loop
      vertex 3.2435 3.95525 0
      vertex 3.17999 3.92741 0.6
      vertex 3.2435 3.95525 0.6
    endloop
  endfacet
  facet normal -0.401477 0.915869 0
    outer loop
      vertex 3.17999 3.92741 0.6
      vertex 3.2435 3.95525 0
      vertex 3.17999 3.92741 0
    endloop
  endfacet
  facet normal -0.432851 0.901465 0
    outer loop
      vertex 3.30702 3.98575 0
      vertex 3.2435 3.95525 0.6
      vertex 3.30702 3.98575 0.6
    endloop
  endfacet
  facet normal -0.432851 0.901465 0
    outer loop
      vertex 3.2435 3.95525 0.6
      vertex 3.30702 3.98575 0
      vertex 3.2435 3.95525 0
    endloop
  endfacet
  facet normal -0.462485 0.886627 0
    outer loop
      vertex 3.37061 4.01892 0
      vertex 3.30702 3.98575 0.6
      vertex 3.37061 4.01892 0.6
    endloop
  endfacet
  facet normal -0.462485 0.886627 0
    outer loop
      vertex 3.30702 3.98575 0.6
      vertex 3.37061 4.01892 0
      vertex 3.30702 3.98575 0
    endloop
  endfacet
  facet normal -0.491028 0.871144 0
    outer loop
      vertex 3.43423 4.05478 0
      vertex 3.37061 4.01892 0.6
      vertex 3.43423 4.05478 0.6
    endloop
  endfacet
  facet normal -0.491028 0.871144 0
    outer loop
      vertex 3.37061 4.01892 0.6
      vertex 3.43423 4.05478 0
      vertex 3.37061 4.01892 0
    endloop
  endfacet
  facet normal -0.517891 0.855447 0
    outer loop
      vertex 3.49789 4.09332 0
      vertex 3.43423 4.05478 0.6
      vertex 3.49789 4.09332 0.6
    endloop
  endfacet
  facet normal -0.517891 0.855447 0
    outer loop
      vertex 3.43423 4.05478 0.6
      vertex 3.49789 4.09332 0
      vertex 3.43423 4.05478 0
    endloop
  endfacet
  facet normal -0.854484 -0.519477 0
    outer loop
      vertex 3.49789 4.09332 0
      vertex 3.2104 4.56621 0.6
      vertex 3.2104 4.56621 0
    endloop
  endfacet
  facet normal -0.854484 -0.519477 0
    outer loop
      vertex 3.2104 4.56621 0.6
      vertex 3.49789 4.09332 0
      vertex 3.49789 4.09332 0.6
    endloop
  endfacet
  facet normal 0.55037 -0.834921 0
    outer loop
      vertex 3.19391 4.55534 0
      vertex 3.2104 4.56621 0.6
      vertex 3.19391 4.55534 0.6
    endloop
  endfacet
  facet normal 0.55037 -0.834921 0
    outer loop
      vertex 3.2104 4.56621 0.6
      vertex 3.19391 4.55534 0
      vertex 3.2104 4.56621 0
    endloop
  endfacet
  facet normal 0.540635 -0.841257 0
    outer loop
      vertex 3.17656 4.54419 0
      vertex 3.19391 4.55534 0.6
      vertex 3.17656 4.54419 0.6
    endloop
  endfacet
  facet normal 0.540635 -0.841257 0
    outer loop
      vertex 3.19391 4.55534 0.6
      vertex 3.17656 4.54419 0
      vertex 3.19391 4.55534 0
    endloop
  endfacet
  facet normal 0.533048 -0.846085 0
    outer loop
      vertex 3.15837 4.53273 0
      vertex 3.17656 4.54419 0.6
      vertex 3.15837 4.53273 0.6
    endloop
  endfacet
  facet normal 0.533048 -0.846085 0
    outer loop
      vertex 3.17656 4.54419 0.6
      vertex 3.15837 4.53273 0
      vertex 3.17656 4.54419 0
    endloop
  endfacet
  facet normal 0.525094 -0.851045 0
    outer loop
      vertex 3.13931 4.52097 0
      vertex 3.15837 4.53273 0.6
      vertex 3.13931 4.52097 0.6
    endloop
  endfacet
  facet normal 0.525094 -0.851045 0
    outer loop
      vertex 3.15837 4.53273 0.6
      vertex 3.13931 4.52097 0
      vertex 3.15837 4.53273 0
    endloop
  endfacet
  facet normal 0.518664 -0.854978 0
    outer loop
      vertex 3.11943 4.50891 0
      vertex 3.13931 4.52097 0.6
      vertex 3.11943 4.50891 0.6
    endloop
  endfacet
  facet normal 0.518664 -0.854978 0
    outer loop
      vertex 3.13931 4.52097 0.6
      vertex 3.11943 4.50891 0
      vertex 3.13931 4.52097 0
    endloop
  endfacet
  facet normal 0.511142 -0.859497 0
    outer loop
      vertex 3.09868 4.49657 0
      vertex 3.11943 4.50891 0.6
      vertex 3.09868 4.49657 0.6
    endloop
  endfacet
  facet normal 0.511142 -0.859497 0
    outer loop
      vertex 3.11943 4.50891 0.6
      vertex 3.09868 4.49657 0
      vertex 3.11943 4.50891 0
    endloop
  endfacet
  facet normal 0.505535 -0.862806 0
    outer loop
      vertex 3.07709 4.48392 0
      vertex 3.09868 4.49657 0.6
      vertex 3.07709 4.48392 0.6
    endloop
  endfacet
  facet normal 0.505535 -0.862806 0
    outer loop
      vertex 3.09868 4.49657 0.6
      vertex 3.07709 4.48392 0
      vertex 3.09868 4.49657 0
    endloop
  endfacet
  facet normal 0.494748 -0.869036 0
    outer loop
      vertex 3.05487 4.47127 0
      vertex 3.07709 4.48392 0.6
      vertex 3.05487 4.47127 0.6
    endloop
  endfacet
  facet normal 0.494748 -0.869036 0
    outer loop
      vertex 3.07709 4.48392 0.6
      vertex 3.05487 4.47127 0
      vertex 3.07709 4.48392 0
    endloop
  endfacet
  facet normal 0.479532 -0.877524 0
    outer loop
      vertex 3.03227 4.45892 0
      vertex 3.05487 4.47127 0.6
      vertex 3.03227 4.45892 0.6
    endloop
  endfacet
  facet normal 0.479532 -0.877524 0
    outer loop
      vertex 3.05487 4.47127 0.6
      vertex 3.03227 4.45892 0
      vertex 3.05487 4.47127 0
    endloop
  endfacet
  facet normal 0.464396 -0.885628 0
    outer loop
      vertex 3.00929 4.44687 0
      vertex 3.03227 4.45892 0.6
      vertex 3.00929 4.44687 0.6
    endloop
  endfacet
  facet normal 0.464396 -0.885628 0
    outer loop
      vertex 3.03227 4.45892 0.6
      vertex 3.00929 4.44687 0
      vertex 3.03227 4.45892 0
    endloop
  endfacet
  facet normal 0.449964 -0.893047 0
    outer loop
      vertex 2.98593 4.4351 0
      vertex 3.00929 4.44687 0.6
      vertex 2.98593 4.4351 0.6
    endloop
  endfacet
  facet normal 0.449964 -0.893047 0
    outer loop
      vertex 3.00929 4.44687 0.6
      vertex 2.98593 4.4351 0
      vertex 3.00929 4.44687 0
    endloop
  endfacet
  facet normal 0.43442 -0.90071 0
    outer loop
      vertex 2.96219 4.42365 0
      vertex 2.98593 4.4351 0.6
      vertex 2.96219 4.42365 0.6
    endloop
  endfacet
  facet normal 0.43442 -0.90071 0
    outer loop
      vertex 2.98593 4.4351 0.6
      vertex 2.96219 4.42365 0
      vertex 2.98593 4.4351 0
    endloop
  endfacet
  facet normal 0.419774 -0.907629 0
    outer loop
      vertex 2.93806 4.41249 0
      vertex 2.96219 4.42365 0.6
      vertex 2.93806 4.41249 0.6
    endloop
  endfacet
  facet normal 0.419774 -0.907629 0
    outer loop
      vertex 2.96219 4.42365 0.6
      vertex 2.93806 4.41249 0
      vertex 2.96219 4.42365 0
    endloop
  endfacet
  facet normal 0.405238 -0.914211 0
    outer loop
      vertex 2.91356 4.40163 0
      vertex 2.93806 4.41249 0.6
      vertex 2.91356 4.40163 0.6
    endloop
  endfacet
  facet normal 0.405238 -0.914211 0
    outer loop
      vertex 2.93806 4.41249 0.6
      vertex 2.91356 4.40163 0
      vertex 2.93806 4.41249 0
    endloop
  endfacet
  facet normal 0.390368 -0.920659 0
    outer loop
      vertex 2.88882 4.39114 0
      vertex 2.91356 4.40163 0.6
      vertex 2.88882 4.39114 0.6
    endloop
  endfacet
  facet normal 0.390368 -0.920659 0
    outer loop
      vertex 2.91356 4.40163 0.6
      vertex 2.88882 4.39114 0
      vertex 2.91356 4.40163 0
    endloop
  endfacet
  facet normal 0.37481 -0.927102 0
    outer loop
      vertex 2.86406 4.38113 0
      vertex 2.88882 4.39114 0.6
      vertex 2.86406 4.38113 0.6
    endloop
  endfacet
  facet normal 0.37481 -0.927102 0
    outer loop
      vertex 2.88882 4.39114 0.6
      vertex 2.86406 4.38113 0
      vertex 2.88882 4.39114 0
    endloop
  endfacet
  facet normal 0.358702 -0.933452 0
    outer loop
      vertex 2.83926 4.3716 0
      vertex 2.86406 4.38113 0.6
      vertex 2.83926 4.3716 0.6
    endloop
  endfacet
  facet normal 0.358702 -0.933452 0
    outer loop
      vertex 2.86406 4.38113 0.6
      vertex 2.83926 4.3716 0
      vertex 2.86406 4.38113 0
    endloop
  endfacet
  facet normal 0.343199 -0.939263 0
    outer loop
      vertex 2.81441 4.36252 0
      vertex 2.83926 4.3716 0.6
      vertex 2.81441 4.36252 0.6
    endloop
  endfacet
  facet normal 0.343199 -0.939263 0
    outer loop
      vertex 2.83926 4.3716 0.6
      vertex 2.81441 4.36252 0
      vertex 2.83926 4.3716 0
    endloop
  endfacet
  facet normal 0.327254 -0.944936 0
    outer loop
      vertex 2.78952 4.3539 0
      vertex 2.81441 4.36252 0.6
      vertex 2.78952 4.3539 0.6
    endloop
  endfacet
  facet normal 0.327254 -0.944936 0
    outer loop
      vertex 2.81441 4.36252 0.6
      vertex 2.78952 4.3539 0
      vertex 2.81441 4.36252 0
    endloop
  endfacet
  facet normal 0.310388 -0.95061 0
    outer loop
      vertex 2.76459 4.34576 0
      vertex 2.78952 4.3539 0.6
      vertex 2.76459 4.34576 0.6
    endloop
  endfacet
  facet normal 0.310388 -0.95061 0
    outer loop
      vertex 2.78952 4.3539 0.6
      vertex 2.76459 4.34576 0
      vertex 2.78952 4.3539 0
    endloop
  endfacet
  facet normal 0.293521 -0.955953 0
    outer loop
      vertex 2.73961 4.33809 0
      vertex 2.76459 4.34576 0.6
      vertex 2.73961 4.33809 0.6
    endloop
  endfacet
  facet normal 0.293521 -0.955953 0
    outer loop
      vertex 2.76459 4.34576 0.6
      vertex 2.73961 4.33809 0
      vertex 2.76459 4.34576 0
    endloop
  endfacet
  facet normal 0.268104 -0.96339 0
    outer loop
      vertex 2.71478 4.33118 0
      vertex 2.73961 4.33809 0.6
      vertex 2.71478 4.33118 0.6
    endloop
  endfacet
  facet normal 0.268104 -0.96339 0
    outer loop
      vertex 2.73961 4.33809 0.6
      vertex 2.71478 4.33118 0
      vertex 2.73961 4.33809 0
    endloop
  endfacet
  facet normal 0.232336 -0.972635 0
    outer loop
      vertex 2.69029 4.32533 0
      vertex 2.71478 4.33118 0.6
      vertex 2.69029 4.32533 0.6
    endloop
  endfacet
  facet normal 0.232336 -0.972635 0
    outer loop
      vertex 2.71478 4.33118 0.6
      vertex 2.69029 4.32533 0
      vertex 2.71478 4.33118 0
    endloop
  endfacet
  facet normal 0.193772 -0.981047 0
    outer loop
      vertex 2.66614 4.32056 0
      vertex 2.69029 4.32533 0.6
      vertex 2.66614 4.32056 0.6
    endloop
  endfacet
  facet normal 0.193772 -0.981047 0
    outer loop
      vertex 2.69029 4.32533 0.6
      vertex 2.66614 4.32056 0
      vertex 2.69029 4.32533 0
    endloop
  endfacet
  facet normal 0.154706 -0.987961 0
    outer loop
      vertex 2.64232 4.31683 0
      vertex 2.66614 4.32056 0.6
      vertex 2.64232 4.31683 0.6
    endloop
  endfacet
  facet normal 0.154706 -0.987961 0
    outer loop
      vertex 2.66614 4.32056 0.6
      vertex 2.64232 4.31683 0
      vertex 2.66614 4.32056 0
    endloop
  endfacet
  facet normal 0.112197 -0.993686 0
    outer loop
      vertex 2.61885 4.31418 0
      vertex 2.64232 4.31683 0.6
      vertex 2.61885 4.31418 0.6
    endloop
  endfacet
  facet normal 0.112197 -0.993686 0
    outer loop
      vertex 2.64232 4.31683 0.6
      vertex 2.61885 4.31418 0
      vertex 2.64232 4.31683 0
    endloop
  endfacet
  facet normal 0.0690093 -0.997616 0
    outer loop
      vertex 2.59572 4.31258 0
      vertex 2.61885 4.31418 0.6
      vertex 2.59572 4.31258 0.6
    endloop
  endfacet
  facet normal 0.0690093 -0.997616 0
    outer loop
      vertex 2.61885 4.31418 0.6
      vertex 2.59572 4.31258 0
      vertex 2.61885 4.31418 0
    endloop
  endfacet
  facet normal 0.0236983 -0.999719 0
    outer loop
      vertex 2.57294 4.31204 0
      vertex 2.59572 4.31258 0.6
      vertex 2.57294 4.31204 0.6
    endloop
  endfacet
  facet normal 0.0236983 -0.999719 0
    outer loop
      vertex 2.59572 4.31258 0.6
      vertex 2.57294 4.31204 0
      vertex 2.59572 4.31258 0
    endloop
  endfacet
  facet normal -0.0183455 -0.999832 0
    outer loop
      vertex 2.54678 4.31252 0
      vertex 2.57294 4.31204 0.6
      vertex 2.54678 4.31252 0.6
    endloop
  endfacet
  facet normal -0.0183455 -0.999832 -0
    outer loop
      vertex 2.57294 4.31204 0.6
      vertex 2.54678 4.31252 0
      vertex 2.57294 4.31204 0
    endloop
  endfacet
  facet normal -0.0536859 -0.998558 0
    outer loop
      vertex 2.52074 4.31392 0
      vertex 2.54678 4.31252 0.6
      vertex 2.52074 4.31392 0.6
    endloop
  endfacet
  facet normal -0.0536859 -0.998558 -0
    outer loop
      vertex 2.54678 4.31252 0.6
      vertex 2.52074 4.31392 0
      vertex 2.54678 4.31252 0
    endloop
  endfacet
  facet normal -0.0892918 -0.996006 0
    outer loop
      vertex 2.49475 4.31625 0
      vertex 2.52074 4.31392 0.6
      vertex 2.49475 4.31625 0.6
    endloop
  endfacet
  facet normal -0.0892918 -0.996006 -0
    outer loop
      vertex 2.52074 4.31392 0.6
      vertex 2.49475 4.31625 0
      vertex 2.52074 4.31392 0
    endloop
  endfacet
  facet normal -0.125733 -0.992064 0
    outer loop
      vertex 2.46887 4.31953 0
      vertex 2.49475 4.31625 0.6
      vertex 2.46887 4.31953 0.6
    endloop
  endfacet
  facet normal -0.125733 -0.992064 -0
    outer loop
      vertex 2.49475 4.31625 0.6
      vertex 2.46887 4.31953 0
      vertex 2.49475 4.31625 0
    endloop
  endfacet
  facet normal -0.161299 -0.986906 0
    outer loop
      vertex 2.44305 4.32375 0
      vertex 2.46887 4.31953 0.6
      vertex 2.44305 4.32375 0.6
    endloop
  endfacet
  facet normal -0.161299 -0.986906 -0
    outer loop
      vertex 2.46887 4.31953 0.6
      vertex 2.44305 4.32375 0
      vertex 2.46887 4.31953 0
    endloop
  endfacet
  facet normal -0.196043 -0.980595 0
    outer loop
      vertex 2.41734 4.32889 0
      vertex 2.44305 4.32375 0.6
      vertex 2.41734 4.32889 0.6
    endloop
  endfacet
  facet normal -0.196043 -0.980595 -0
    outer loop
      vertex 2.44305 4.32375 0.6
      vertex 2.41734 4.32889 0
      vertex 2.44305 4.32375 0
    endloop
  endfacet
  facet normal -0.230457 -0.973083 0
    outer loop
      vertex 2.39171 4.33496 0
      vertex 2.41734 4.32889 0.6
      vertex 2.39171 4.33496 0.6
    endloop
  endfacet
  facet normal -0.230457 -0.973083 -0
    outer loop
      vertex 2.41734 4.32889 0.6
      vertex 2.39171 4.33496 0
      vertex 2.41734 4.32889 0
    endloop
  endfacet
  facet normal -0.272349 -0.962198 0
    outer loop
      vertex 2.36652 4.34209 0
      vertex 2.39171 4.33496 0.6
      vertex 2.36652 4.34209 0.6
    endloop
  endfacet
  facet normal -0.272349 -0.962198 -0
    outer loop
      vertex 2.39171 4.33496 0.6
      vertex 2.36652 4.34209 0
      vertex 2.39171 4.33496 0
    endloop
  endfacet
  facet normal -0.321116 -0.94704 0
    outer loop
      vertex 2.34213 4.35036 0
      vertex 2.36652 4.34209 0.6
      vertex 2.34213 4.35036 0.6
    endloop
  endfacet
  facet normal -0.321116 -0.94704 -0
    outer loop
      vertex 2.36652 4.34209 0.6
      vertex 2.34213 4.35036 0
      vertex 2.36652 4.34209 0
    endloop
  endfacet
  facet normal -0.370779 -0.928721 0
    outer loop
      vertex 2.31856 4.35977 0
      vertex 2.34213 4.35036 0.6
      vertex 2.31856 4.35977 0.6
    endloop
  endfacet
  facet normal -0.370779 -0.928721 -0
    outer loop
      vertex 2.34213 4.35036 0.6
      vertex 2.31856 4.35977 0
      vertex 2.34213 4.35036 0
    endloop
  endfacet
  facet normal -0.42138 -0.906884 0
    outer loop
      vertex 2.29579 4.37035 0
      vertex 2.31856 4.35977 0.6
      vertex 2.29579 4.37035 0.6
    endloop
  endfacet
  facet normal -0.42138 -0.906884 -0
    outer loop
      vertex 2.31856 4.35977 0.6
      vertex 2.29579 4.37035 0
      vertex 2.31856 4.35977 0
    endloop
  endfacet
  facet normal -0.470213 -0.882553 0
    outer loop
      vertex 2.27383 4.38205 0
      vertex 2.29579 4.37035 0.6
      vertex 2.27383 4.38205 0.6
    endloop
  endfacet
  facet normal -0.470213 -0.882553 -0
    outer loop
      vertex 2.29579 4.37035 0.6
      vertex 2.27383 4.38205 0
      vertex 2.29579 4.37035 0
    endloop
  endfacet
  facet normal -0.519716 -0.854339 0
    outer loop
      vertex 2.25269 4.39491 0
      vertex 2.27383 4.38205 0.6
      vertex 2.25269 4.39491 0.6
    endloop
  endfacet
  facet normal -0.519716 -0.854339 -0
    outer loop
      vertex 2.27383 4.38205 0.6
      vertex 2.25269 4.39491 0
      vertex 2.27383 4.38205 0
    endloop
  endfacet
  facet normal -0.56725 -0.823545 0
    outer loop
      vertex 2.23235 4.40892 0
      vertex 2.25269 4.39491 0.6
      vertex 2.23235 4.40892 0.6
    endloop
  endfacet
  facet normal -0.56725 -0.823545 -0
    outer loop
      vertex 2.25269 4.39491 0.6
      vertex 2.23235 4.40892 0
      vertex 2.25269 4.39491 0
    endloop
  endfacet
  facet normal -0.616243 -0.787556 0
    outer loop
      vertex 2.21295 4.4241 0
      vertex 2.23235 4.40892 0.6
      vertex 2.21295 4.4241 0.6
    endloop
  endfacet
  facet normal -0.616243 -0.787556 -0
    outer loop
      vertex 2.23235 4.40892 0.6
      vertex 2.21295 4.4241 0
      vertex 2.23235 4.40892 0
    endloop
  endfacet
  facet normal -0.667748 -0.744388 0
    outer loop
      vertex 2.19469 4.44048 0
      vertex 2.21295 4.4241 0.6
      vertex 2.19469 4.44048 0.6
    endloop
  endfacet
  facet normal -0.667748 -0.744388 -0
    outer loop
      vertex 2.21295 4.4241 0.6
      vertex 2.19469 4.44048 0
      vertex 2.21295 4.4241 0
    endloop
  endfacet
  facet normal -0.714799 -0.69933 0
    outer loop
      vertex 2.19469 4.44048 0
      vertex 2.17751 4.45804 0.6
      vertex 2.17751 4.45804 0
    endloop
  endfacet
  facet normal -0.714799 -0.69933 0
    outer loop
      vertex 2.17751 4.45804 0.6
      vertex 2.19469 4.44048 0
      vertex 2.19469 4.44048 0.6
    endloop
  endfacet
  facet normal -0.759114 -0.650958 0
    outer loop
      vertex 2.17751 4.45804 0
      vertex 2.16144 4.47678 0.6
      vertex 2.16144 4.47678 0
    endloop
  endfacet
  facet normal -0.759114 -0.650958 0
    outer loop
      vertex 2.16144 4.47678 0.6
      vertex 2.17751 4.45804 0
      vertex 2.17751 4.45804 0.6
    endloop
  endfacet
  facet normal -0.799904 -0.600128 0
    outer loop
      vertex 2.16144 4.47678 0
      vertex 2.14648 4.49672 0.6
      vertex 2.14648 4.49672 0
    endloop
  endfacet
  facet normal -0.799904 -0.600128 0
    outer loop
      vertex 2.14648 4.49672 0.6
      vertex 2.16144 4.47678 0
      vertex 2.16144 4.47678 0.6
    endloop
  endfacet
  facet normal -0.836348 -0.548198 0
    outer loop
      vertex 2.14648 4.49672 0
      vertex 2.13263 4.51785 0.6
      vertex 2.13263 4.51785 0
    endloop
  endfacet
  facet normal -0.836348 -0.548198 0
    outer loop
      vertex 2.13263 4.51785 0.6
      vertex 2.14648 4.49672 0
      vertex 2.14648 4.49672 0.6
    endloop
  endfacet
  facet normal -0.868052 -0.496474 0
    outer loop
      vertex 2.13263 4.51785 0
      vertex 2.11987 4.54016 0.6
      vertex 2.11987 4.54016 0
    endloop
  endfacet
  facet normal -0.868052 -0.496474 0
    outer loop
      vertex 2.11987 4.54016 0.6
      vertex 2.13263 4.51785 0
      vertex 2.13263 4.51785 0.6
    endloop
  endfacet
  facet normal -0.901992 -0.431752 0
    outer loop
      vertex 2.11987 4.54016 0
      vertex 2.10854 4.56383 0.6
      vertex 2.10854 4.56383 0
    endloop
  endfacet
  facet normal -0.901992 -0.431752 0
    outer loop
      vertex 2.10854 4.56383 0.6
      vertex 2.11987 4.54016 0
      vertex 2.11987 4.54016 0.6
    endloop
  endfacet
  facet normal -0.934329 -0.356413 0
    outer loop
      vertex 2.10854 4.56383 0
      vertex 2.09895 4.58897 0.6
      vertex 2.09895 4.58897 0
    endloop
  endfacet
  facet normal -0.934329 -0.356413 0
    outer loop
      vertex 2.09895 4.58897 0.6
      vertex 2.10854 4.56383 0
      vertex 2.10854 4.56383 0.6
    endloop
  endfacet
  facet normal -0.959153 -0.282887 0
    outer loop
      vertex 2.09895 4.58897 0
      vertex 2.09109 4.61562 0.6
      vertex 2.09109 4.61562 0
    endloop
  endfacet
  facet normal -0.959153 -0.282887 0
    outer loop
      vertex 2.09109 4.61562 0.6
      vertex 2.09895 4.58897 0
      vertex 2.09895 4.58897 0.6
    endloop
  endfacet
  facet normal -0.977414 -0.211333 0
    outer loop
      vertex 2.09109 4.61562 0
      vertex 2.08501 4.64374 0.6
      vertex 2.08501 4.64374 0
    endloop
  endfacet
  facet normal -0.977414 -0.211333 0
    outer loop
      vertex 2.08501 4.64374 0.6
      vertex 2.09109 4.61562 0
      vertex 2.09109 4.61562 0.6
    endloop
  endfacet
  facet normal -0.989291 -0.145956 0
    outer loop
      vertex 2.08501 4.64374 0
      vertex 2.08064 4.67336 0.6
      vertex 2.08064 4.67336 0
    endloop
  endfacet
  facet normal -0.989291 -0.145956 0
    outer loop
      vertex 2.08064 4.67336 0.6
      vertex 2.08501 4.64374 0
      vertex 2.08501 4.64374 0.6
    endloop
  endfacet
  facet normal -0.996468 -0.0839738 0
    outer loop
      vertex 2.08064 4.67336 0
      vertex 2.07802 4.70445 0.6
      vertex 2.07802 4.70445 0
    endloop
  endfacet
  facet normal -0.996468 -0.0839738 0
    outer loop
      vertex 2.07802 4.70445 0.6
      vertex 2.08064 4.67336 0
      vertex 2.08064 4.67336 0.6
    endloop
  endfacet
  facet normal -0.999644 -0.026694 0
    outer loop
      vertex 2.07802 4.70445 0
      vertex 2.07715 4.73703 0.6
      vertex 2.07715 4.73703 0
    endloop
  endfacet
  facet normal -0.999644 -0.026694 0
    outer loop
      vertex 2.07715 4.73703 0.6
      vertex 2.07802 4.70445 0
      vertex 2.07802 4.70445 0.6
    endloop
  endfacet
  facet normal -0.999447 0.033241 0
    outer loop
      vertex 2.07715 4.73703 0
      vertex 2.0782 4.7686 0.6
      vertex 2.0782 4.7686 0
    endloop
  endfacet
  facet normal -0.999447 0.033241 0
    outer loop
      vertex 2.0782 4.7686 0.6
      vertex 2.07715 4.73703 0
      vertex 2.07715 4.73703 0.6
    endloop
  endfacet
  facet normal -0.994811 0.101738 0
    outer loop
      vertex 2.0782 4.7686 0
      vertex 2.08131 4.79901 0.6
      vertex 2.08131 4.79901 0
    endloop
  endfacet
  facet normal -0.994811 0.101738 0
    outer loop
      vertex 2.08131 4.79901 0.6
      vertex 2.0782 4.7686 0
      vertex 2.0782 4.7686 0.6
    endloop
  endfacet
  facet normal -0.984477 0.175511 0
    outer loop
      vertex 2.08131 4.79901 0
      vertex 2.08653 4.82829 0.6
      vertex 2.08653 4.82829 0
    endloop
  endfacet
  facet normal -0.984477 0.175511 0
    outer loop
      vertex 2.08653 4.82829 0.6
      vertex 2.08131 4.79901 0
      vertex 2.08131 4.79901 0.6
    endloop
  endfacet
  facet normal -0.968084 0.250628 0
    outer loop
      vertex 2.08653 4.82829 0
      vertex 2.09381 4.85641 0.6
      vertex 2.09381 4.85641 0
    endloop
  endfacet
  facet normal -0.968084 0.250628 0
    outer loop
      vertex 2.09381 4.85641 0.6
      vertex 2.08653 4.82829 0
      vertex 2.08653 4.82829 0.6
    endloop
  endfacet
  facet normal -0.944435 0.328697 0
    outer loop
      vertex 2.09381 4.85641 0
      vertex 2.1032 4.88339 0.6
      vertex 2.1032 4.88339 0
    endloop
  endfacet
  facet normal -0.944435 0.328697 0
    outer loop
      vertex 2.1032 4.88339 0.6
      vertex 2.09381 4.85641 0
      vertex 2.09381 4.85641 0.6
    endloop
  endfacet
  facet normal -0.914278 0.405087 0
    outer loop
      vertex 2.1032 4.88339 0
      vertex 2.11464 4.90921 0.6
      vertex 2.11464 4.90921 0
    endloop
  endfacet
  facet normal -0.914278 0.405087 0
    outer loop
      vertex 2.11464 4.90921 0.6
      vertex 2.1032 4.88339 0
      vertex 2.1032 4.88339 0.6
    endloop
  endfacet
  facet normal -0.876493 0.481414 0
    outer loop
      vertex 2.11464 4.90921 0
      vertex 2.12819 4.93388 0.6
      vertex 2.12819 4.93388 0
    endloop
  endfacet
  facet normal -0.876493 0.481414 0
    outer loop
      vertex 2.12819 4.93388 0.6
      vertex 2.11464 4.90921 0
      vertex 2.11464 4.90921 0.6
    endloop
  endfacet
  facet normal -0.841904 0.539627 0
    outer loop
      vertex 2.12819 4.93388 0
      vertex 2.1434 4.95761 0.6
      vertex 2.1434 4.95761 0
    endloop
  endfacet
  facet normal -0.841904 0.539627 0
    outer loop
      vertex 2.1434 4.95761 0.6
      vertex 2.12819 4.93388 0
      vertex 2.12819 4.93388 0.6
    endloop
  endfacet
  facet normal -0.812178 0.58341 0
    outer loop
      vertex 2.1434 4.95761 0
      vertex 2.1599 4.98058 0.6
      vertex 2.1599 4.98058 0
    endloop
  endfacet
  facet normal -0.812178 0.58341 0
    outer loop
      vertex 2.1599 4.98058 0.6
      vertex 2.1434 4.95761 0
      vertex 2.1434 4.95761 0.6
    endloop
  endfacet
  facet normal -0.780869 0.624695 0
    outer loop
      vertex 2.1599 4.98058 0
      vertex 2.17766 5.00278 0.6
      vertex 2.17766 5.00278 0
    endloop
  endfacet
  facet normal -0.780869 0.624695 0
    outer loop
      vertex 2.17766 5.00278 0.6
      vertex 2.1599 4.98058 0
      vertex 2.1599 4.98058 0.6
    endloop
  endfacet
  facet normal -0.747063 0.664753 0
    outer loop
      vertex 2.17766 5.00278 0
      vertex 2.19672 5.0242 0.6
      vertex 2.19672 5.0242 0
    endloop
  endfacet
  facet normal -0.747063 0.664753 0
    outer loop
      vertex 2.19672 5.0242 0.6
      vertex 2.17766 5.00278 0
      vertex 2.17766 5.00278 0.6
    endloop
  endfacet
  facet normal -0.713121 0.701041 0
    outer loop
      vertex 2.19672 5.0242 0
      vertex 2.21703 5.04486 0.6
      vertex 2.21703 5.04486 0
    endloop
  endfacet
  facet normal -0.713121 0.701041 0
    outer loop
      vertex 2.21703 5.04486 0.6
      vertex 2.19672 5.0242 0
      vertex 2.19672 5.0242 0.6
    endloop
  endfacet
  facet normal -0.677573 0.735456 0
    outer loop
      vertex 2.23863 5.06476 0
      vertex 2.21703 5.04486 0.6
      vertex 2.23863 5.06476 0.6
    endloop
  endfacet
  facet normal -0.677573 0.735456 0
    outer loop
      vertex 2.21703 5.04486 0.6
      vertex 2.23863 5.06476 0
      vertex 2.21703 5.04486 0
    endloop
  endfacet
  facet normal -0.641437 0.767176 0
    outer loop
      vertex 2.26151 5.08389 0
      vertex 2.23863 5.06476 0.6
      vertex 2.26151 5.08389 0.6
    endloop
  endfacet
  facet normal -0.641437 0.767176 0
    outer loop
      vertex 2.23863 5.06476 0.6
      vertex 2.26151 5.08389 0
      vertex 2.23863 5.06476 0
    endloop
  endfacet
  facet normal -0.610892 0.791714 0
    outer loop
      vertex 2.28546 5.10237 0
      vertex 2.26151 5.08389 0.6
      vertex 2.28546 5.10237 0.6
    endloop
  endfacet
  facet normal -0.610892 0.791714 0
    outer loop
      vertex 2.26151 5.08389 0.6
      vertex 2.28546 5.10237 0
      vertex 2.26151 5.08389 0
    endloop
  endfacet
  facet normal -0.586252 0.810129 0
    outer loop
      vertex 2.31032 5.12036 0
      vertex 2.28546 5.10237 0.6
      vertex 2.31032 5.12036 0.6
    endloop
  endfacet
  facet normal -0.586252 0.810129 0
    outer loop
      vertex 2.28546 5.10237 0.6
      vertex 2.31032 5.12036 0
      vertex 2.28546 5.10237 0
    endloop
  endfacet
  facet normal -0.56158 0.827422 0
    outer loop
      vertex 2.33606 5.13783 0
      vertex 2.31032 5.12036 0.6
      vertex 2.33606 5.13783 0.6
    endloop
  endfacet
  facet normal -0.56158 0.827422 0
    outer loop
      vertex 2.31032 5.12036 0.6
      vertex 2.33606 5.13783 0
      vertex 2.31032 5.12036 0
    endloop
  endfacet
  facet normal -0.537408 0.843322 0
    outer loop
      vertex 2.36269 5.1548 0
      vertex 2.33606 5.13783 0.6
      vertex 2.36269 5.1548 0.6
    endloop
  endfacet
  facet normal -0.537408 0.843322 0
    outer loop
      vertex 2.33606 5.13783 0.6
      vertex 2.36269 5.1548 0
      vertex 2.33606 5.13783 0
    endloop
  endfacet
  facet normal -0.513073 0.858345 0
    outer loop
      vertex 2.39021 5.17125 0
      vertex 2.36269 5.1548 0.6
      vertex 2.39021 5.17125 0.6
    endloop
  endfacet
  facet normal -0.513073 0.858345 0
    outer loop
      vertex 2.36269 5.1548 0.6
      vertex 2.39021 5.17125 0
      vertex 2.36269 5.1548 0
    endloop
  endfacet
  facet normal -0.489052 0.872255 0
    outer loop
      vertex 2.41864 5.18719 0
      vertex 2.39021 5.17125 0.6
      vertex 2.41864 5.18719 0.6
    endloop
  endfacet
  facet normal -0.489052 0.872255 0
    outer loop
      vertex 2.39021 5.17125 0.6
      vertex 2.41864 5.18719 0
      vertex 2.39021 5.17125 0
    endloop
  endfacet
  facet normal -0.465834 0.884872 0
    outer loop
      vertex 2.44795 5.20262 0
      vertex 2.41864 5.18719 0.6
      vertex 2.44795 5.20262 0.6
    endloop
  endfacet
  facet normal -0.465834 0.884872 0
    outer loop
      vertex 2.41864 5.18719 0.6
      vertex 2.44795 5.20262 0
      vertex 2.41864 5.18719 0
    endloop
  endfacet
  facet normal -0.452473 0.891778 0
    outer loop
      vertex 2.47775 5.21774 0
      vertex 2.44795 5.20262 0.6
      vertex 2.47775 5.21774 0.6
    endloop
  endfacet
  facet normal -0.452473 0.891778 0
    outer loop
      vertex 2.44795 5.20262 0.6
      vertex 2.47775 5.21774 0
      vertex 2.44795 5.20262 0
    endloop
  endfacet
  facet normal -0.44829 0.893888 0
    outer loop
      vertex 2.50764 5.23273 0
      vertex 2.47775 5.21774 0.6
      vertex 2.50764 5.23273 0.6
    endloop
  endfacet
  facet normal -0.44829 0.893888 0
    outer loop
      vertex 2.47775 5.21774 0.6
      vertex 2.50764 5.23273 0
      vertex 2.47775 5.21774 0
    endloop
  endfacet
  facet normal -0.444222 0.895917 0
    outer loop
      vertex 2.53761 5.24759 0
      vertex 2.50764 5.23273 0.6
      vertex 2.53761 5.24759 0.6
    endloop
  endfacet
  facet normal -0.444222 0.895917 0
    outer loop
      vertex 2.50764 5.23273 0.6
      vertex 2.53761 5.24759 0
      vertex 2.50764 5.23273 0
    endloop
  endfacet
  facet normal -0.439789 0.898101 0
    outer loop
      vertex 2.56767 5.26231 0
      vertex 2.53761 5.24759 0.6
      vertex 2.56767 5.26231 0.6
    endloop
  endfacet
  facet normal -0.439789 0.898101 0
    outer loop
      vertex 2.53761 5.24759 0.6
      vertex 2.56767 5.26231 0
      vertex 2.53761 5.24759 0
    endloop
  endfacet
  facet normal -0.436193 0.899853 0
    outer loop
      vertex 2.59781 5.27692 0
      vertex 2.56767 5.26231 0.6
      vertex 2.59781 5.27692 0.6
    endloop
  endfacet
  facet normal -0.436193 0.899853 0
    outer loop
      vertex 2.56767 5.26231 0.6
      vertex 2.59781 5.27692 0
      vertex 2.56767 5.26231 0
    endloop
  endfacet
  facet normal -0.431994 0.901877 0
    outer loop
      vertex 2.62804 5.2914 0
      vertex 2.59781 5.27692 0.6
      vertex 2.62804 5.2914 0.6
    endloop
  endfacet
  facet normal -0.431994 0.901877 0
    outer loop
      vertex 2.59781 5.27692 0.6
      vertex 2.62804 5.2914 0
      vertex 2.59781 5.27692 0
    endloop
  endfacet
  facet normal -0.427779 0.903884 0
    outer loop
      vertex 2.65834 5.30574 0
      vertex 2.62804 5.2914 0.6
      vertex 2.65834 5.30574 0.6
    endloop
  endfacet
  facet normal -0.427779 0.903884 0
    outer loop
      vertex 2.62804 5.2914 0.6
      vertex 2.65834 5.30574 0
      vertex 2.62804 5.2914 0
    endloop
  endfacet
  facet normal -0.429556 0.90304 0
    outer loop
      vertex 2.7011 5.32608 0
      vertex 2.65834 5.30574 0.6
      vertex 2.7011 5.32608 0.6
    endloop
  endfacet
  facet normal -0.429556 0.90304 0
    outer loop
      vertex 2.65834 5.30574 0.6
      vertex 2.7011 5.32608 0
      vertex 2.65834 5.30574 0
    endloop
  endfacet
  facet normal -0.43498 0.90044 0
    outer loop
      vertex 2.74364 5.34663 0
      vertex 2.7011 5.32608 0.6
      vertex 2.74364 5.34663 0.6
    endloop
  endfacet
  facet normal -0.43498 0.90044 0
    outer loop
      vertex 2.7011 5.32608 0.6
      vertex 2.74364 5.34663 0
      vertex 2.7011 5.32608 0
    endloop
  endfacet
  facet normal -0.440667 0.897671 0
    outer loop
      vertex 2.78595 5.3674 0
      vertex 2.74364 5.34663 0.6
      vertex 2.78595 5.3674 0.6
    endloop
  endfacet
  facet normal -0.440667 0.897671 0
    outer loop
      vertex 2.74364 5.34663 0.6
      vertex 2.78595 5.3674 0
      vertex 2.74364 5.34663 0
    endloop
  endfacet
  facet normal -0.445768 0.895149 0
    outer loop
      vertex 2.82806 5.38837 0
      vertex 2.78595 5.3674 0.6
      vertex 2.82806 5.38837 0.6
    endloop
  endfacet
  facet normal -0.445768 0.895149 0
    outer loop
      vertex 2.78595 5.3674 0.6
      vertex 2.82806 5.38837 0
      vertex 2.78595 5.3674 0
    endloop
  endfacet
  facet normal -0.451298 0.892373 0
    outer loop
      vertex 2.86996 5.40956 0
      vertex 2.82806 5.38837 0.6
      vertex 2.86996 5.40956 0.6
    endloop
  endfacet
  facet normal -0.451298 0.892373 0
    outer loop
      vertex 2.82806 5.38837 0.6
      vertex 2.86996 5.40956 0
      vertex 2.82806 5.38837 0
    endloop
  endfacet
  facet normal -0.456494 0.889726 0
    outer loop
      vertex 2.91165 5.43095 0
      vertex 2.86996 5.40956 0.6
      vertex 2.91165 5.43095 0.6
    endloop
  endfacet
  facet normal -0.456494 0.889726 0
    outer loop
      vertex 2.86996 5.40956 0.6
      vertex 2.91165 5.43095 0
      vertex 2.86996 5.40956 0
    endloop
  endfacet
  facet normal -0.462456 0.886642 0
    outer loop
      vertex 2.95312 5.45258 0
      vertex 2.91165 5.43095 0.6
      vertex 2.95312 5.45258 0.6
    endloop
  endfacet
  facet normal -0.462456 0.886642 0
    outer loop
      vertex 2.91165 5.43095 0.6
      vertex 2.95312 5.45258 0
      vertex 2.91165 5.43095 0
    endloop
  endfacet
  facet normal -0.476797 0.879013 0
    outer loop
      vertex 2.9939 5.4747 0
      vertex 2.95312 5.45258 0.6
      vertex 2.9939 5.4747 0.6
    endloop
  endfacet
  facet normal -0.476797 0.879013 0
    outer loop
      vertex 2.95312 5.45258 0.6
      vertex 2.9939 5.4747 0
      vertex 2.95312 5.45258 0
    endloop
  endfacet
  facet normal -0.501613 0.865092 0
    outer loop
      vertex 3.03348 5.49765 0
      vertex 2.9939 5.4747 0.6
      vertex 3.03348 5.49765 0.6
    endloop
  endfacet
  facet normal -0.501613 0.865092 0
    outer loop
      vertex 2.9939 5.4747 0.6
      vertex 3.03348 5.49765 0
      vertex 2.9939 5.4747 0
    endloop
  endfacet
  facet normal -0.52595 0.850515 0
    outer loop
      vertex 3.07187 5.52139 0
      vertex 3.03348 5.49765 0.6
      vertex 3.07187 5.52139 0.6
    endloop
  endfacet
  facet normal -0.52595 0.850515 0
    outer loop
      vertex 3.03348 5.49765 0.6
      vertex 3.07187 5.52139 0
      vertex 3.03348 5.49765 0
    endloop
  endfacet
  facet normal -0.550811 0.83463 0
    outer loop
      vertex 3.10907 5.54594 0
      vertex 3.07187 5.52139 0.6
      vertex 3.10907 5.54594 0.6
    endloop
  endfacet
  facet normal -0.550811 0.83463 0
    outer loop
      vertex 3.07187 5.52139 0.6
      vertex 3.10907 5.54594 0
      vertex 3.07187 5.52139 0
    endloop
  endfacet
  facet normal -0.575791 0.817597 0
    outer loop
      vertex 3.14508 5.5713 0
      vertex 3.10907 5.54594 0.6
      vertex 3.14508 5.5713 0.6
    endloop
  endfacet
  facet normal -0.575791 0.817597 0
    outer loop
      vertex 3.10907 5.54594 0.6
      vertex 3.14508 5.5713 0
      vertex 3.10907 5.54594 0
    endloop
  endfacet
  facet normal -0.600808 0.799394 0
    outer loop
      vertex 3.1799 5.59747 0
      vertex 3.14508 5.5713 0.6
      vertex 3.1799 5.59747 0.6
    endloop
  endfacet
  facet normal -0.600808 0.799394 0
    outer loop
      vertex 3.14508 5.5713 0.6
      vertex 3.1799 5.59747 0
      vertex 3.14508 5.5713 0
    endloop
  endfacet
  facet normal -0.625741 0.780031 0
    outer loop
      vertex 3.21352 5.62444 0
      vertex 3.1799 5.59747 0.6
      vertex 3.21352 5.62444 0.6
    endloop
  endfacet
  facet normal -0.625741 0.780031 0
    outer loop
      vertex 3.1799 5.59747 0.6
      vertex 3.21352 5.62444 0
      vertex 3.1799 5.59747 0
    endloop
  endfacet
  facet normal -0.656039 0.754727 0
    outer loop
      vertex 3.24564 5.65236 0
      vertex 3.21352 5.62444 0.6
      vertex 3.24564 5.65236 0.6
    endloop
  endfacet
  facet normal -0.656039 0.754727 0
    outer loop
      vertex 3.21352 5.62444 0.6
      vertex 3.24564 5.65236 0
      vertex 3.21352 5.62444 0
    endloop
  endfacet
  facet normal -0.69119 0.722673 0
    outer loop
      vertex 3.27594 5.68134 0
      vertex 3.24564 5.65236 0.6
      vertex 3.27594 5.68134 0.6
    endloop
  endfacet
  facet normal -0.69119 0.722673 0
    outer loop
      vertex 3.24564 5.65236 0.6
      vertex 3.27594 5.68134 0
      vertex 3.24564 5.65236 0
    endloop
  endfacet
  facet normal -0.72594 0.687758 0
    outer loop
      vertex 3.27594 5.68134 0
      vertex 3.3044 5.71138 0.6
      vertex 3.3044 5.71138 0
    endloop
  endfacet
  facet normal -0.72594 0.687758 0
    outer loop
      vertex 3.3044 5.71138 0.6
      vertex 3.27594 5.68134 0
      vertex 3.27594 5.68134 0.6
    endloop
  endfacet
  facet normal -0.759463 0.65055 0
    outer loop
      vertex 3.3044 5.71138 0
      vertex 3.33104 5.74248 0.6
      vertex 3.33104 5.74248 0
    endloop
  endfacet
  facet normal -0.759463 0.65055 0
    outer loop
      vertex 3.33104 5.74248 0.6
      vertex 3.3044 5.71138 0
      vertex 3.3044 5.71138 0.6
    endloop
  endfacet
  facet normal -0.79201 0.610508 0
    outer loop
      vertex 3.33104 5.74248 0
      vertex 3.35583 5.77464 0.6
      vertex 3.35583 5.77464 0
    endloop
  endfacet
  facet normal -0.79201 0.610508 0
    outer loop
      vertex 3.35583 5.77464 0.6
      vertex 3.33104 5.74248 0
      vertex 3.33104 5.74248 0.6
    endloop
  endfacet
  facet normal -0.822406 0.568901 0
    outer loop
      vertex 3.35583 5.77464 0
      vertex 3.37881 5.80786 0.6
      vertex 3.37881 5.80786 0
    endloop
  endfacet
  facet normal -0.822406 0.568901 0
    outer loop
      vertex 3.37881 5.80786 0.6
      vertex 3.35583 5.77464 0
      vertex 3.35583 5.77464 0.6
    endloop
  endfacet
  facet normal -0.850899 0.525329 0
    outer loop
      vertex 3.37881 5.80786 0
      vertex 3.39998 5.84215 0.6
      vertex 3.39998 5.84215 0
    endloop
  endfacet
  facet normal -0.850899 0.525329 0
    outer loop
      vertex 3.39998 5.84215 0.6
      vertex 3.37881 5.80786 0
      vertex 3.37881 5.80786 0.6
    endloop
  endfacet
  facet normal -0.884692 0.466176 0
    outer loop
      vertex 3.39998 5.84215 0
      vertex 3.41876 5.87779 0.6
      vertex 3.41876 5.87779 0
    endloop
  endfacet
  facet normal -0.884692 0.466176 0
    outer loop
      vertex 3.41876 5.87779 0.6
      vertex 3.39998 5.84215 0
      vertex 3.39998 5.84215 0.6
    endloop
  endfacet
  facet normal -0.919947 0.392044 0
    outer loop
      vertex 3.41876 5.87779 0
      vertex 3.43466 5.9151 0.6
      vertex 3.43466 5.9151 0
    endloop
  endfacet
  facet normal -0.919947 0.392044 0
    outer loop
      vertex 3.43466 5.9151 0.6
      vertex 3.41876 5.87779 0
      vertex 3.41876 5.87779 0.6
    endloop
  endfacet
  facet normal -0.948464 0.316885 0
    outer loop
      vertex 3.43466 5.9151 0
      vertex 3.44768 5.95407 0.6
      vertex 3.44768 5.95407 0
    endloop
  endfacet
  facet normal -0.948464 0.316885 0
    outer loop
      vertex 3.44768 5.95407 0.6
      vertex 3.43466 5.9151 0
      vertex 3.43466 5.9151 0.6
    endloop
  endfacet
  facet normal -0.970395 0.241524 0
    outer loop
      vertex 3.44768 5.95407 0
      vertex 3.45779 5.99469 0.6
      vertex 3.45779 5.99469 0
    endloop
  endfacet
  facet normal -0.970395 0.241524 0
    outer loop
      vertex 3.45779 5.99469 0.6
      vertex 3.44768 5.95407 0
      vertex 3.44768 5.95407 0.6
    endloop
  endfacet
  facet normal -0.985653 0.168783 0
    outer loop
      vertex 3.45779 5.99469 0
      vertex 3.46503 6.03697 0.6
      vertex 3.46503 6.03697 0
    endloop
  endfacet
  facet normal -0.985653 0.168783 0
    outer loop
      vertex 3.46503 6.03697 0.6
      vertex 3.45779 5.99469 0
      vertex 3.45779 5.99469 0.6
    endloop
  endfacet
  facet normal -0.995182 0.0980464 0
    outer loop
      vertex 3.46503 6.03697 0
      vertex 3.46936 6.08092 0.6
      vertex 3.46936 6.08092 0
    endloop
  endfacet
  facet normal -0.995182 0.0980464 0
    outer loop
      vertex 3.46936 6.08092 0.6
      vertex 3.46503 6.03697 0
      vertex 3.46503 6.03697 0.6
    endloop
  endfacet
  facet normal -0.999495 0.0317752 0
    outer loop
      vertex 3.46936 6.08092 0
      vertex 3.47081 6.12653 0.6
      vertex 3.47081 6.12653 0
    endloop
  endfacet
  facet normal -0.999495 0.0317752 0
    outer loop
      vertex 3.47081 6.12653 0.6
      vertex 3.46936 6.08092 0
      vertex 3.46936 6.08092 0.6
    endloop
  endfacet
  facet normal -0.99949 -0.0319364 0
    outer loop
      vertex 3.47081 6.12653 0
      vertex 3.46892 6.18568 0.6
      vertex 3.46892 6.18568 0
    endloop
  endfacet
  facet normal -0.99949 -0.0319364 0
    outer loop
      vertex 3.46892 6.18568 0.6
      vertex 3.47081 6.12653 0
      vertex 3.47081 6.12653 0.6
    endloop
  endfacet
  facet normal -0.995113 -0.0987463 0
    outer loop
      vertex 3.46892 6.18568 0
      vertex 3.46324 6.24292 0.6
      vertex 3.46324 6.24292 0
    endloop
  endfacet
  facet normal -0.995113 -0.0987463 0
    outer loop
      vertex 3.46324 6.24292 0.6
      vertex 3.46892 6.18568 0
      vertex 3.46892 6.18568 0.6
    endloop
  endfacet
  facet normal -0.985697 -0.168529 0
    outer loop
      vertex 3.46324 6.24292 0
      vertex 3.45378 6.29825 0.6
      vertex 3.45378 6.29825 0
    endloop
  endfacet
  facet normal -0.985697 -0.168529 0
    outer loop
      vertex 3.45378 6.29825 0.6
      vertex 3.46324 6.24292 0
      vertex 3.46324 6.24292 0.6
    endloop
  endfacet
  facet normal -0.970632 -0.240569 0
    outer loop
      vertex 3.45378 6.29825 0
      vertex 3.44054 6.35167 0.6
      vertex 3.44054 6.35167 0
    endloop
  endfacet
  facet normal -0.970632 -0.240569 0
    outer loop
      vertex 3.44054 6.35167 0.6
      vertex 3.45378 6.29825 0
      vertex 3.45378 6.29825 0.6
    endloop
  endfacet
  facet normal -0.949436 -0.313959 0
    outer loop
      vertex 3.44054 6.35167 0
      vertex 3.42351 6.40317 0.6
      vertex 3.42351 6.40317 0
    endloop
  endfacet
  facet normal -0.949436 -0.313959 0
    outer loop
      vertex 3.42351 6.40317 0.6
      vertex 3.44054 6.35167 0
      vertex 3.44054 6.35167 0.6
    endloop
  endfacet
  facet normal -0.922034 -0.387109 0
    outer loop
      vertex 3.42351 6.40317 0
      vertex 3.40269 6.45276 0.6
      vertex 3.40269 6.45276 0
    endloop
  endfacet
  facet normal -0.922034 -0.387109 0
    outer loop
      vertex 3.40269 6.45276 0.6
      vertex 3.42351 6.40317 0
      vertex 3.42351 6.40317 0.6
    endloop
  endfacet
  facet normal -0.888765 -0.458363 0
    outer loop
      vertex 3.40269 6.45276 0
      vertex 3.3781 6.50044 0.6
      vertex 3.3781 6.50044 0
    endloop
  endfacet
  facet normal -0.888765 -0.458363 0
    outer loop
      vertex 3.3781 6.50044 0.6
      vertex 3.40269 6.45276 0
      vertex 3.40269 6.45276 0.6
    endloop
  endfacet
  facet normal -0.854971 -0.518675 0
    outer loop
      vertex 3.3781 6.50044 0
      vertex 3.3504 6.5461 0.6
      vertex 3.3504 6.5461 0
    endloop
  endfacet
  facet normal -0.854971 -0.518675 0
    outer loop
      vertex 3.3504 6.5461 0.6
      vertex 3.3781 6.50044 0
      vertex 3.3781 6.50044 0.6
    endloop
  endfacet
  facet normal -0.822335 -0.569004 0
    outer loop
      vertex 3.3504 6.5461 0
      vertex 3.32028 6.58963 0.6
      vertex 3.32028 6.58963 0
    endloop
  endfacet
  facet normal -0.822335 -0.569004 0
    outer loop
      vertex 3.32028 6.58963 0.6
      vertex 3.3504 6.5461 0
      vertex 3.3504 6.5461 0.6
    endloop
  endfacet
  facet normal -0.786193 -0.617981 0
    outer loop
      vertex 3.32028 6.58963 0
      vertex 3.28773 6.63104 0.6
      vertex 3.28773 6.63104 0
    endloop
  endfacet
  facet normal -0.786193 -0.617981 0
    outer loop
      vertex 3.28773 6.63104 0.6
      vertex 3.32028 6.58963 0
      vertex 3.32028 6.58963 0.6
    endloop
  endfacet
  facet normal -0.747168 -0.664635 0
    outer loop
      vertex 3.28773 6.63104 0
      vertex 3.25278 6.67033 0.6
      vertex 3.25278 6.67033 0
    endloop
  endfacet
  facet normal -0.747168 -0.664635 0
    outer loop
      vertex 3.25278 6.67033 0.6
      vertex 3.28773 6.63104 0
      vertex 3.28773 6.63104 0.6
    endloop
  endfacet
  facet normal -0.704827 -0.709379 0
    outer loop
      vertex 3.21538 6.70749 0
      vertex 3.25278 6.67033 0.6
      vertex 3.21538 6.70749 0.6
    endloop
  endfacet
  facet normal -0.704827 -0.709379 -0
    outer loop
      vertex 3.25278 6.67033 0.6
      vertex 3.21538 6.70749 0
      vertex 3.25278 6.67033 0
    endloop
  endfacet
  facet normal -0.660598 -0.75074 0
    outer loop
      vertex 3.17557 6.74252 0
      vertex 3.21538 6.70749 0.6
      vertex 3.17557 6.74252 0.6
    endloop
  endfacet
  facet normal -0.660598 -0.75074 -0
    outer loop
      vertex 3.21538 6.70749 0.6
      vertex 3.17557 6.74252 0
      vertex 3.21538 6.70749 0
    endloop
  endfacet
  facet normal -0.614484 -0.78893 0
    outer loop
      vertex 3.13333 6.77542 0
      vertex 3.17557 6.74252 0.6
      vertex 3.13333 6.77542 0.6
    endloop
  endfacet
  facet normal -0.614484 -0.78893 -0
    outer loop
      vertex 3.17557 6.74252 0.6
      vertex 3.13333 6.77542 0
      vertex 3.17557 6.74252 0
    endloop
  endfacet
  facet normal -0.570145 -0.821544 0
    outer loop
      vertex 3.08905 6.80615 0
      vertex 3.13333 6.77542 0.6
      vertex 3.08905 6.80615 0.6
    endloop
  endfacet
  facet normal -0.570145 -0.821544 -0
    outer loop
      vertex 3.13333 6.77542 0.6
      vertex 3.08905 6.80615 0
      vertex 3.13333 6.77542 0
    endloop
  endfacet
  facet normal -0.527786 -0.849377 0
    outer loop
      vertex 3.04312 6.83469 0
      vertex 3.08905 6.80615 0.6
      vertex 3.04312 6.83469 0.6
    endloop
  endfacet
  facet normal -0.527786 -0.849377 -0
    outer loop
      vertex 3.08905 6.80615 0.6
      vertex 3.04312 6.83469 0
      vertex 3.08905 6.80615 0
    endloop
  endfacet
  facet normal -0.48369 -0.875239 0
    outer loop
      vertex 2.99553 6.86099 0
      vertex 3.04312 6.83469 0.6
      vertex 2.99553 6.86099 0.6
    endloop
  endfacet
  facet normal -0.48369 -0.875239 -0
    outer loop
      vertex 3.04312 6.83469 0.6
      vertex 2.99553 6.86099 0
      vertex 3.04312 6.83469 0
    endloop
  endfacet
  facet normal -0.439612 -0.898188 0
    outer loop
      vertex 2.94627 6.8851 0
      vertex 2.99553 6.86099 0.6
      vertex 2.94627 6.8851 0.6
    endloop
  endfacet
  facet normal -0.439612 -0.898188 -0
    outer loop
      vertex 2.99553 6.86099 0.6
      vertex 2.94627 6.8851 0
      vertex 2.99553 6.86099 0
    endloop
  endfacet
  facet normal -0.395226 -0.918584 0
    outer loop
      vertex 2.89537 6.907 0
      vertex 2.94627 6.8851 0.6
      vertex 2.89537 6.907 0.6
    endloop
  endfacet
  facet normal -0.395226 -0.918584 -0
    outer loop
      vertex 2.94627 6.8851 0.6
      vertex 2.89537 6.907 0
      vertex 2.94627 6.8851 0
    endloop
  endfacet
  facet normal -0.35044 -0.936585 0
    outer loop
      vertex 2.8428 6.92667 0
      vertex 2.89537 6.907 0.6
      vertex 2.8428 6.92667 0.6
    endloop
  endfacet
  facet normal -0.35044 -0.936585 -0
    outer loop
      vertex 2.89537 6.907 0.6
      vertex 2.8428 6.92667 0
      vertex 2.89537 6.907 0
    endloop
  endfacet
  facet normal -0.306628 -0.951829 0
    outer loop
      vertex 2.78857 6.94414 0
      vertex 2.8428 6.92667 0.6
      vertex 2.78857 6.94414 0.6
    endloop
  endfacet
  facet normal -0.306628 -0.951829 -0
    outer loop
      vertex 2.8428 6.92667 0.6
      vertex 2.78857 6.94414 0
      vertex 2.8428 6.92667 0
    endloop
  endfacet
  facet normal -0.265644 -0.964071 0
    outer loop
      vertex 2.73337 6.95935 0
      vertex 2.78857 6.94414 0.6
      vertex 2.73337 6.95935 0.6
    endloop
  endfacet
  facet normal -0.265644 -0.964071 -0
    outer loop
      vertex 2.78857 6.94414 0.6
      vertex 2.73337 6.95935 0
      vertex 2.78857 6.94414 0
    endloop
  endfacet
  facet normal -0.225693 -0.974199 0
    outer loop
      vertex 2.67786 6.97221 0
      vertex 2.73337 6.95935 0.6
      vertex 2.67786 6.97221 0.6
    endloop
  endfacet
  facet normal -0.225693 -0.974199 -0
    outer loop
      vertex 2.73337 6.95935 0.6
      vertex 2.67786 6.97221 0
      vertex 2.73337 6.95935 0
    endloop
  endfacet
  facet normal -0.185267 -0.982688 0
    outer loop
      vertex 2.62206 6.98273 0
      vertex 2.67786 6.97221 0.6
      vertex 2.62206 6.98273 0.6
    endloop
  endfacet
  facet normal -0.185267 -0.982688 -0
    outer loop
      vertex 2.67786 6.97221 0.6
      vertex 2.62206 6.98273 0
      vertex 2.67786 6.97221 0
    endloop
  endfacet
  facet normal -0.144433 -0.989515 0
    outer loop
      vertex 2.56595 6.99092 0
      vertex 2.62206 6.98273 0.6
      vertex 2.56595 6.99092 0.6
    endloop
  endfacet
  facet normal -0.144433 -0.989515 -0
    outer loop
      vertex 2.62206 6.98273 0.6
      vertex 2.56595 6.99092 0
      vertex 2.62206 6.98273 0
    endloop
  endfacet
  facet normal -0.10317 -0.994664 0
    outer loop
      vertex 2.50955 6.99677 0
      vertex 2.56595 6.99092 0.6
      vertex 2.50955 6.99677 0.6
    endloop
  endfacet
  facet normal -0.10317 -0.994664 -0
    outer loop
      vertex 2.56595 6.99092 0.6
      vertex 2.50955 6.99677 0
      vertex 2.56595 6.99092 0
    endloop
  endfacet
  facet normal -0.0616328 -0.998099 0
    outer loop
      vertex 2.45287 7.00027 0
      vertex 2.50955 6.99677 0.6
      vertex 2.45287 7.00027 0.6
    endloop
  endfacet
  facet normal -0.0616328 -0.998099 -0
    outer loop
      vertex 2.50955 6.99677 0.6
      vertex 2.45287 7.00027 0
      vertex 2.50955 6.99677 0
    endloop
  endfacet
  facet normal -0.0206973 -0.999786 0
    outer loop
      vertex 2.39587 7.00145 0
      vertex 2.45287 7.00027 0.6
      vertex 2.39587 7.00145 0.6
    endloop
  endfacet
  facet normal -0.0206973 -0.999786 -0
    outer loop
      vertex 2.45287 7.00027 0.6
      vertex 2.39587 7.00145 0
      vertex 2.45287 7.00027 0
    endloop
  endfacet
  facet normal 0.0229509 -0.999737 0
    outer loop
      vertex 2.32661 6.99986 0
      vertex 2.39587 7.00145 0.6
      vertex 2.32661 6.99986 0.6
    endloop
  endfacet
  facet normal 0.0229509 -0.999737 0
    outer loop
      vertex 2.39587 7.00145 0.6
      vertex 2.32661 6.99986 0
      vertex 2.39587 7.00145 0
    endloop
  endfacet
  facet normal 0.0686171 -0.997643 0
    outer loop
      vertex 2.25813 6.99515 0
      vertex 2.32661 6.99986 0.6
      vertex 2.25813 6.99515 0.6
    endloop
  endfacet
  facet normal 0.0686171 -0.997643 0
    outer loop
      vertex 2.32661 6.99986 0.6
      vertex 2.25813 6.99515 0
      vertex 2.32661 6.99986 0
    endloop
  endfacet
  facet normal 0.115292 -0.993332 0
    outer loop
      vertex 2.19041 6.98729 0
      vertex 2.25813 6.99515 0.6
      vertex 2.19041 6.98729 0.6
    endloop
  endfacet
  facet normal 0.115292 -0.993332 0
    outer loop
      vertex 2.25813 6.99515 0.6
      vertex 2.19041 6.98729 0
      vertex 2.25813 6.99515 0
    endloop
  endfacet
  facet normal 0.162415 -0.986723 0
    outer loop
      vertex 2.12346 6.97627 0
      vertex 2.19041 6.98729 0.6
      vertex 2.12346 6.97627 0.6
    endloop
  endfacet
  facet normal 0.162415 -0.986723 0
    outer loop
      vertex 2.19041 6.98729 0.6
      vertex 2.12346 6.97627 0
      vertex 2.19041 6.98729 0
    endloop
  endfacet
  facet normal 0.208914 -0.977934 0
    outer loop
      vertex 2.05727 6.96213 0
      vertex 2.12346 6.97627 0.6
      vertex 2.05727 6.96213 0.6
    endloop
  endfacet
  facet normal 0.208914 -0.977934 0
    outer loop
      vertex 2.12346 6.97627 0.6
      vertex 2.05727 6.96213 0
      vertex 2.12346 6.97627 0
    endloop
  endfacet
  facet normal 0.255759 -0.966741 0
    outer loop
      vertex 1.99184 6.94482 0
      vertex 2.05727 6.96213 0.6
      vertex 1.99184 6.94482 0.6
    endloop
  endfacet
  facet normal 0.255759 -0.966741 0
    outer loop
      vertex 2.05727 6.96213 0.6
      vertex 1.99184 6.94482 0
      vertex 2.05727 6.96213 0
    endloop
  endfacet
  facet normal 0.301456 -0.95348 0
    outer loop
      vertex 1.92719 6.92438 0
      vertex 1.99184 6.94482 0.6
      vertex 1.92719 6.92438 0.6
    endloop
  endfacet
  facet normal 0.301456 -0.95348 0
    outer loop
      vertex 1.99184 6.94482 0.6
      vertex 1.92719 6.92438 0
      vertex 1.99184 6.94482 0
    endloop
  endfacet
  facet normal 0.344071 -0.938944 0
    outer loop
      vertex 1.86276 6.90077 0
      vertex 1.92719 6.92438 0.6
      vertex 1.86276 6.90077 0.6
    endloop
  endfacet
  facet normal 0.344071 -0.938944 0
    outer loop
      vertex 1.92719 6.92438 0.6
      vertex 1.86276 6.90077 0
      vertex 1.92719 6.92438 0
    endloop
  endfacet
  facet normal 0.382036 -0.924147 0
    outer loop
      vertex 1.7981 6.87404 0
      vertex 1.86276 6.90077 0.6
      vertex 1.7981 6.87404 0.6
    endloop
  endfacet
  facet normal 0.382036 -0.924147 0
    outer loop
      vertex 1.86276 6.90077 0.6
      vertex 1.7981 6.87404 0
      vertex 1.86276 6.90077 0
    endloop
  endfacet
  facet normal 0.418215 -0.908348 0
    outer loop
      vertex 1.73318 6.84415 0
      vertex 1.7981 6.87404 0.6
      vertex 1.73318 6.84415 0.6
    endloop
  endfacet
  facet normal 0.418215 -0.908348 0
    outer loop
      vertex 1.7981 6.87404 0.6
      vertex 1.73318 6.84415 0
      vertex 1.7981 6.87404 0
    endloop
  endfacet
  facet normal 0.452133 -0.89195 0
    outer loop
      vertex 1.668 6.81111 0
      vertex 1.73318 6.84415 0.6
      vertex 1.668 6.81111 0.6
    endloop
  endfacet
  facet normal 0.452133 -0.89195 0
    outer loop
      vertex 1.73318 6.84415 0.6
      vertex 1.668 6.81111 0
      vertex 1.73318 6.84415 0
    endloop
  endfacet
  facet normal 0.483904 -0.875121 0
    outer loop
      vertex 1.60257 6.77493 0
      vertex 1.668 6.81111 0.6
      vertex 1.60257 6.77493 0.6
    endloop
  endfacet
  facet normal 0.483904 -0.875121 0
    outer loop
      vertex 1.668 6.81111 0.6
      vertex 1.60257 6.77493 0
      vertex 1.668 6.81111 0
    endloop
  endfacet
  facet normal 0.513593 -0.858034 0
    outer loop
      vertex 1.53688 6.73561 0
      vertex 1.60257 6.77493 0.6
      vertex 1.53688 6.73561 0.6
    endloop
  endfacet
  facet normal 0.513593 -0.858034 0
    outer loop
      vertex 1.60257 6.77493 0.6
      vertex 1.53688 6.73561 0
      vertex 1.60257 6.77493 0
    endloop
  endfacet
  facet normal 0.541627 -0.840619 0
    outer loop
      vertex 1.47095 6.69313 0
      vertex 1.53688 6.73561 0.6
      vertex 1.47095 6.69313 0.6
    endloop
  endfacet
  facet normal 0.541627 -0.840619 0
    outer loop
      vertex 1.53688 6.73561 0.6
      vertex 1.47095 6.69313 0
      vertex 1.53688 6.73561 0
    endloop
  endfacet
  facet normal 0.78647 0.617629 0
    outer loop
      vertex 1.78342 6.29524 0.6
      vertex 1.47095 6.69313 0
      vertex 1.47095 6.69313 0.6
    endloop
  endfacet
  facet normal 0.78647 0.617629 0
    outer loop
      vertex 1.47095 6.69313 0
      vertex 1.78342 6.29524 0.6
      vertex 1.78342 6.29524 0
    endloop
  endfacet
  facet normal -0.503593 0.863941 0
    outer loop
      vertex 1.81044 6.31099 0
      vertex 1.78342 6.29524 0.6
      vertex 1.81044 6.31099 0.6
    endloop
  endfacet
  facet normal -0.503593 0.863941 0
    outer loop
      vertex 1.78342 6.29524 0.6
      vertex 1.81044 6.31099 0
      vertex 1.78342 6.29524 0
    endloop
  endfacet
  facet normal -0.498552 0.86686 0
    outer loop
      vertex 1.83673 6.32611 0
      vertex 1.81044 6.31099 0.6
      vertex 1.83673 6.32611 0.6
    endloop
  endfacet
  facet normal -0.498552 0.86686 0
    outer loop
      vertex 1.81044 6.31099 0.6
      vertex 1.83673 6.32611 0
      vertex 1.81044 6.31099 0
    endloop
  endfacet
  facet normal -0.492764 0.870163 0
    outer loop
      vertex 1.8623 6.34059 0
      vertex 1.83673 6.32611 0.6
      vertex 1.8623 6.34059 0.6
    endloop
  endfacet
  facet normal -0.492764 0.870163 0
    outer loop
      vertex 1.83673 6.32611 0.6
      vertex 1.8623 6.34059 0
      vertex 1.83673 6.32611 0
    endloop
  endfacet
  facet normal -0.486568 0.873643 0
    outer loop
      vertex 1.88715 6.35443 0
      vertex 1.8623 6.34059 0.6
      vertex 1.88715 6.35443 0.6
    endloop
  endfacet
  facet normal -0.486568 0.873643 0
    outer loop
      vertex 1.8623 6.34059 0.6
      vertex 1.88715 6.35443 0
      vertex 1.8623 6.34059 0
    endloop
  endfacet
  facet normal -0.479769 0.877395 0
    outer loop
      vertex 1.91129 6.36763 0
      vertex 1.88715 6.35443 0.6
      vertex 1.91129 6.36763 0.6
    endloop
  endfacet
  facet normal -0.479769 0.877395 0
    outer loop
      vertex 1.88715 6.35443 0.6
      vertex 1.91129 6.36763 0
      vertex 1.88715 6.35443 0
    endloop
  endfacet
  facet normal -0.473089 0.881015 0
    outer loop
      vertex 1.93468 6.38019 0
      vertex 1.91129 6.36763 0.6
      vertex 1.93468 6.38019 0.6
    endloop
  endfacet
  facet normal -0.473089 0.881015 0
    outer loop
      vertex 1.91129 6.36763 0.6
      vertex 1.93468 6.38019 0
      vertex 1.91129 6.36763 0
    endloop
  endfacet
  facet normal -0.465071 0.885273 0
    outer loop
      vertex 1.95737 6.39211 0
      vertex 1.93468 6.38019 0.6
      vertex 1.95737 6.39211 0.6
    endloop
  endfacet
  facet normal -0.465071 0.885273 0
    outer loop
      vertex 1.93468 6.38019 0.6
      vertex 1.95737 6.39211 0
      vertex 1.93468 6.38019 0
    endloop
  endfacet
  facet normal -0.457175 0.889377 0
    outer loop
      vertex 1.97945 6.40346 0
      vertex 1.95737 6.39211 0.6
      vertex 1.97945 6.40346 0.6
    endloop
  endfacet
  facet normal -0.457175 0.889377 0
    outer loop
      vertex 1.95737 6.39211 0.6
      vertex 1.97945 6.40346 0
      vertex 1.95737 6.39211 0
    endloop
  endfacet
  facet normal -0.448536 0.893765 0
    outer loop
      vertex 2.00107 6.41431 0
      vertex 1.97945 6.40346 0.6
      vertex 2.00107 6.41431 0.6
    endloop
  endfacet
  facet normal -0.448536 0.893765 0
    outer loop
      vertex 1.97945 6.40346 0.6
      vertex 2.00107 6.41431 0
      vertex 1.97945 6.40346 0
    endloop
  endfacet
  facet normal -0.438867 0.898552 0
    outer loop
      vertex 2.02222 6.42464 0
      vertex 2.00107 6.41431 0.6
      vertex 2.02222 6.42464 0.6
    endloop
  endfacet
  facet normal -0.438867 0.898552 0
    outer loop
      vertex 2.00107 6.41431 0.6
      vertex 2.02222 6.42464 0
      vertex 2.00107 6.41431 0
    endloop
  endfacet
  facet normal -0.428424 0.903578 0
    outer loop
      vertex 2.04291 6.43445 0
      vertex 2.02222 6.42464 0.6
      vertex 2.04291 6.43445 0.6
    endloop
  endfacet
  facet normal -0.428424 0.903578 0
    outer loop
      vertex 2.02222 6.42464 0.6
      vertex 2.04291 6.43445 0
      vertex 2.02222 6.42464 0
    endloop
  endfacet
  facet normal -0.418573 0.908183 0
    outer loop
      vertex 2.06311 6.44376 0
      vertex 2.04291 6.43445 0.6
      vertex 2.06311 6.44376 0.6
    endloop
  endfacet
  facet normal -0.418573 0.908183 0
    outer loop
      vertex 2.04291 6.43445 0.6
      vertex 2.06311 6.44376 0
      vertex 2.04291 6.43445 0
    endloop
  endfacet
  facet normal -0.406825 0.913506 0
    outer loop
      vertex 2.08287 6.45256 0
      vertex 2.06311 6.44376 0.6
      vertex 2.08287 6.45256 0.6
    endloop
  endfacet
  facet normal -0.406825 0.913506 0
    outer loop
      vertex 2.06311 6.44376 0.6
      vertex 2.08287 6.45256 0
      vertex 2.06311 6.44376 0
    endloop
  endfacet
  facet normal -0.395185 0.918602 0
    outer loop
      vertex 2.10214 6.46085 0
      vertex 2.08287 6.45256 0.6
      vertex 2.10214 6.46085 0.6
    endloop
  endfacet
  facet normal -0.395185 0.918602 0
    outer loop
      vertex 2.08287 6.45256 0.6
      vertex 2.10214 6.46085 0
      vertex 2.08287 6.45256 0
    endloop
  endfacet
  facet normal -0.378728 0.925508 0
    outer loop
      vertex 2.12103 6.46858 0
      vertex 2.10214 6.46085 0.6
      vertex 2.12103 6.46858 0.6
    endloop
  endfacet
  facet normal -0.378728 0.925508 0
    outer loop
      vertex 2.10214 6.46085 0.6
      vertex 2.12103 6.46858 0
      vertex 2.10214 6.46085 0
    endloop
  endfacet
  facet normal -0.358374 0.933578 0
    outer loop
      vertex 2.13963 6.47572 0
      vertex 2.12103 6.46858 0.6
      vertex 2.13963 6.47572 0.6
    endloop
  endfacet
  facet normal -0.358374 0.933578 0
    outer loop
      vertex 2.12103 6.46858 0.6
      vertex 2.13963 6.47572 0
      vertex 2.12103 6.46858 0
    endloop
  endfacet
  facet normal -0.337281 0.941404 0
    outer loop
      vertex 2.15794 6.48228 0
      vertex 2.13963 6.47572 0.6
      vertex 2.15794 6.48228 0.6
    endloop
  endfacet
  facet normal -0.337281 0.941404 0
    outer loop
      vertex 2.13963 6.47572 0.6
      vertex 2.15794 6.48228 0
      vertex 2.13963 6.47572 0
    endloop
  endfacet
  facet normal -0.314171 0.949366 0
    outer loop
      vertex 2.17595 6.48824 0
      vertex 2.15794 6.48228 0.6
      vertex 2.17595 6.48824 0.6
    endloop
  endfacet
  facet normal -0.314171 0.949366 0
    outer loop
      vertex 2.15794 6.48228 0.6
      vertex 2.17595 6.48824 0
      vertex 2.15794 6.48228 0
    endloop
  endfacet
  facet normal -0.289332 0.957229 0
    outer loop
      vertex 2.19365 6.49359 0
      vertex 2.17595 6.48824 0.6
      vertex 2.19365 6.49359 0.6
    endloop
  endfacet
  facet normal -0.289332 0.957229 0
    outer loop
      vertex 2.17595 6.48824 0.6
      vertex 2.19365 6.49359 0
      vertex 2.17595 6.48824 0
    endloop
  endfacet
  facet normal -0.263727 0.964597 0
    outer loop
      vertex 2.21106 6.49835 0
      vertex 2.19365 6.49359 0.6
      vertex 2.21106 6.49835 0.6
    endloop
  endfacet
  facet normal -0.263727 0.964597 0
    outer loop
      vertex 2.19365 6.49359 0.6
      vertex 2.21106 6.49835 0
      vertex 2.19365 6.49359 0
    endloop
  endfacet
  facet normal -0.236656 0.971594 0
    outer loop
      vertex 2.22818 6.50252 0
      vertex 2.21106 6.49835 0.6
      vertex 2.22818 6.50252 0.6
    endloop
  endfacet
  facet normal -0.236656 0.971594 0
    outer loop
      vertex 2.21106 6.49835 0.6
      vertex 2.22818 6.50252 0
      vertex 2.21106 6.49835 0
    endloop
  endfacet
  facet normal -0.206767 0.97839 0
    outer loop
      vertex 2.24512 6.5061 0
      vertex 2.22818 6.50252 0.6
      vertex 2.24512 6.5061 0.6
    endloop
  endfacet
  facet normal -0.206767 0.97839 0
    outer loop
      vertex 2.22818 6.50252 0.6
      vertex 2.24512 6.5061 0
      vertex 2.22818 6.50252 0
    endloop
  endfacet
  facet normal -0.17827 0.983982 0
    outer loop
      vertex 2.26201 6.50916 0
      vertex 2.24512 6.5061 0.6
      vertex 2.26201 6.50916 0.6
    endloop
  endfacet
  facet normal -0.17827 0.983982 0
    outer loop
      vertex 2.24512 6.5061 0.6
      vertex 2.26201 6.50916 0
      vertex 2.24512 6.5061 0
    endloop
  endfacet
  facet normal -0.145528 0.989354 0
    outer loop
      vertex 2.27887 6.51164 0
      vertex 2.26201 6.50916 0.6
      vertex 2.27887 6.51164 0.6
    endloop
  endfacet
  facet normal -0.145528 0.989354 0
    outer loop
      vertex 2.26201 6.50916 0.6
      vertex 2.27887 6.51164 0
      vertex 2.26201 6.50916 0
    endloop
  endfacet
  facet normal -0.114647 0.993406 0
    outer loop
      vertex 2.29568 6.51358 0
      vertex 2.27887 6.51164 0.6
      vertex 2.29568 6.51358 0.6
    endloop
  endfacet
  facet normal -0.114647 0.993406 0
    outer loop
      vertex 2.27887 6.51164 0.6
      vertex 2.29568 6.51358 0
      vertex 2.27887 6.51164 0
    endloop
  endfacet
  facet normal -0.0826028 0.996583 0
    outer loop
      vertex 2.31245 6.51497 0
      vertex 2.29568 6.51358 0.6
      vertex 2.31245 6.51497 0.6
    endloop
  endfacet
  facet normal -0.0826028 0.996583 0
    outer loop
      vertex 2.29568 6.51358 0.6
      vertex 2.31245 6.51497 0
      vertex 2.29568 6.51358 0
    endloop
  endfacet
  facet normal -0.048955 0.998801 0
    outer loop
      vertex 2.32918 6.51579 0
      vertex 2.31245 6.51497 0.6
      vertex 2.32918 6.51579 0.6
    endloop
  endfacet
  facet normal -0.048955 0.998801 0
    outer loop
      vertex 2.31245 6.51497 0.6
      vertex 2.32918 6.51579 0
      vertex 2.31245 6.51497 0
    endloop
  endfacet
  facet normal -0.0167842 0.999859 0
    outer loop
      vertex 2.34586 6.51607 0
      vertex 2.32918 6.51579 0.6
      vertex 2.34586 6.51607 0.6
    endloop
  endfacet
  facet normal -0.0167842 0.999859 0
    outer loop
      vertex 2.32918 6.51579 0.6
      vertex 2.34586 6.51607 0
      vertex 2.32918 6.51579 0
    endloop
  endfacet
  facet normal 0.0159433 0.999873 -0
    outer loop
      vertex 2.36781 6.51572 0
      vertex 2.34586 6.51607 0.6
      vertex 2.36781 6.51572 0.6
    endloop
  endfacet
  facet normal 0.0159433 0.999873 0
    outer loop
      vertex 2.34586 6.51607 0.6
      vertex 2.36781 6.51572 0
      vertex 2.34586 6.51607 0
    endloop
  endfacet
  facet normal 0.050487 0.998725 -0
    outer loop
      vertex 2.38957 6.51462 0
      vertex 2.36781 6.51572 0.6
      vertex 2.38957 6.51462 0.6
    endloop
  endfacet
  facet normal 0.050487 0.998725 0
    outer loop
      vertex 2.36781 6.51572 0.6
      vertex 2.38957 6.51462 0
      vertex 2.36781 6.51572 0
    endloop
  endfacet
  facet normal 0.0830073 0.996549 -0
    outer loop
      vertex 2.41118 6.51282 0
      vertex 2.38957 6.51462 0.6
      vertex 2.41118 6.51282 0.6
    endloop
  endfacet
  facet normal 0.0830073 0.996549 0
    outer loop
      vertex 2.38957 6.51462 0.6
      vertex 2.41118 6.51282 0
      vertex 2.38957 6.51462 0
    endloop
  endfacet
  facet normal 0.117647 0.993055 -0
    outer loop
      vertex 2.43262 6.51028 0
      vertex 2.41118 6.51282 0.6
      vertex 2.43262 6.51028 0.6
    endloop
  endfacet
  facet normal 0.117647 0.993055 0
    outer loop
      vertex 2.41118 6.51282 0.6
      vertex 2.43262 6.51028 0
      vertex 2.41118 6.51282 0
    endloop
  endfacet
  facet normal 0.151638 0.988436 -0
    outer loop
      vertex 2.45387 6.50702 0
      vertex 2.43262 6.51028 0.6
      vertex 2.45387 6.50702 0.6
    endloop
  endfacet
  facet normal 0.151638 0.988436 0
    outer loop
      vertex 2.43262 6.51028 0.6
      vertex 2.45387 6.50702 0
      vertex 2.43262 6.51028 0
    endloop
  endfacet
  facet normal 0.184823 0.982772 -0
    outer loop
      vertex 2.47498 6.50305 0
      vertex 2.45387 6.50702 0.6
      vertex 2.47498 6.50305 0.6
    endloop
  endfacet
  facet normal 0.184823 0.982772 0
    outer loop
      vertex 2.45387 6.50702 0.6
      vertex 2.47498 6.50305 0
      vertex 2.45387 6.50702 0
    endloop
  endfacet
  facet normal 0.219645 0.97558 -0
    outer loop
      vertex 2.4959 6.49834 0
      vertex 2.47498 6.50305 0.6
      vertex 2.4959 6.49834 0.6
    endloop
  endfacet
  facet normal 0.219645 0.97558 0
    outer loop
      vertex 2.47498 6.50305 0.6
      vertex 2.4959 6.49834 0
      vertex 2.47498 6.50305 0
    endloop
  endfacet
  facet normal 0.258367 0.966047 -0
    outer loop
      vertex 2.51639 6.49286 0
      vertex 2.4959 6.49834 0.6
      vertex 2.51639 6.49286 0.6
    endloop
  endfacet
  facet normal 0.258367 0.966047 0
    outer loop
      vertex 2.4959 6.49834 0.6
      vertex 2.51639 6.49286 0
      vertex 2.4959 6.49834 0
    endloop
  endfacet
  facet normal 0.304514 0.952508 -0
    outer loop
      vertex 2.53619 6.48653 0
      vertex 2.51639 6.49286 0.6
      vertex 2.53619 6.48653 0.6
    endloop
  endfacet
  facet normal 0.304514 0.952508 0
    outer loop
      vertex 2.51639 6.49286 0.6
      vertex 2.53619 6.48653 0
      vertex 2.51639 6.49286 0
    endloop
  endfacet
  facet normal 0.351982 0.936007 -0
    outer loop
      vertex 2.55531 6.47934 0
      vertex 2.53619 6.48653 0.6
      vertex 2.55531 6.47934 0.6
    endloop
  endfacet
  facet normal 0.351982 0.936007 0
    outer loop
      vertex 2.53619 6.48653 0.6
      vertex 2.55531 6.47934 0
      vertex 2.53619 6.48653 0
    endloop
  endfacet
  facet normal 0.399125 0.916896 -0
    outer loop
      vertex 2.57378 6.4713 0
      vertex 2.55531 6.47934 0.6
      vertex 2.57378 6.4713 0.6
    endloop
  endfacet
  facet normal 0.399125 0.916896 0
    outer loop
      vertex 2.55531 6.47934 0.6
      vertex 2.57378 6.4713 0
      vertex 2.55531 6.47934 0
    endloop
  endfacet
  facet normal 0.447214 0.894427 -0
    outer loop
      vertex 2.59154 6.46242 0
      vertex 2.57378 6.4713 0.6
      vertex 2.59154 6.46242 0.6
    endloop
  endfacet
  facet normal 0.447214 0.894427 0
    outer loop
      vertex 2.57378 6.4713 0.6
      vertex 2.59154 6.46242 0
      vertex 2.57378 6.4713 0
    endloop
  endfacet
  facet normal 0.495153 0.868806 -0
    outer loop
      vertex 2.60863 6.45268 0
      vertex 2.59154 6.46242 0.6
      vertex 2.60863 6.45268 0.6
    endloop
  endfacet
  facet normal 0.495153 0.868806 0
    outer loop
      vertex 2.59154 6.46242 0.6
      vertex 2.60863 6.45268 0
      vertex 2.59154 6.46242 0
    endloop
  endfacet
  facet normal 0.541999 0.840379 -0
    outer loop
      vertex 2.62505 6.44209 0
      vertex 2.60863 6.45268 0.6
      vertex 2.62505 6.44209 0.6
    endloop
  endfacet
  facet normal 0.541999 0.840379 0
    outer loop
      vertex 2.60863 6.45268 0.6
      vertex 2.62505 6.44209 0
      vertex 2.60863 6.45268 0
    endloop
  endfacet
  facet normal 0.593797 0.804615 -0
    outer loop
      vertex 2.64066 6.43057 0
      vertex 2.62505 6.44209 0.6
      vertex 2.64066 6.43057 0.6
    endloop
  endfacet
  facet normal 0.593797 0.804615 0
    outer loop
      vertex 2.62505 6.44209 0.6
      vertex 2.64066 6.43057 0
      vertex 2.62505 6.44209 0
    endloop
  endfacet
  facet normal 0.647889 0.761735 -0
    outer loop
      vertex 2.65538 6.41805 0
      vertex 2.64066 6.43057 0.6
      vertex 2.65538 6.41805 0.6
    endloop
  endfacet
  facet normal 0.647889 0.761735 0
    outer loop
      vertex 2.64066 6.43057 0.6
      vertex 2.65538 6.41805 0
      vertex 2.64066 6.43057 0
    endloop
  endfacet
  facet normal 0.700108 0.714037 -0
    outer loop
      vertex 2.66922 6.40448 0
      vertex 2.65538 6.41805 0.6
      vertex 2.66922 6.40448 0.6
    endloop
  endfacet
  facet normal 0.700108 0.714037 0
    outer loop
      vertex 2.65538 6.41805 0.6
      vertex 2.66922 6.40448 0
      vertex 2.65538 6.41805 0
    endloop
  endfacet
  facet normal 0.748144 0.663536 0
    outer loop
      vertex 2.68216 6.38989 0.6
      vertex 2.66922 6.40448 0
      vertex 2.66922 6.40448 0.6
    endloop
  endfacet
  facet normal 0.748144 0.663536 0
    outer loop
      vertex 2.66922 6.40448 0
      vertex 2.68216 6.38989 0.6
      vertex 2.68216 6.38989 0
    endloop
  endfacet
  facet normal 0.791207 0.611549 0
    outer loop
      vertex 2.69421 6.3743 0.6
      vertex 2.68216 6.38989 0
      vertex 2.68216 6.38989 0.6
    endloop
  endfacet
  facet normal 0.791207 0.611549 0
    outer loop
      vertex 2.68216 6.38989 0
      vertex 2.69421 6.3743 0.6
      vertex 2.69421 6.3743 0
    endloop
  endfacet
  facet normal 0.830201 0.557464 0
    outer loop
      vertex 2.70537 6.35768 0.6
      vertex 2.69421 6.3743 0
      vertex 2.69421 6.3743 0.6
    endloop
  endfacet
  facet normal 0.830201 0.557464 0
    outer loop
      vertex 2.69421 6.3743 0
      vertex 2.70537 6.35768 0.6
      vertex 2.70537 6.35768 0
    endloop
  endfacet
  facet normal 0.864329 0.502927 0
    outer loop
      vertex 2.71564 6.34003 0.6
      vertex 2.70537 6.35768 0
      vertex 2.70537 6.35768 0.6
    endloop
  endfacet
  facet normal 0.864329 0.502927 0
    outer loop
      vertex 2.70537 6.35768 0
      vertex 2.71564 6.34003 0.6
      vertex 2.71564 6.34003 0
    endloop
  endfacet
  facet normal 0.899082 0.43778 0
    outer loop
      vertex 2.72476 6.3213 0.6
      vertex 2.71564 6.34003 0
      vertex 2.71564 6.34003 0.6
    endloop
  endfacet
  facet normal 0.899082 0.43778 0
    outer loop
      vertex 2.71564 6.34003 0
      vertex 2.72476 6.3213 0.6
      vertex 2.72476 6.3213 0
    endloop
  endfacet
  facet normal 0.932181 0.361994 0
    outer loop
      vertex 2.73248 6.30142 0.6
      vertex 2.72476 6.3213 0
      vertex 2.72476 6.3213 0.6
    endloop
  endfacet
  facet normal 0.932181 0.361994 0
    outer loop
      vertex 2.72476 6.3213 0
      vertex 2.73248 6.30142 0.6
      vertex 2.73248 6.30142 0
    endloop
  endfacet
  facet normal 0.957613 0.288059 0
    outer loop
      vertex 2.7388 6.28041 0.6
      vertex 2.73248 6.30142 0
      vertex 2.73248 6.30142 0.6
    endloop
  endfacet
  facet normal 0.957613 0.288059 0
    outer loop
      vertex 2.73248 6.30142 0
      vertex 2.7388 6.28041 0.6
      vertex 2.7388 6.28041 0
    endloop
  endfacet
  facet normal 0.976342 0.216231 0
    outer loop
      vertex 2.74371 6.25824 0.6
      vertex 2.7388 6.28041 0
      vertex 2.7388 6.28041 0.6
    endloop
  endfacet
  facet normal 0.976342 0.216231 0
    outer loop
      vertex 2.7388 6.28041 0
      vertex 2.74371 6.25824 0.6
      vertex 2.74371 6.25824 0
    endloop
  endfacet
  facet normal 0.988862 0.148838 0
    outer loop
      vertex 2.74722 6.23492 0.6
      vertex 2.74371 6.25824 0
      vertex 2.74371 6.25824 0.6
    endloop
  endfacet
  facet normal 0.988862 0.148838 0
    outer loop
      vertex 2.74371 6.25824 0
      vertex 2.74722 6.23492 0.6
      vertex 2.74722 6.23492 0
    endloop
  endfacet
  facet normal 0.996303 0.0859092 0
    outer loop
      vertex 2.74933 6.21045 0.6
      vertex 2.74722 6.23492 0
      vertex 2.74722 6.23492 0.6
    endloop
  endfacet
  facet normal 0.996303 0.0859092 0
    outer loop
      vertex 2.74722 6.23492 0
      vertex 2.74933 6.21045 0.6
      vertex 2.74933 6.21045 0
    endloop
  endfacet
  facet normal 0.999627 0.0273229 0
    outer loop
      vertex 2.75003 6.18484 0.6
      vertex 2.74933 6.21045 0
      vertex 2.74933 6.21045 0.6
    endloop
  endfacet
  facet normal 0.999627 0.0273229 0
    outer loop
      vertex 2.74933 6.21045 0
      vertex 2.75003 6.18484 0.6
      vertex 2.75003 6.18484 0
    endloop
  endfacet
  facet normal 0.99943 -0.0337589 0
    outer loop
      vertex 2.74922 6.16086 0.6
      vertex 2.75003 6.18484 0
      vertex 2.75003 6.18484 0.6
    endloop
  endfacet
  facet normal 0.99943 -0.0337589 0
    outer loop
      vertex 2.75003 6.18484 0
      vertex 2.74922 6.16086 0.6
      vertex 2.74922 6.16086 0
    endloop
  endfacet
  facet normal 0.994567 -0.104103 0
    outer loop
      vertex 2.7468 6.13774 0.6
      vertex 2.74922 6.16086 0
      vertex 2.74922 6.16086 0.6
    endloop
  endfacet
  facet normal 0.994567 -0.104103 0
    outer loop
      vertex 2.74922 6.16086 0
      vertex 2.7468 6.13774 0.6
      vertex 2.7468 6.13774 0
    endloop
  endfacet
  facet normal 0.983877 -0.178847 0
    outer loop
      vertex 2.74275 6.11546 0.6
      vertex 2.7468 6.13774 0
      vertex 2.7468 6.13774 0.6
    endloop
  endfacet
  facet normal 0.983877 -0.178847 0
    outer loop
      vertex 2.7468 6.13774 0
      vertex 2.74275 6.11546 0.6
      vertex 2.74275 6.11546 0
    endloop
  endfacet
  facet normal 0.967098 -0.254404 0
    outer loop
      vertex 2.73711 6.09402 0.6
      vertex 2.74275 6.11546 0
      vertex 2.74275 6.11546 0.6
    endloop
  endfacet
  facet normal 0.967098 -0.254404 0
    outer loop
      vertex 2.74275 6.11546 0
      vertex 2.73711 6.09402 0.6
      vertex 2.73711 6.09402 0
    endloop
  endfacet
  facet normal 0.942651 -0.333779 0
    outer loop
      vertex 2.72983 6.07346 0.6
      vertex 2.73711 6.09402 0
      vertex 2.73711 6.09402 0.6
    endloop
  endfacet
  facet normal 0.942651 -0.333779 0
    outer loop
      vertex 2.73711 6.09402 0
      vertex 2.72983 6.07346 0.6
      vertex 2.72983 6.07346 0
    endloop
  endfacet
  facet normal 0.911896 -0.410422 0
    outer loop
      vertex 2.72095 6.05373 0.6
      vertex 2.72983 6.07346 0
      vertex 2.72983 6.07346 0.6
    endloop
  endfacet
  facet normal 0.911896 -0.410422 0
    outer loop
      vertex 2.72983 6.07346 0
      vertex 2.72095 6.05373 0.6
      vertex 2.72095 6.05373 0
    endloop
  endfacet
  facet normal 0.874048 -0.485839 0
    outer loop
      vertex 2.71045 6.03484 0.6
      vertex 2.72095 6.05373 0
      vertex 2.72095 6.05373 0.6
    endloop
  endfacet
  facet normal 0.874048 -0.485839 0
    outer loop
      vertex 2.72095 6.05373 0
      vertex 2.71045 6.03484 0.6
      vertex 2.71045 6.03484 0
    endloop
  endfacet
  facet normal 0.838096 -0.545523 0
    outer loop
      vertex 2.69861 6.01665 0.6
      vertex 2.71045 6.03484 0
      vertex 2.71045 6.03484 0.6
    endloop
  endfacet
  facet normal 0.838096 -0.545523 0
    outer loop
      vertex 2.71045 6.03484 0
      vertex 2.69861 6.01665 0.6
      vertex 2.69861 6.01665 0
    endloop
  endfacet
  facet normal 0.807767 -0.589501 0
    outer loop
      vertex 2.6857 5.99896 0.6
      vertex 2.69861 6.01665 0
      vertex 2.69861 6.01665 0.6
    endloop
  endfacet
  facet normal 0.807767 -0.589501 0
    outer loop
      vertex 2.69861 6.01665 0
      vertex 2.6857 5.99896 0.6
      vertex 2.6857 5.99896 0
    endloop
  endfacet
  facet normal 0.775727 -0.631069 0
    outer loop
      vertex 2.67174 5.9818 0.6
      vertex 2.6857 5.99896 0
      vertex 2.6857 5.99896 0.6
    endloop
  endfacet
  facet normal 0.775727 -0.631069 0
    outer loop
      vertex 2.6857 5.99896 0
      vertex 2.67174 5.9818 0.6
      vertex 2.67174 5.9818 0
    endloop
  endfacet
  facet normal 0.742696 -0.669629 0
    outer loop
      vertex 2.65671 5.96513 0.6
      vertex 2.67174 5.9818 0
      vertex 2.67174 5.9818 0.6
    endloop
  endfacet
  facet normal 0.742696 -0.669629 0
    outer loop
      vertex 2.67174 5.9818 0
      vertex 2.65671 5.96513 0.6
      vertex 2.65671 5.96513 0
    endloop
  endfacet
  facet normal 0.708421 -0.70579 0
    outer loop
      vertex 2.64061 5.94897 0.6
      vertex 2.65671 5.96513 0
      vertex 2.65671 5.96513 0.6
    endloop
  endfacet
  facet normal 0.708421 -0.70579 0
    outer loop
      vertex 2.65671 5.96513 0
      vertex 2.64061 5.94897 0.6
      vertex 2.64061 5.94897 0
    endloop
  endfacet
  facet normal 0.67383 -0.738886 0
    outer loop
      vertex 2.62346 5.93333 0
      vertex 2.64061 5.94897 0.6
      vertex 2.62346 5.93333 0.6
    endloop
  endfacet
  facet normal 0.67383 -0.738886 0
    outer loop
      vertex 2.64061 5.94897 0.6
      vertex 2.62346 5.93333 0
      vertex 2.64061 5.94897 0
    endloop
  endfacet
  facet normal 0.638854 -0.769328 0
    outer loop
      vertex 2.60524 5.9182 0
      vertex 2.62346 5.93333 0.6
      vertex 2.60524 5.9182 0.6
    endloop
  endfacet
  facet normal 0.638854 -0.769328 0
    outer loop
      vertex 2.62346 5.93333 0.6
      vertex 2.60524 5.9182 0
      vertex 2.62346 5.93333 0
    endloop
  endfacet
  facet normal 0.608388 -0.79364 0
    outer loop
      vertex 2.58609 5.90352 0
      vertex 2.60524 5.9182 0.6
      vertex 2.58609 5.90352 0.6
    endloop
  endfacet
  facet normal 0.608388 -0.79364 0
    outer loop
      vertex 2.60524 5.9182 0.6
      vertex 2.58609 5.90352 0
      vertex 2.60524 5.9182 0
    endloop
  endfacet
  facet normal 0.58247 -0.812852 0
    outer loop
      vertex 2.56612 5.88921 0
      vertex 2.58609 5.90352 0.6
      vertex 2.56612 5.88921 0.6
    endloop
  endfacet
  facet normal 0.58247 -0.812852 0
    outer loop
      vertex 2.58609 5.90352 0.6
      vertex 2.56612 5.88921 0
      vertex 2.58609 5.90352 0
    endloop
  endfacet
  facet normal 0.557281 -0.830324 0
    outer loop
      vertex 2.54535 5.87527 0
      vertex 2.56612 5.88921 0.6
      vertex 2.54535 5.87527 0.6
    endloop
  endfacet
  facet normal 0.557281 -0.830324 0
    outer loop
      vertex 2.56612 5.88921 0.6
      vertex 2.54535 5.87527 0
      vertex 2.56612 5.88921 0
    endloop
  endfacet
  facet normal 0.531198 -0.847248 0
    outer loop
      vertex 2.52377 5.86174 0
      vertex 2.54535 5.87527 0.6
      vertex 2.52377 5.86174 0.6
    endloop
  endfacet
  facet normal 0.531198 -0.847248 0
    outer loop
      vertex 2.54535 5.87527 0.6
      vertex 2.52377 5.86174 0
      vertex 2.54535 5.87527 0
    endloop
  endfacet
  facet normal 0.507172 -0.861845 0
    outer loop
      vertex 2.50139 5.84857 0
      vertex 2.52377 5.86174 0.6
      vertex 2.50139 5.84857 0.6
    endloop
  endfacet
  facet normal 0.507172 -0.861845 0
    outer loop
      vertex 2.52377 5.86174 0.6
      vertex 2.50139 5.84857 0
      vertex 2.52377 5.86174 0
    endloop
  endfacet
  facet normal 0.482368 -0.875969 0
    outer loop
      vertex 2.4782 5.8358 0
      vertex 2.50139 5.84857 0.6
      vertex 2.4782 5.8358 0.6
    endloop
  endfacet
  facet normal 0.482368 -0.875969 0
    outer loop
      vertex 2.50139 5.84857 0.6
      vertex 2.4782 5.8358 0
      vertex 2.50139 5.84857 0
    endloop
  endfacet
  facet normal 0.459161 -0.888353 0
    outer loop
      vertex 2.45419 5.82339 0
      vertex 2.4782 5.8358 0.6
      vertex 2.45419 5.82339 0.6
    endloop
  endfacet
  facet normal 0.459161 -0.888353 0
    outer loop
      vertex 2.4782 5.8358 0.6
      vertex 2.45419 5.82339 0
      vertex 2.4782 5.8358 0
    endloop
  endfacet
  facet normal 0.444143 -0.895956 0
    outer loop
      vertex 2.42966 5.81123 0
      vertex 2.45419 5.82339 0.6
      vertex 2.42966 5.81123 0.6
    endloop
  endfacet
  facet normal 0.444143 -0.895956 0
    outer loop
      vertex 2.45419 5.82339 0.6
      vertex 2.42966 5.81123 0
      vertex 2.45419 5.82339 0
    endloop
  endfacet
  facet normal 0.439951 -0.898022 0
    outer loop
      vertex 2.40488 5.79909 0
      vertex 2.42966 5.81123 0.6
      vertex 2.40488 5.79909 0.6
    endloop
  endfacet
  facet normal 0.439951 -0.898022 0
    outer loop
      vertex 2.42966 5.81123 0.6
      vertex 2.40488 5.79909 0
      vertex 2.42966 5.81123 0
    endloop
  endfacet
  facet normal 0.434799 -0.900527 0
    outer loop
      vertex 2.37984 5.787 0
      vertex 2.40488 5.79909 0.6
      vertex 2.37984 5.787 0.6
    endloop
  endfacet
  facet normal 0.434799 -0.900527 0
    outer loop
      vertex 2.40488 5.79909 0.6
      vertex 2.37984 5.787 0
      vertex 2.40488 5.79909 0
    endloop
  endfacet
  facet normal 0.430003 -0.902828 0
    outer loop
      vertex 2.35454 5.77495 0
      vertex 2.37984 5.787 0.6
      vertex 2.35454 5.77495 0.6
    endloop
  endfacet
  facet normal 0.430003 -0.902828 0
    outer loop
      vertex 2.37984 5.787 0.6
      vertex 2.35454 5.77495 0
      vertex 2.37984 5.787 0
    endloop
  endfacet
  facet normal 0.425405 -0.905003 0
    outer loop
      vertex 2.32899 5.76294 0
      vertex 2.35454 5.77495 0.6
      vertex 2.32899 5.76294 0.6
    endloop
  endfacet
  facet normal 0.425405 -0.905003 0
    outer loop
      vertex 2.35454 5.77495 0.6
      vertex 2.32899 5.76294 0
      vertex 2.35454 5.77495 0
    endloop
  endfacet
  facet normal 0.421153 -0.90699 0
    outer loop
      vertex 2.30319 5.75096 0
      vertex 2.32899 5.76294 0.6
      vertex 2.30319 5.75096 0.6
    endloop
  endfacet
  facet normal 0.421153 -0.90699 0
    outer loop
      vertex 2.32899 5.76294 0.6
      vertex 2.30319 5.75096 0
      vertex 2.32899 5.76294 0
    endloop
  endfacet
  facet normal 0.415958 -0.909384 0
    outer loop
      vertex 2.27713 5.73904 0
      vertex 2.30319 5.75096 0.6
      vertex 2.27713 5.73904 0.6
    endloop
  endfacet
  facet normal 0.415958 -0.909384 0
    outer loop
      vertex 2.30319 5.75096 0.6
      vertex 2.27713 5.73904 0
      vertex 2.30319 5.75096 0
    endloop
  endfacet
  facet normal 0.418479 -0.908227 0
    outer loop
      vertex 2.24731 5.7253 0
      vertex 2.27713 5.73904 0.6
      vertex 2.24731 5.7253 0.6
    endloop
  endfacet
  facet normal 0.418479 -0.908227 0
    outer loop
      vertex 2.27713 5.73904 0.6
      vertex 2.24731 5.7253 0
      vertex 2.27713 5.73904 0
    endloop
  endfacet
  facet normal 0.420729 -0.907187 0
    outer loop
      vertex 2.21736 5.71141 0
      vertex 2.24731 5.7253 0.6
      vertex 2.21736 5.71141 0.6
    endloop
  endfacet
  facet normal 0.420729 -0.907187 0
    outer loop
      vertex 2.24731 5.7253 0.6
      vertex 2.21736 5.71141 0
      vertex 2.24731 5.7253 0
    endloop
  endfacet
  facet normal 0.422324 -0.906445 0
    outer loop
      vertex 2.18729 5.6974 0
      vertex 2.21736 5.71141 0.6
      vertex 2.18729 5.6974 0.6
    endloop
  endfacet
  facet normal 0.422324 -0.906445 0
    outer loop
      vertex 2.21736 5.71141 0.6
      vertex 2.18729 5.6974 0
      vertex 2.21736 5.71141 0
    endloop
  endfacet
  facet normal 0.423804 -0.905754 0
    outer loop
      vertex 2.15707 5.68326 0
      vertex 2.18729 5.6974 0.6
      vertex 2.15707 5.68326 0.6
    endloop
  endfacet
  facet normal 0.423804 -0.905754 0
    outer loop
      vertex 2.18729 5.6974 0.6
      vertex 2.15707 5.68326 0
      vertex 2.18729 5.6974 0
    endloop
  endfacet
  facet normal 0.425725 -0.904853 0
    outer loop
      vertex 2.12674 5.66899 0
      vertex 2.15707 5.68326 0.6
      vertex 2.12674 5.66899 0.6
    endloop
  endfacet
  facet normal 0.425725 -0.904853 0
    outer loop
      vertex 2.15707 5.68326 0.6
      vertex 2.12674 5.66899 0
      vertex 2.15707 5.68326 0
    endloop
  endfacet
  facet normal 0.427155 -0.904179 0
    outer loop
      vertex 2.09628 5.6546 0
      vertex 2.12674 5.66899 0.6
      vertex 2.09628 5.6546 0.6
    endloop
  endfacet
  facet normal 0.427155 -0.904179 0
    outer loop
      vertex 2.12674 5.66899 0.6
      vertex 2.09628 5.6546 0
      vertex 2.12674 5.66899 0
    endloop
  endfacet
  facet normal 0.42881 -0.903395 0
    outer loop
      vertex 2.06569 5.64008 0
      vertex 2.09628 5.6546 0.6
      vertex 2.06569 5.64008 0.6
    endloop
  endfacet
  facet normal 0.42881 -0.903395 0
    outer loop
      vertex 2.09628 5.6546 0.6
      vertex 2.06569 5.64008 0
      vertex 2.09628 5.6546 0
    endloop
  endfacet
  facet normal 0.436802 -0.899558 0
    outer loop
      vertex 2.03519 5.62527 0
      vertex 2.06569 5.64008 0.6
      vertex 2.03519 5.62527 0.6
    endloop
  endfacet
  facet normal 0.436802 -0.899558 0
    outer loop
      vertex 2.06569 5.64008 0.6
      vertex 2.03519 5.62527 0
      vertex 2.06569 5.64008 0
    endloop
  endfacet
  facet normal 0.449814 -0.893122 0
    outer loop
      vertex 2.00499 5.61006 0
      vertex 2.03519 5.62527 0.6
      vertex 2.00499 5.61006 0.6
    endloop
  endfacet
  facet normal 0.449814 -0.893122 0
    outer loop
      vertex 2.03519 5.62527 0.6
      vertex 2.00499 5.61006 0
      vertex 2.03519 5.62527 0
    endloop
  endfacet
  facet normal 0.463376 -0.886162 0
    outer loop
      vertex 1.97508 5.59442 0
      vertex 2.00499 5.61006 0.6
      vertex 1.97508 5.59442 0.6
    endloop
  endfacet
  facet normal 0.463376 -0.886162 0
    outer loop
      vertex 2.00499 5.61006 0.6
      vertex 1.97508 5.59442 0
      vertex 2.00499 5.61006 0
    endloop
  endfacet
  facet normal 0.477229 -0.878779 0
    outer loop
      vertex 1.94547 5.57834 0
      vertex 1.97508 5.59442 0.6
      vertex 1.94547 5.57834 0.6
    endloop
  endfacet
  facet normal 0.477229 -0.878779 0
    outer loop
      vertex 1.97508 5.59442 0.6
      vertex 1.94547 5.57834 0
      vertex 1.97508 5.59442 0
    endloop
  endfacet
  facet normal 0.490431 -0.87148 0
    outer loop
      vertex 1.91615 5.56184 0
      vertex 1.94547 5.57834 0.6
      vertex 1.91615 5.56184 0.6
    endloop
  endfacet
  facet normal 0.490431 -0.87148 0
    outer loop
      vertex 1.94547 5.57834 0.6
      vertex 1.91615 5.56184 0
      vertex 1.94547 5.57834 0
    endloop
  endfacet
  facet normal 0.503945 -0.863736 0
    outer loop
      vertex 1.88715 5.54492 0
      vertex 1.91615 5.56184 0.6
      vertex 1.88715 5.54492 0.6
    endloop
  endfacet
  facet normal 0.503945 -0.863736 0
    outer loop
      vertex 1.91615 5.56184 0.6
      vertex 1.88715 5.54492 0
      vertex 1.91615 5.56184 0
    endloop
  endfacet
  facet normal 0.517079 -0.855938 0
    outer loop
      vertex 1.85843 5.52757 0
      vertex 1.88715 5.54492 0.6
      vertex 1.85843 5.52757 0.6
    endloop
  endfacet
  facet normal 0.517079 -0.855938 0
    outer loop
      vertex 1.88715 5.54492 0.6
      vertex 1.85843 5.52757 0
      vertex 1.88715 5.54492 0
    endloop
  endfacet
  facet normal 0.531933 -0.846787 0
    outer loop
      vertex 1.83011 5.50978 0
      vertex 1.85843 5.52757 0.6
      vertex 1.83011 5.50978 0.6
    endloop
  endfacet
  facet normal 0.531933 -0.846787 0
    outer loop
      vertex 1.85843 5.52757 0.6
      vertex 1.83011 5.50978 0
      vertex 1.85843 5.52757 0
    endloop
  endfacet
  facet normal 0.548512 -0.836143 0
    outer loop
      vertex 1.80229 5.49153 0
      vertex 1.83011 5.50978 0.6
      vertex 1.80229 5.49153 0.6
    endloop
  endfacet
  facet normal 0.548512 -0.836143 0
    outer loop
      vertex 1.83011 5.50978 0.6
      vertex 1.80229 5.49153 0
      vertex 1.83011 5.50978 0
    endloop
  endfacet
  facet normal 0.565939 -0.824447 0
    outer loop
      vertex 1.77499 5.47279 0
      vertex 1.80229 5.49153 0.6
      vertex 1.77499 5.47279 0.6
    endloop
  endfacet
  facet normal 0.565939 -0.824447 0
    outer loop
      vertex 1.80229 5.49153 0.6
      vertex 1.77499 5.47279 0
      vertex 1.80229 5.49153 0
    endloop
  endfacet
  facet normal 0.582472 -0.812851 0
    outer loop
      vertex 1.74821 5.4536 0
      vertex 1.77499 5.47279 0.6
      vertex 1.74821 5.4536 0.6
    endloop
  endfacet
  facet normal 0.582472 -0.812851 0
    outer loop
      vertex 1.77499 5.47279 0.6
      vertex 1.74821 5.4536 0
      vertex 1.77499 5.47279 0
    endloop
  endfacet
  facet normal 0.599171 -0.800621 0
    outer loop
      vertex 1.72194 5.43394 0
      vertex 1.74821 5.4536 0.6
      vertex 1.72194 5.43394 0.6
    endloop
  endfacet
  facet normal 0.599171 -0.800621 0
    outer loop
      vertex 1.74821 5.4536 0.6
      vertex 1.72194 5.43394 0
      vertex 1.74821 5.4536 0
    endloop
  endfacet
  facet normal 0.61578 -0.787918 0
    outer loop
      vertex 1.69617 5.4138 0
      vertex 1.72194 5.43394 0.6
      vertex 1.69617 5.4138 0.6
    endloop
  endfacet
  facet normal 0.61578 -0.787918 0
    outer loop
      vertex 1.72194 5.43394 0.6
      vertex 1.69617 5.4138 0
      vertex 1.72194 5.43394 0
    endloop
  endfacet
  facet normal 0.632301 -0.774723 0
    outer loop
      vertex 1.67093 5.3932 0
      vertex 1.69617 5.4138 0.6
      vertex 1.67093 5.3932 0.6
    endloop
  endfacet
  facet normal 0.632301 -0.774723 0
    outer loop
      vertex 1.69617 5.4138 0.6
      vertex 1.67093 5.3932 0
      vertex 1.69617 5.4138 0
    endloop
  endfacet
  facet normal 0.653098 -0.757273 0
    outer loop
      vertex 1.64636 5.37201 0
      vertex 1.67093 5.3932 0.6
      vertex 1.64636 5.37201 0.6
    endloop
  endfacet
  facet normal 0.653098 -0.757273 0
    outer loop
      vertex 1.67093 5.3932 0.6
      vertex 1.64636 5.37201 0
      vertex 1.67093 5.3932 0
    endloop
  endfacet
  facet normal 0.680606 -0.73265 0
    outer loop
      vertex 1.62271 5.35004 0
      vertex 1.64636 5.37201 0.6
      vertex 1.62271 5.35004 0.6
    endloop
  endfacet
  facet normal 0.680606 -0.73265 0
    outer loop
      vertex 1.64636 5.37201 0.6
      vertex 1.62271 5.35004 0
      vertex 1.64636 5.37201 0
    endloop
  endfacet
  facet normal 0.706641 -0.707573 0
    outer loop
      vertex 1.59993 5.32729 0
      vertex 1.62271 5.35004 0.6
      vertex 1.59993 5.32729 0.6
    endloop
  endfacet
  facet normal 0.706641 -0.707573 0
    outer loop
      vertex 1.62271 5.35004 0.6
      vertex 1.59993 5.32729 0
      vertex 1.62271 5.35004 0
    endloop
  endfacet
  facet normal 0.732039 -0.681263 0
    outer loop
      vertex 1.57806 5.30379 0.6
      vertex 1.59993 5.32729 0
      vertex 1.59993 5.32729 0.6
    endloop
  endfacet
  facet normal 0.732039 -0.681263 0
    outer loop
      vertex 1.59993 5.32729 0
      vertex 1.57806 5.30379 0.6
      vertex 1.57806 5.30379 0
    endloop
  endfacet
  facet normal 0.756655 -0.653815 0
    outer loop
      vertex 1.55708 5.27951 0.6
      vertex 1.57806 5.30379 0
      vertex 1.57806 5.30379 0.6
    endloop
  endfacet
  facet normal 0.756655 -0.653815 0
    outer loop
      vertex 1.57806 5.30379 0
      vertex 1.55708 5.27951 0.6
      vertex 1.55708 5.27951 0
    endloop
  endfacet
  facet normal 0.780139 -0.625606 0
    outer loop
      vertex 1.537 5.25447 0.6
      vertex 1.55708 5.27951 0
      vertex 1.55708 5.27951 0.6
    endloop
  endfacet
  facet normal 0.780139 -0.625606 0
    outer loop
      vertex 1.55708 5.27951 0
      vertex 1.537 5.25447 0.6
      vertex 1.537 5.25447 0
    endloop
  endfacet
  facet normal 0.802382 -0.596811 0
    outer loop
      vertex 1.51781 5.22867 0.6
      vertex 1.537 5.25447 0
      vertex 1.537 5.25447 0.6
    endloop
  endfacet
  facet normal 0.802382 -0.596811 0
    outer loop
      vertex 1.537 5.25447 0
      vertex 1.51781 5.22867 0.6
      vertex 1.51781 5.22867 0
    endloop
  endfacet
  facet normal 0.825695 -0.564116 0
    outer loop
      vertex 1.49963 5.20206 0.6
      vertex 1.51781 5.22867 0
      vertex 1.51781 5.22867 0.6
    endloop
  endfacet
  facet normal 0.825695 -0.564116 0
    outer loop
      vertex 1.51781 5.22867 0
      vertex 1.49963 5.20206 0.6
      vertex 1.49963 5.20206 0
    endloop
  endfacet
  facet normal 0.849922 -0.526908 0
    outer loop
      vertex 1.4826 5.17459 0.6
      vertex 1.49963 5.20206 0
      vertex 1.49963 5.20206 0.6
    endloop
  endfacet
  facet normal 0.849922 -0.526908 0
    outer loop
      vertex 1.49963 5.20206 0
      vertex 1.4826 5.17459 0.6
      vertex 1.4826 5.17459 0
    endloop
  endfacet
  facet normal 0.872348 -0.488885 0
    outer loop
      vertex 1.46674 5.14629 0.6
      vertex 1.4826 5.17459 0
      vertex 1.4826 5.17459 0.6
    endloop
  endfacet
  facet normal 0.872348 -0.488885 0
    outer loop
      vertex 1.4826 5.17459 0
      vertex 1.46674 5.14629 0.6
      vertex 1.46674 5.14629 0
    endloop
  endfacet
  facet normal 0.892584 -0.45088 0
    outer loop
      vertex 1.452 5.11711 0.6
      vertex 1.46674 5.14629 0
      vertex 1.46674 5.14629 0.6
    endloop
  endfacet
  facet normal 0.892584 -0.45088 0
    outer loop
      vertex 1.46674 5.14629 0
      vertex 1.452 5.11711 0.6
      vertex 1.452 5.11711 0
    endloop
  endfacet
  facet normal 0.911062 -0.41227 0
    outer loop
      vertex 1.43842 5.0871 0.6
      vertex 1.452 5.11711 0
      vertex 1.452 5.11711 0.6
    endloop
  endfacet
  facet normal 0.911062 -0.41227 0
    outer loop
      vertex 1.452 5.11711 0
      vertex 1.43842 5.0871 0.6
      vertex 1.43842 5.0871 0
    endloop
  endfacet
  facet normal 0.92752 -0.373772 0
    outer loop
      vertex 1.42598 5.05623 0.6
      vertex 1.43842 5.0871 0
      vertex 1.43842 5.0871 0.6
    endloop
  endfacet
  facet normal 0.92752 -0.373772 0
    outer loop
      vertex 1.43842 5.0871 0
      vertex 1.42598 5.05623 0.6
      vertex 1.42598 5.05623 0
    endloop
  endfacet
  facet normal 0.942071 -0.335414 0
    outer loop
      vertex 1.41469 5.02452 0.6
      vertex 1.42598 5.05623 0
      vertex 1.42598 5.05623 0.6
    endloop
  endfacet
  facet normal 0.942071 -0.335414 0
    outer loop
      vertex 1.42598 5.05623 0
      vertex 1.41469 5.02452 0.6
      vertex 1.41469 5.02452 0
    endloop
  endfacet
  facet normal 0.956567 -0.291511 0
    outer loop
      vertex 1.40474 4.99187 0.6
      vertex 1.41469 5.02452 0
      vertex 1.41469 5.02452 0.6
    endloop
  endfacet
  facet normal 0.956567 -0.291511 0
    outer loop
      vertex 1.41469 5.02452 0
      vertex 1.40474 4.99187 0.6
      vertex 1.40474 4.99187 0
    endloop
  endfacet
  facet normal 0.97021 -0.242264 0
    outer loop
      vertex 1.39633 4.95819 0.6
      vertex 1.40474 4.99187 0
      vertex 1.40474 4.99187 0.6
    endloop
  endfacet
  facet normal 0.97021 -0.242264 0
    outer loop
      vertex 1.40474 4.99187 0
      vertex 1.39633 4.95819 0.6
      vertex 1.39633 4.95819 0
    endloop
  endfacet
  facet normal 0.980797 -0.195029 0
    outer loop
      vertex 1.38943 4.92349 0.6
      vertex 1.39633 4.95819 0
      vertex 1.39633 4.95819 0.6
    endloop
  endfacet
  facet normal 0.980797 -0.195029 0
    outer loop
      vertex 1.39633 4.95819 0
      vertex 1.38943 4.92349 0.6
      vertex 1.38943 4.92349 0
    endloop
  endfacet
  facet normal 0.988957 -0.148205 0
    outer loop
      vertex 1.38408 4.88779 0.6
      vertex 1.38943 4.92349 0
      vertex 1.38943 4.92349 0.6
    endloop
  endfacet
  facet normal 0.988957 -0.148205 0
    outer loop
      vertex 1.38943 4.92349 0
      vertex 1.38408 4.88779 0.6
      vertex 1.38408 4.88779 0
    endloop
  endfacet
  facet normal 0.994607 -0.103712 0
    outer loop
      vertex 1.38025 4.85106 0.6
      vertex 1.38408 4.88779 0
      vertex 1.38408 4.88779 0.6
    endloop
  endfacet
  facet normal 0.994607 -0.103712 0
    outer loop
      vertex 1.38408 4.88779 0
      vertex 1.38025 4.85106 0.6
      vertex 1.38025 4.85106 0
    endloop
  endfacet
  facet normal 0.998167 -0.060519 0
    outer loop
      vertex 1.37796 4.81329 0.6
      vertex 1.38025 4.85106 0
      vertex 1.38025 4.85106 0.6
    endloop
  endfacet
  facet normal 0.998167 -0.060519 0
    outer loop
      vertex 1.38025 4.85106 0
      vertex 1.37796 4.81329 0.6
      vertex 1.37796 4.81329 0
    endloop
  endfacet
  facet normal 0.999808 -0.019599 0
    outer loop
      vertex 1.3772 4.77452 0.6
      vertex 1.37796 4.81329 0
      vertex 1.37796 4.81329 0.6
    endloop
  endfacet
  facet normal 0.999808 -0.019599 0
    outer loop
      vertex 1.37796 4.81329 0
      vertex 1.3772 4.77452 0.6
      vertex 1.3772 4.77452 0
    endloop
  endfacet
  facet normal 0.999552 0.0299232 0
    outer loop
      vertex 1.37923 4.70671 0.6
      vertex 1.3772 4.77452 0
      vertex 1.3772 4.77452 0.6
    endloop
  endfacet
  facet normal 0.999552 0.0299232 0
    outer loop
      vertex 1.3772 4.77452 0
      vertex 1.37923 4.70671 0.6
      vertex 1.37923 4.70671 0
    endloop
  endfacet
  facet normal 0.995628 0.0934068 0
    outer loop
      vertex 1.38536 4.64137 0.6
      vertex 1.37923 4.70671 0
      vertex 1.37923 4.70671 0.6
    endloop
  endfacet
  facet normal 0.995628 0.0934068 0
    outer loop
      vertex 1.37923 4.70671 0
      vertex 1.38536 4.64137 0.6
      vertex 1.38536 4.64137 0
    endloop
  endfacet
  facet normal 0.987122 0.159968 0
    outer loop
      vertex 1.39555 4.57849 0.6
      vertex 1.38536 4.64137 0
      vertex 1.38536 4.64137 0.6
    endloop
  endfacet
  facet normal 0.987122 0.159968 0
    outer loop
      vertex 1.38536 4.64137 0
      vertex 1.39555 4.57849 0.6
      vertex 1.39555 4.57849 0
    endloop
  endfacet
  facet normal 0.973144 0.230197 0
    outer loop
      vertex 1.40984 4.51808 0.6
      vertex 1.39555 4.57849 0
      vertex 1.39555 4.57849 0.6
    endloop
  endfacet
  facet normal 0.973144 0.230197 0
    outer loop
      vertex 1.39555 4.57849 0
      vertex 1.40984 4.51808 0.6
      vertex 1.40984 4.51808 0
    endloop
  endfacet
  facet normal 0.953236 0.302226 0
    outer loop
      vertex 1.42821 4.46014 0.6
      vertex 1.40984 4.51808 0
      vertex 1.40984 4.51808 0.6
    endloop
  endfacet
  facet normal 0.953236 0.302226 0
    outer loop
      vertex 1.40984 4.51808 0
      vertex 1.42821 4.46014 0.6
      vertex 1.42821 4.46014 0
    endloop
  endfacet
  facet normal 0.927041 0.37496 0
    outer loop
      vertex 1.45065 4.40466 0.6
      vertex 1.42821 4.46014 0
      vertex 1.42821 4.46014 0.6
    endloop
  endfacet
  facet normal 0.927041 0.37496 0
    outer loop
      vertex 1.42821 4.46014 0
      vertex 1.45065 4.40466 0.6
      vertex 1.45065 4.40466 0
    endloop
  endfacet
  facet normal 0.894191 0.447686 0
    outer loop
      vertex 1.47719 4.35165 0.6
      vertex 1.45065 4.40466 0
      vertex 1.45065 4.40466 0.6
    endloop
  endfacet
  facet normal 0.894191 0.447686 0
    outer loop
      vertex 1.45065 4.40466 0
      vertex 1.47719 4.35165 0.6
      vertex 1.47719 4.35165 0
    endloop
  endfacet
  facet normal 0.860632 0.509228 0
    outer loop
      vertex 1.5071 4.3011 0.6
      vertex 1.47719 4.35165 0
      vertex 1.47719 4.35165 0.6
    endloop
  endfacet
  facet normal 0.860632 0.509228 0
    outer loop
      vertex 1.47719 4.35165 0
      vertex 1.5071 4.3011 0.6
      vertex 1.5071 4.3011 0
    endloop
  endfacet
  facet normal 0.827921 0.560844 0
    outer loop
      vertex 1.53967 4.25302 0.6
      vertex 1.5071 4.3011 0
      vertex 1.5071 4.3011 0.6
    endloop
  endfacet
  facet normal 0.827921 0.560844 0
    outer loop
      vertex 1.5071 4.3011 0
      vertex 1.53967 4.25302 0.6
      vertex 1.53967 4.25302 0
    endloop
  endfacet
  facet normal 0.791049 0.611753 0
    outer loop
      vertex 1.57495 4.2074 0.6
      vertex 1.53967 4.25302 0
      vertex 1.53967 4.25302 0.6
    endloop
  endfacet
  facet normal 0.791049 0.611753 0
    outer loop
      vertex 1.53967 4.25302 0
      vertex 1.57495 4.2074 0.6
      vertex 1.57495 4.2074 0
    endloop
  endfacet
  facet normal 0.751076 0.660216 0
    outer loop
      vertex 1.61288 4.16425 0.6
      vertex 1.57495 4.2074 0
      vertex 1.57495 4.2074 0.6
    endloop
  endfacet
  facet normal 0.751076 0.660216 0
    outer loop
      vertex 1.57495 4.2074 0
      vertex 1.61288 4.16425 0.6
      vertex 1.61288 4.16425 0
    endloop
  endfacet
  facet normal 0.707455 0.706759 0
    outer loop
      vertex 1.65352 4.12357 0.6
      vertex 1.61288 4.16425 0
      vertex 1.61288 4.16425 0.6
    endloop
  endfacet
  facet normal 0.707455 0.706759 0
    outer loop
      vertex 1.61288 4.16425 0
      vertex 1.65352 4.12357 0.6
      vertex 1.65352 4.12357 0
    endloop
  endfacet
  facet normal 0.661856 0.749631 -0
    outer loop
      vertex 1.69682 4.08534 0
      vertex 1.65352 4.12357 0.6
      vertex 1.69682 4.08534 0.6
    endloop
  endfacet
  facet normal 0.661856 0.749631 0
    outer loop
      vertex 1.65352 4.12357 0.6
      vertex 1.69682 4.08534 0
      vertex 1.65352 4.12357 0
    endloop
  endfacet
  facet normal 0.613917 0.789371 -0
    outer loop
      vertex 1.7428 4.04958 0
      vertex 1.69682 4.08534 0.6
      vertex 1.7428 4.04958 0.6
    endloop
  endfacet
  facet normal 0.613917 0.789371 0
    outer loop
      vertex 1.69682 4.08534 0.6
      vertex 1.7428 4.04958 0
      vertex 1.69682 4.08534 0
    endloop
  endfacet
  facet normal 0.56741 0.823435 -0
    outer loop
      vertex 1.79114 4.01627 0
      vertex 1.7428 4.04958 0.6
      vertex 1.79114 4.01627 0.6
    endloop
  endfacet
  facet normal 0.56741 0.823435 0
    outer loop
      vertex 1.7428 4.04958 0.6
      vertex 1.79114 4.01627 0
      vertex 1.7428 4.04958 0
    endloop
  endfacet
  facet normal 0.522784 0.852465 -0
    outer loop
      vertex 1.84151 3.98538 0
      vertex 1.79114 4.01627 0.6
      vertex 1.84151 3.98538 0.6
    endloop
  endfacet
  facet normal 0.522784 0.852465 0
    outer loop
      vertex 1.79114 4.01627 0.6
      vertex 1.84151 3.98538 0
      vertex 1.79114 4.01627 0
    endloop
  endfacet
  facet normal 0.477195 0.878797 -0
    outer loop
      vertex 1.89394 3.95691 0
      vertex 1.84151 3.98538 0.6
      vertex 1.89394 3.95691 0.6
    endloop
  endfacet
  facet normal 0.477195 0.878797 0
    outer loop
      vertex 1.84151 3.98538 0.6
      vertex 1.89394 3.95691 0
      vertex 1.84151 3.98538 0
    endloop
  endfacet
  facet normal 0.431303 0.902207 -0
    outer loop
      vertex 1.94839 3.93088 0
      vertex 1.89394 3.95691 0.6
      vertex 1.94839 3.93088 0.6
    endloop
  endfacet
  facet normal 0.431303 0.902207 0
    outer loop
      vertex 1.89394 3.95691 0.6
      vertex 1.94839 3.93088 0
      vertex 1.89394 3.95691 0
    endloop
  endfacet
  facet normal 0.385763 0.922598 -0
    outer loop
      vertex 2.00488 3.90726 0
      vertex 1.94839 3.93088 0.6
      vertex 2.00488 3.90726 0.6
    endloop
  endfacet
  facet normal 0.385763 0.922598 0
    outer loop
      vertex 1.94839 3.93088 0.6
      vertex 2.00488 3.90726 0
      vertex 1.94839 3.93088 0
    endloop
  endfacet
  facet normal 0.340453 0.940261 -0
    outer loop
      vertex 2.06343 3.88606 0
      vertex 2.00488 3.90726 0.6
      vertex 2.06343 3.88606 0.6
    endloop
  endfacet
  facet normal 0.340453 0.940261 0
    outer loop
      vertex 2.00488 3.90726 0.6
      vertex 2.06343 3.88606 0
      vertex 2.00488 3.90726 0
    endloop
  endfacet
  facet normal 0.295958 0.955201 -0
    outer loop
      vertex 2.12401 3.86729 0
      vertex 2.06343 3.88606 0.6
      vertex 2.12401 3.86729 0.6
    endloop
  endfacet
  facet normal 0.295958 0.955201 0
    outer loop
      vertex 2.06343 3.88606 0.6
      vertex 2.12401 3.86729 0
      vertex 2.06343 3.88606 0
    endloop
  endfacet
  facet normal 0.254539 0.967062 -0
    outer loop
      vertex 2.1859 3.851 0
      vertex 2.12401 3.86729 0.6
      vertex 2.1859 3.851 0.6
    endloop
  endfacet
  facet normal 0.254539 0.967062 0
    outer loop
      vertex 2.12401 3.86729 0.6
      vertex 2.1859 3.851 0
      vertex 2.12401 3.86729 0
    endloop
  endfacet
  facet normal 0.21587 0.976422 -0
    outer loop
      vertex 2.24832 3.8372 0
      vertex 2.1859 3.851 0.6
      vertex 2.24832 3.8372 0.6
    endloop
  endfacet
  facet normal 0.21587 0.976422 0
    outer loop
      vertex 2.1859 3.851 0.6
      vertex 2.24832 3.8372 0
      vertex 2.1859 3.851 0
    endloop
  endfacet
  facet normal 0.176423 0.984314 -0
    outer loop
      vertex 2.31131 3.82591 0
      vertex 2.24832 3.8372 0.6
      vertex 2.31131 3.82591 0.6
    endloop
  endfacet
  facet normal 0.176423 0.984314 0
    outer loop
      vertex 2.24832 3.8372 0.6
      vertex 2.31131 3.82591 0
      vertex 2.24832 3.8372 0
    endloop
  endfacet
  facet normal 0.136727 0.990609 -0
    outer loop
      vertex 2.37485 3.81714 0
      vertex 2.31131 3.82591 0.6
      vertex 2.37485 3.81714 0.6
    endloop
  endfacet
  facet normal 0.136727 0.990609 0
    outer loop
      vertex 2.31131 3.82591 0.6
      vertex 2.37485 3.81714 0
      vertex 2.31131 3.82591 0
    endloop
  endfacet
  facet normal 0.0973513 0.99525 -0
    outer loop
      vertex 2.43895 3.81087 0
      vertex 2.37485 3.81714 0.6
      vertex 2.43895 3.81087 0.6
    endloop
  endfacet
  facet normal 0.0973513 0.99525 0
    outer loop
      vertex 2.37485 3.81714 0.6
      vertex 2.43895 3.81087 0
      vertex 2.37485 3.81714 0
    endloop
  endfacet
  facet normal 0.0580702 0.998313 -0
    outer loop
      vertex 2.50359 3.80711 0
      vertex 2.43895 3.81087 0.6
      vertex 2.50359 3.80711 0.6
    endloop
  endfacet
  facet normal 0.0580702 0.998313 0
    outer loop
      vertex 2.43895 3.81087 0.6
      vertex 2.50359 3.80711 0
      vertex 2.43895 3.81087 0
    endloop
  endfacet
  facet normal 0.0191683 0.999816 -0
    outer loop
      vertex 2.56879 3.80586 0
      vertex 2.50359 3.80711 0.6
      vertex 2.56879 3.80586 0.6
    endloop
  endfacet
  facet normal 0.0191683 0.999816 0
    outer loop
      vertex 2.50359 3.80711 0.6
      vertex 2.56879 3.80586 0
      vertex 2.50359 3.80711 0
    endloop
  endfacet
  facet normal -0.0203544 0.999793 0
    outer loop
      vertex 2.64296 3.80737 0
      vertex 2.56879 3.80586 0.6
      vertex 2.64296 3.80737 0.6
    endloop
  endfacet
  facet normal -0.0203544 0.999793 0
    outer loop
      vertex 2.56879 3.80586 0.6
      vertex 2.64296 3.80737 0
      vertex 2.56879 3.80586 0
    endloop
  endfacet
  facet normal -0.0622155 0.998063 0
    outer loop
      vertex -2.16734 3.81189 0
      vertex -2.23985 3.80737 0.6
      vertex -2.16734 3.81189 0.6
    endloop
  endfacet
  facet normal -0.0622155 0.998063 0
    outer loop
      vertex -2.23985 3.80737 0.6
      vertex -2.16734 3.81189 0
      vertex -2.23985 3.80737 0
    endloop
  endfacet
  facet normal -0.105978 0.994368 0
    outer loop
      vertex -2.0965 3.81944 0
      vertex -2.16734 3.81189 0.6
      vertex -2.0965 3.81944 0.6
    endloop
  endfacet
  facet normal -0.105978 0.994368 0
    outer loop
      vertex -2.16734 3.81189 0.6
      vertex -2.0965 3.81944 0
      vertex -2.16734 3.81189 0
    endloop
  endfacet
  facet normal -0.150855 0.988556 0
    outer loop
      vertex -2.0273 3.83 0
      vertex -2.0965 3.81944 0.6
      vertex -2.0273 3.83 0.6
    endloop
  endfacet
  facet normal -0.150855 0.988556 0
    outer loop
      vertex -2.0965 3.81944 0.6
      vertex -2.0273 3.83 0
      vertex -2.0965 3.81944 0
    endloop
  endfacet
  facet normal -0.197121 0.980379 0
    outer loop
      vertex -1.95976 3.84358 0
      vertex -2.0273 3.83 0.6
      vertex -1.95976 3.84358 0.6
    endloop
  endfacet
  facet normal -0.197121 0.980379 0
    outer loop
      vertex -2.0273 3.83 0.6
      vertex -1.95976 3.84358 0
      vertex -2.0273 3.83 0
    endloop
  endfacet
  facet normal -0.244371 0.969682 0
    outer loop
      vertex -1.89389 3.86018 0
      vertex -1.95976 3.84358 0.6
      vertex -1.89389 3.86018 0.6
    endloop
  endfacet
  facet normal -0.244371 0.969682 0
    outer loop
      vertex -1.95976 3.84358 0.6
      vertex -1.89389 3.86018 0
      vertex -1.95976 3.84358 0
    endloop
  endfacet
  facet normal -0.292317 0.956322 0
    outer loop
      vertex -1.82967 3.87981 0
      vertex -1.89389 3.86018 0.6
      vertex -1.82967 3.87981 0.6
    endloop
  endfacet
  facet normal -0.292317 0.956322 0
    outer loop
      vertex -1.89389 3.86018 0.6
      vertex -1.82967 3.87981 0
      vertex -1.89389 3.86018 0
    endloop
  endfacet
  facet normal -0.333963 0.942586 0
    outer loop
      vertex -1.76625 3.90228 0
      vertex -1.82967 3.87981 0.6
      vertex -1.76625 3.90228 0.6
    endloop
  endfacet
  facet normal -0.333963 0.942586 0
    outer loop
      vertex -1.82967 3.87981 0.6
      vertex -1.76625 3.90228 0
      vertex -1.82967 3.87981 0
    endloop
  endfacet
  facet normal -0.368231 0.929735 0
    outer loop
      vertex -1.7028 3.92741 0
      vertex -1.76625 3.90228 0.6
      vertex -1.7028 3.92741 0.6
    endloop
  endfacet
  facet normal -0.368231 0.929735 0
    outer loop
      vertex -1.76625 3.90228 0.6
      vertex -1.7028 3.92741 0
      vertex -1.76625 3.90228 0
    endloop
  endfacet
  facet normal -0.401583 0.915823 0
    outer loop
      vertex -1.63931 3.95525 0
      vertex -1.7028 3.92741 0.6
      vertex -1.63931 3.95525 0.6
    endloop
  endfacet
  facet normal -0.401583 0.915823 0
    outer loop
      vertex -1.7028 3.92741 0.6
      vertex -1.63931 3.95525 0
      vertex -1.7028 3.92741 0
    endloop
  endfacet
  facet normal -0.432796 0.901492 0
    outer loop
      vertex -1.57578 3.98575 0
      vertex -1.63931 3.95525 0.6
      vertex -1.57578 3.98575 0.6
    endloop
  endfacet
  facet normal -0.432796 0.901492 0
    outer loop
      vertex -1.63931 3.95525 0.6
      vertex -1.57578 3.98575 0
      vertex -1.63931 3.95525 0
    endloop
  endfacet
  facet normal -0.462599 0.886567 0
    outer loop
      vertex -1.51221 4.01892 0
      vertex -1.57578 3.98575 0.6
      vertex -1.51221 4.01892 0.6
    endloop
  endfacet
  facet normal -0.462599 0.886567 0
    outer loop
      vertex -1.57578 3.98575 0.6
      vertex -1.51221 4.01892 0
      vertex -1.57578 3.98575 0
    endloop
  endfacet
  facet normal -0.49097 0.871177 0
    outer loop
      vertex -1.44858 4.05478 0
      vertex -1.51221 4.01892 0.6
      vertex -1.44858 4.05478 0.6
    endloop
  endfacet
  facet normal -0.49097 0.871177 0
    outer loop
      vertex -1.51221 4.01892 0.6
      vertex -1.44858 4.05478 0
      vertex -1.51221 4.01892 0
    endloop
  endfacet
  facet normal -0.517891 0.855447 0
    outer loop
      vertex -1.38492 4.09332 0
      vertex -1.44858 4.05478 0.6
      vertex -1.38492 4.09332 0.6
    endloop
  endfacet
  facet normal -0.517891 0.855447 0
    outer loop
      vertex -1.44858 4.05478 0.6
      vertex -1.38492 4.09332 0
      vertex -1.44858 4.05478 0
    endloop
  endfacet
  facet normal -0.854484 -0.519477 0
    outer loop
      vertex -1.38492 4.09332 0
      vertex -1.67241 4.56621 0.6
      vertex -1.67241 4.56621 0
    endloop
  endfacet
  facet normal -0.854484 -0.519477 0
    outer loop
      vertex -1.67241 4.56621 0.6
      vertex -1.38492 4.09332 0
      vertex -1.38492 4.09332 0.6
    endloop
  endfacet
  facet normal 0.55037 -0.834921 0
    outer loop
      vertex -1.6889 4.55534 0
      vertex -1.67241 4.56621 0.6
      vertex -1.6889 4.55534 0.6
    endloop
  endfacet
  facet normal 0.55037 -0.834921 0
    outer loop
      vertex -1.67241 4.56621 0.6
      vertex -1.6889 4.55534 0
      vertex -1.67241 4.56621 0
    endloop
  endfacet
  facet normal 0.540635 -0.841257 0
    outer loop
      vertex -1.70625 4.54419 0
      vertex -1.6889 4.55534 0.6
      vertex -1.70625 4.54419 0.6
    endloop
  endfacet
  facet normal 0.540635 -0.841257 0
    outer loop
      vertex -1.6889 4.55534 0.6
      vertex -1.70625 4.54419 0
      vertex -1.6889 4.55534 0
    endloop
  endfacet
  facet normal 0.533048 -0.846085 0
    outer loop
      vertex -1.72444 4.53273 0
      vertex -1.70625 4.54419 0.6
      vertex -1.72444 4.53273 0.6
    endloop
  endfacet
  facet normal 0.533048 -0.846085 0
    outer loop
      vertex -1.70625 4.54419 0.6
      vertex -1.72444 4.53273 0
      vertex -1.70625 4.54419 0
    endloop
  endfacet
  facet normal 0.525493 -0.850798 0
    outer loop
      vertex -1.74348 4.52097 0
      vertex -1.72444 4.53273 0.6
      vertex -1.74348 4.52097 0.6
    endloop
  endfacet
  facet normal 0.525493 -0.850798 0
    outer loop
      vertex -1.72444 4.53273 0.6
      vertex -1.74348 4.52097 0
      vertex -1.72444 4.53273 0
    endloop
  endfacet
  facet normal 0.518283 -0.855209 0
    outer loop
      vertex -1.76338 4.50891 0
      vertex -1.74348 4.52097 0.6
      vertex -1.76338 4.50891 0.6
    endloop
  endfacet
  facet normal 0.518283 -0.855209 0
    outer loop
      vertex -1.74348 4.52097 0.6
      vertex -1.76338 4.50891 0
      vertex -1.74348 4.52097 0
    endloop
  endfacet
  facet normal 0.511142 -0.859497 0
    outer loop
      vertex -1.78413 4.49657 0
      vertex -1.76338 4.50891 0.6
      vertex -1.78413 4.49657 0.6
    endloop
  endfacet
  facet normal 0.511142 -0.859497 0
    outer loop
      vertex -1.76338 4.50891 0.6
      vertex -1.78413 4.49657 0
      vertex -1.76338 4.50891 0
    endloop
  endfacet
  facet normal 0.505361 -0.862908 0
    outer loop
      vertex -1.80573 4.48392 0
      vertex -1.78413 4.49657 0.6
      vertex -1.80573 4.48392 0.6
    endloop
  endfacet
  facet normal 0.505361 -0.862908 0
    outer loop
      vertex -1.78413 4.49657 0.6
      vertex -1.80573 4.48392 0
      vertex -1.78413 4.49657 0
    endloop
  endfacet
  facet normal 0.494917 -0.86894 0
    outer loop
      vertex -1.82794 4.47127 0
      vertex -1.80573 4.48392 0.6
      vertex -1.82794 4.47127 0.6
    endloop
  endfacet
  facet normal 0.494917 -0.86894 0
    outer loop
      vertex -1.80573 4.48392 0.6
      vertex -1.82794 4.47127 0
      vertex -1.80573 4.48392 0
    endloop
  endfacet
  facet normal 0.479859 -0.877346 0
    outer loop
      vertex -1.85052 4.45892 0
      vertex -1.82794 4.47127 0.6
      vertex -1.85052 4.45892 0.6
    endloop
  endfacet
  facet normal 0.479859 -0.877346 0
    outer loop
      vertex -1.82794 4.47127 0.6
      vertex -1.85052 4.45892 0
      vertex -1.82794 4.47127 0
    endloop
  endfacet
  facet normal 0.464396 -0.885628 0
    outer loop
      vertex -1.8735 4.44687 0
      vertex -1.85052 4.45892 0.6
      vertex -1.8735 4.44687 0.6
    endloop
  endfacet
  facet normal 0.464396 -0.885628 0
    outer loop
      vertex -1.85052 4.45892 0.6
      vertex -1.8735 4.44687 0
      vertex -1.85052 4.45892 0
    endloop
  endfacet
  facet normal 0.44981 -0.893124 0
    outer loop
      vertex -1.89687 4.4351 0
      vertex -1.8735 4.44687 0.6
      vertex -1.89687 4.4351 0.6
    endloop
  endfacet
  facet normal 0.44981 -0.893124 0
    outer loop
      vertex -1.8735 4.44687 0.6
      vertex -1.89687 4.4351 0
      vertex -1.8735 4.44687 0
    endloop
  endfacet
  facet normal 0.43442 -0.90071 0
    outer loop
      vertex -1.92061 4.42365 0
      vertex -1.89687 4.4351 0.6
      vertex -1.92061 4.42365 0.6
    endloop
  endfacet
  facet normal 0.43442 -0.90071 0
    outer loop
      vertex -1.89687 4.4351 0.6
      vertex -1.92061 4.42365 0
      vertex -1.89687 4.4351 0
    endloop
  endfacet
  facet normal 0.41963 -0.907695 0
    outer loop
      vertex -1.94475 4.41249 0
      vertex -1.92061 4.42365 0.6
      vertex -1.94475 4.41249 0.6
    endloop
  endfacet
  facet normal 0.41963 -0.907695 0
    outer loop
      vertex -1.92061 4.42365 0.6
      vertex -1.94475 4.41249 0
      vertex -1.92061 4.42365 0
    endloop
  endfacet
  facet normal 0.405238 -0.914211 0
    outer loop
      vertex -1.96925 4.40163 0
      vertex -1.94475 4.41249 0.6
      vertex -1.96925 4.40163 0.6
    endloop
  endfacet
  facet normal 0.405238 -0.914211 0
    outer loop
      vertex -1.94475 4.41249 0.6
      vertex -1.96925 4.40163 0
      vertex -1.94475 4.41249 0
    endloop
  endfacet
  facet normal 0.390636 -0.920545 0
    outer loop
      vertex -1.99397 4.39114 0
      vertex -1.96925 4.40163 0.6
      vertex -1.99397 4.39114 0.6
    endloop
  endfacet
  facet normal 0.390636 -0.920545 0
    outer loop
      vertex -1.96925 4.40163 0.6
      vertex -1.99397 4.39114 0
      vertex -1.96925 4.40163 0
    endloop
  endfacet
  facet normal 0.37468 -0.927154 0
    outer loop
      vertex -2.01874 4.38113 0
      vertex -1.99397 4.39114 0.6
      vertex -2.01874 4.38113 0.6
    endloop
  endfacet
  facet normal 0.37468 -0.927154 0
    outer loop
      vertex -1.99397 4.39114 0.6
      vertex -2.01874 4.38113 0
      vertex -1.99397 4.39114 0
    endloop
  endfacet
  facet normal 0.358576 -0.933501 0
    outer loop
      vertex -2.04355 4.3716 0
      vertex -2.01874 4.38113 0.6
      vertex -2.04355 4.3716 0.6
    endloop
  endfacet
  facet normal 0.358576 -0.933501 0
    outer loop
      vertex -2.01874 4.38113 0.6
      vertex -2.04355 4.3716 0
      vertex -2.01874 4.38113 0
    endloop
  endfacet
  facet normal 0.343078 -0.939307 0
    outer loop
      vertex -2.06841 4.36252 0
      vertex -2.04355 4.3716 0.6
      vertex -2.06841 4.36252 0.6
    endloop
  endfacet
  facet normal 0.343078 -0.939307 0
    outer loop
      vertex -2.04355 4.3716 0.6
      vertex -2.06841 4.36252 0
      vertex -2.04355 4.3716 0
    endloop
  endfacet
  facet normal 0.327371 -0.944896 0
    outer loop
      vertex -2.09329 4.3539 0
      vertex -2.06841 4.36252 0.6
      vertex -2.09329 4.3539 0.6
    endloop
  endfacet
  facet normal 0.327371 -0.944896 0
    outer loop
      vertex -2.06841 4.36252 0.6
      vertex -2.09329 4.3539 0
      vertex -2.06841 4.36252 0
    endloop
  endfacet
  facet normal 0.310275 -0.950647 0
    outer loop
      vertex -2.11823 4.34576 0
      vertex -2.09329 4.3539 0.6
      vertex -2.11823 4.34576 0.6
    endloop
  endfacet
  facet normal 0.310275 -0.950647 0
    outer loop
      vertex -2.09329 4.3539 0.6
      vertex -2.11823 4.34576 0
      vertex -2.09329 4.3539 0
    endloop
  endfacet
  facet normal 0.293736 -0.955887 0
    outer loop
      vertex -2.14319 4.33809 0
      vertex -2.11823 4.34576 0.6
      vertex -2.14319 4.33809 0.6
    endloop
  endfacet
  facet normal 0.293736 -0.955887 0
    outer loop
      vertex -2.11823 4.34576 0.6
      vertex -2.14319 4.33809 0
      vertex -2.11823 4.34576 0
    endloop
  endfacet
  facet normal 0.268004 -0.963418 0
    outer loop
      vertex -2.16803 4.33118 0
      vertex -2.14319 4.33809 0.6
      vertex -2.16803 4.33118 0.6
    endloop
  endfacet
  facet normal 0.268004 -0.963418 0
    outer loop
      vertex -2.14319 4.33809 0.6
      vertex -2.16803 4.33118 0
      vertex -2.14319 4.33809 0
    endloop
  endfacet
  facet normal 0.232336 -0.972635 0
    outer loop
      vertex -2.19252 4.32533 0
      vertex -2.16803 4.33118 0.6
      vertex -2.19252 4.32533 0.6
    endloop
  endfacet
  facet normal 0.232336 -0.972635 0
    outer loop
      vertex -2.16803 4.33118 0.6
      vertex -2.19252 4.32533 0
      vertex -2.16803 4.33118 0
    endloop
  endfacet
  facet normal 0.193772 -0.981047 0
    outer loop
      vertex -2.21667 4.32056 0
      vertex -2.19252 4.32533 0.6
      vertex -2.21667 4.32056 0.6
    endloop
  endfacet
  facet normal 0.193772 -0.981047 0
    outer loop
      vertex -2.19252 4.32533 0.6
      vertex -2.21667 4.32056 0
      vertex -2.19252 4.32533 0
    endloop
  endfacet
  facet normal 0.154769 -0.987951 0
    outer loop
      vertex -2.24048 4.31683 0
      vertex -2.21667 4.32056 0.6
      vertex -2.24048 4.31683 0.6
    endloop
  endfacet
  facet normal 0.154769 -0.987951 0
    outer loop
      vertex -2.21667 4.32056 0.6
      vertex -2.24048 4.31683 0
      vertex -2.21667 4.32056 0
    endloop
  endfacet
  facet normal 0.112197 -0.993686 0
    outer loop
      vertex -2.26395 4.31418 0
      vertex -2.24048 4.31683 0.6
      vertex -2.26395 4.31418 0.6
    endloop
  endfacet
  facet normal 0.112197 -0.993686 0
    outer loop
      vertex -2.24048 4.31683 0.6
      vertex -2.26395 4.31418 0
      vertex -2.24048 4.31683 0
    endloop
  endfacet
  facet normal 0.0690093 -0.997616 0
    outer loop
      vertex -2.28708 4.31258 0
      vertex -2.26395 4.31418 0.6
      vertex -2.28708 4.31258 0.6
    endloop
  endfacet
  facet normal 0.0690093 -0.997616 0
    outer loop
      vertex -2.26395 4.31418 0.6
      vertex -2.28708 4.31258 0
      vertex -2.26395 4.31418 0
    endloop
  endfacet
  facet normal 0.0236776 -0.99972 0
    outer loop
      vertex -2.30988 4.31204 0
      vertex -2.28708 4.31258 0.6
      vertex -2.30988 4.31204 0.6
    endloop
  endfacet
  facet normal 0.0236776 -0.99972 0
    outer loop
      vertex -2.28708 4.31258 0.6
      vertex -2.30988 4.31204 0
      vertex -2.28708 4.31258 0
    endloop
  endfacet
  facet normal -0.0183666 -0.999831 0
    outer loop
      vertex -2.33601 4.31252 0
      vertex -2.30988 4.31204 0.6
      vertex -2.33601 4.31252 0.6
    endloop
  endfacet
  facet normal -0.0183666 -0.999831 -0
    outer loop
      vertex -2.30988 4.31204 0.6
      vertex -2.33601 4.31252 0
      vertex -2.30988 4.31204 0
    endloop
  endfacet
  facet normal -0.0536243 -0.998561 0
    outer loop
      vertex -2.36208 4.31392 0
      vertex -2.33601 4.31252 0.6
      vertex -2.36208 4.31392 0.6
    endloop
  endfacet
  facet normal -0.0536243 -0.998561 -0
    outer loop
      vertex -2.33601 4.31252 0.6
      vertex -2.36208 4.31392 0
      vertex -2.33601 4.31252 0
    endloop
  endfacet
  facet normal -0.08936 -0.995999 0
    outer loop
      vertex -2.38805 4.31625 0
      vertex -2.36208 4.31392 0.6
      vertex -2.38805 4.31625 0.6
    endloop
  endfacet
  facet normal -0.08936 -0.995999 -0
    outer loop
      vertex -2.36208 4.31392 0.6
      vertex -2.38805 4.31625 0
      vertex -2.36208 4.31392 0
    endloop
  endfacet
  facet normal -0.125685 -0.99207 0
    outer loop
      vertex -2.41394 4.31953 0
      vertex -2.38805 4.31625 0.6
      vertex -2.41394 4.31953 0.6
    endloop
  endfacet
  facet normal -0.125685 -0.99207 -0
    outer loop
      vertex -2.38805 4.31625 0.6
      vertex -2.41394 4.31953 0
      vertex -2.38805 4.31625 0
    endloop
  endfacet
  facet normal -0.161421 -0.986886 0
    outer loop
      vertex -2.43974 4.32375 0
      vertex -2.41394 4.31953 0.6
      vertex -2.43974 4.32375 0.6
    endloop
  endfacet
  facet normal -0.161421 -0.986886 -0
    outer loop
      vertex -2.41394 4.31953 0.6
      vertex -2.43974 4.32375 0
      vertex -2.41394 4.31953 0
    endloop
  endfacet
  facet normal -0.195896 -0.980625 0
    outer loop
      vertex -2.46547 4.32889 0
      vertex -2.43974 4.32375 0.6
      vertex -2.46547 4.32889 0.6
    endloop
  endfacet
  facet normal -0.195896 -0.980625 -0
    outer loop
      vertex -2.43974 4.32375 0.6
      vertex -2.46547 4.32889 0
      vertex -2.43974 4.32375 0
    endloop
  endfacet
  facet normal -0.230457 -0.973083 0
    outer loop
      vertex -2.4911 4.33496 0
      vertex -2.46547 4.32889 0.6
      vertex -2.4911 4.33496 0.6
    endloop
  endfacet
  facet normal -0.230457 -0.973083 -0
    outer loop
      vertex -2.46547 4.32889 0.6
      vertex -2.4911 4.33496 0
      vertex -2.46547 4.32889 0
    endloop
  endfacet
  facet normal -0.272249 -0.962227 0
    outer loop
      vertex -2.5163 4.34209 0
      vertex -2.4911 4.33496 0.6
      vertex -2.5163 4.34209 0.6
    endloop
  endfacet
  facet normal -0.272249 -0.962227 -0
    outer loop
      vertex -2.4911 4.33496 0.6
      vertex -2.5163 4.34209 0
      vertex -2.4911 4.33496 0
    endloop
  endfacet
  facet normal -0.321234 -0.947 0
    outer loop
      vertex -2.54068 4.35036 0
      vertex -2.5163 4.34209 0.6
      vertex -2.54068 4.35036 0.6
    endloop
  endfacet
  facet normal -0.321234 -0.947 -0
    outer loop
      vertex -2.5163 4.34209 0.6
      vertex -2.54068 4.35036 0
      vertex -2.5163 4.34209 0
    endloop
  endfacet
  facet normal -0.370779 -0.928721 0
    outer loop
      vertex -2.56425 4.35977 0
      vertex -2.54068 4.35036 0.6
      vertex -2.56425 4.35977 0.6
    endloop
  endfacet
  facet normal -0.370779 -0.928721 -0
    outer loop
      vertex -2.54068 4.35036 0.6
      vertex -2.56425 4.35977 0
      vertex -2.54068 4.35036 0
    endloop
  endfacet
  facet normal -0.42138 -0.906884 0
    outer loop
      vertex -2.58702 4.37035 0
      vertex -2.56425 4.35977 0.6
      vertex -2.58702 4.37035 0.6
    endloop
  endfacet
  facet normal -0.42138 -0.906884 -0
    outer loop
      vertex -2.56425 4.35977 0.6
      vertex -2.58702 4.37035 0
      vertex -2.56425 4.35977 0
    endloop
  endfacet
  facet normal -0.470213 -0.882553 0
    outer loop
      vertex -2.60898 4.38205 0
      vertex -2.58702 4.37035 0.6
      vertex -2.60898 4.38205 0.6
    endloop
  endfacet
  facet normal -0.470213 -0.882553 -0
    outer loop
      vertex -2.58702 4.37035 0.6
      vertex -2.60898 4.38205 0
      vertex -2.58702 4.37035 0
    endloop
  endfacet
  facet normal -0.519537 -0.854448 0
    outer loop
      vertex -2.63013 4.39491 0
      vertex -2.60898 4.38205 0.6
      vertex -2.63013 4.39491 0.6
    endloop
  endfacet
  facet normal -0.519537 -0.854448 -0
    outer loop
      vertex -2.60898 4.38205 0.6
      vertex -2.63013 4.39491 0
      vertex -2.60898 4.38205 0
    endloop
  endfacet
  facet normal -0.56725 -0.823545 0
    outer loop
      vertex -2.65047 4.40892 0
      vertex -2.63013 4.39491 0.6
      vertex -2.65047 4.40892 0.6
    endloop
  endfacet
  facet normal -0.56725 -0.823545 -0
    outer loop
      vertex -2.63013 4.39491 0.6
      vertex -2.65047 4.40892 0
      vertex -2.63013 4.39491 0
    endloop
  endfacet
  facet normal -0.616637 -0.787248 0
    outer loop
      vertex -2.66985 4.4241 0
      vertex -2.65047 4.40892 0.6
      vertex -2.66985 4.4241 0.6
    endloop
  endfacet
  facet normal -0.616637 -0.787248 -0
    outer loop
      vertex -2.65047 4.40892 0.6
      vertex -2.66985 4.4241 0
      vertex -2.65047 4.40892 0
    endloop
  endfacet
  facet normal -0.667342 -0.744751 0
    outer loop
      vertex -2.68813 4.44048 0
      vertex -2.66985 4.4241 0.6
      vertex -2.68813 4.44048 0.6
    endloop
  endfacet
  facet normal -0.667342 -0.744751 -0
    outer loop
      vertex -2.66985 4.4241 0.6
      vertex -2.68813 4.44048 0
      vertex -2.66985 4.4241 0
    endloop
  endfacet
  facet normal -0.714799 -0.69933 0
    outer loop
      vertex -2.68813 4.44048 0
      vertex -2.70531 4.45804 0.6
      vertex -2.70531 4.45804 0
    endloop
  endfacet
  facet normal -0.714799 -0.69933 0
    outer loop
      vertex -2.70531 4.45804 0.6
      vertex -2.68813 4.44048 0
      vertex -2.68813 4.44048 0.6
    endloop
  endfacet
  facet normal -0.759514 -0.650491 0
    outer loop
      vertex -2.70531 4.45804 0
      vertex -2.72136 4.47678 0.6
      vertex -2.72136 4.47678 0
    endloop
  endfacet
  facet normal -0.759514 -0.650491 0
    outer loop
      vertex -2.72136 4.47678 0.6
      vertex -2.70531 4.45804 0
      vertex -2.70531 4.45804 0.6
    endloop
  endfacet
  facet normal -0.799711 -0.600385 0
    outer loop
      vertex -2.72136 4.47678 0
      vertex -2.73633 4.49672 0.6
      vertex -2.73633 4.49672 0
    endloop
  endfacet
  facet normal -0.799711 -0.600385 0
    outer loop
      vertex -2.73633 4.49672 0.6
      vertex -2.72136 4.47678 0
      vertex -2.72136 4.47678 0.6
    endloop
  endfacet
  facet normal -0.836348 -0.548198 0
    outer loop
      vertex -2.73633 4.49672 0
      vertex -2.75018 4.51785 0.6
      vertex -2.75018 4.51785 0
    endloop
  endfacet
  facet normal -0.836348 -0.548198 0
    outer loop
      vertex -2.75018 4.51785 0.6
      vertex -2.73633 4.49672 0
      vertex -2.73633 4.49672 0.6
    endloop
  endfacet
  facet normal -0.868052 -0.496474 0
    outer loop
      vertex -2.75018 4.51785 0
      vertex -2.76294 4.54016 0.6
      vertex -2.76294 4.54016 0
    endloop
  endfacet
  facet normal -0.868052 -0.496474 0
    outer loop
      vertex -2.76294 4.54016 0.6
      vertex -2.75018 4.51785 0
      vertex -2.75018 4.51785 0.6
    endloop
  endfacet
  facet normal -0.902141 -0.431442 0
    outer loop
      vertex -2.76294 4.54016 0
      vertex -2.77426 4.56383 0.6
      vertex -2.77426 4.56383 0
    endloop
  endfacet
  facet normal -0.902141 -0.431442 0
    outer loop
      vertex -2.77426 4.56383 0.6
      vertex -2.76294 4.54016 0
      vertex -2.76294 4.54016 0.6
    endloop
  endfacet
  facet normal -0.934205 -0.356737 0
    outer loop
      vertex -2.77426 4.56383 0
      vertex -2.78386 4.58897 0.6
      vertex -2.78386 4.58897 0
    endloop
  endfacet
  facet normal -0.934205 -0.356737 0
    outer loop
      vertex -2.78386 4.58897 0.6
      vertex -2.77426 4.56383 0
      vertex -2.77426 4.56383 0.6
    endloop
  endfacet
  facet normal -0.959348 -0.282225 0
    outer loop
      vertex -2.78386 4.58897 0
      vertex -2.7917 4.61562 0.6
      vertex -2.7917 4.61562 0
    endloop
  endfacet
  facet normal -0.959348 -0.282225 0
    outer loop
      vertex -2.7917 4.61562 0.6
      vertex -2.78386 4.58897 0
      vertex -2.78386 4.58897 0.6
    endloop
  endfacet
  facet normal -0.977198 -0.212329 0
    outer loop
      vertex -2.7917 4.61562 0
      vertex -2.79781 4.64374 0.6
      vertex -2.79781 4.64374 0
    endloop
  endfacet
  facet normal -0.977198 -0.212329 0
    outer loop
      vertex -2.79781 4.64374 0.6
      vertex -2.7917 4.61562 0
      vertex -2.7917 4.61562 0.6
    endloop
  endfacet
  facet normal -0.989339 -0.145629 0
    outer loop
      vertex -2.79781 4.64374 0
      vertex -2.80217 4.67336 0.6
      vertex -2.80217 4.67336 0
    endloop
  endfacet
  facet normal -0.989339 -0.145629 0
    outer loop
      vertex -2.80217 4.67336 0.6
      vertex -2.79781 4.64374 0
      vertex -2.79781 4.64374 0.6
    endloop
  endfacet
  facet normal -0.996495 -0.0836556 0
    outer loop
      vertex -2.80217 4.67336 0
      vertex -2.80478 4.70445 0.6
      vertex -2.80478 4.70445 0
    endloop
  endfacet
  facet normal -0.996495 -0.0836556 0
    outer loop
      vertex -2.80478 4.70445 0.6
      vertex -2.80217 4.67336 0
      vertex -2.80217 4.67336 0.6
    endloop
  endfacet
  facet normal -0.999644 -0.026694 0
    outer loop
      vertex -2.80478 4.70445 0
      vertex -2.80565 4.73703 0.6
      vertex -2.80565 4.73703 0
    endloop
  endfacet
  facet normal -0.999644 -0.026694 0
    outer loop
      vertex -2.80565 4.73703 0.6
      vertex -2.80478 4.70445 0
      vertex -2.80478 4.70445 0.6
    endloop
  endfacet
  facet normal -0.999458 0.0329248 0
    outer loop
      vertex -2.80565 4.73703 0
      vertex -2.80461 4.7686 0.6
      vertex -2.80461 4.7686 0
    endloop
  endfacet
  facet normal -0.999458 0.0329248 0
    outer loop
      vertex -2.80461 4.7686 0.6
      vertex -2.80565 4.73703 0
      vertex -2.80565 4.73703 0.6
    endloop
  endfacet
  facet normal -0.994745 0.102386 0
    outer loop
      vertex -2.80461 4.7686 0
      vertex -2.80148 4.79901 0.6
      vertex -2.80148 4.79901 0
    endloop
  endfacet
  facet normal -0.994745 0.102386 0
    outer loop
      vertex -2.80148 4.79901 0.6
      vertex -2.80461 4.7686 0
      vertex -2.80461 4.7686 0.6
    endloop
  endfacet
  facet normal -0.984593 0.174859 0
    outer loop
      vertex -2.80148 4.79901 0
      vertex -2.79628 4.82829 0.6
      vertex -2.79628 4.82829 0
    endloop
  endfacet
  facet normal -0.984593 0.174859 0
    outer loop
      vertex -2.79628 4.82829 0.6
      vertex -2.80148 4.79901 0
      vertex -2.80148 4.79901 0.6
    endloop
  endfacet
  facet normal -0.968 0.25095 0
    outer loop
      vertex -2.79628 4.82829 0
      vertex -2.78899 4.85641 0.6
      vertex -2.78899 4.85641 0
    endloop
  endfacet
  facet normal -0.968 0.25095 0
    outer loop
      vertex -2.78899 4.85641 0.6
      vertex -2.79628 4.82829 0
      vertex -2.79628 4.82829 0.6
    endloop
  endfacet
  facet normal -0.944653 0.328072 0
    outer loop
      vertex -2.78899 4.85641 0
      vertex -2.77962 4.88339 0.6
      vertex -2.77962 4.88339 0
    endloop
  endfacet
  facet normal -0.944653 0.328072 0
    outer loop
      vertex -2.77962 4.88339 0.6
      vertex -2.78899 4.85641 0
      vertex -2.78899 4.85641 0.6
    endloop
  endfacet
  facet normal -0.914016 0.405679 0
    outer loop
      vertex -2.77962 4.88339 0
      vertex -2.76816 4.90921 0.6
      vertex -2.76816 4.90921 0
    endloop
  endfacet
  facet normal -0.914016 0.405679 0
    outer loop
      vertex -2.76816 4.90921 0.6
      vertex -2.77962 4.88339 0
      vertex -2.77962 4.88339 0.6
    endloop
  endfacet
  facet normal -0.876643 0.481141 0
    outer loop
      vertex -2.76816 4.90921 0
      vertex -2.75462 4.93388 0.6
      vertex -2.75462 4.93388 0
    endloop
  endfacet
  facet normal -0.876643 0.481141 0
    outer loop
      vertex -2.75462 4.93388 0.6
      vertex -2.76816 4.90921 0
      vertex -2.76816 4.90921 0.6
    endloop
  endfacet
  facet normal -0.841904 0.539627 0
    outer loop
      vertex -2.75462 4.93388 0
      vertex -2.73941 4.95761 0.6
      vertex -2.73941 4.95761 0
    endloop
  endfacet
  facet normal -0.841904 0.539627 0
    outer loop
      vertex -2.73941 4.95761 0.6
      vertex -2.75462 4.93388 0
      vertex -2.75462 4.93388 0.6
    endloop
  endfacet
  facet normal -0.812345 0.583177 0
    outer loop
      vertex -2.73941 4.95761 0
      vertex -2.72292 4.98058 0.6
      vertex -2.72292 4.98058 0
    endloop
  endfacet
  facet normal -0.812345 0.583177 0
    outer loop
      vertex -2.72292 4.98058 0.6
      vertex -2.73941 4.95761 0
      vertex -2.73941 4.95761 0.6
    endloop
  endfacet
  facet normal -0.780526 0.625124 0
    outer loop
      vertex -2.72292 4.98058 0
      vertex -2.70514 5.00278 0.6
      vertex -2.70514 5.00278 0
    endloop
  endfacet
  facet normal -0.780526 0.625124 0
    outer loop
      vertex -2.70514 5.00278 0.6
      vertex -2.72292 4.98058 0
      vertex -2.72292 4.98058 0.6
    endloop
  endfacet
  facet normal -0.747409 0.664364 0
    outer loop
      vertex -2.70514 5.00278 0
      vertex -2.6861 5.0242 0.6
      vertex -2.6861 5.0242 0
    endloop
  endfacet
  facet normal -0.747409 0.664364 0
    outer loop
      vertex -2.6861 5.0242 0.6
      vertex -2.70514 5.00278 0
      vertex -2.70514 5.00278 0.6
    endloop
  endfacet
  facet normal -0.712776 0.701391 0
    outer loop
      vertex -2.6861 5.0242 0
      vertex -2.66577 5.04486 0.6
      vertex -2.66577 5.04486 0
    endloop
  endfacet
  facet normal -0.712776 0.701391 0
    outer loop
      vertex -2.66577 5.04486 0.6
      vertex -2.6861 5.0242 0
      vertex -2.6861 5.0242 0.6
    endloop
  endfacet
  facet normal -0.677742 0.735299 0
    outer loop
      vertex -2.64418 5.06476 0
      vertex -2.66577 5.04486 0.6
      vertex -2.64418 5.06476 0.6
    endloop
  endfacet
  facet normal -0.677742 0.735299 0
    outer loop
      vertex -2.66577 5.04486 0.6
      vertex -2.64418 5.06476 0
      vertex -2.66577 5.04486 0
    endloop
  endfacet
  facet normal -0.641602 0.767038 0
    outer loop
      vertex -2.62131 5.08389 0
      vertex -2.64418 5.06476 0.6
      vertex -2.62131 5.08389 0.6
    endloop
  endfacet
  facet normal -0.641602 0.767038 0
    outer loop
      vertex -2.64418 5.06476 0.6
      vertex -2.62131 5.08389 0
      vertex -2.64418 5.06476 0
    endloop
  endfacet
  facet normal -0.610732 0.791837 0
    outer loop
      vertex -2.59735 5.10237 0
      vertex -2.62131 5.08389 0.6
      vertex -2.59735 5.10237 0.6
    endloop
  endfacet
  facet normal -0.610732 0.791837 0
    outer loop
      vertex -2.62131 5.08389 0.6
      vertex -2.59735 5.10237 0
      vertex -2.62131 5.08389 0
    endloop
  endfacet
  facet normal -0.586252 0.810129 0
    outer loop
      vertex -2.57249 5.12036 0
      vertex -2.59735 5.10237 0.6
      vertex -2.57249 5.12036 0.6
    endloop
  endfacet
  facet normal -0.586252 0.810129 0
    outer loop
      vertex -2.59735 5.10237 0.6
      vertex -2.57249 5.12036 0
      vertex -2.59735 5.10237 0
    endloop
  endfacet
  facet normal -0.56158 0.827422 0
    outer loop
      vertex -2.54675 5.13783 0
      vertex -2.57249 5.12036 0.6
      vertex -2.54675 5.13783 0.6
    endloop
  endfacet
  facet normal -0.56158 0.827422 0
    outer loop
      vertex -2.57249 5.12036 0.6
      vertex -2.54675 5.13783 0
      vertex -2.57249 5.12036 0
    endloop
  endfacet
  facet normal -0.537265 0.843414 0
    outer loop
      vertex -2.52011 5.1548 0
      vertex -2.54675 5.13783 0.6
      vertex -2.52011 5.1548 0.6
    endloop
  endfacet
  facet normal -0.537265 0.843414 0
    outer loop
      vertex -2.54675 5.13783 0.6
      vertex -2.52011 5.1548 0
      vertex -2.54675 5.13783 0
    endloop
  endfacet
  facet normal -0.512936 0.858427 0
    outer loop
      vertex -2.49258 5.17125 0
      vertex -2.52011 5.1548 0.6
      vertex -2.49258 5.17125 0.6
    endloop
  endfacet
  facet normal -0.512936 0.858427 0
    outer loop
      vertex -2.52011 5.1548 0.6
      vertex -2.49258 5.17125 0
      vertex -2.52011 5.1548 0
    endloop
  endfacet
  facet normal -0.489314 0.872108 0
    outer loop
      vertex -2.46417 5.18719 0
      vertex -2.49258 5.17125 0.6
      vertex -2.46417 5.18719 0.6
    endloop
  endfacet
  facet normal -0.489314 0.872108 0
    outer loop
      vertex -2.49258 5.17125 0.6
      vertex -2.46417 5.18719 0
      vertex -2.49258 5.17125 0
    endloop
  endfacet
  facet normal -0.465834 0.884872 0
    outer loop
      vertex -2.43486 5.20262 0
      vertex -2.46417 5.18719 0.6
      vertex -2.43486 5.20262 0.6
    endloop
  endfacet
  facet normal -0.465834 0.884872 0
    outer loop
      vertex -2.46417 5.18719 0.6
      vertex -2.43486 5.20262 0
      vertex -2.46417 5.18719 0
    endloop
  endfacet
  facet normal -0.452231 0.891901 0
    outer loop
      vertex -2.40504 5.21774 0
      vertex -2.43486 5.20262 0.6
      vertex -2.40504 5.21774 0.6
    endloop
  endfacet
  facet normal -0.452231 0.891901 0
    outer loop
      vertex -2.43486 5.20262 0.6
      vertex -2.40504 5.21774 0
      vertex -2.43486 5.20262 0
    endloop
  endfacet
  facet normal -0.44853 0.893768 0
    outer loop
      vertex -2.37517 5.23273 0
      vertex -2.40504 5.21774 0.6
      vertex -2.37517 5.23273 0.6
    endloop
  endfacet
  facet normal -0.44853 0.893768 0
    outer loop
      vertex -2.40504 5.21774 0.6
      vertex -2.37517 5.23273 0
      vertex -2.40504 5.21774 0
    endloop
  endfacet
  facet normal -0.444222 0.895917 0
    outer loop
      vertex -2.3452 5.24759 0
      vertex -2.37517 5.23273 0.6
      vertex -2.3452 5.24759 0.6
    endloop
  endfacet
  facet normal -0.444222 0.895917 0
    outer loop
      vertex -2.37517 5.23273 0.6
      vertex -2.3452 5.24759 0
      vertex -2.37517 5.23273 0
    endloop
  endfacet
  facet normal -0.439789 0.898101 0
    outer loop
      vertex -2.31514 5.26231 0
      vertex -2.3452 5.24759 0.6
      vertex -2.31514 5.26231 0.6
    endloop
  endfacet
  facet normal -0.439789 0.898101 0
    outer loop
      vertex -2.3452 5.24759 0.6
      vertex -2.31514 5.26231 0
      vertex -2.3452 5.24759 0
    endloop
  endfacet
  facet normal -0.436193 0.899853 0
    outer loop
      vertex -2.285 5.27692 0
      vertex -2.31514 5.26231 0.6
      vertex -2.285 5.27692 0.6
    endloop
  endfacet
  facet normal -0.436193 0.899853 0
    outer loop
      vertex -2.31514 5.26231 0.6
      vertex -2.285 5.27692 0
      vertex -2.31514 5.26231 0
    endloop
  endfacet
  facet normal -0.43211 0.901821 0
    outer loop
      vertex -2.25478 5.2914 0
      vertex -2.285 5.27692 0.6
      vertex -2.25478 5.2914 0.6
    endloop
  endfacet
  facet normal -0.43211 0.901821 0
    outer loop
      vertex -2.285 5.27692 0.6
      vertex -2.25478 5.2914 0
      vertex -2.285 5.27692 0
    endloop
  endfacet
  facet normal -0.427548 0.903993 0
    outer loop
      vertex -2.22446 5.30574 0
      vertex -2.25478 5.2914 0.6
      vertex -2.22446 5.30574 0.6
    endloop
  endfacet
  facet normal -0.427548 0.903993 0
    outer loop
      vertex -2.25478 5.2914 0.6
      vertex -2.22446 5.30574 0
      vertex -2.25478 5.2914 0
    endloop
  endfacet
  facet normal -0.42972 0.902962 0
    outer loop
      vertex -2.18172 5.32608 0
      vertex -2.22446 5.30574 0.6
      vertex -2.18172 5.32608 0.6
    endloop
  endfacet
  facet normal -0.42972 0.902962 0
    outer loop
      vertex -2.22446 5.30574 0.6
      vertex -2.18172 5.32608 0
      vertex -2.22446 5.30574 0
    endloop
  endfacet
  facet normal -0.43498 0.90044 0
    outer loop
      vertex -2.13918 5.34663 0
      vertex -2.18172 5.32608 0.6
      vertex -2.13918 5.34663 0.6
    endloop
  endfacet
  facet normal -0.43498 0.90044 0
    outer loop
      vertex -2.18172 5.32608 0.6
      vertex -2.13918 5.34663 0
      vertex -2.18172 5.32608 0
    endloop
  endfacet
  facet normal -0.440499 0.897753 0
    outer loop
      vertex -2.09685 5.3674 0
      vertex -2.13918 5.34663 0.6
      vertex -2.09685 5.3674 0.6
    endloop
  endfacet
  facet normal -0.440499 0.897753 0
    outer loop
      vertex -2.13918 5.34663 0.6
      vertex -2.09685 5.3674 0
      vertex -2.13918 5.34663 0
    endloop
  endfacet
  facet normal -0.445683 0.895191 0
    outer loop
      vertex -2.05473 5.38837 0
      vertex -2.09685 5.3674 0.6
      vertex -2.05473 5.38837 0.6
    endloop
  endfacet
  facet normal -0.445683 0.895191 0
    outer loop
      vertex -2.09685 5.3674 0.6
      vertex -2.05473 5.38837 0
      vertex -2.09685 5.3674 0
    endloop
  endfacet
  facet normal -0.45147 0.892286 0
    outer loop
      vertex -2.01285 5.40956 0
      vertex -2.05473 5.38837 0.6
      vertex -2.01285 5.40956 0.6
    endloop
  endfacet
  facet normal -0.45147 0.892286 0
    outer loop
      vertex -2.05473 5.38837 0.6
      vertex -2.01285 5.40956 0
      vertex -2.05473 5.38837 0
    endloop
  endfacet
  facet normal -0.456494 0.889726 0
    outer loop
      vertex -1.97116 5.43095 0
      vertex -2.01285 5.40956 0.6
      vertex -1.97116 5.43095 0.6
    endloop
  endfacet
  facet normal -0.456494 0.889726 0
    outer loop
      vertex -2.01285 5.40956 0.6
      vertex -1.97116 5.43095 0
      vertex -2.01285 5.40956 0
    endloop
  endfacet
  facet normal -0.462456 0.886642 0
    outer loop
      vertex -1.92969 5.45258 0
      vertex -1.97116 5.43095 0.6
      vertex -1.92969 5.45258 0.6
    endloop
  endfacet
  facet normal -0.462456 0.886642 0
    outer loop
      vertex -1.97116 5.43095 0.6
      vertex -1.92969 5.45258 0
      vertex -1.97116 5.43095 0
    endloop
  endfacet
  facet normal -0.476887 0.878964 0
    outer loop
      vertex -1.88892 5.4747 0
      vertex -1.92969 5.45258 0.6
      vertex -1.88892 5.4747 0.6
    endloop
  endfacet
  facet normal -0.476887 0.878964 0
    outer loop
      vertex -1.92969 5.45258 0.6
      vertex -1.88892 5.4747 0
      vertex -1.92969 5.45258 0
    endloop
  endfacet
  facet normal -0.501519 0.865147 0
    outer loop
      vertex -1.84933 5.49765 0
      vertex -1.88892 5.4747 0.6
      vertex -1.84933 5.49765 0.6
    endloop
  endfacet
  facet normal -0.501519 0.865147 0
    outer loop
      vertex -1.88892 5.4747 0.6
      vertex -1.84933 5.49765 0
      vertex -1.88892 5.4747 0
    endloop
  endfacet
  facet normal -0.52595 0.850515 0
    outer loop
      vertex -1.81094 5.52139 0
      vertex -1.84933 5.49765 0.6
      vertex -1.81094 5.52139 0.6
    endloop
  endfacet
  facet normal -0.52595 0.850515 0
    outer loop
      vertex -1.84933 5.49765 0.6
      vertex -1.81094 5.52139 0
      vertex -1.84933 5.49765 0
    endloop
  endfacet
  facet normal -0.550811 0.83463 0
    outer loop
      vertex -1.77374 5.54594 0
      vertex -1.81094 5.52139 0.6
      vertex -1.77374 5.54594 0.6
    endloop
  endfacet
  facet normal -0.550811 0.83463 0
    outer loop
      vertex -1.81094 5.52139 0.6
      vertex -1.77374 5.54594 0
      vertex -1.81094 5.52139 0
    endloop
  endfacet
  facet normal -0.575791 0.817597 0
    outer loop
      vertex -1.73773 5.5713 0
      vertex -1.77374 5.54594 0.6
      vertex -1.73773 5.5713 0.6
    endloop
  endfacet
  facet normal -0.575791 0.817597 0
    outer loop
      vertex -1.77374 5.54594 0.6
      vertex -1.73773 5.5713 0
      vertex -1.77374 5.54594 0
    endloop
  endfacet
  facet normal -0.600808 0.799394 0
    outer loop
      vertex -1.70291 5.59747 0
      vertex -1.73773 5.5713 0.6
      vertex -1.70291 5.59747 0.6
    endloop
  endfacet
  facet normal -0.600808 0.799394 0
    outer loop
      vertex -1.73773 5.5713 0.6
      vertex -1.70291 5.59747 0
      vertex -1.73773 5.5713 0
    endloop
  endfacet
  facet normal -0.625628 0.780121 0
    outer loop
      vertex -1.66928 5.62444 0
      vertex -1.70291 5.59747 0.6
      vertex -1.66928 5.62444 0.6
    endloop
  endfacet
  facet normal -0.625628 0.780121 0
    outer loop
      vertex -1.70291 5.59747 0.6
      vertex -1.66928 5.62444 0
      vertex -1.70291 5.59747 0
    endloop
  endfacet
  facet normal -0.656039 0.754727 0
    outer loop
      vertex -1.63716 5.65236 0
      vertex -1.66928 5.62444 0.6
      vertex -1.63716 5.65236 0.6
    endloop
  endfacet
  facet normal -0.656039 0.754727 0
    outer loop
      vertex -1.66928 5.62444 0.6
      vertex -1.63716 5.65236 0
      vertex -1.66928 5.62444 0
    endloop
  endfacet
  facet normal -0.691309 0.722559 0
    outer loop
      vertex -1.60687 5.68134 0
      vertex -1.63716 5.65236 0.6
      vertex -1.60687 5.68134 0.6
    endloop
  endfacet
  facet normal -0.691309 0.722559 0
    outer loop
      vertex -1.63716 5.65236 0.6
      vertex -1.60687 5.68134 0
      vertex -1.63716 5.65236 0
    endloop
  endfacet
  facet normal -0.72594 0.687758 0
    outer loop
      vertex -1.60687 5.68134 0
      vertex -1.57841 5.71138 0.6
      vertex -1.57841 5.71138 0
    endloop
  endfacet
  facet normal -0.72594 0.687758 0
    outer loop
      vertex -1.57841 5.71138 0.6
      vertex -1.60687 5.68134 0
      vertex -1.60687 5.68134 0.6
    endloop
  endfacet
  facet normal -0.759463 0.65055 0
    outer loop
      vertex -1.57841 5.71138 0
      vertex -1.55177 5.74248 0.6
      vertex -1.55177 5.74248 0
    endloop
  endfacet
  facet normal -0.759463 0.65055 0
    outer loop
      vertex -1.55177 5.74248 0.6
      vertex -1.57841 5.71138 0
      vertex -1.57841 5.71138 0.6
    endloop
  endfacet
  facet normal -0.791772 0.610817 0
    outer loop
      vertex -1.55177 5.74248 0
      vertex -1.52696 5.77464 0.6
      vertex -1.52696 5.77464 0
    endloop
  endfacet
  facet normal -0.791772 0.610817 0
    outer loop
      vertex -1.52696 5.77464 0.6
      vertex -1.55177 5.74248 0
      vertex -1.55177 5.74248 0.6
    endloop
  endfacet
  facet normal -0.822406 0.568901 0
    outer loop
      vertex -1.52696 5.77464 0
      vertex -1.50398 5.80786 0.6
      vertex -1.50398 5.80786 0
    endloop
  endfacet
  facet normal -0.822406 0.568901 0
    outer loop
      vertex -1.50398 5.80786 0.6
      vertex -1.52696 5.77464 0
      vertex -1.52696 5.77464 0.6
    endloop
  endfacet
  facet normal -0.851121 0.52497 0
    outer loop
      vertex -1.50398 5.80786 0
      vertex -1.48283 5.84215 0.6
      vertex -1.48283 5.84215 0
    endloop
  endfacet
  facet normal -0.851121 0.52497 0
    outer loop
      vertex -1.48283 5.84215 0.6
      vertex -1.50398 5.80786 0
      vertex -1.50398 5.80786 0.6
    endloop
  endfacet
  facet normal -0.88459 0.46637 0
    outer loop
      vertex -1.48283 5.84215 0
      vertex -1.46404 5.87779 0.6
      vertex -1.46404 5.87779 0
    endloop
  endfacet
  facet normal -0.88459 0.46637 0
    outer loop
      vertex -1.46404 5.87779 0.6
      vertex -1.48283 5.84215 0
      vertex -1.48283 5.84215 0.6
    endloop
  endfacet
  facet normal -0.919947 0.392044 0
    outer loop
      vertex -1.46404 5.87779 0
      vertex -1.44814 5.9151 0.6
      vertex -1.44814 5.9151 0
    endloop
  endfacet
  facet normal -0.919947 0.392044 0
    outer loop
      vertex -1.44814 5.9151 0.6
      vertex -1.46404 5.87779 0
      vertex -1.46404 5.87779 0.6
    endloop
  endfacet
  facet normal -0.948537 0.316666 0
    outer loop
      vertex -1.44814 5.9151 0
      vertex -1.43513 5.95407 0.6
      vertex -1.43513 5.95407 0
    endloop
  endfacet
  facet normal -0.948537 0.316666 0
    outer loop
      vertex -1.43513 5.95407 0.6
      vertex -1.44814 5.9151 0
      vertex -1.44814 5.9151 0.6
    endloop
  endfacet
  facet normal -0.970395 0.241524 0
    outer loop
      vertex -1.43513 5.95407 0
      vertex -1.42502 5.99469 0.6
      vertex -1.42502 5.99469 0
    endloop
  endfacet
  facet normal -0.970395 0.241524 0
    outer loop
      vertex -1.42502 5.99469 0.6
      vertex -1.43513 5.95407 0
      vertex -1.43513 5.95407 0.6
    endloop
  endfacet
  facet normal -0.985692 0.168556 0
    outer loop
      vertex -1.42502 5.99469 0
      vertex -1.41779 6.03697 0.6
      vertex -1.41779 6.03697 0
    endloop
  endfacet
  facet normal -0.985692 0.168556 0
    outer loop
      vertex -1.41779 6.03697 0.6
      vertex -1.42502 5.99469 0
      vertex -1.42502 5.99469 0.6
    endloop
  endfacet
  facet normal -0.99516 0.0982706 0
    outer loop
      vertex -1.41779 6.03697 0
      vertex -1.41345 6.08092 0.6
      vertex -1.41345 6.08092 0
    endloop
  endfacet
  facet normal -0.99516 0.0982706 0
    outer loop
      vertex -1.41345 6.08092 0.6
      vertex -1.41779 6.03697 0
      vertex -1.41779 6.03697 0.6
    endloop
  endfacet
  facet normal -0.999495 0.0317752 0
    outer loop
      vertex -1.41345 6.08092 0
      vertex -1.412 6.12653 0.6
      vertex -1.412 6.12653 0
    endloop
  endfacet
  facet normal -0.999495 0.0317752 0
    outer loop
      vertex -1.412 6.12653 0.6
      vertex -1.41345 6.08092 0
      vertex -1.41345 6.08092 0.6
    endloop
  endfacet
  facet normal -0.99949 -0.0319364 0
    outer loop
      vertex -1.412 6.12653 0
      vertex -1.41389 6.18568 0.6
      vertex -1.41389 6.18568 0
    endloop
  endfacet
  facet normal -0.99949 -0.0319364 0
    outer loop
      vertex -1.41389 6.18568 0.6
      vertex -1.412 6.12653 0
      vertex -1.412 6.12653 0.6
    endloop
  endfacet
  facet normal -0.995113 -0.0987463 0
    outer loop
      vertex -1.41389 6.18568 0
      vertex -1.41957 6.24292 0.6
      vertex -1.41957 6.24292 0
    endloop
  endfacet
  facet normal -0.995113 -0.0987463 0
    outer loop
      vertex -1.41957 6.24292 0.6
      vertex -1.41389 6.18568 0
      vertex -1.41389 6.18568 0.6
    endloop
  endfacet
  facet normal -0.985697 -0.168529 0
    outer loop
      vertex -1.41957 6.24292 0
      vertex -1.42903 6.29825 0.6
      vertex -1.42903 6.29825 0
    endloop
  endfacet
  facet normal -0.985697 -0.168529 0
    outer loop
      vertex -1.42903 6.29825 0.6
      vertex -1.41957 6.24292 0
      vertex -1.41957 6.24292 0.6
    endloop
  endfacet
  facet normal -0.97059 -0.24074 0
    outer loop
      vertex -1.42903 6.29825 0
      vertex -1.44228 6.35167 0.6
      vertex -1.44228 6.35167 0
    endloop
  endfacet
  facet normal -0.97059 -0.24074 0
    outer loop
      vertex -1.44228 6.35167 0.6
      vertex -1.42903 6.29825 0
      vertex -1.42903 6.29825 0.6
    endloop
  endfacet
  facet normal -0.949491 -0.313793 0
    outer loop
      vertex -1.44228 6.35167 0
      vertex -1.4593 6.40317 0.6
      vertex -1.4593 6.40317 0
    endloop
  endfacet
  facet normal -0.949491 -0.313793 0
    outer loop
      vertex -1.4593 6.40317 0.6
      vertex -1.44228 6.35167 0
      vertex -1.44228 6.35167 0.6
    endloop
  endfacet
  facet normal -0.922167 -0.386793 0
    outer loop
      vertex -1.4593 6.40317 0
      vertex -1.4801 6.45276 0.6
      vertex -1.4801 6.45276 0
    endloop
  endfacet
  facet normal -0.922167 -0.386793 0
    outer loop
      vertex -1.4801 6.45276 0.6
      vertex -1.4593 6.40317 0
      vertex -1.4593 6.40317 0.6
    endloop
  endfacet
  facet normal -0.888689 -0.45851 0
    outer loop
      vertex -1.4801 6.45276 0
      vertex -1.5047 6.50044 0.6
      vertex -1.5047 6.50044 0
    endloop
  endfacet
  facet normal -0.888689 -0.45851 0
    outer loop
      vertex -1.5047 6.50044 0.6
      vertex -1.4801 6.45276 0
      vertex -1.4801 6.45276 0.6
    endloop
  endfacet
  facet normal -0.855054 -0.518538 0
    outer loop
      vertex -1.5047 6.50044 0
      vertex -1.53239 6.5461 0.6
      vertex -1.53239 6.5461 0
    endloop
  endfacet
  facet normal -0.855054 -0.518538 0
    outer loop
      vertex -1.53239 6.5461 0.6
      vertex -1.5047 6.50044 0
      vertex -1.5047 6.50044 0.6
    endloop
  endfacet
  facet normal -0.822247 -0.569131 0
    outer loop
      vertex -1.53239 6.5461 0
      vertex -1.56252 6.58963 0.6
      vertex -1.56252 6.58963 0
    endloop
  endfacet
  facet normal -0.822247 -0.569131 0
    outer loop
      vertex -1.56252 6.58963 0.6
      vertex -1.53239 6.5461 0
      vertex -1.53239 6.5461 0.6
    endloop
  endfacet
  facet normal -0.786285 -0.617863 0
    outer loop
      vertex -1.56252 6.58963 0
      vertex -1.59506 6.63104 0.6
      vertex -1.59506 6.63104 0
    endloop
  endfacet
  facet normal -0.786285 -0.617863 0
    outer loop
      vertex -1.59506 6.63104 0.6
      vertex -1.56252 6.58963 0
      vertex -1.56252 6.58963 0.6
    endloop
  endfacet
  facet normal -0.746885 -0.664954 0
    outer loop
      vertex -1.59506 6.63104 0
      vertex -1.63004 6.67033 0.6
      vertex -1.63004 6.67033 0
    endloop
  endfacet
  facet normal -0.746885 -0.664954 0
    outer loop
      vertex -1.63004 6.67033 0.6
      vertex -1.59506 6.63104 0
      vertex -1.59506 6.63104 0.6
    endloop
  endfacet
  facet normal -0.705017 -0.709191 0
    outer loop
      vertex -1.66742 6.70749 0
      vertex -1.63004 6.67033 0.6
      vertex -1.66742 6.70749 0.6
    endloop
  endfacet
  facet normal -0.705017 -0.709191 -0
    outer loop
      vertex -1.63004 6.67033 0.6
      vertex -1.66742 6.70749 0
      vertex -1.63004 6.67033 0
    endloop
  endfacet
  facet normal -0.660598 -0.75074 0
    outer loop
      vertex -1.70723 6.74252 0
      vertex -1.66742 6.70749 0.6
      vertex -1.70723 6.74252 0.6
    endloop
  endfacet
  facet normal -0.660598 -0.75074 -0
    outer loop
      vertex -1.66742 6.70749 0.6
      vertex -1.70723 6.74252 0
      vertex -1.66742 6.70749 0
    endloop
  endfacet
  facet normal -0.614393 -0.789 0
    outer loop
      vertex -1.74948 6.77542 0
      vertex -1.70723 6.74252 0.6
      vertex -1.74948 6.77542 0.6
    endloop
  endfacet
  facet normal -0.614393 -0.789 -0
    outer loop
      vertex -1.70723 6.74252 0.6
      vertex -1.74948 6.77542 0
      vertex -1.70723 6.74252 0
    endloop
  endfacet
  facet normal -0.570232 -0.821483 0
    outer loop
      vertex -1.79375 6.80615 0
      vertex -1.74948 6.77542 0.6
      vertex -1.79375 6.80615 0.6
    endloop
  endfacet
  facet normal -0.570232 -0.821483 -0
    outer loop
      vertex -1.74948 6.77542 0.6
      vertex -1.79375 6.80615 0
      vertex -1.74948 6.77542 0
    endloop
  endfacet
  facet normal -0.527703 -0.849429 0
    outer loop
      vertex -1.83969 6.83469 0
      vertex -1.79375 6.80615 0.6
      vertex -1.83969 6.83469 0.6
    endloop
  endfacet
  facet normal -0.527703 -0.849429 -0
    outer loop
      vertex -1.79375 6.80615 0.6
      vertex -1.83969 6.83469 0
      vertex -1.79375 6.80615 0
    endloop
  endfacet
  facet normal -0.48369 -0.875239 0
    outer loop
      vertex -1.88728 6.86099 0
      vertex -1.83969 6.83469 0.6
      vertex -1.88728 6.86099 0.6
    endloop
  endfacet
  facet normal -0.48369 -0.875239 -0
    outer loop
      vertex -1.83969 6.83469 0.6
      vertex -1.88728 6.86099 0
      vertex -1.83969 6.83469 0
    endloop
  endfacet
  facet normal -0.439612 -0.898188 0
    outer loop
      vertex -1.93654 6.8851 0
      vertex -1.88728 6.86099 0.6
      vertex -1.93654 6.8851 0.6
    endloop
  endfacet
  facet normal -0.439612 -0.898188 -0
    outer loop
      vertex -1.88728 6.86099 0.6
      vertex -1.93654 6.8851 0
      vertex -1.88728 6.86099 0
    endloop
  endfacet
  facet normal -0.395226 -0.918584 0
    outer loop
      vertex -1.98744 6.907 0
      vertex -1.93654 6.8851 0.6
      vertex -1.98744 6.907 0.6
    endloop
  endfacet
  facet normal -0.395226 -0.918584 -0
    outer loop
      vertex -1.93654 6.8851 0.6
      vertex -1.98744 6.907 0
      vertex -1.93654 6.8851 0
    endloop
  endfacet
  facet normal -0.35044 -0.936585 0
    outer loop
      vertex -2.04001 6.92667 0
      vertex -1.98744 6.907 0.6
      vertex -2.04001 6.92667 0.6
    endloop
  endfacet
  facet normal -0.35044 -0.936585 -0
    outer loop
      vertex -1.98744 6.907 0.6
      vertex -2.04001 6.92667 0
      vertex -1.98744 6.907 0
    endloop
  endfacet
  facet normal -0.306628 -0.951829 0
    outer loop
      vertex -2.09424 6.94414 0
      vertex -2.04001 6.92667 0.6
      vertex -2.09424 6.94414 0.6
    endloop
  endfacet
  facet normal -0.306628 -0.951829 -0
    outer loop
      vertex -2.04001 6.92667 0.6
      vertex -2.09424 6.94414 0
      vertex -2.04001 6.92667 0
    endloop
  endfacet
  facet normal -0.265644 -0.964071 0
    outer loop
      vertex -2.14944 6.95935 0
      vertex -2.09424 6.94414 0.6
      vertex -2.14944 6.95935 0.6
    endloop
  endfacet
  facet normal -0.265644 -0.964071 -0
    outer loop
      vertex -2.09424 6.94414 0.6
      vertex -2.14944 6.95935 0
      vertex -2.09424 6.94414 0
    endloop
  endfacet
  facet normal -0.225654 -0.974208 0
    outer loop
      vertex -2.20496 6.97221 0
      vertex -2.14944 6.95935 0.6
      vertex -2.20496 6.97221 0.6
    endloop
  endfacet
  facet normal -0.225654 -0.974208 -0
    outer loop
      vertex -2.14944 6.95935 0.6
      vertex -2.20496 6.97221 0
      vertex -2.14944 6.95935 0
    endloop
  endfacet
  facet normal -0.185267 -0.982688 0
    outer loop
      vertex -2.26076 6.98273 0
      vertex -2.20496 6.97221 0.6
      vertex -2.26076 6.98273 0.6
    endloop
  endfacet
  facet normal -0.185267 -0.982688 -0
    outer loop
      vertex -2.20496 6.97221 0.6
      vertex -2.26076 6.98273 0
      vertex -2.20496 6.97221 0
    endloop
  endfacet
  facet normal -0.144483 -0.989507 0
    outer loop
      vertex -2.31685 6.99092 0
      vertex -2.26076 6.98273 0.6
      vertex -2.31685 6.99092 0.6
    endloop
  endfacet
  facet normal -0.144483 -0.989507 -0
    outer loop
      vertex -2.26076 6.98273 0.6
      vertex -2.31685 6.99092 0
      vertex -2.26076 6.98273 0
    endloop
  endfacet
  facet normal -0.10317 -0.994664 0
    outer loop
      vertex -2.37325 6.99677 0
      vertex -2.31685 6.99092 0.6
      vertex -2.37325 6.99677 0.6
    endloop
  endfacet
  facet normal -0.10317 -0.994664 -0
    outer loop
      vertex -2.31685 6.99092 0.6
      vertex -2.37325 6.99677 0
      vertex -2.31685 6.99092 0
    endloop
  endfacet
  facet normal -0.0616111 -0.9981 0
    outer loop
      vertex -2.42995 7.00027 0
      vertex -2.37325 6.99677 0.6
      vertex -2.42995 7.00027 0.6
    endloop
  endfacet
  facet normal -0.0616111 -0.9981 -0
    outer loop
      vertex -2.37325 6.99677 0.6
      vertex -2.42995 7.00027 0
      vertex -2.37325 6.99677 0
    endloop
  endfacet
  facet normal -0.020701 -0.999786 0
    outer loop
      vertex -2.48694 7.00145 0
      vertex -2.42995 7.00027 0.6
      vertex -2.48694 7.00145 0.6
    endloop
  endfacet
  facet normal -0.020701 -0.999786 -0
    outer loop
      vertex -2.42995 7.00027 0.6
      vertex -2.48694 7.00145 0
      vertex -2.42995 7.00027 0
    endloop
  endfacet
  facet normal 0.0229576 -0.999736 0
    outer loop
      vertex -2.55618 6.99986 0
      vertex -2.48694 7.00145 0.6
      vertex -2.55618 6.99986 0.6
    endloop
  endfacet
  facet normal 0.0229576 -0.999736 0
    outer loop
      vertex -2.48694 7.00145 0.6
      vertex -2.55618 6.99986 0
      vertex -2.48694 7.00145 0
    endloop
  endfacet
  facet normal 0.0685972 -0.997644 0
    outer loop
      vertex -2.62468 6.99515 0
      vertex -2.55618 6.99986 0.6
      vertex -2.62468 6.99515 0.6
    endloop
  endfacet
  facet normal 0.0685972 -0.997644 0
    outer loop
      vertex -2.55618 6.99986 0.6
      vertex -2.62468 6.99515 0
      vertex -2.55618 6.99986 0
    endloop
  endfacet
  facet normal 0.115292 -0.993332 0
    outer loop
      vertex -2.6924 6.98729 0
      vertex -2.62468 6.99515 0.6
      vertex -2.6924 6.98729 0.6
    endloop
  endfacet
  facet normal 0.115292 -0.993332 0
    outer loop
      vertex -2.62468 6.99515 0.6
      vertex -2.6924 6.98729 0
      vertex -2.62468 6.99515 0
    endloop
  endfacet
  facet normal 0.162415 -0.986723 0
    outer loop
      vertex -2.75935 6.97627 0
      vertex -2.6924 6.98729 0.6
      vertex -2.75935 6.97627 0.6
    endloop
  endfacet
  facet normal 0.162415 -0.986723 0
    outer loop
      vertex -2.6924 6.98729 0.6
      vertex -2.75935 6.97627 0
      vertex -2.6924 6.98729 0
    endloop
  endfacet
  facet normal 0.208883 -0.977941 0
    outer loop
      vertex -2.82555 6.96213 0
      vertex -2.75935 6.97627 0.6
      vertex -2.82555 6.96213 0.6
    endloop
  endfacet
  facet normal 0.208883 -0.977941 0
    outer loop
      vertex -2.75935 6.97627 0.6
      vertex -2.82555 6.96213 0
      vertex -2.75935 6.97627 0
    endloop
  endfacet
  facet normal 0.255832 -0.966721 0
    outer loop
      vertex -2.89096 6.94482 0
      vertex -2.82555 6.96213 0.6
      vertex -2.89096 6.94482 0.6
    endloop
  endfacet
  facet normal 0.255832 -0.966721 0
    outer loop
      vertex -2.82555 6.96213 0.6
      vertex -2.89096 6.94482 0
      vertex -2.82555 6.96213 0
    endloop
  endfacet
  facet normal 0.301371 -0.953507 0
    outer loop
      vertex -2.95563 6.92438 0
      vertex -2.89096 6.94482 0.6
      vertex -2.95563 6.92438 0.6
    endloop
  endfacet
  facet normal 0.301371 -0.953507 0
    outer loop
      vertex -2.89096 6.94482 0.6
      vertex -2.95563 6.92438 0
      vertex -2.89096 6.94482 0
    endloop
  endfacet
  facet normal 0.344212 -0.938892 0
    outer loop
      vertex -3.02003 6.90077 0
      vertex -2.95563 6.92438 0.6
      vertex -3.02003 6.90077 0.6
    endloop
  endfacet
  facet normal 0.344212 -0.938892 0
    outer loop
      vertex -2.95563 6.92438 0.6
      vertex -3.02003 6.90077 0
      vertex -2.95563 6.92438 0
    endloop
  endfacet
  facet normal 0.381986 -0.924168 0
    outer loop
      vertex -3.0847 6.87404 0
      vertex -3.02003 6.90077 0.6
      vertex -3.0847 6.87404 0.6
    endloop
  endfacet
  facet normal 0.381986 -0.924168 0
    outer loop
      vertex -3.02003 6.90077 0.6
      vertex -3.0847 6.87404 0
      vertex -3.02003 6.90077 0
    endloop
  endfacet
  facet normal 0.418162 -0.908373 0
    outer loop
      vertex -3.14963 6.84415 0
      vertex -3.0847 6.87404 0.6
      vertex -3.14963 6.84415 0.6
    endloop
  endfacet
  facet normal 0.418162 -0.908373 0
    outer loop
      vertex -3.0847 6.87404 0.6
      vertex -3.14963 6.84415 0
      vertex -3.0847 6.87404 0
    endloop
  endfacet
  facet normal 0.452188 -0.891922 0
    outer loop
      vertex -3.2148 6.81111 0
      vertex -3.14963 6.84415 0.6
      vertex -3.2148 6.81111 0.6
    endloop
  endfacet
  facet normal 0.452188 -0.891922 0
    outer loop
      vertex -3.14963 6.84415 0.6
      vertex -3.2148 6.81111 0
      vertex -3.14963 6.84415 0
    endloop
  endfacet
  facet normal 0.483848 -0.875152 0
    outer loop
      vertex -3.28024 6.77493 0
      vertex -3.2148 6.81111 0.6
      vertex -3.28024 6.77493 0.6
    endloop
  endfacet
  facet normal 0.483848 -0.875152 0
    outer loop
      vertex -3.2148 6.81111 0.6
      vertex -3.28024 6.77493 0
      vertex -3.2148 6.81111 0
    endloop
  endfacet
  facet normal 0.51365 -0.858 0
    outer loop
      vertex -3.34592 6.73561 0
      vertex -3.28024 6.77493 0.6
      vertex -3.34592 6.73561 0.6
    endloop
  endfacet
  facet normal 0.51365 -0.858 0
    outer loop
      vertex -3.28024 6.77493 0.6
      vertex -3.34592 6.73561 0
      vertex -3.28024 6.77493 0
    endloop
  endfacet
  facet normal 0.541511 -0.840694 0
    outer loop
      vertex -3.41187 6.69313 0
      vertex -3.34592 6.73561 0.6
      vertex -3.41187 6.69313 0.6
    endloop
  endfacet
  facet normal 0.541511 -0.840694 0
    outer loop
      vertex -3.34592 6.73561 0.6
      vertex -3.41187 6.69313 0
      vertex -3.34592 6.73561 0
    endloop
  endfacet
  facet normal 0.786451 0.617653 0
    outer loop
      vertex -3.09938 6.29524 0.6
      vertex -3.41187 6.69313 0
      vertex -3.41187 6.69313 0.6
    endloop
  endfacet
  facet normal 0.786451 0.617653 0
    outer loop
      vertex -3.41187 6.69313 0
      vertex -3.09938 6.29524 0.6
      vertex -3.09938 6.29524 0
    endloop
  endfacet
  facet normal -0.503732 0.86386 0
    outer loop
      vertex -3.07237 6.31099 0
      vertex -3.09938 6.29524 0.6
      vertex -3.07237 6.31099 0.6
    endloop
  endfacet
  facet normal -0.503732 0.86386 0
    outer loop
      vertex -3.09938 6.29524 0.6
      vertex -3.07237 6.31099 0
      vertex -3.09938 6.29524 0
    endloop
  endfacet
  facet normal -0.498552 0.86686 0
    outer loop
      vertex -3.04608 6.32611 0
      vertex -3.07237 6.31099 0.6
      vertex -3.04608 6.32611 0.6
    endloop
  endfacet
  facet normal -0.498552 0.86686 0
    outer loop
      vertex -3.07237 6.31099 0.6
      vertex -3.04608 6.32611 0
      vertex -3.07237 6.31099 0
    endloop
  endfacet
  facet normal -0.492764 0.870163 0
    outer loop
      vertex -3.02051 6.34059 0
      vertex -3.04608 6.32611 0.6
      vertex -3.02051 6.34059 0.6
    endloop
  endfacet
  facet normal -0.492764 0.870163 0
    outer loop
      vertex -3.04608 6.32611 0.6
      vertex -3.02051 6.34059 0
      vertex -3.04608 6.32611 0
    endloop
  endfacet
  facet normal -0.486419 0.873726 0
    outer loop
      vertex -2.99565 6.35443 0
      vertex -3.02051 6.34059 0.6
      vertex -2.99565 6.35443 0.6
    endloop
  endfacet
  facet normal -0.486419 0.873726 0
    outer loop
      vertex -3.02051 6.34059 0.6
      vertex -2.99565 6.35443 0
      vertex -3.02051 6.34059 0
    endloop
  endfacet
  facet normal -0.480075 0.877228 0
    outer loop
      vertex -2.97153 6.36763 0
      vertex -2.99565 6.35443 0.6
      vertex -2.97153 6.36763 0.6
    endloop
  endfacet
  facet normal -0.480075 0.877228 0
    outer loop
      vertex -2.99565 6.35443 0.6
      vertex -2.97153 6.36763 0
      vertex -2.99565 6.35443 0
    endloop
  endfacet
  facet normal -0.472775 0.881183 0
    outer loop
      vertex -2.94812 6.38019 0
      vertex -2.97153 6.36763 0.6
      vertex -2.94812 6.38019 0.6
    endloop
  endfacet
  facet normal -0.472775 0.881183 0
    outer loop
      vertex -2.97153 6.36763 0.6
      vertex -2.94812 6.38019 0
      vertex -2.97153 6.36763 0
    endloop
  endfacet
  facet normal -0.465392 0.885104 0
    outer loop
      vertex -2.92545 6.39211 0
      vertex -2.94812 6.38019 0.6
      vertex -2.92545 6.39211 0.6
    endloop
  endfacet
  facet normal -0.465392 0.885104 0
    outer loop
      vertex -2.94812 6.38019 0.6
      vertex -2.92545 6.39211 0
      vertex -2.94812 6.38019 0
    endloop
  endfacet
  facet normal -0.456848 0.889545 0
    outer loop
      vertex -2.90335 6.40346 0
      vertex -2.92545 6.39211 0.6
      vertex -2.90335 6.40346 0.6
    endloop
  endfacet
  facet normal -0.456848 0.889545 0
    outer loop
      vertex -2.92545 6.39211 0.6
      vertex -2.90335 6.40346 0
      vertex -2.92545 6.39211 0
    endloop
  endfacet
  facet normal -0.448702 0.893682 0
    outer loop
      vertex -2.88174 6.41431 0
      vertex -2.90335 6.40346 0.6
      vertex -2.88174 6.41431 0.6
    endloop
  endfacet
  facet normal -0.448702 0.893682 0
    outer loop
      vertex -2.90335 6.40346 0.6
      vertex -2.88174 6.41431 0
      vertex -2.90335 6.40346 0
    endloop
  endfacet
  facet normal -0.439035 0.89847 0
    outer loop
      vertex -2.8606 6.42464 0
      vertex -2.88174 6.41431 0.6
      vertex -2.8606 6.42464 0.6
    endloop
  endfacet
  facet normal -0.439035 0.89847 0
    outer loop
      vertex -2.88174 6.41431 0.6
      vertex -2.8606 6.42464 0
      vertex -2.88174 6.41431 0
    endloop
  endfacet
  facet normal -0.428255 0.903658 0
    outer loop
      vertex -2.8399 6.43445 0
      vertex -2.8606 6.42464 0.6
      vertex -2.8399 6.43445 0.6
    endloop
  endfacet
  facet normal -0.428255 0.903658 0
    outer loop
      vertex -2.8606 6.42464 0.6
      vertex -2.8399 6.43445 0
      vertex -2.8606 6.42464 0
    endloop
  endfacet
  facet normal -0.418403 0.908262 0
    outer loop
      vertex -2.81969 6.44376 0
      vertex -2.8399 6.43445 0.6
      vertex -2.81969 6.44376 0.6
    endloop
  endfacet
  facet normal -0.418403 0.908262 0
    outer loop
      vertex -2.8399 6.43445 0.6
      vertex -2.81969 6.44376 0
      vertex -2.8399 6.43445 0
    endloop
  endfacet
  facet normal -0.406997 0.91343 0
    outer loop
      vertex -2.79994 6.45256 0
      vertex -2.81969 6.44376 0.6
      vertex -2.79994 6.45256 0.6
    endloop
  endfacet
  facet normal -0.406997 0.91343 0
    outer loop
      vertex -2.81969 6.44376 0.6
      vertex -2.79994 6.45256 0
      vertex -2.81969 6.44376 0
    endloop
  endfacet
  facet normal -0.395185 0.918602 0
    outer loop
      vertex -2.78067 6.46085 0
      vertex -2.79994 6.45256 0.6
      vertex -2.78067 6.46085 0.6
    endloop
  endfacet
  facet normal -0.395185 0.918602 0
    outer loop
      vertex -2.79994 6.45256 0.6
      vertex -2.78067 6.46085 0
      vertex -2.79994 6.45256 0
    endloop
  endfacet
  facet normal -0.378385 0.925648 0
    outer loop
      vertex -2.76176 6.46858 0
      vertex -2.78067 6.46085 0.6
      vertex -2.76176 6.46858 0.6
    endloop
  endfacet
  facet normal -0.378385 0.925648 0
    outer loop
      vertex -2.78067 6.46085 0.6
      vertex -2.76176 6.46858 0
      vertex -2.78067 6.46085 0
    endloop
  endfacet
  facet normal -0.358374 0.933578 0
    outer loop
      vertex -2.74316 6.47572 0
      vertex -2.76176 6.46858 0.6
      vertex -2.74316 6.47572 0.6
    endloop
  endfacet
  facet normal -0.358374 0.933578 0
    outer loop
      vertex -2.76176 6.46858 0.6
      vertex -2.74316 6.47572 0
      vertex -2.76176 6.46858 0
    endloop
  endfacet
  facet normal -0.337608 0.941287 0
    outer loop
      vertex -2.72487 6.48228 0
      vertex -2.74316 6.47572 0.6
      vertex -2.72487 6.48228 0.6
    endloop
  endfacet
  facet normal -0.337608 0.941287 0
    outer loop
      vertex -2.74316 6.47572 0.6
      vertex -2.72487 6.48228 0
      vertex -2.74316 6.47572 0
    endloop
  endfacet
  facet normal -0.314171 0.949366 0
    outer loop
      vertex -2.70686 6.48824 0
      vertex -2.72487 6.48228 0.6
      vertex -2.70686 6.48824 0.6
    endloop
  endfacet
  facet normal -0.314171 0.949366 0
    outer loop
      vertex -2.72487 6.48228 0.6
      vertex -2.70686 6.48824 0
      vertex -2.72487 6.48228 0
    endloop
  endfacet
  facet normal -0.289182 0.957274 0
    outer loop
      vertex -2.68915 6.49359 0
      vertex -2.70686 6.48824 0.6
      vertex -2.68915 6.49359 0.6
    endloop
  endfacet
  facet normal -0.289182 0.957274 0
    outer loop
      vertex -2.70686 6.48824 0.6
      vertex -2.68915 6.49359 0
      vertex -2.70686 6.48824 0
    endloop
  endfacet
  facet normal -0.263868 0.964559 0
    outer loop
      vertex -2.67175 6.49835 0
      vertex -2.68915 6.49359 0.6
      vertex -2.67175 6.49835 0.6
    endloop
  endfacet
  facet normal -0.263868 0.964559 0
    outer loop
      vertex -2.68915 6.49359 0.6
      vertex -2.67175 6.49835 0
      vertex -2.68915 6.49359 0
    endloop
  endfacet
  facet normal -0.236656 0.971594 0
    outer loop
      vertex -2.65463 6.50252 0
      vertex -2.67175 6.49835 0.6
      vertex -2.65463 6.50252 0.6
    endloop
  endfacet
  facet normal -0.236656 0.971594 0
    outer loop
      vertex -2.67175 6.49835 0.6
      vertex -2.65463 6.50252 0
      vertex -2.67175 6.49835 0
    endloop
  endfacet
  facet normal -0.206884 0.978365 0
    outer loop
      vertex -2.6377 6.5061 0
      vertex -2.65463 6.50252 0.6
      vertex -2.6377 6.5061 0.6
    endloop
  endfacet
  facet normal -0.206884 0.978365 0
    outer loop
      vertex -2.65463 6.50252 0.6
      vertex -2.6377 6.5061 0
      vertex -2.65463 6.50252 0
    endloop
  endfacet
  facet normal -0.178066 0.984019 0
    outer loop
      vertex -2.62079 6.50916 0
      vertex -2.6377 6.5061 0.6
      vertex -2.62079 6.50916 0.6
    endloop
  endfacet
  facet normal -0.178066 0.984019 0
    outer loop
      vertex -2.6377 6.5061 0.6
      vertex -2.62079 6.50916 0
      vertex -2.6377 6.5061 0
    endloop
  endfacet
  facet normal -0.145612 0.989342 0
    outer loop
      vertex -2.60394 6.51164 0
      vertex -2.62079 6.50916 0.6
      vertex -2.60394 6.51164 0.6
    endloop
  endfacet
  facet normal -0.145612 0.989342 0
    outer loop
      vertex -2.62079 6.50916 0.6
      vertex -2.60394 6.51164 0
      vertex -2.62079 6.50916 0
    endloop
  endfacet
  facet normal -0.114647 0.993406 0
    outer loop
      vertex -2.58713 6.51358 0
      vertex -2.60394 6.51164 0.6
      vertex -2.58713 6.51358 0.6
    endloop
  endfacet
  facet normal -0.114647 0.993406 0
    outer loop
      vertex -2.60394 6.51164 0.6
      vertex -2.58713 6.51358 0
      vertex -2.60394 6.51164 0
    endloop
  endfacet
  facet normal -0.0826028 0.996583 0
    outer loop
      vertex -2.57036 6.51497 0
      vertex -2.58713 6.51358 0.6
      vertex -2.57036 6.51497 0.6
    endloop
  endfacet
  facet normal -0.0826028 0.996583 0
    outer loop
      vertex -2.58713 6.51358 0.6
      vertex -2.57036 6.51497 0
      vertex -2.58713 6.51358 0
    endloop
  endfacet
  facet normal -0.048955 0.998801 0
    outer loop
      vertex -2.55363 6.51579 0
      vertex -2.57036 6.51497 0.6
      vertex -2.55363 6.51579 0.6
    endloop
  endfacet
  facet normal -0.048955 0.998801 0
    outer loop
      vertex -2.57036 6.51497 0.6
      vertex -2.55363 6.51579 0
      vertex -2.57036 6.51497 0
    endloop
  endfacet
  facet normal -0.0167742 0.999859 0
    outer loop
      vertex -2.53694 6.51607 0
      vertex -2.55363 6.51579 0.6
      vertex -2.53694 6.51607 0.6
    endloop
  endfacet
  facet normal -0.0167742 0.999859 0
    outer loop
      vertex -2.55363 6.51579 0.6
      vertex -2.53694 6.51607 0
      vertex -2.55363 6.51579 0
    endloop
  endfacet
  facet normal 0.0159506 0.999873 -0
    outer loop
      vertex -2.515 6.51572 0
      vertex -2.53694 6.51607 0.6
      vertex -2.515 6.51572 0.6
    endloop
  endfacet
  facet normal 0.0159506 0.999873 0
    outer loop
      vertex -2.53694 6.51607 0.6
      vertex -2.515 6.51572 0
      vertex -2.53694 6.51607 0
    endloop
  endfacet
  facet normal 0.0504639 0.998726 -0
    outer loop
      vertex -2.49323 6.51462 0
      vertex -2.515 6.51572 0.6
      vertex -2.49323 6.51462 0.6
    endloop
  endfacet
  facet normal 0.0504639 0.998726 0
    outer loop
      vertex -2.515 6.51572 0.6
      vertex -2.49323 6.51462 0
      vertex -2.515 6.51572 0
    endloop
  endfacet
  facet normal 0.0830073 0.996549 -0
    outer loop
      vertex -2.47162 6.51282 0
      vertex -2.49323 6.51462 0.6
      vertex -2.47162 6.51282 0.6
    endloop
  endfacet
  facet normal 0.0830073 0.996549 0
    outer loop
      vertex -2.49323 6.51462 0.6
      vertex -2.47162 6.51282 0
      vertex -2.49323 6.51462 0
    endloop
  endfacet
  facet normal 0.117756 0.993043 -0
    outer loop
      vertex -2.4502 6.51028 0
      vertex -2.47162 6.51282 0.6
      vertex -2.4502 6.51028 0.6
    endloop
  endfacet
  facet normal 0.117756 0.993043 0
    outer loop
      vertex -2.47162 6.51282 0.6
      vertex -2.4502 6.51028 0
      vertex -2.47162 6.51282 0
    endloop
  endfacet
  facet normal 0.151429 0.988468 -0
    outer loop
      vertex -2.42892 6.50702 0
      vertex -2.4502 6.51028 0.6
      vertex -2.42892 6.50702 0.6
    endloop
  endfacet
  facet normal 0.151429 0.988468 0
    outer loop
      vertex -2.4502 6.51028 0.6
      vertex -2.42892 6.50702 0
      vertex -2.4502 6.51028 0
    endloop
  endfacet
  facet normal 0.185077 0.982724 -0
    outer loop
      vertex -2.40784 6.50305 0
      vertex -2.42892 6.50702 0.6
      vertex -2.40784 6.50305 0.6
    endloop
  endfacet
  facet normal 0.185077 0.982724 0
    outer loop
      vertex -2.42892 6.50702 0.6
      vertex -2.40784 6.50305 0
      vertex -2.42892 6.50702 0
    endloop
  endfacet
  facet normal 0.219645 0.97558 -0
    outer loop
      vertex -2.38692 6.49834 0
      vertex -2.40784 6.50305 0.6
      vertex -2.38692 6.49834 0.6
    endloop
  endfacet
  facet normal 0.219645 0.97558 0
    outer loop
      vertex -2.40784 6.50305 0.6
      vertex -2.38692 6.49834 0
      vertex -2.40784 6.50305 0
    endloop
  endfacet
  facet normal 0.258249 0.966078 -0
    outer loop
      vertex -2.36642 6.49286 0
      vertex -2.38692 6.49834 0.6
      vertex -2.36642 6.49286 0.6
    endloop
  endfacet
  facet normal 0.258249 0.966078 0
    outer loop
      vertex -2.38692 6.49834 0.6
      vertex -2.36642 6.49286 0
      vertex -2.38692 6.49834 0
    endloop
  endfacet
  facet normal 0.304514 0.952508 -0
    outer loop
      vertex -2.34662 6.48653 0
      vertex -2.36642 6.49286 0.6
      vertex -2.34662 6.48653 0.6
    endloop
  endfacet
  facet normal 0.304514 0.952508 0
    outer loop
      vertex -2.36642 6.49286 0.6
      vertex -2.34662 6.48653 0
      vertex -2.36642 6.49286 0
    endloop
  endfacet
  facet normal 0.351659 0.936128 -0
    outer loop
      vertex -2.32748 6.47934 0
      vertex -2.34662 6.48653 0.6
      vertex -2.32748 6.47934 0.6
    endloop
  endfacet
  facet normal 0.351659 0.936128 0
    outer loop
      vertex -2.34662 6.48653 0.6
      vertex -2.32748 6.47934 0
      vertex -2.34662 6.48653 0
    endloop
  endfacet
  facet normal 0.399671 0.916659 -0
    outer loop
      vertex -2.30904 6.4713 0
      vertex -2.32748 6.47934 0.6
      vertex -2.30904 6.4713 0.6
    endloop
  endfacet
  facet normal 0.399671 0.916659 0
    outer loop
      vertex -2.32748 6.47934 0.6
      vertex -2.30904 6.4713 0
      vertex -2.32748 6.47934 0
    endloop
  endfacet
  facet normal 0.446811 0.894628 -0
    outer loop
      vertex -2.29126 6.46242 0
      vertex -2.30904 6.4713 0.6
      vertex -2.29126 6.46242 0.6
    endloop
  endfacet
  facet normal 0.446811 0.894628 0
    outer loop
      vertex -2.30904 6.4713 0.6
      vertex -2.29126 6.46242 0
      vertex -2.30904 6.4713 0
    endloop
  endfacet
  facet normal 0.495153 0.868806 -0
    outer loop
      vertex -2.27417 6.45268 0
      vertex -2.29126 6.46242 0.6
      vertex -2.27417 6.45268 0.6
    endloop
  endfacet
  facet normal 0.495153 0.868806 0
    outer loop
      vertex -2.29126 6.46242 0.6
      vertex -2.27417 6.45268 0
      vertex -2.29126 6.46242 0
    endloop
  endfacet
  facet normal 0.542465 0.840078 -0
    outer loop
      vertex -2.25777 6.44209 0
      vertex -2.27417 6.45268 0.6
      vertex -2.25777 6.44209 0.6
    endloop
  endfacet
  facet normal 0.542465 0.840078 0
    outer loop
      vertex -2.27417 6.45268 0.6
      vertex -2.25777 6.44209 0
      vertex -2.27417 6.45268 0
    endloop
  endfacet
  facet normal 0.593304 0.804978 -0
    outer loop
      vertex -2.24214 6.43057 0
      vertex -2.25777 6.44209 0.6
      vertex -2.24214 6.43057 0.6
    endloop
  endfacet
  facet normal 0.593304 0.804978 0
    outer loop
      vertex -2.25777 6.44209 0.6
      vertex -2.24214 6.43057 0
      vertex -2.25777 6.44209 0
    endloop
  endfacet
  facet normal 0.647889 0.761735 -0
    outer loop
      vertex -2.22742 6.41805 0
      vertex -2.24214 6.43057 0.6
      vertex -2.22742 6.41805 0.6
    endloop
  endfacet
  facet normal 0.647889 0.761735 0
    outer loop
      vertex -2.24214 6.43057 0.6
      vertex -2.22742 6.41805 0
      vertex -2.24214 6.43057 0
    endloop
  endfacet
  facet normal 0.700365 0.713784 -0
    outer loop
      vertex -2.21359 6.40448 0
      vertex -2.22742 6.41805 0.6
      vertex -2.21359 6.40448 0.6
    endloop
  endfacet
  facet normal 0.700365 0.713784 0
    outer loop
      vertex -2.22742 6.41805 0.6
      vertex -2.21359 6.40448 0
      vertex -2.22742 6.41805 0
    endloop
  endfacet
  facet normal 0.74789 0.663823 0
    outer loop
      vertex -2.20064 6.38989 0.6
      vertex -2.21359 6.40448 0
      vertex -2.21359 6.40448 0.6
    endloop
  endfacet
  facet normal 0.74789 0.663823 0
    outer loop
      vertex -2.21359 6.40448 0
      vertex -2.20064 6.38989 0.6
      vertex -2.20064 6.38989 0
    endloop
  endfacet
  facet normal 0.791452 0.611231 0
    outer loop
      vertex -2.1886 6.3743 0.6
      vertex -2.20064 6.38989 0
      vertex -2.20064 6.38989 0.6
    endloop
  endfacet
  facet normal 0.791452 0.611231 0
    outer loop
      vertex -2.20064 6.38989 0
      vertex -2.1886 6.3743 0.6
      vertex -2.1886 6.3743 0
    endloop
  endfacet
  facet normal 0.82997 0.557808 0
    outer loop
      vertex -2.17743 6.35768 0.6
      vertex -2.1886 6.3743 0
      vertex -2.1886 6.3743 0.6
    endloop
  endfacet
  facet normal 0.82997 0.557808 0
    outer loop
      vertex -2.1886 6.3743 0
      vertex -2.17743 6.35768 0.6
      vertex -2.17743 6.35768 0
    endloop
  endfacet
  facet normal 0.864329 0.502927 0
    outer loop
      vertex -2.16716 6.34003 0.6
      vertex -2.17743 6.35768 0
      vertex -2.17743 6.35768 0.6
    endloop
  endfacet
  facet normal 0.864329 0.502927 0
    outer loop
      vertex -2.17743 6.35768 0
      vertex -2.16716 6.34003 0.6
      vertex -2.16716 6.34003 0
    endloop
  endfacet
  facet normal 0.899082 0.43778 0
    outer loop
      vertex -2.15804 6.3213 0.6
      vertex -2.16716 6.34003 0
      vertex -2.16716 6.34003 0.6
    endloop
  endfacet
  facet normal 0.899082 0.43778 0
    outer loop
      vertex -2.16716 6.34003 0
      vertex -2.15804 6.3213 0.6
      vertex -2.15804 6.3213 0
    endloop
  endfacet
  facet normal 0.932339 0.361586 0
    outer loop
      vertex -2.15033 6.30142 0.6
      vertex -2.15804 6.3213 0
      vertex -2.15804 6.3213 0.6
    endloop
  endfacet
  facet normal 0.932339 0.361586 0
    outer loop
      vertex -2.15804 6.3213 0
      vertex -2.15033 6.30142 0.6
      vertex -2.15033 6.30142 0
    endloop
  endfacet
  facet normal 0.957613 0.288059 0
    outer loop
      vertex -2.14401 6.28041 0.6
      vertex -2.15033 6.30142 0
      vertex -2.15033 6.30142 0.6
    endloop
  endfacet
  facet normal 0.957613 0.288059 0
    outer loop
      vertex -2.15033 6.30142 0
      vertex -2.14401 6.28041 0.6
      vertex -2.14401 6.28041 0
    endloop
  endfacet
  facet normal 0.976342 0.216231 0
    outer loop
      vertex -2.1391 6.25824 0.6
      vertex -2.14401 6.28041 0
      vertex -2.14401 6.28041 0.6
    endloop
  endfacet
  facet normal 0.976342 0.216231 0
    outer loop
      vertex -2.14401 6.28041 0
      vertex -2.1391 6.25824 0.6
      vertex -2.1391 6.25824 0
    endloop
  endfacet
  facet normal 0.988862 0.148838 0
    outer loop
      vertex -2.13559 6.23492 0.6
      vertex -2.1391 6.25824 0
      vertex -2.1391 6.25824 0.6
    endloop
  endfacet
  facet normal 0.988862 0.148838 0
    outer loop
      vertex -2.1391 6.25824 0
      vertex -2.13559 6.23492 0.6
      vertex -2.13559 6.23492 0
    endloop
  endfacet
  facet normal 0.996303 0.0859092 0
    outer loop
      vertex -2.13348 6.21045 0.6
      vertex -2.13559 6.23492 0
      vertex -2.13559 6.23492 0.6
    endloop
  endfacet
  facet normal 0.996303 0.0859092 0
    outer loop
      vertex -2.13559 6.23492 0
      vertex -2.13348 6.21045 0.6
      vertex -2.13348 6.21045 0
    endloop
  endfacet
  facet normal 0.999627 0.0273229 0
    outer loop
      vertex -2.13278 6.18484 0.6
      vertex -2.13348 6.21045 0
      vertex -2.13348 6.21045 0.6
    endloop
  endfacet
  facet normal 0.999627 0.0273229 0
    outer loop
      vertex -2.13348 6.21045 0
      vertex -2.13278 6.18484 0.6
      vertex -2.13278 6.18484 0
    endloop
  endfacet
  facet normal 0.99943 -0.0337589 0
    outer loop
      vertex -2.13359 6.16086 0.6
      vertex -2.13278 6.18484 0
      vertex -2.13278 6.18484 0.6
    endloop
  endfacet
  facet normal 0.99943 -0.0337589 0
    outer loop
      vertex -2.13278 6.18484 0
      vertex -2.13359 6.16086 0.6
      vertex -2.13359 6.16086 0
    endloop
  endfacet
  facet normal 0.994522 -0.104528 0
    outer loop
      vertex -2.13602 6.13774 0.6
      vertex -2.13359 6.16086 0
      vertex -2.13359 6.16086 0.6
    endloop
  endfacet
  facet normal 0.994522 -0.104528 0
    outer loop
      vertex -2.13359 6.16086 0
      vertex -2.13602 6.13774 0.6
      vertex -2.13602 6.13774 0
    endloop
  endfacet
  facet normal 0.984032 -0.177991 0
    outer loop
      vertex -2.14005 6.11546 0.6
      vertex -2.13602 6.13774 0
      vertex -2.13602 6.13774 0.6
    endloop
  endfacet
  facet normal 0.984032 -0.177991 0
    outer loop
      vertex -2.13602 6.13774 0
      vertex -2.14005 6.11546 0.6
      vertex -2.14005 6.11546 0
    endloop
  endfacet
  facet normal 0.966876 -0.255248 0
    outer loop
      vertex -2.14571 6.09402 0.6
      vertex -2.14005 6.11546 0
      vertex -2.14005 6.11546 0.6
    endloop
  endfacet
  facet normal 0.966876 -0.255248 0
    outer loop
      vertex -2.14005 6.11546 0
      vertex -2.14571 6.09402 0.6
      vertex -2.14571 6.09402 0
    endloop
  endfacet
  facet normal 0.94294 -0.332964 0
    outer loop
      vertex -2.15297 6.07346 0.6
      vertex -2.14571 6.09402 0
      vertex -2.14571 6.09402 0.6
    endloop
  endfacet
  facet normal 0.94294 -0.332964 0
    outer loop
      vertex -2.14571 6.09402 0
      vertex -2.15297 6.07346 0.6
      vertex -2.15297 6.07346 0
    endloop
  endfacet
  facet normal 0.911896 -0.410422 0
    outer loop
      vertex -2.16185 6.05373 0.6
      vertex -2.15297 6.07346 0
      vertex -2.15297 6.07346 0.6
    endloop
  endfacet
  facet normal 0.911896 -0.410422 0
    outer loop
      vertex -2.15297 6.07346 0
      vertex -2.16185 6.05373 0.6
      vertex -2.16185 6.05373 0
    endloop
  endfacet
  facet normal 0.874048 -0.485839 0
    outer loop
      vertex -2.17235 6.03484 0.6
      vertex -2.16185 6.05373 0
      vertex -2.16185 6.05373 0.6
    endloop
  endfacet
  facet normal 0.874048 -0.485839 0
    outer loop
      vertex -2.16185 6.05373 0
      vertex -2.17235 6.03484 0.6
      vertex -2.17235 6.03484 0
    endloop
  endfacet
  facet normal 0.837885 -0.545846 0
    outer loop
      vertex -2.1842 6.01665 0.6
      vertex -2.17235 6.03484 0
      vertex -2.17235 6.03484 0.6
    endloop
  endfacet
  facet normal 0.837885 -0.545846 0
    outer loop
      vertex -2.17235 6.03484 0
      vertex -2.1842 6.01665 0.6
      vertex -2.1842 6.01665 0
    endloop
  endfacet
  facet normal 0.807767 -0.589501 0
    outer loop
      vertex -2.19711 5.99896 0.6
      vertex -2.1842 6.01665 0
      vertex -2.1842 6.01665 0.6
    endloop
  endfacet
  facet normal 0.807767 -0.589501 0
    outer loop
      vertex -2.1842 6.01665 0
      vertex -2.19711 5.99896 0.6
      vertex -2.19711 5.99896 0
    endloop
  endfacet
  facet normal 0.775727 -0.631069 0
    outer loop
      vertex -2.21107 5.9818 0.6
      vertex -2.19711 5.99896 0
      vertex -2.19711 5.99896 0.6
    endloop
  endfacet
  facet normal 0.775727 -0.631069 0
    outer loop
      vertex -2.19711 5.99896 0
      vertex -2.21107 5.9818 0.6
      vertex -2.21107 5.9818 0
    endloop
  endfacet
  facet normal 0.742696 -0.669629 0
    outer loop
      vertex -2.2261 5.96513 0.6
      vertex -2.21107 5.9818 0
      vertex -2.21107 5.9818 0.6
    endloop
  endfacet
  facet normal 0.742696 -0.669629 0
    outer loop
      vertex -2.21107 5.9818 0
      vertex -2.2261 5.96513 0.6
      vertex -2.2261 5.96513 0
    endloop
  endfacet
  facet normal 0.708421 -0.70579 0
    outer loop
      vertex -2.2422 5.94897 0.6
      vertex -2.2261 5.96513 0
      vertex -2.2261 5.96513 0.6
    endloop
  endfacet
  facet normal 0.708421 -0.70579 0
    outer loop
      vertex -2.2261 5.96513 0
      vertex -2.2422 5.94897 0.6
      vertex -2.2422 5.94897 0
    endloop
  endfacet
  facet normal 0.67383 -0.738886 0
    outer loop
      vertex -2.25935 5.93333 0
      vertex -2.2422 5.94897 0.6
      vertex -2.25935 5.93333 0.6
    endloop
  endfacet
  facet normal 0.67383 -0.738886 0
    outer loop
      vertex -2.2422 5.94897 0.6
      vertex -2.25935 5.93333 0
      vertex -2.2422 5.94897 0
    endloop
  endfacet
  facet normal 0.639062 -0.769155 0
    outer loop
      vertex -2.27756 5.9182 0
      vertex -2.25935 5.93333 0.6
      vertex -2.27756 5.9182 0.6
    endloop
  endfacet
  facet normal 0.639062 -0.769155 0
    outer loop
      vertex -2.25935 5.93333 0.6
      vertex -2.27756 5.9182 0
      vertex -2.25935 5.93333 0
    endloop
  endfacet
  facet normal 0.608188 -0.793793 0
    outer loop
      vertex -2.29672 5.90352 0
      vertex -2.27756 5.9182 0.6
      vertex -2.29672 5.90352 0.6
    endloop
  endfacet
  facet normal 0.608188 -0.793793 0
    outer loop
      vertex -2.27756 5.9182 0.6
      vertex -2.29672 5.90352 0
      vertex -2.27756 5.9182 0
    endloop
  endfacet
  facet normal 0.582662 -0.812714 0
    outer loop
      vertex -2.31668 5.88921 0
      vertex -2.29672 5.90352 0.6
      vertex -2.31668 5.88921 0.6
    endloop
  endfacet
  facet normal 0.582662 -0.812714 0
    outer loop
      vertex -2.29672 5.90352 0.6
      vertex -2.31668 5.88921 0
      vertex -2.29672 5.90352 0
    endloop
  endfacet
  facet normal 0.557096 -0.830448 0
    outer loop
      vertex -2.33746 5.87527 0
      vertex -2.31668 5.88921 0.6
      vertex -2.33746 5.87527 0.6
    endloop
  endfacet
  facet normal 0.557096 -0.830448 0
    outer loop
      vertex -2.31668 5.88921 0.6
      vertex -2.33746 5.87527 0
      vertex -2.31668 5.88921 0
    endloop
  endfacet
  facet normal 0.531198 -0.847248 0
    outer loop
      vertex -2.35904 5.86174 0
      vertex -2.33746 5.87527 0.6
      vertex -2.35904 5.86174 0.6
    endloop
  endfacet
  facet normal 0.531198 -0.847248 0
    outer loop
      vertex -2.33746 5.87527 0.6
      vertex -2.35904 5.86174 0
      vertex -2.33746 5.87527 0
    endloop
  endfacet
  facet normal 0.507172 -0.861845 0
    outer loop
      vertex -2.38142 5.84857 0
      vertex -2.35904 5.86174 0.6
      vertex -2.38142 5.84857 0.6
    endloop
  endfacet
  facet normal 0.507172 -0.861845 0
    outer loop
      vertex -2.35904 5.86174 0.6
      vertex -2.38142 5.84857 0
      vertex -2.35904 5.86174 0
    endloop
  endfacet
  facet normal 0.482209 -0.876056 0
    outer loop
      vertex -2.40462 5.8358 0
      vertex -2.38142 5.84857 0.6
      vertex -2.40462 5.8358 0.6
    endloop
  endfacet
  facet normal 0.482209 -0.876056 0
    outer loop
      vertex -2.38142 5.84857 0.6
      vertex -2.40462 5.8358 0
      vertex -2.38142 5.84857 0
    endloop
  endfacet
  facet normal 0.459312 -0.888275 0
    outer loop
      vertex -2.42862 5.82339 0
      vertex -2.40462 5.8358 0.6
      vertex -2.42862 5.82339 0.6
    endloop
  endfacet
  facet normal 0.459312 -0.888275 0
    outer loop
      vertex -2.40462 5.8358 0.6
      vertex -2.42862 5.82339 0
      vertex -2.40462 5.8358 0
    endloop
  endfacet
  facet normal 0.444288 -0.895884 0
    outer loop
      vertex -2.45314 5.81123 0
      vertex -2.42862 5.82339 0.6
      vertex -2.45314 5.81123 0.6
    endloop
  endfacet
  facet normal 0.444288 -0.895884 0
    outer loop
      vertex -2.42862 5.82339 0.6
      vertex -2.45314 5.81123 0
      vertex -2.42862 5.82339 0
    endloop
  endfacet
  facet normal 0.439665 -0.898162 0
    outer loop
      vertex -2.47794 5.79909 0
      vertex -2.45314 5.81123 0.6
      vertex -2.47794 5.79909 0.6
    endloop
  endfacet
  facet normal 0.439665 -0.898162 0
    outer loop
      vertex -2.45314 5.81123 0.6
      vertex -2.47794 5.79909 0
      vertex -2.45314 5.81123 0
    endloop
  endfacet
  facet normal 0.434799 -0.900527 0
    outer loop
      vertex -2.50298 5.787 0
      vertex -2.47794 5.79909 0.6
      vertex -2.50298 5.787 0.6
    endloop
  endfacet
  facet normal 0.434799 -0.900527 0
    outer loop
      vertex -2.47794 5.79909 0.6
      vertex -2.50298 5.787 0
      vertex -2.47794 5.79909 0
    endloop
  endfacet
  facet normal 0.43028 -0.902695 0
    outer loop
      vertex -2.52826 5.77495 0
      vertex -2.50298 5.787 0.6
      vertex -2.52826 5.77495 0.6
    endloop
  endfacet
  facet normal 0.43028 -0.902695 0
    outer loop
      vertex -2.50298 5.787 0.6
      vertex -2.52826 5.77495 0
      vertex -2.50298 5.787 0
    endloop
  endfacet
  facet normal 0.425268 -0.905067 0
    outer loop
      vertex -2.55382 5.76294 0
      vertex -2.52826 5.77495 0.6
      vertex -2.55382 5.76294 0.6
    endloop
  endfacet
  facet normal 0.425268 -0.905067 0
    outer loop
      vertex -2.52826 5.77495 0.6
      vertex -2.55382 5.76294 0
      vertex -2.52826 5.77495 0
    endloop
  endfacet
  facet normal 0.421153 -0.90699 0
    outer loop
      vertex -2.57962 5.75096 0
      vertex -2.55382 5.76294 0.6
      vertex -2.57962 5.75096 0.6
    endloop
  endfacet
  facet normal 0.421153 -0.90699 0
    outer loop
      vertex -2.55382 5.76294 0.6
      vertex -2.57962 5.75096 0
      vertex -2.55382 5.76294 0
    endloop
  endfacet
  facet normal 0.41609 -0.909324 0
    outer loop
      vertex -2.60567 5.73904 0
      vertex -2.57962 5.75096 0.6
      vertex -2.60567 5.73904 0.6
    endloop
  endfacet
  facet normal 0.41609 -0.909324 0
    outer loop
      vertex -2.57962 5.75096 0.6
      vertex -2.60567 5.73904 0
      vertex -2.57962 5.75096 0
    endloop
  endfacet
  facet normal 0.418363 -0.90828 0
    outer loop
      vertex -2.6355 5.7253 0
      vertex -2.60567 5.73904 0.6
      vertex -2.6355 5.7253 0.6
    endloop
  endfacet
  facet normal 0.418363 -0.90828 0
    outer loop
      vertex -2.60567 5.73904 0.6
      vertex -2.6355 5.7253 0
      vertex -2.60567 5.73904 0
    endloop
  endfacet
  facet normal 0.420729 -0.907187 0
    outer loop
      vertex -2.66545 5.71141 0
      vertex -2.6355 5.7253 0.6
      vertex -2.66545 5.71141 0.6
    endloop
  endfacet
  facet normal 0.420729 -0.907187 0
    outer loop
      vertex -2.6355 5.7253 0.6
      vertex -2.66545 5.71141 0
      vertex -2.6355 5.7253 0
    endloop
  endfacet
  facet normal 0.422209 -0.906499 0
    outer loop
      vertex -2.69553 5.6974 0
      vertex -2.66545 5.71141 0.6
      vertex -2.69553 5.6974 0.6
    endloop
  endfacet
  facet normal 0.422209 -0.906499 0
    outer loop
      vertex -2.66545 5.71141 0.6
      vertex -2.69553 5.6974 0
      vertex -2.66545 5.71141 0
    endloop
  endfacet
  facet normal 0.423919 -0.9057 0
    outer loop
      vertex -2.72574 5.68326 0
      vertex -2.69553 5.6974 0.6
      vertex -2.72574 5.68326 0.6
    endloop
  endfacet
  facet normal 0.423919 -0.9057 0
    outer loop
      vertex -2.69553 5.6974 0.6
      vertex -2.72574 5.68326 0
      vertex -2.69553 5.6974 0
    endloop
  endfacet
  facet normal 0.425725 -0.904853 0
    outer loop
      vertex -2.75607 5.66899 0
      vertex -2.72574 5.68326 0.6
      vertex -2.75607 5.66899 0.6
    endloop
  endfacet
  facet normal 0.425725 -0.904853 0
    outer loop
      vertex -2.72574 5.68326 0.6
      vertex -2.75607 5.66899 0
      vertex -2.72574 5.68326 0
    endloop
  endfacet
  facet normal 0.427155 -0.904179 0
    outer loop
      vertex -2.78653 5.6546 0
      vertex -2.75607 5.66899 0.6
      vertex -2.78653 5.6546 0.6
    endloop
  endfacet
  facet normal 0.427155 -0.904179 0
    outer loop
      vertex -2.75607 5.66899 0.6
      vertex -2.78653 5.6546 0
      vertex -2.75607 5.66899 0
    endloop
  endfacet
  facet normal 0.428924 -0.90334 0
    outer loop
      vertex -2.81711 5.64008 0
      vertex -2.78653 5.6546 0.6
      vertex -2.81711 5.64008 0.6
    endloop
  endfacet
  facet normal 0.428924 -0.90334 0
    outer loop
      vertex -2.78653 5.6546 0.6
      vertex -2.81711 5.64008 0
      vertex -2.78653 5.6546 0
    endloop
  endfacet
  facet normal 0.436802 -0.899558 0
    outer loop
      vertex -2.84761 5.62527 0
      vertex -2.81711 5.64008 0.6
      vertex -2.84761 5.62527 0.6
    endloop
  endfacet
  facet normal 0.436802 -0.899558 0
    outer loop
      vertex -2.81711 5.64008 0.6
      vertex -2.84761 5.62527 0
      vertex -2.81711 5.64008 0
    endloop
  endfacet
  facet normal 0.449695 -0.893182 0
    outer loop
      vertex -2.87782 5.61006 0
      vertex -2.84761 5.62527 0.6
      vertex -2.87782 5.61006 0.6
    endloop
  endfacet
  facet normal 0.449695 -0.893182 0
    outer loop
      vertex -2.84761 5.62527 0.6
      vertex -2.87782 5.61006 0
      vertex -2.84761 5.62527 0
    endloop
  endfacet
  facet normal 0.463376 -0.886162 0
    outer loop
      vertex -2.90773 5.59442 0
      vertex -2.87782 5.61006 0.6
      vertex -2.90773 5.59442 0.6
    endloop
  endfacet
  facet normal 0.463376 -0.886162 0
    outer loop
      vertex -2.87782 5.61006 0.6
      vertex -2.90773 5.59442 0
      vertex -2.87782 5.61006 0
    endloop
  endfacet
  facet normal 0.477354 -0.878711 0
    outer loop
      vertex -2.93733 5.57834 0
      vertex -2.90773 5.59442 0.6
      vertex -2.93733 5.57834 0.6
    endloop
  endfacet
  facet normal 0.477354 -0.878711 0
    outer loop
      vertex -2.90773 5.59442 0.6
      vertex -2.93733 5.57834 0
      vertex -2.90773 5.59442 0
    endloop
  endfacet
  facet normal 0.490558 -0.871409 0
    outer loop
      vertex -2.96664 5.56184 0
      vertex -2.93733 5.57834 0.6
      vertex -2.96664 5.56184 0.6
    endloop
  endfacet
  facet normal 0.490558 -0.871409 0
    outer loop
      vertex -2.93733 5.57834 0.6
      vertex -2.96664 5.56184 0
      vertex -2.93733 5.57834 0
    endloop
  endfacet
  facet normal 0.503556 -0.863962 0
    outer loop
      vertex -2.99567 5.54492 0
      vertex -2.96664 5.56184 0.6
      vertex -2.99567 5.54492 0.6
    endloop
  endfacet
  facet normal 0.503556 -0.863962 0
    outer loop
      vertex -2.96664 5.56184 0.6
      vertex -2.99567 5.54492 0
      vertex -2.96664 5.56184 0
    endloop
  endfacet
  facet normal 0.517211 -0.855858 0
    outer loop
      vertex -3.02438 5.52757 0
      vertex -2.99567 5.54492 0.6
      vertex -3.02438 5.52757 0.6
    endloop
  endfacet
  facet normal 0.517211 -0.855858 0
    outer loop
      vertex -2.99567 5.54492 0.6
      vertex -3.02438 5.52757 0
      vertex -2.99567 5.54492 0
    endloop
  endfacet
  facet normal 0.531933 -0.846787 0
    outer loop
      vertex -3.0527 5.50978 0
      vertex -3.02438 5.52757 0.6
      vertex -3.0527 5.50978 0.6
    endloop
  endfacet
  facet normal 0.531933 -0.846787 0
    outer loop
      vertex -3.02438 5.52757 0.6
      vertex -3.0527 5.50978 0
      vertex -3.02438 5.52757 0
    endloop
  endfacet
  facet normal 0.548512 -0.836143 0
    outer loop
      vertex -3.08052 5.49153 0
      vertex -3.0527 5.50978 0.6
      vertex -3.08052 5.49153 0.6
    endloop
  endfacet
  facet normal 0.548512 -0.836143 0
    outer loop
      vertex -3.0527 5.50978 0.6
      vertex -3.08052 5.49153 0
      vertex -3.0527 5.50978 0
    endloop
  endfacet
  facet normal 0.565939 -0.824447 0
    outer loop
      vertex -3.10782 5.47279 0
      vertex -3.08052 5.49153 0.6
      vertex -3.10782 5.47279 0.6
    endloop
  endfacet
  facet normal 0.565939 -0.824447 0
    outer loop
      vertex -3.08052 5.49153 0.6
      vertex -3.10782 5.47279 0
      vertex -3.08052 5.49153 0
    endloop
  endfacet
  facet normal 0.582472 -0.812851 0
    outer loop
      vertex -3.1346 5.4536 0
      vertex -3.10782 5.47279 0.6
      vertex -3.1346 5.4536 0.6
    endloop
  endfacet
  facet normal 0.582472 -0.812851 0
    outer loop
      vertex -3.10782 5.47279 0.6
      vertex -3.1346 5.4536 0
      vertex -3.10782 5.47279 0
    endloop
  endfacet
  facet normal 0.599171 -0.800621 0
    outer loop
      vertex -3.16087 5.43394 0
      vertex -3.1346 5.4536 0.6
      vertex -3.16087 5.43394 0.6
    endloop
  endfacet
  facet normal 0.599171 -0.800621 0
    outer loop
      vertex -3.1346 5.4536 0.6
      vertex -3.16087 5.43394 0
      vertex -3.1346 5.4536 0
    endloop
  endfacet
  facet normal 0.615929 -0.787802 0
    outer loop
      vertex -3.18663 5.4138 0
      vertex -3.16087 5.43394 0.6
      vertex -3.18663 5.4138 0.6
    endloop
  endfacet
  facet normal 0.615929 -0.787802 0
    outer loop
      vertex -3.16087 5.43394 0.6
      vertex -3.18663 5.4138 0
      vertex -3.16087 5.43394 0
    endloop
  endfacet
  facet normal 0.632151 -0.774845 0
    outer loop
      vertex -3.21188 5.3932 0
      vertex -3.18663 5.4138 0.6
      vertex -3.21188 5.3932 0.6
    endloop
  endfacet
  facet normal 0.632151 -0.774845 0
    outer loop
      vertex -3.18663 5.4138 0.6
      vertex -3.21188 5.3932 0
      vertex -3.18663 5.4138 0
    endloop
  endfacet
  facet normal 0.653403 -0.75701 0
    outer loop
      vertex -3.23643 5.37201 0
      vertex -3.21188 5.3932 0.6
      vertex -3.23643 5.37201 0.6
    endloop
  endfacet
  facet normal 0.653403 -0.75701 0
    outer loop
      vertex -3.21188 5.3932 0.6
      vertex -3.23643 5.37201 0
      vertex -3.21188 5.3932 0
    endloop
  endfacet
  facet normal 0.680297 -0.732937 0
    outer loop
      vertex -3.2601 5.35004 0
      vertex -3.23643 5.37201 0.6
      vertex -3.2601 5.35004 0.6
    endloop
  endfacet
  facet normal 0.680297 -0.732937 0
    outer loop
      vertex -3.23643 5.37201 0.6
      vertex -3.2601 5.35004 0
      vertex -3.23643 5.37201 0
    endloop
  endfacet
  facet normal 0.706796 -0.707417 0
    outer loop
      vertex -3.28287 5.32729 0
      vertex -3.2601 5.35004 0.6
      vertex -3.28287 5.32729 0.6
    endloop
  endfacet
  facet normal 0.706796 -0.707417 0
    outer loop
      vertex -3.2601 5.35004 0.6
      vertex -3.28287 5.32729 0
      vertex -3.2601 5.35004 0
    endloop
  endfacet
  facet normal 0.731883 -0.68143 0
    outer loop
      vertex -3.30475 5.30379 0.6
      vertex -3.28287 5.32729 0
      vertex -3.28287 5.32729 0.6
    endloop
  endfacet
  facet normal 0.731883 -0.68143 0
    outer loop
      vertex -3.28287 5.32729 0
      vertex -3.30475 5.30379 0.6
      vertex -3.30475 5.30379 0
    endloop
  endfacet
  facet normal 0.756655 -0.653815 0
    outer loop
      vertex -3.32573 5.27951 0.6
      vertex -3.30475 5.30379 0
      vertex -3.30475 5.30379 0.6
    endloop
  endfacet
  facet normal 0.756655 -0.653815 0
    outer loop
      vertex -3.30475 5.30379 0
      vertex -3.32573 5.27951 0.6
      vertex -3.32573 5.27951 0
    endloop
  endfacet
  facet normal 0.780139 -0.625606 0
    outer loop
      vertex -3.34581 5.25447 0.6
      vertex -3.32573 5.27951 0
      vertex -3.32573 5.27951 0.6
    endloop
  endfacet
  facet normal 0.780139 -0.625606 0
    outer loop
      vertex -3.32573 5.27951 0
      vertex -3.34581 5.25447 0.6
      vertex -3.34581 5.25447 0
    endloop
  endfacet
  facet normal 0.802233 -0.597011 0
    outer loop
      vertex -3.36501 5.22867 0.6
      vertex -3.34581 5.25447 0
      vertex -3.34581 5.25447 0.6
    endloop
  endfacet
  facet normal 0.802233 -0.597011 0
    outer loop
      vertex -3.34581 5.25447 0
      vertex -3.36501 5.22867 0.6
      vertex -3.36501 5.22867 0
    endloop
  endfacet
  facet normal 0.82584 -0.563905 0
    outer loop
      vertex -3.38318 5.20206 0.6
      vertex -3.36501 5.22867 0
      vertex -3.36501 5.22867 0.6
    endloop
  endfacet
  facet normal 0.82584 -0.563905 0
    outer loop
      vertex -3.36501 5.22867 0
      vertex -3.38318 5.20206 0.6
      vertex -3.38318 5.20206 0
    endloop
  endfacet
  facet normal 0.849922 -0.526908 0
    outer loop
      vertex -3.40021 5.17459 0.6
      vertex -3.38318 5.20206 0
      vertex -3.38318 5.20206 0.6
    endloop
  endfacet
  facet normal 0.849922 -0.526908 0
    outer loop
      vertex -3.38318 5.20206 0
      vertex -3.40021 5.17459 0.6
      vertex -3.40021 5.17459 0
    endloop
  endfacet
  facet normal 0.872217 -0.489119 0
    outer loop
      vertex -3.41608 5.14629 0.6
      vertex -3.40021 5.17459 0
      vertex -3.40021 5.17459 0.6
    endloop
  endfacet
  facet normal 0.872217 -0.489119 0
    outer loop
      vertex -3.40021 5.17459 0
      vertex -3.41608 5.14629 0.6
      vertex -3.41608 5.14629 0
    endloop
  endfacet
  facet normal 0.89283 -0.450393 0
    outer loop
      vertex -3.4308 5.11711 0.6
      vertex -3.41608 5.14629 0
      vertex -3.41608 5.14629 0.6
    endloop
  endfacet
  facet normal 0.89283 -0.450393 0
    outer loop
      vertex -3.41608 5.14629 0
      vertex -3.4308 5.11711 0.6
      vertex -3.4308 5.11711 0
    endloop
  endfacet
  facet normal 0.910834 -0.412774 0
    outer loop
      vertex -3.4444 5.0871 0.6
      vertex -3.4308 5.11711 0
      vertex -3.4308 5.11711 0.6
    endloop
  endfacet
  facet normal 0.910834 -0.412774 0
    outer loop
      vertex -3.4308 5.11711 0
      vertex -3.4444 5.0871 0.6
      vertex -3.4444 5.0871 0
    endloop
  endfacet
  facet normal 0.927625 -0.373514 0
    outer loop
      vertex -3.45683 5.05623 0.6
      vertex -3.4444 5.0871 0
      vertex -3.4444 5.0871 0.6
    endloop
  endfacet
  facet normal 0.927625 -0.373514 0
    outer loop
      vertex -3.4444 5.0871 0
      vertex -3.45683 5.05623 0.6
      vertex -3.45683 5.05623 0
    endloop
  endfacet
  facet normal 0.942165 -0.33515 0
    outer loop
      vertex -3.46811 5.02452 0.6
      vertex -3.45683 5.05623 0
      vertex -3.45683 5.05623 0.6
    endloop
  endfacet
  facet normal 0.942165 -0.33515 0
    outer loop
      vertex -3.45683 5.05623 0
      vertex -3.46811 5.02452 0.6
      vertex -3.46811 5.02452 0
    endloop
  endfacet
  facet normal 0.956567 -0.291511 0
    outer loop
      vertex -3.47806 4.99187 0.6
      vertex -3.46811 5.02452 0
      vertex -3.46811 5.02452 0.6
    endloop
  endfacet
  facet normal 0.956567 -0.291511 0
    outer loop
      vertex -3.46811 5.02452 0
      vertex -3.47806 4.99187 0.6
      vertex -3.47806 4.99187 0
    endloop
  endfacet
  facet normal 0.970143 -0.242536 0
    outer loop
      vertex -3.48648 4.95819 0.6
      vertex -3.47806 4.99187 0
      vertex -3.47806 4.99187 0.6
    endloop
  endfacet
  facet normal 0.970143 -0.242536 0
    outer loop
      vertex -3.47806 4.99187 0
      vertex -3.48648 4.95819 0.6
      vertex -3.48648 4.95819 0
    endloop
  endfacet
  facet normal 0.980905 -0.194485 0
    outer loop
      vertex -3.49336 4.92349 0.6
      vertex -3.48648 4.95819 0
      vertex -3.48648 4.95819 0.6
    endloop
  endfacet
  facet normal 0.980905 -0.194485 0
    outer loop
      vertex -3.48648 4.95819 0
      vertex -3.49336 4.92349 0.6
      vertex -3.49336 4.92349 0
    endloop
  endfacet
  facet normal 0.988875 -0.148747 0
    outer loop
      vertex -3.49873 4.88779 0.6
      vertex -3.49336 4.92349 0
      vertex -3.49336 4.92349 0.6
    endloop
  endfacet
  facet normal 0.988875 -0.148747 0
    outer loop
      vertex -3.49336 4.92349 0
      vertex -3.49873 4.88779 0.6
      vertex -3.49873 4.88779 0
    endloop
  endfacet
  facet normal 0.994635 -0.103444 0
    outer loop
      vertex -3.50255 4.85106 0.6
      vertex -3.49873 4.88779 0
      vertex -3.49873 4.88779 0.6
    endloop
  endfacet
  facet normal 0.994635 -0.103444 0
    outer loop
      vertex -3.49873 4.88779 0
      vertex -3.50255 4.85106 0.6
      vertex -3.50255 4.85106 0
    endloop
  endfacet
  facet normal 0.998151 -0.0607823 0
    outer loop
      vertex -3.50485 4.81329 0.6
      vertex -3.50255 4.85106 0
      vertex -3.50255 4.85106 0.6
    endloop
  endfacet
  facet normal 0.998151 -0.0607823 0
    outer loop
      vertex -3.50255 4.85106 0
      vertex -3.50485 4.81329 0.6
      vertex -3.50485 4.81329 0
    endloop
  endfacet
  facet normal 0.999803 -0.0198568 0
    outer loop
      vertex -3.50562 4.77452 0.6
      vertex -3.50485 4.81329 0
      vertex -3.50485 4.81329 0.6
    endloop
  endfacet
  facet normal 0.999803 -0.0198568 0
    outer loop
      vertex -3.50485 4.81329 0
      vertex -3.50562 4.77452 0.6
      vertex -3.50562 4.77452 0
    endloop
  endfacet
  facet normal 0.999543 0.0302177 0
    outer loop
      vertex -3.50357 4.70671 0.6
      vertex -3.50562 4.77452 0
      vertex -3.50562 4.77452 0.6
    endloop
  endfacet
  facet normal 0.999543 0.0302177 0
    outer loop
      vertex -3.50562 4.77452 0
      vertex -3.50357 4.70671 0.6
      vertex -3.50357 4.70671 0
    endloop
  endfacet
  facet normal 0.995642 0.0932557 0
    outer loop
      vertex -3.49745 4.64137 0.6
      vertex -3.50357 4.70671 0
      vertex -3.50357 4.70671 0.6
    endloop
  endfacet
  facet normal 0.995642 0.0932557 0
    outer loop
      vertex -3.50357 4.70671 0
      vertex -3.49745 4.64137 0.6
      vertex -3.49745 4.64137 0
    endloop
  endfacet
  facet normal 0.987073 0.160274 0
    outer loop
      vertex -3.48724 4.57849 0.6
      vertex -3.49745 4.64137 0
      vertex -3.49745 4.64137 0.6
    endloop
  endfacet
  facet normal 0.987073 0.160274 0
    outer loop
      vertex -3.49745 4.64137 0
      vertex -3.48724 4.57849 0.6
      vertex -3.48724 4.57849 0
    endloop
  endfacet
  facet normal 0.97318 0.230045 0
    outer loop
      vertex -3.47296 4.51808 0.6
      vertex -3.48724 4.57849 0
      vertex -3.48724 4.57849 0.6
    endloop
  endfacet
  facet normal 0.97318 0.230045 0
    outer loop
      vertex -3.48724 4.57849 0
      vertex -3.47296 4.51808 0.6
      vertex -3.47296 4.51808 0
    endloop
  endfacet
  facet normal 0.953331 0.301927 0
    outer loop
      vertex -3.45461 4.46014 0.6
      vertex -3.47296 4.51808 0
      vertex -3.47296 4.51808 0.6
    endloop
  endfacet
  facet normal 0.953331 0.301927 0
    outer loop
      vertex -3.47296 4.51808 0
      vertex -3.45461 4.46014 0.6
      vertex -3.45461 4.46014 0
    endloop
  endfacet
  facet normal 0.926983 0.375104 0
    outer loop
      vertex -3.43216 4.40466 0.6
      vertex -3.45461 4.46014 0
      vertex -3.45461 4.46014 0.6
    endloop
  endfacet
  facet normal 0.926983 0.375104 0
    outer loop
      vertex -3.45461 4.46014 0
      vertex -3.43216 4.40466 0.6
      vertex -3.43216 4.40466 0
    endloop
  endfacet
  facet normal 0.894191 0.447686 0
    outer loop
      vertex -3.40562 4.35165 0.6
      vertex -3.43216 4.40466 0
      vertex -3.43216 4.40466 0.6
    endloop
  endfacet
  facet normal 0.894191 0.447686 0
    outer loop
      vertex -3.43216 4.40466 0
      vertex -3.40562 4.35165 0.6
      vertex -3.40562 4.35165 0
    endloop
  endfacet
  facet normal 0.860706 0.509102 0
    outer loop
      vertex -3.37572 4.3011 0.6
      vertex -3.40562 4.35165 0
      vertex -3.40562 4.35165 0.6
    endloop
  endfacet
  facet normal 0.860706 0.509102 0
    outer loop
      vertex -3.40562 4.35165 0
      vertex -3.37572 4.3011 0.6
      vertex -3.37572 4.3011 0
    endloop
  endfacet
  facet normal 0.827681 0.561198 0
    outer loop
      vertex -3.34312 4.25302 0.6
      vertex -3.37572 4.3011 0
      vertex -3.37572 4.3011 0.6
    endloop
  endfacet
  facet normal 0.827681 0.561198 0
    outer loop
      vertex -3.37572 4.3011 0
      vertex -3.34312 4.25302 0.6
      vertex -3.34312 4.25302 0
    endloop
  endfacet
  facet normal 0.791216 0.611536 0
    outer loop
      vertex -3.30786 4.2074 0.6
      vertex -3.34312 4.25302 0
      vertex -3.34312 4.25302 0.6
    endloop
  endfacet
  facet normal 0.791216 0.611536 0
    outer loop
      vertex -3.34312 4.25302 0
      vertex -3.30786 4.2074 0.6
      vertex -3.30786 4.2074 0
    endloop
  endfacet
  facet normal 0.750903 0.660412 0
    outer loop
      vertex -3.26991 4.16425 0.6
      vertex -3.30786 4.2074 0
      vertex -3.30786 4.2074 0.6
    endloop
  endfacet
  facet normal 0.750903 0.660412 0
    outer loop
      vertex -3.30786 4.2074 0
      vertex -3.26991 4.16425 0.6
      vertex -3.26991 4.16425 0
    endloop
  endfacet
  facet normal 0.707628 0.706585 0
    outer loop
      vertex -3.22929 4.12357 0.6
      vertex -3.26991 4.16425 0
      vertex -3.26991 4.16425 0.6
    endloop
  endfacet
  facet normal 0.707628 0.706585 0
    outer loop
      vertex -3.26991 4.16425 0
      vertex -3.22929 4.12357 0.6
      vertex -3.22929 4.12357 0
    endloop
  endfacet
  facet normal 0.661856 0.749631 -0
    outer loop
      vertex -3.18599 4.08534 0
      vertex -3.22929 4.12357 0.6
      vertex -3.18599 4.08534 0.6
    endloop
  endfacet
  facet normal 0.661856 0.749631 0
    outer loop
      vertex -3.22929 4.12357 0.6
      vertex -3.18599 4.08534 0
      vertex -3.22929 4.12357 0
    endloop
  endfacet
  facet normal 0.613834 0.789435 -0
    outer loop
      vertex -3.14 4.04958 0
      vertex -3.18599 4.08534 0.6
      vertex -3.14 4.04958 0.6
    endloop
  endfacet
  facet normal 0.613834 0.789435 0
    outer loop
      vertex -3.18599 4.08534 0.6
      vertex -3.14 4.04958 0
      vertex -3.18599 4.08534 0
    endloop
  endfacet
  facet normal 0.56749 0.82338 -0
    outer loop
      vertex -3.09167 4.01627 0
      vertex -3.14 4.04958 0.6
      vertex -3.09167 4.01627 0.6
    endloop
  endfacet
  facet normal 0.56749 0.82338 0
    outer loop
      vertex -3.14 4.04958 0.6
      vertex -3.09167 4.01627 0
      vertex -3.14 4.04958 0
    endloop
  endfacet
  facet normal 0.522709 0.852511 -0
    outer loop
      vertex -3.04129 3.98538 0
      vertex -3.09167 4.01627 0.6
      vertex -3.04129 3.98538 0.6
    endloop
  endfacet
  facet normal 0.522709 0.852511 0
    outer loop
      vertex -3.09167 4.01627 0.6
      vertex -3.04129 3.98538 0
      vertex -3.09167 4.01627 0
    endloop
  endfacet
  facet normal 0.477336 0.878721 -0
    outer loop
      vertex -2.98888 3.95691 0
      vertex -3.04129 3.98538 0.6
      vertex -2.98888 3.95691 0.6
    endloop
  endfacet
  facet normal 0.477336 0.878721 0
    outer loop
      vertex -3.04129 3.98538 0.6
      vertex -2.98888 3.95691 0
      vertex -3.04129 3.98538 0
    endloop
  endfacet
  facet normal 0.431239 0.902238 -0
    outer loop
      vertex -2.93442 3.93088 0
      vertex -2.98888 3.95691 0.6
      vertex -2.93442 3.93088 0.6
    endloop
  endfacet
  facet normal 0.431239 0.902238 0
    outer loop
      vertex -2.98888 3.95691 0.6
      vertex -2.93442 3.93088 0
      vertex -2.98888 3.95691 0
    endloop
  endfacet
  facet normal 0.385647 0.922646 -0
    outer loop
      vertex -2.87791 3.90726 0
      vertex -2.93442 3.93088 0.6
      vertex -2.87791 3.90726 0.6
    endloop
  endfacet
  facet normal 0.385647 0.922646 0
    outer loop
      vertex -2.93442 3.93088 0.6
      vertex -2.87791 3.90726 0
      vertex -2.93442 3.93088 0
    endloop
  endfacet
  facet normal 0.340556 0.940224 -0
    outer loop
      vertex -2.81938 3.88606 0
      vertex -2.87791 3.90726 0.6
      vertex -2.81938 3.88606 0.6
    endloop
  endfacet
  facet normal 0.340556 0.940224 0
    outer loop
      vertex -2.87791 3.90726 0.6
      vertex -2.81938 3.88606 0
      vertex -2.87791 3.90726 0
    endloop
  endfacet
  facet normal 0.295913 0.955215 -0
    outer loop
      vertex -2.75879 3.86729 0
      vertex -2.81938 3.88606 0.6
      vertex -2.75879 3.86729 0.6
    endloop
  endfacet
  facet normal 0.295913 0.955215 0
    outer loop
      vertex -2.81938 3.88606 0.6
      vertex -2.75879 3.86729 0
      vertex -2.81938 3.88606 0
    endloop
  endfacet
  facet normal 0.254578 0.967052 -0
    outer loop
      vertex -2.69691 3.851 0
      vertex -2.75879 3.86729 0.6
      vertex -2.69691 3.851 0.6
    endloop
  endfacet
  facet normal 0.254578 0.967052 0
    outer loop
      vertex -2.75879 3.86729 0.6
      vertex -2.69691 3.851 0
      vertex -2.75879 3.86729 0
    endloop
  endfacet
  facet normal 0.215837 0.976429 -0
    outer loop
      vertex -2.63448 3.8372 0
      vertex -2.69691 3.851 0.6
      vertex -2.63448 3.8372 0.6
    endloop
  endfacet
  facet normal 0.215837 0.976429 0
    outer loop
      vertex -2.69691 3.851 0.6
      vertex -2.63448 3.8372 0
      vertex -2.69691 3.851 0
    endloop
  endfacet
  facet normal 0.176423 0.984314 -0
    outer loop
      vertex -2.57149 3.82591 0
      vertex -2.63448 3.8372 0.6
      vertex -2.57149 3.82591 0.6
    endloop
  endfacet
  facet normal 0.176423 0.984314 0
    outer loop
      vertex -2.63448 3.8372 0.6
      vertex -2.57149 3.82591 0
      vertex -2.63448 3.8372 0
    endloop
  endfacet
  facet normal 0.136727 0.990609 -0
    outer loop
      vertex -2.50795 3.81714 0
      vertex -2.57149 3.82591 0.6
      vertex -2.50795 3.81714 0.6
    endloop
  endfacet
  facet normal 0.136727 0.990609 0
    outer loop
      vertex -2.57149 3.82591 0.6
      vertex -2.50795 3.81714 0
      vertex -2.57149 3.82591 0
    endloop
  endfacet
  facet normal 0.0973663 0.995249 -0
    outer loop
      vertex -2.44386 3.81087 0
      vertex -2.50795 3.81714 0.6
      vertex -2.44386 3.81087 0.6
    endloop
  endfacet
  facet normal 0.0973663 0.995249 0
    outer loop
      vertex -2.50795 3.81714 0.6
      vertex -2.44386 3.81087 0
      vertex -2.50795 3.81714 0
    endloop
  endfacet
  facet normal 0.0580612 0.998313 -0
    outer loop
      vertex -2.37921 3.80711 0
      vertex -2.44386 3.81087 0.6
      vertex -2.37921 3.80711 0.6
    endloop
  endfacet
  facet normal 0.0580612 0.998313 0
    outer loop
      vertex -2.44386 3.81087 0.6
      vertex -2.37921 3.80711 0
      vertex -2.44386 3.81087 0
    endloop
  endfacet
  facet normal 0.0191683 0.999816 -0
    outer loop
      vertex -2.31401 3.80586 0
      vertex -2.37921 3.80711 0.6
      vertex -2.31401 3.80586 0.6
    endloop
  endfacet
  facet normal 0.0191683 0.999816 0
    outer loop
      vertex -2.37921 3.80711 0.6
      vertex -2.31401 3.80586 0
      vertex -2.37921 3.80711 0
    endloop
  endfacet
  facet normal -0.0203572 0.999793 0
    outer loop
      vertex -2.23985 3.80737 0
      vertex -2.31401 3.80586 0.6
      vertex -2.23985 3.80737 0.6
    endloop
  endfacet
  facet normal -0.0203572 0.999793 0
    outer loop
      vertex -2.31401 3.80586 0.6
      vertex -2.23985 3.80737 0
      vertex -2.31401 3.80586 0
    endloop
  endfacet
  facet normal 0 -1 0
    outer loop
      vertex -7.5 -2.57501 0
      vertex 7.5 -2.57501 0.6
      vertex -7.5 -2.57501 0.6
    endloop
  endfacet
  facet normal 0 -1 -0
    outer loop
      vertex 7.5 -2.57501 0.6
      vertex -7.5 -2.57501 0
      vertex 7.5 -2.57501 0
    endloop
  endfacet
  facet normal 1 -0 0
    outer loop
      vertex -7.5 -8.17499 0.6
      vertex -7.5 -2.57501 0
      vertex -7.5 -2.57501 0.6
    endloop
  endfacet
  facet normal 1 0 0
    outer loop
      vertex -7.5 -2.57501 0
      vertex -7.5 -8.17499 0.6
      vertex -7.5 -8.17499 0
    endloop
  endfacet
  facet normal 0 1 -0
    outer loop
      vertex 7.5 -8.17499 0
      vertex -7.5 -8.17499 0.6
      vertex 7.5 -8.17499 0.6
    endloop
  endfacet
  facet normal 0 1 0
    outer loop
      vertex -7.5 -8.17499 0.6
      vertex 7.5 -8.17499 0
      vertex -7.5 -8.17499 0
    endloop
  endfacet
  facet normal -1 0 0
    outer loop
      vertex 7.5 -8.17499 0
      vertex 7.5 -2.57501 0.6
      vertex 7.5 -2.57501 0
    endloop
  endfacet
  facet normal -1 -0 0
    outer loop
      vertex 7.5 -2.57501 0.6
      vertex 7.5 -8.17499 0
      vertex 7.5 -8.17499 0.6
    endloop
  endfacet
  facet normal -1 0 0
    outer loop
      vertex -6.89999 -7.575 0
      vertex -6.89999 -3.175 0.6
      vertex -6.89999 -3.175 0
    endloop
  endfacet
  facet normal -1 -0 0
    outer loop
      vertex -6.89999 -3.175 0.6
      vertex -6.89999 -7.575 0
      vertex -6.89999 -7.575 0.6
    endloop
  endfacet
  facet normal 0 1 -0
    outer loop
      vertex 6.89999 -3.175 0
      vertex -6.89999 -3.175 0.6
      vertex 6.89999 -3.175 0.6
    endloop
  endfacet
  facet normal 0 1 0
    outer loop
      vertex -6.89999 -3.175 0.6
      vertex 6.89999 -3.175 0
      vertex -6.89999 -3.175 0
    endloop
  endfacet
  facet normal 1 -0 0
    outer loop
      vertex 6.89999 -7.575 0.6
      vertex 6.89999 -3.175 0
      vertex 6.89999 -3.175 0.6
    endloop
  endfacet
  facet normal 1 0 0
    outer loop
      vertex 6.89999 -3.175 0
      vertex 6.89999 -7.575 0.6
      vertex 6.89999 -7.575 0
    endloop
  endfacet
  facet normal 0 -1 0
    outer loop
      vertex -6.89999 -7.575 0
      vertex 6.89999 -7.575 0.6
      vertex -6.89999 -7.575 0.6
    endloop
  endfacet
  facet normal 0 -1 -0
    outer loop
      vertex 6.89999 -7.575 0.6
      vertex -6.89999 -7.575 0
      vertex 6.89999 -7.575 0
    endloop
  endfacet
  facet normal -0.996114 -0.0880681 0
    outer loop
      vertex 0.00102234 -5.68448 0
      vertex -0.0739746 -4.83621 0.6
      vertex -0.0739746 -4.83621 0
    endloop
  endfacet
  facet normal -0.996114 -0.0880681 0
    outer loop
      vertex -0.0739746 -4.83621 0.6
      vertex 0.00102234 -5.68448 0
      vertex 0.00102234 -5.68448 0.6
    endloop
  endfacet
  facet normal -0.19767 0.980269 0
    outer loop
      vertex -0.0656433 -4.83453 0
      vertex -0.0739746 -4.83621 0.6
      vertex -0.0656433 -4.83453 0.6
    endloop
  endfacet
  facet normal -0.19767 0.980269 0
    outer loop
      vertex -0.0739746 -4.83621 0.6
      vertex -0.0656433 -4.83453 0
      vertex -0.0739746 -4.83621 0
    endloop
  endfacet
  facet normal 0.946294 0.323306 0
    outer loop
      vertex 0.207657 -5.63446 0.6
      vertex -0.0656433 -4.83453 0
      vertex -0.0656433 -4.83453 0.6
    endloop
  endfacet
  facet normal 0.946294 0.323306 0
    outer loop
      vertex -0.0656433 -4.83453 0
      vertex 0.207657 -5.63446 0.6
      vertex 0.207657 -5.63446 0
    endloop
  endfacet
  facet normal 0.903697 0.428173 0
    outer loop
      vertex 0.569305 -6.39775 0.6
      vertex 0.207657 -5.63446 0
      vertex 0.207657 -5.63446 0.6
    endloop
  endfacet
  facet normal 0.903697 0.428173 0
    outer loop
      vertex 0.207657 -5.63446 0
      vertex 0.569305 -6.39775 0.6
      vertex 0.569305 -6.39775 0
    endloop
  endfacet
  facet normal 0 1 -0
    outer loop
      vertex 0.874283 -6.39775 0
      vertex 0.569305 -6.39775 0.6
      vertex 0.874283 -6.39775 0.6
    endloop
  endfacet
  facet normal 0 1 0
    outer loop
      vertex 0.569305 -6.39775 0.6
      vertex 0.874283 -6.39775 0
      vertex 0.569305 -6.39775 0
    endloop
  endfacet
  facet normal -0.900875 0.434079 0
    outer loop
      vertex 0.874283 -6.39775 0
      vertex 1.20593 -5.70946 0.6
      vertex 1.20593 -5.70946 0
    endloop
  endfacet
  facet normal -0.900875 0.434079 0
    outer loop
      vertex 1.20593 -5.70946 0.6
      vertex 0.874283 -6.39775 0
      vertex 0.874283 -6.39775 0.6
    endloop
  endfacet
  facet normal -0.951722 0.30696 0
    outer loop
      vertex 1.20593 -5.70946 0
      vertex 1.48758 -4.83621 0.6
      vertex 1.48758 -4.83621 0
    endloop
  endfacet
  facet normal -0.951722 0.30696 0
    outer loop
      vertex 1.48758 -4.83621 0.6
      vertex 1.20593 -5.70946 0
      vertex 1.20593 -5.70946 0.6
    endloop
  endfacet
  facet normal 0.164559 0.986367 -0
    outer loop
      vertex 1.49759 -4.83788 0
      vertex 1.48758 -4.83621 0.6
      vertex 1.49759 -4.83788 0.6
    endloop
  endfacet
  facet normal 0.164559 0.986367 0
    outer loop
      vertex 1.48758 -4.83621 0.6
      vertex 1.49759 -4.83788 0
      vertex 1.48758 -4.83621 0
    endloop
  endfacet
  facet normal 0.995892 -0.090554 0
    outer loop
      vertex 1.41258 -5.7728 0.6
      vertex 1.49759 -4.83788 0
      vertex 1.49759 -4.83788 0.6
    endloop
  endfacet
  facet normal 0.995892 -0.090554 0
    outer loop
      vertex 1.49759 -4.83788 0
      vertex 1.41258 -5.7728 0.6
      vertex 1.41258 -5.7728 0
    endloop
  endfacet
  facet normal 1 -0 0
    outer loop
      vertex 1.41258 -6.60274 0.6
      vertex 1.41258 -5.7728 0
      vertex 1.41258 -5.7728 0.6
    endloop
  endfacet
  facet normal 1 0 0
    outer loop
      vertex 1.41258 -5.7728 0
      vertex 1.41258 -6.60274 0.6
      vertex 1.41258 -6.60274 0
    endloop
  endfacet
  facet normal 0 1 -0
    outer loop
      vertex 1.94922 -6.60274 0
      vertex 1.41258 -6.60274 0.6
      vertex 1.94922 -6.60274 0.6
    endloop
  endfacet
  facet normal 0 1 0
    outer loop
      vertex 1.41258 -6.60274 0.6
      vertex 1.94922 -6.60274 0
      vertex 1.41258 -6.60274 0
    endloop
  endfacet
  facet normal -1 0 0
    outer loop
      vertex 1.94922 -6.60274 0
      vertex 1.94922 -4.49788 0.6
      vertex 1.94922 -4.49788 0
    endloop
  endfacet
  facet normal -1 -0 0
    outer loop
      vertex 1.94922 -4.49788 0.6
      vertex 1.94922 -6.60274 0
      vertex 1.94922 -6.60274 0.6
    endloop
  endfacet
  facet normal -0.991673 0.12878 0
    outer loop
      vertex 1.94922 -4.49788 0
      vertex 1.99921 -4.11293 0.6
      vertex 1.99921 -4.11293 0
    endloop
  endfacet
  facet normal -0.991673 0.12878 0
    outer loop
      vertex 1.99921 -4.11293 0.6
      vertex 1.94922 -4.49788 0
      vertex 1.94922 -4.49788 0.6
    endloop
  endfacet
  facet normal -0.0833129 -0.996523 0
    outer loop
      vertex 1.40091 -4.06291 0
      vertex 1.99921 -4.11293 0.6
      vertex 1.40091 -4.06291 0.6
    endloop
  endfacet
  facet normal -0.0833129 -0.996523 -0
    outer loop
      vertex 1.99921 -4.11293 0.6
      vertex 1.40091 -4.06291 0
      vertex 1.99921 -4.11293 0
    endloop
  endfacet
  facet normal 0.903004 -0.429633 0
    outer loop
      vertex 0.827621 -5.26785 0.6
      vertex 1.40091 -4.06291 0
      vertex 1.40091 -4.06291 0.6
    endloop
  endfacet
  facet normal 0.903004 -0.429633 0
    outer loop
      vertex 1.40091 -4.06291 0
      vertex 0.827621 -5.26785 0.6
      vertex 0.827621 -5.26785 0
    endloop
  endfacet
  facet normal 0.970707 -0.240267 0
    outer loop
      vertex 0.702637 -5.7728 0.6
      vertex 0.827621 -5.26785 0
      vertex 0.827621 -5.26785 0.6
    endloop
  endfacet
  facet normal 0.970707 -0.240267 0
    outer loop
      vertex 0.827621 -5.26785 0
      vertex 0.702637 -5.7728 0.6
      vertex 0.702637 -5.7728 0
    endloop
  endfacet
  facet normal -0.971079 -0.238757 0
    outer loop
      vertex 0.702637 -5.7728 0
      vertex 0.5793 -5.27116 0.6
      vertex 0.5793 -5.27116 0
    endloop
  endfacet
  facet normal -0.971079 -0.238757 0
    outer loop
      vertex 0.5793 -5.27116 0.6
      vertex 0.702637 -5.7728 0
      vertex 0.702637 -5.7728 0.6
    endloop
  endfacet
  facet normal -0.904581 -0.426302 0
    outer loop
      vertex 0.5793 -5.27116 0
      vertex 0.0326691 -4.11125 0.6
      vertex 0.0326691 -4.11125 0
    endloop
  endfacet
  facet normal -0.904581 -0.426302 0
    outer loop
      vertex 0.0326691 -4.11125 0.6
      vertex 0.5793 -5.27116 0
      vertex 0.5793 -5.27116 0.6
    endloop
  endfacet
  facet normal -0.0882055 -0.996102 0
    outer loop
      vertex -0.550613 -4.0596 0
      vertex 0.0326691 -4.11125 0.6
      vertex -0.550613 -4.0596 0.6
    endloop
  endfacet
  facet normal -0.0882055 -0.996102 -0
    outer loop
      vertex 0.0326691 -4.11125 0.6
      vertex -0.550613 -4.0596 0
      vertex 0.0326691 -4.11125 0
    endloop
  endfacet
  facet normal 1 -0 0
    outer loop
      vertex -0.550613 -6.60274 0.6
      vertex -0.550613 -4.0596 0
      vertex -0.550613 -4.0596 0.6
    endloop
  endfacet
  facet normal 1 0 0
    outer loop
      vertex -0.550613 -4.0596 0
      vertex -0.550613 -6.60274 0.6
      vertex -0.550613 -6.60274 0
    endloop
  endfacet
  facet normal 0 1 -0
    outer loop
      vertex 0.00102234 -6.60274 0
      vertex -0.550613 -6.60274 0.6
      vertex 0.00102234 -6.60274 0.6
    endloop
  endfacet
  facet normal 0 1 0
    outer loop
      vertex -0.550613 -6.60274 0.6
      vertex 0.00102234 -6.60274 0
      vertex -0.550613 -6.60274 0
    endloop
  endfacet
  facet normal -1 0 0
    outer loop
      vertex 0.00102234 -6.60274 0
      vertex 0.00102234 -5.68448 0.6
      vertex 0.00102234 -5.68448 0
    endloop
  endfacet
  facet normal -1 -0 0
    outer loop
      vertex 0.00102234 -5.68448 0.6
      vertex 0.00102234 -6.60274 0
      vertex 0.00102234 -6.60274 0.6
    endloop
  endfacet
  facet normal -0.0620998 0.99807 0
    outer loop
      vertex 5.18343 -6.62624 0
      vertex 5.12541 -6.62985 0.6
      vertex 5.18343 -6.62624 0.6
    endloop
  endfacet
  facet normal -0.0620998 0.99807 0
    outer loop
      vertex 5.12541 -6.62985 0.6
      vertex 5.18343 -6.62624 0
      vertex 5.12541 -6.62985 0
    endloop
  endfacet
  facet normal -0.106155 0.99435 0
    outer loop
      vertex 5.2401 -6.62019 0
      vertex 5.18343 -6.62624 0.6
      vertex 5.2401 -6.62019 0.6
    endloop
  endfacet
  facet normal -0.106155 0.99435 0
    outer loop
      vertex 5.18343 -6.62624 0.6
      vertex 5.2401 -6.62019 0
      vertex 5.18343 -6.62624 0
    endloop
  endfacet
  facet normal -0.15089 0.988551 0
    outer loop
      vertex 5.29546 -6.61174 0
      vertex 5.2401 -6.62019 0.6
      vertex 5.29546 -6.61174 0.6
    endloop
  endfacet
  facet normal -0.15089 0.988551 0
    outer loop
      vertex 5.2401 -6.62019 0.6
      vertex 5.29546 -6.61174 0
      vertex 5.2401 -6.62019 0
    endloop
  endfacet
  facet normal -0.197058 0.980392 0
    outer loop
      vertex 5.34949 -6.60088 0
      vertex 5.29546 -6.61174 0.6
      vertex 5.34949 -6.60088 0.6
    endloop
  endfacet
  facet normal -0.197058 0.980392 0
    outer loop
      vertex 5.29546 -6.61174 0.6
      vertex 5.34949 -6.60088 0
      vertex 5.29546 -6.61174 0
    endloop
  endfacet
  facet normal -0.244354 0.969686 0
    outer loop
      vertex 5.40219 -6.5876 0
      vertex 5.34949 -6.60088 0.6
      vertex 5.40219 -6.5876 0.6
    endloop
  endfacet
  facet normal -0.244354 0.969686 0
    outer loop
      vertex 5.34949 -6.60088 0.6
      vertex 5.40219 -6.5876 0
      vertex 5.34949 -6.60088 0
    endloop
  endfacet
  facet normal -0.292228 0.956349 0
    outer loop
      vertex 5.45357 -6.5719 0
      vertex 5.40219 -6.5876 0.6
      vertex 5.45357 -6.5719 0.6
    endloop
  endfacet
  facet normal -0.292228 0.956349 0
    outer loop
      vertex 5.40219 -6.5876 0.6
      vertex 5.45357 -6.5719 0
      vertex 5.40219 -6.5876 0
    endloop
  endfacet
  facet normal -0.334122 0.94253 0
    outer loop
      vertex 5.50429 -6.55392 0
      vertex 5.45357 -6.5719 0.6
      vertex 5.50429 -6.55392 0.6
    endloop
  endfacet
  facet normal -0.334122 0.94253 0
    outer loop
      vertex 5.45357 -6.5719 0.6
      vertex 5.50429 -6.55392 0
      vertex 5.45357 -6.5719 0
    endloop
  endfacet
  facet normal -0.368326 0.929697 0
    outer loop
      vertex 5.55505 -6.53381 0
      vertex 5.50429 -6.55392 0.6
      vertex 5.55505 -6.53381 0.6
    endloop
  endfacet
  facet normal -0.368326 0.929697 0
    outer loop
      vertex 5.50429 -6.55392 0.6
      vertex 5.55505 -6.53381 0
      vertex 5.50429 -6.55392 0
    endloop
  endfacet
  facet normal -0.401348 0.915925 0
    outer loop
      vertex 5.60585 -6.51155 0
      vertex 5.55505 -6.53381 0.6
      vertex 5.60585 -6.51155 0.6
    endloop
  endfacet
  facet normal -0.401348 0.915925 0
    outer loop
      vertex 5.55505 -6.53381 0.6
      vertex 5.60585 -6.51155 0
      vertex 5.55505 -6.53381 0
    endloop
  endfacet
  facet normal -0.432754 0.901512 0
    outer loop
      vertex 5.65668 -6.48715 0
      vertex 5.60585 -6.51155 0.6
      vertex 5.65668 -6.48715 0.6
    endloop
  endfacet
  facet normal -0.432754 0.901512 0
    outer loop
      vertex 5.60585 -6.51155 0.6
      vertex 5.65668 -6.48715 0
      vertex 5.60585 -6.51155 0
    endloop
  endfacet
  facet normal -0.462834 0.886445 0
    outer loop
      vertex 5.70753 -6.4606 0
      vertex 5.65668 -6.48715 0.6
      vertex 5.70753 -6.4606 0.6
    endloop
  endfacet
  facet normal -0.462834 0.886445 0
    outer loop
      vertex 5.65668 -6.48715 0.6
      vertex 5.70753 -6.4606 0
      vertex 5.65668 -6.48715 0
    endloop
  endfacet
  facet normal -0.490822 0.87126 0
    outer loop
      vertex 5.75844 -6.43192 0
      vertex 5.70753 -6.4606 0.6
      vertex 5.75844 -6.43192 0.6
    endloop
  endfacet
  facet normal -0.490822 0.87126 0
    outer loop
      vertex 5.70753 -6.4606 0.6
      vertex 5.75844 -6.43192 0
      vertex 5.70753 -6.4606 0
    endloop
  endfacet
  facet normal -0.517926 0.855426 0
    outer loop
      vertex 5.80936 -6.40109 0
      vertex 5.75844 -6.43192 0.6
      vertex 5.80936 -6.40109 0.6
    endloop
  endfacet
  facet normal -0.517926 0.855426 0
    outer loop
      vertex 5.75844 -6.43192 0.6
      vertex 5.80936 -6.40109 0
      vertex 5.75844 -6.43192 0
    endloop
  endfacet
  facet normal -0.854495 -0.51946 0
    outer loop
      vertex 5.80936 -6.40109 0
      vertex 5.57938 -6.02278 0.6
      vertex 5.57938 -6.02278 0
    endloop
  endfacet
  facet normal -0.854495 -0.51946 0
    outer loop
      vertex 5.57938 -6.02278 0.6
      vertex 5.80936 -6.40109 0
      vertex 5.80936 -6.40109 0.6
    endloop
  endfacet
  facet normal 0.550313 -0.834958 0
    outer loop
      vertex 5.56618 -6.03148 0
      vertex 5.57938 -6.02278 0.6
      vertex 5.56618 -6.03148 0.6
    endloop
  endfacet
  facet normal 0.550313 -0.834958 0
    outer loop
      vertex 5.57938 -6.02278 0.6
      vertex 5.56618 -6.03148 0
      vertex 5.57938 -6.02278 0
    endloop
  endfacet
  facet normal 0.540788 -0.841159 0
    outer loop
      vertex 5.55229 -6.04041 0
      vertex 5.56618 -6.03148 0.6
      vertex 5.55229 -6.04041 0.6
    endloop
  endfacet
  facet normal 0.540788 -0.841159 0
    outer loop
      vertex 5.56618 -6.03148 0.6
      vertex 5.55229 -6.04041 0
      vertex 5.56618 -6.03148 0
    endloop
  endfacet
  facet normal 0.532088 -0.846689 0
    outer loop
      vertex 5.53773 -6.04956 0
      vertex 5.55229 -6.04041 0.6
      vertex 5.53773 -6.04956 0.6
    endloop
  endfacet
  facet normal 0.532088 -0.846689 0
    outer loop
      vertex 5.55229 -6.04041 0.6
      vertex 5.53773 -6.04956 0
      vertex 5.55229 -6.04041 0
    endloop
  endfacet
  facet normal 0.526278 -0.850313 0
    outer loop
      vertex 5.52251 -6.05898 0
      vertex 5.53773 -6.04956 0.6
      vertex 5.52251 -6.05898 0.6
    endloop
  endfacet
  facet normal 0.526278 -0.850313 0
    outer loop
      vertex 5.53773 -6.04956 0.6
      vertex 5.52251 -6.05898 0
      vertex 5.53773 -6.04956 0
    endloop
  endfacet
  facet normal 0.517968 -0.8554 0
    outer loop
      vertex 5.50659 -6.06862 0
      vertex 5.52251 -6.05898 0.6
      vertex 5.50659 -6.06862 0.6
    endloop
  endfacet
  facet normal 0.517968 -0.8554 0
    outer loop
      vertex 5.52251 -6.05898 0.6
      vertex 5.50659 -6.06862 0
      vertex 5.52251 -6.05898 0
    endloop
  endfacet
  facet normal 0.511065 -0.859542 0
    outer loop
      vertex 5.48999 -6.07849 0
      vertex 5.50659 -6.06862 0.6
      vertex 5.48999 -6.07849 0.6
    endloop
  endfacet
  facet normal 0.511065 -0.859542 0
    outer loop
      vertex 5.50659 -6.06862 0.6
      vertex 5.48999 -6.07849 0
      vertex 5.50659 -6.06862 0
    endloop
  endfacet
  facet normal 0.505578 -0.862781 0
    outer loop
      vertex 5.47272 -6.08861 0
      vertex 5.48999 -6.07849 0.6
      vertex 5.47272 -6.08861 0.6
    endloop
  endfacet
  facet normal 0.505578 -0.862781 0
    outer loop
      vertex 5.48999 -6.07849 0.6
      vertex 5.47272 -6.08861 0
      vertex 5.48999 -6.07849 0
    endloop
  endfacet
  facet normal 0.495033 -0.868874 0
    outer loop
      vertex 5.45494 -6.09874 0
      vertex 5.47272 -6.08861 0.6
      vertex 5.45494 -6.09874 0.6
    endloop
  endfacet
  facet normal 0.495033 -0.868874 0
    outer loop
      vertex 5.47272 -6.08861 0.6
      vertex 5.45494 -6.09874 0
      vertex 5.47272 -6.08861 0
    endloop
  endfacet
  facet normal 0.479362 -0.877617 0
    outer loop
      vertex 5.43687 -6.10861 0
      vertex 5.45494 -6.09874 0.6
      vertex 5.43687 -6.10861 0.6
    endloop
  endfacet
  facet normal 0.479362 -0.877617 0
    outer loop
      vertex 5.45494 -6.09874 0.6
      vertex 5.43687 -6.10861 0
      vertex 5.45494 -6.09874 0
    endloop
  endfacet
  facet normal 0.464853 -0.885388 0
    outer loop
      vertex 5.41849 -6.11826 0
      vertex 5.43687 -6.10861 0.6
      vertex 5.41849 -6.11826 0.6
    endloop
  endfacet
  facet normal 0.464853 -0.885388 0
    outer loop
      vertex 5.43687 -6.10861 0.6
      vertex 5.41849 -6.11826 0
      vertex 5.43687 -6.10861 0
    endloop
  endfacet
  facet normal 0.449316 -0.893373 0
    outer loop
      vertex 5.3998 -6.12766 0
      vertex 5.41849 -6.11826 0.6
      vertex 5.3998 -6.12766 0.6
    endloop
  endfacet
  facet normal 0.449316 -0.893373 0
    outer loop
      vertex 5.41849 -6.11826 0.6
      vertex 5.3998 -6.12766 0
      vertex 5.41849 -6.11826 0
    endloop
  endfacet
  facet normal 0.434656 -0.900596 0
    outer loop
      vertex 5.3808 -6.13683 0
      vertex 5.3998 -6.12766 0.6
      vertex 5.3808 -6.13683 0.6
    endloop
  endfacet
  facet normal 0.434656 -0.900596 0
    outer loop
      vertex 5.3998 -6.12766 0.6
      vertex 5.3808 -6.13683 0
      vertex 5.3998 -6.12766 0
    endloop
  endfacet
  facet normal 0.419535 -0.907739 0
    outer loop
      vertex 5.3615 -6.14575 0
      vertex 5.3808 -6.13683 0.6
      vertex 5.3615 -6.14575 0.6
    endloop
  endfacet
  facet normal 0.419535 -0.907739 0
    outer loop
      vertex 5.3808 -6.13683 0.6
      vertex 5.3615 -6.14575 0
      vertex 5.3808 -6.13683 0
    endloop
  endfacet
  facet normal 0.405533 -0.91408 0
    outer loop
      vertex 5.34189 -6.15445 0
      vertex 5.3615 -6.14575 0.6
      vertex 5.34189 -6.15445 0.6
    endloop
  endfacet
  facet normal 0.405533 -0.91408 0
    outer loop
      vertex 5.3615 -6.14575 0.6
      vertex 5.34189 -6.15445 0
      vertex 5.3615 -6.14575 0
    endloop
  endfacet
  facet normal 0.390096 -0.920774 0
    outer loop
      vertex 5.32211 -6.16283 0
      vertex 5.34189 -6.15445 0.6
      vertex 5.32211 -6.16283 0.6
    endloop
  endfacet
  facet normal 0.390096 -0.920774 0
    outer loop
      vertex 5.34189 -6.15445 0.6
      vertex 5.32211 -6.16283 0
      vertex 5.34189 -6.15445 0
    endloop
  endfacet
  facet normal 0.37502 -0.927017 0
    outer loop
      vertex 5.30231 -6.17084 0
      vertex 5.32211 -6.16283 0.6
      vertex 5.30231 -6.17084 0.6
    endloop
  endfacet
  facet normal 0.37502 -0.927017 0
    outer loop
      vertex 5.32211 -6.16283 0.6
      vertex 5.30231 -6.17084 0
      vertex 5.32211 -6.16283 0
    endloop
  endfacet
  facet normal 0.3592 -0.933261 0
    outer loop
      vertex 5.28246 -6.17848 0
      vertex 5.30231 -6.17084 0.6
      vertex 5.28246 -6.17848 0.6
    endloop
  endfacet
  facet normal 0.3592 -0.933261 0
    outer loop
      vertex 5.30231 -6.17084 0.6
      vertex 5.28246 -6.17848 0
      vertex 5.30231 -6.17084 0
    endloop
  endfacet
  facet normal 0.343297 -0.939227 0
    outer loop
      vertex 5.26257 -6.18575 0
      vertex 5.28246 -6.17848 0.6
      vertex 5.26257 -6.18575 0.6
    endloop
  endfacet
  facet normal 0.343297 -0.939227 0
    outer loop
      vertex 5.28246 -6.17848 0.6
      vertex 5.26257 -6.18575 0
      vertex 5.28246 -6.17848 0
    endloop
  endfacet
  facet normal 0.326605 -0.945161 0
    outer loop
      vertex 5.24266 -6.19263 0
      vertex 5.26257 -6.18575 0.6
      vertex 5.24266 -6.19263 0.6
    endloop
  endfacet
  facet normal 0.326605 -0.945161 0
    outer loop
      vertex 5.26257 -6.18575 0.6
      vertex 5.24266 -6.19263 0
      vertex 5.26257 -6.18575 0
    endloop
  endfacet
  facet normal 0.310358 -0.95062 0
    outer loop
      vertex 5.22272 -6.19914 0
      vertex 5.24266 -6.19263 0.6
      vertex 5.22272 -6.19914 0.6
    endloop
  endfacet
  facet normal 0.310358 -0.95062 0
    outer loop
      vertex 5.24266 -6.19263 0.6
      vertex 5.22272 -6.19914 0
      vertex 5.24266 -6.19263 0
    endloop
  endfacet
  facet normal 0.29375 -0.955882 0
    outer loop
      vertex 5.20274 -6.20528 0
      vertex 5.22272 -6.19914 0.6
      vertex 5.20274 -6.20528 0.6
    endloop
  endfacet
  facet normal 0.29375 -0.955882 0
    outer loop
      vertex 5.22272 -6.19914 0.6
      vertex 5.20274 -6.20528 0
      vertex 5.22272 -6.19914 0
    endloop
  endfacet
  facet normal 0.267794 -0.963476 0
    outer loop
      vertex 5.18288 -6.2108 0
      vertex 5.20274 -6.20528 0.6
      vertex 5.18288 -6.2108 0.6
    endloop
  endfacet
  facet normal 0.267794 -0.963476 0
    outer loop
      vertex 5.20274 -6.20528 0.6
      vertex 5.18288 -6.2108 0
      vertex 5.20274 -6.20528 0
    endloop
  endfacet
  facet normal 0.232247 -0.972657 0
    outer loop
      vertex 5.16328 -6.21548 0
      vertex 5.18288 -6.2108 0.6
      vertex 5.16328 -6.21548 0.6
    endloop
  endfacet
  facet normal 0.232247 -0.972657 0
    outer loop
      vertex 5.18288 -6.2108 0.6
      vertex 5.16328 -6.21548 0
      vertex 5.18288 -6.2108 0
    endloop
  endfacet
  facet normal 0.194359 -0.98093 0
    outer loop
      vertex 5.14395 -6.21931 0
      vertex 5.16328 -6.21548 0.6
      vertex 5.14395 -6.21931 0.6
    endloop
  endfacet
  facet normal 0.194359 -0.98093 0
    outer loop
      vertex 5.16328 -6.21548 0.6
      vertex 5.14395 -6.21931 0
      vertex 5.16328 -6.21548 0
    endloop
  endfacet
  facet normal 0.15463 -0.987972 0
    outer loop
      vertex 5.12491 -6.22229 0
      vertex 5.14395 -6.21931 0.6
      vertex 5.12491 -6.22229 0.6
    endloop
  endfacet
  facet normal 0.15463 -0.987972 0
    outer loop
      vertex 5.14395 -6.21931 0.6
      vertex 5.12491 -6.22229 0
      vertex 5.14395 -6.21931 0
    endloop
  endfacet
  facet normal 0.112115 -0.993695 0
    outer loop
      vertex 5.10612 -6.22441 0
      vertex 5.12491 -6.22229 0.6
      vertex 5.10612 -6.22441 0.6
    endloop
  endfacet
  facet normal 0.112115 -0.993695 0
    outer loop
      vertex 5.12491 -6.22229 0.6
      vertex 5.10612 -6.22441 0
      vertex 5.12491 -6.22229 0
    endloop
  endfacet
  facet normal 0.0690613 -0.997612 0
    outer loop
      vertex 5.08763 -6.22569 0
      vertex 5.10612 -6.22441 0.6
      vertex 5.08763 -6.22569 0.6
    endloop
  endfacet
  facet normal 0.0690613 -0.997612 0
    outer loop
      vertex 5.10612 -6.22441 0.6
      vertex 5.08763 -6.22569 0
      vertex 5.10612 -6.22441 0
    endloop
  endfacet
  facet normal 0.0224847 -0.999747 0
    outer loop
      vertex 5.0694 -6.2261 0
      vertex 5.08763 -6.22569 0.6
      vertex 5.0694 -6.2261 0.6
    endloop
  endfacet
  facet normal 0.0224847 -0.999747 0
    outer loop
      vertex 5.08763 -6.22569 0.6
      vertex 5.0694 -6.2261 0
      vertex 5.08763 -6.22569 0
    endloop
  endfacet
  facet normal -0.0172059 -0.999852 0
    outer loop
      vertex 5.04848 -6.22574 0
      vertex 5.0694 -6.2261 0.6
      vertex 5.04848 -6.22574 0.6
    endloop
  endfacet
  facet normal -0.0172059 -0.999852 -0
    outer loop
      vertex 5.0694 -6.2261 0.6
      vertex 5.04848 -6.22574 0
      vertex 5.0694 -6.2261 0
    endloop
  endfacet
  facet normal -0.0541172 -0.998535 0
    outer loop
      vertex 5.02763 -6.22461 0
      vertex 5.04848 -6.22574 0.6
      vertex 5.02763 -6.22461 0.6
    endloop
  endfacet
  facet normal -0.0541172 -0.998535 -0
    outer loop
      vertex 5.04848 -6.22574 0.6
      vertex 5.02763 -6.22461 0
      vertex 5.04848 -6.22574 0
    endloop
  endfacet
  facet normal -0.0891527 -0.996018 0
    outer loop
      vertex 5.00685 -6.22275 0
      vertex 5.02763 -6.22461 0.6
      vertex 5.00685 -6.22275 0.6
    endloop
  endfacet
  facet normal -0.0891527 -0.996018 -0
    outer loop
      vertex 5.02763 -6.22461 0.6
      vertex 5.00685 -6.22275 0
      vertex 5.02763 -6.22461 0
    endloop
  endfacet
  facet normal -0.12604 -0.992025 0
    outer loop
      vertex 4.98615 -6.22012 0
      vertex 5.00685 -6.22275 0.6
      vertex 4.98615 -6.22012 0.6
    endloop
  endfacet
  facet normal -0.12604 -0.992025 -0
    outer loop
      vertex 5.00685 -6.22275 0.6
      vertex 4.98615 -6.22012 0
      vertex 5.00685 -6.22275 0
    endloop
  endfacet
  facet normal -0.161065 -0.986944 0
    outer loop
      vertex 4.9655 -6.21675 0
      vertex 4.98615 -6.22012 0.6
      vertex 4.9655 -6.21675 0.6
    endloop
  endfacet
  facet normal -0.161065 -0.986944 -0
    outer loop
      vertex 4.98615 -6.22012 0.6
      vertex 4.9655 -6.21675 0
      vertex 4.98615 -6.22012 0
    endloop
  endfacet
  facet normal -0.195383 -0.980727 0
    outer loop
      vertex 4.94492 -6.21265 0
      vertex 4.9655 -6.21675 0.6
      vertex 4.94492 -6.21265 0.6
    endloop
  endfacet
  facet normal -0.195383 -0.980727 -0
    outer loop
      vertex 4.9655 -6.21675 0.6
      vertex 4.94492 -6.21265 0
      vertex 4.9655 -6.21675 0
    endloop
  endfacet
  facet normal -0.231022 -0.972949 0
    outer loop
      vertex 4.92441 -6.20778 0
      vertex 4.94492 -6.21265 0.6
      vertex 4.92441 -6.20778 0.6
    endloop
  endfacet
  facet normal -0.231022 -0.972949 -0
    outer loop
      vertex 4.94492 -6.21265 0.6
      vertex 4.92441 -6.20778 0
      vertex 4.94492 -6.21265 0
    endloop
  endfacet
  facet normal -0.272765 -0.962081 0
    outer loop
      vertex 4.90427 -6.20207 0
      vertex 4.92441 -6.20778 0.6
      vertex 4.90427 -6.20207 0.6
    endloop
  endfacet
  facet normal -0.272765 -0.962081 -0
    outer loop
      vertex 4.92441 -6.20778 0.6
      vertex 4.90427 -6.20207 0
      vertex 4.92441 -6.20778 0
    endloop
  endfacet
  facet normal -0.320301 -0.947316 0
    outer loop
      vertex 4.88475 -6.19547 0
      vertex 4.90427 -6.20207 0.6
      vertex 4.88475 -6.19547 0.6
    endloop
  endfacet
  facet normal -0.320301 -0.947316 -0
    outer loop
      vertex 4.90427 -6.20207 0.6
      vertex 4.88475 -6.19547 0
      vertex 4.90427 -6.20207 0
    endloop
  endfacet
  facet normal -0.371221 -0.928545 0
    outer loop
      vertex 4.86589 -6.18793 0
      vertex 4.88475 -6.19547 0.6
      vertex 4.86589 -6.18793 0.6
    endloop
  endfacet
  facet normal -0.371221 -0.928545 -0
    outer loop
      vertex 4.88475 -6.19547 0.6
      vertex 4.86589 -6.18793 0
      vertex 4.88475 -6.19547 0
    endloop
  endfacet
  facet normal -0.421521 -0.906819 0
    outer loop
      vertex 4.84769 -6.17947 0
      vertex 4.86589 -6.18793 0.6
      vertex 4.84769 -6.17947 0.6
    endloop
  endfacet
  facet normal -0.421521 -0.906819 -0
    outer loop
      vertex 4.86589 -6.18793 0.6
      vertex 4.84769 -6.17947 0
      vertex 4.86589 -6.18793 0
    endloop
  endfacet
  facet normal -0.470354 -0.882478 0
    outer loop
      vertex 4.83011 -6.1701 0
      vertex 4.84769 -6.17947 0.6
      vertex 4.83011 -6.1701 0.6
    endloop
  endfacet
  facet normal -0.470354 -0.882478 -0
    outer loop
      vertex 4.84769 -6.17947 0.6
      vertex 4.83011 -6.1701 0
      vertex 4.84769 -6.17947 0
    endloop
  endfacet
  facet normal -0.519466 -0.854491 0
    outer loop
      vertex 4.8132 -6.15982 0
      vertex 4.83011 -6.1701 0.6
      vertex 4.8132 -6.15982 0.6
    endloop
  endfacet
  facet normal -0.519466 -0.854491 -0
    outer loop
      vertex 4.83011 -6.1701 0.6
      vertex 4.8132 -6.15982 0
      vertex 4.83011 -6.1701 0
    endloop
  endfacet
  facet normal -0.566787 -0.823865 0
    outer loop
      vertex 4.79692 -6.14862 0
      vertex 4.8132 -6.15982 0.6
      vertex 4.79692 -6.14862 0.6
    endloop
  endfacet
  facet normal -0.566787 -0.823865 -0
    outer loop
      vertex 4.8132 -6.15982 0.6
      vertex 4.79692 -6.14862 0
      vertex 4.8132 -6.15982 0
    endloop
  endfacet
  facet normal -0.616924 -0.787023 0
    outer loop
      vertex 4.78142 -6.13647 0
      vertex 4.79692 -6.14862 0.6
      vertex 4.78142 -6.13647 0.6
    endloop
  endfacet
  facet normal -0.616924 -0.787023 -0
    outer loop
      vertex 4.79692 -6.14862 0.6
      vertex 4.78142 -6.13647 0
      vertex 4.79692 -6.14862 0
    endloop
  endfacet
  facet normal -0.667331 -0.744761 0
    outer loop
      vertex 4.7668 -6.12337 0
      vertex 4.78142 -6.13647 0.6
      vertex 4.7668 -6.12337 0.6
    endloop
  endfacet
  facet normal -0.667331 -0.744761 -0
    outer loop
      vertex 4.78142 -6.13647 0.6
      vertex 4.7668 -6.12337 0
      vertex 4.78142 -6.13647 0
    endloop
  endfacet
  facet normal -0.714945 -0.699181 0
    outer loop
      vertex 4.7668 -6.12337 0
      vertex 4.75305 -6.10931 0.6
      vertex 4.75305 -6.10931 0
    endloop
  endfacet
  facet normal -0.714945 -0.699181 0
    outer loop
      vertex 4.75305 -6.10931 0.6
      vertex 4.7668 -6.12337 0
      vertex 4.7668 -6.12337 0.6
    endloop
  endfacet
  facet normal -0.759435 -0.650583 0
    outer loop
      vertex 4.75305 -6.10931 0
      vertex 4.7402 -6.09431 0.6
      vertex 4.7402 -6.09431 0
    endloop
  endfacet
  facet normal -0.759435 -0.650583 0
    outer loop
      vertex 4.7402 -6.09431 0.6
      vertex 4.75305 -6.10931 0
      vertex 4.75305 -6.10931 0.6
    endloop
  endfacet
  facet normal -0.799639 -0.600481 0
    outer loop
      vertex 4.7402 -6.09431 0
      vertex 4.72823 -6.07837 0.6
      vertex 4.72823 -6.07837 0
    endloop
  endfacet
  facet normal -0.799639 -0.600481 0
    outer loop
      vertex 4.72823 -6.07837 0.6
      vertex 4.7402 -6.09431 0
      vertex 4.7402 -6.09431 0.6
    endloop
  endfacet
  facet normal -0.836438 -0.548062 0
    outer loop
      vertex 4.72823 -6.07837 0
      vertex 4.71715 -6.06146 0.6
      vertex 4.71715 -6.06146 0
    endloop
  endfacet
  facet normal -0.836438 -0.548062 0
    outer loop
      vertex 4.71715 -6.06146 0.6
      vertex 4.72823 -6.07837 0
      vertex 4.72823 -6.07837 0.6
    endloop
  endfacet
  facet normal -0.868243 -0.496139 0
    outer loop
      vertex 4.71715 -6.06146 0
      vertex 4.70695 -6.04361 0.6
      vertex 4.70695 -6.04361 0
    endloop
  endfacet
  facet normal -0.868243 -0.496139 0
    outer loop
      vertex 4.70695 -6.04361 0.6
      vertex 4.71715 -6.06146 0
      vertex 4.71715 -6.06146 0.6
    endloop
  endfacet
  facet normal -0.901739 -0.432282 0
    outer loop
      vertex 4.70695 -6.04361 0
      vertex 4.69788 -6.02469 0.6
      vertex 4.69788 -6.02469 0
    endloop
  endfacet
  facet normal -0.901739 -0.432282 0
    outer loop
      vertex 4.69788 -6.02469 0.6
      vertex 4.70695 -6.04361 0
      vertex 4.70695 -6.04361 0.6
    endloop
  endfacet
  facet normal -0.934311 -0.356459 0
    outer loop
      vertex 4.69788 -6.02469 0
      vertex 4.6902 -6.00456 0.6
      vertex 4.6902 -6.00456 0
    endloop
  endfacet
  facet normal -0.934311 -0.356459 0
    outer loop
      vertex 4.6902 -6.00456 0.6
      vertex 4.69788 -6.02469 0
      vertex 4.69788 -6.02469 0.6
    endloop
  endfacet
  facet normal -0.959301 -0.282386 0
    outer loop
      vertex 4.6902 -6.00456 0
      vertex 4.68393 -5.98326 0.6
      vertex 4.68393 -5.98326 0
    endloop
  endfacet
  facet normal -0.959301 -0.282386 0
    outer loop
      vertex 4.68393 -5.98326 0.6
      vertex 4.6902 -6.00456 0
      vertex 4.6902 -6.00456 0.6
    endloop
  endfacet
  facet normal -0.977298 -0.211871 0
    outer loop
      vertex 4.68393 -5.98326 0
      vertex 4.67905 -5.96075 0.6
      vertex 4.67905 -5.96075 0
    endloop
  endfacet
  facet normal -0.977298 -0.211871 0
    outer loop
      vertex 4.67905 -5.96075 0.6
      vertex 4.68393 -5.98326 0
      vertex 4.68393 -5.98326 0.6
    endloop
  endfacet
  facet normal -0.989373 -0.145398 0
    outer loop
      vertex 4.67905 -5.96075 0
      vertex 4.67557 -5.93707 0.6
      vertex 4.67557 -5.93707 0
    endloop
  endfacet
  facet normal -0.989373 -0.145398 0
    outer loop
      vertex 4.67557 -5.93707 0.6
      vertex 4.67905 -5.96075 0
      vertex 4.67905 -5.96075 0.6
    endloop
  endfacet
  facet normal -0.996423 -0.0845037 0
    outer loop
      vertex 4.67557 -5.93707 0
      vertex 4.67346 -5.91219 0.6
      vertex 4.67346 -5.91219 0
    endloop
  endfacet
  facet normal -0.996423 -0.0845037 0
    outer loop
      vertex 4.67346 -5.91219 0.6
      vertex 4.67557 -5.93707 0
      vertex 4.67557 -5.93707 0.6
    endloop
  endfacet
  facet normal -0.99966 -0.0260748 0
    outer loop
      vertex 4.67346 -5.91219 0
      vertex 4.67278 -5.88612 0.6
      vertex 4.67278 -5.88612 0
    endloop
  endfacet
  facet normal -0.99966 -0.0260748 0
    outer loop
      vertex 4.67278 -5.88612 0.6
      vertex 4.67346 -5.91219 0
      vertex 4.67346 -5.91219 0.6
    endloop
  endfacet
  facet normal -0.999473 0.0324581 0
    outer loop
      vertex 4.67278 -5.88612 0
      vertex 4.6736 -5.86087 0.6
      vertex 4.6736 -5.86087 0
    endloop
  endfacet
  facet normal -0.999473 0.0324581 0
    outer loop
      vertex 4.6736 -5.86087 0.6
      vertex 4.67278 -5.88612 0
      vertex 4.67278 -5.88612 0.6
    endloop
  endfacet
  facet normal -0.994767 0.102174 0
    outer loop
      vertex 4.6736 -5.86087 0
      vertex 4.6761 -5.83653 0.6
      vertex 4.6761 -5.83653 0
    endloop
  endfacet
  facet normal -0.994767 0.102174 0
    outer loop
      vertex 4.6761 -5.83653 0.6
      vertex 4.6736 -5.86087 0
      vertex 4.6736 -5.86087 0.6
    endloop
  endfacet
  facet normal -0.98449 0.175441 0
    outer loop
      vertex 4.6761 -5.83653 0
      vertex 4.68027 -5.81313 0.6
      vertex 4.68027 -5.81313 0
    endloop
  endfacet
  facet normal -0.98449 0.175441 0
    outer loop
      vertex 4.68027 -5.81313 0.6
      vertex 4.6761 -5.83653 0
      vertex 4.6761 -5.83653 0.6
    endloop
  endfacet
  facet normal -0.968059 0.250723 0
    outer loop
      vertex 4.68027 -5.81313 0
      vertex 4.6861 -5.79062 0.6
      vertex 4.6861 -5.79062 0
    endloop
  endfacet
  facet normal -0.968059 0.250723 0
    outer loop
      vertex 4.6861 -5.79062 0.6
      vertex 4.68027 -5.81313 0
      vertex 4.68027 -5.81313 0.6
    endloop
  endfacet
  facet normal -0.944579 0.328283 0
    outer loop
      vertex 4.6861 -5.79062 0
      vertex 4.6936 -5.76904 0.6
      vertex 4.6936 -5.76904 0
    endloop
  endfacet
  facet normal -0.944579 0.328283 0
    outer loop
      vertex 4.6936 -5.76904 0.6
      vertex 4.6861 -5.79062 0
      vertex 4.6861 -5.79062 0.6
    endloop
  endfacet
  facet normal -0.914176 0.405317 0
    outer loop
      vertex 4.6936 -5.76904 0
      vertex 4.70276 -5.74838 0.6
      vertex 4.70276 -5.74838 0
    endloop
  endfacet
  facet normal -0.914176 0.405317 0
    outer loop
      vertex 4.70276 -5.74838 0.6
      vertex 4.6936 -5.76904 0
      vertex 4.6936 -5.76904 0.6
    endloop
  endfacet
  facet normal -0.876722 0.480998 0
    outer loop
      vertex 4.70276 -5.74838 0
      vertex 4.71359 -5.72864 0.6
      vertex 4.71359 -5.72864 0
    endloop
  endfacet
  facet normal -0.876722 0.480998 0
    outer loop
      vertex 4.71359 -5.72864 0.6
      vertex 4.70276 -5.74838 0
      vertex 4.70276 -5.74838 0.6
    endloop
  endfacet
  facet normal -0.84161 0.540085 0
    outer loop
      vertex 4.71359 -5.72864 0
      vertex 4.72577 -5.70966 0.6
      vertex 4.72577 -5.70966 0
    endloop
  endfacet
  facet normal -0.84161 0.540085 0
    outer loop
      vertex 4.72577 -5.70966 0.6
      vertex 4.71359 -5.72864 0
      vertex 4.71359 -5.72864 0.6
    endloop
  endfacet
  facet normal -0.812238 0.583326 0
    outer loop
      vertex 4.72577 -5.70966 0
      vertex 4.73897 -5.69128 0.6
      vertex 4.73897 -5.69128 0
    endloop
  endfacet
  facet normal -0.812238 0.583326 0
    outer loop
      vertex 4.73897 -5.69128 0.6
      vertex 4.72577 -5.70966 0
      vertex 4.72577 -5.70966 0.6
    endloop
  endfacet
  facet normal -0.78104 0.62448 0
    outer loop
      vertex 4.73897 -5.69128 0
      vertex 4.75317 -5.67352 0.6
      vertex 4.75317 -5.67352 0
    endloop
  endfacet
  facet normal -0.78104 0.62448 0
    outer loop
      vertex 4.75317 -5.67352 0.6
      vertex 4.73897 -5.69128 0
      vertex 4.73897 -5.69128 0.6
    endloop
  endfacet
  facet normal -0.746904 0.664932 0
    outer loop
      vertex 4.75317 -5.67352 0
      vertex 4.76842 -5.65639 0.6
      vertex 4.76842 -5.65639 0
    endloop
  endfacet
  facet normal -0.746904 0.664932 0
    outer loop
      vertex 4.76842 -5.65639 0.6
      vertex 4.75317 -5.67352 0
      vertex 4.75317 -5.67352 0.6
    endloop
  endfacet
  facet normal -0.713121 0.701041 0
    outer loop
      vertex 4.76842 -5.65639 0
      vertex 4.78467 -5.63986 0.6
      vertex 4.78467 -5.63986 0
    endloop
  endfacet
  facet normal -0.713121 0.701041 0
    outer loop
      vertex 4.78467 -5.63986 0.6
      vertex 4.76842 -5.65639 0
      vertex 4.76842 -5.65639 0.6
    endloop
  endfacet
  facet normal -0.67713 0.735863 0
    outer loop
      vertex 4.80196 -5.62395 0
      vertex 4.78467 -5.63986 0.6
      vertex 4.80196 -5.62395 0.6
    endloop
  endfacet
  facet normal -0.67713 0.735863 0
    outer loop
      vertex 4.78467 -5.63986 0.6
      vertex 4.80196 -5.62395 0
      vertex 4.78467 -5.63986 0
    endloop
  endfacet
  facet normal -0.641874 0.76681 0
    outer loop
      vertex 4.82025 -5.60864 0
      vertex 4.80196 -5.62395 0.6
      vertex 4.82025 -5.60864 0.6
    endloop
  endfacet
  facet normal -0.641874 0.76681 0
    outer loop
      vertex 4.80196 -5.62395 0.6
      vertex 4.82025 -5.60864 0
      vertex 4.80196 -5.62395 0
    endloop
  endfacet
  facet normal -0.611107 0.791548 0
    outer loop
      vertex 4.83942 -5.59384 0
      vertex 4.82025 -5.60864 0.6
      vertex 4.83942 -5.59384 0.6
    endloop
  endfacet
  facet normal -0.611107 0.791548 0
    outer loop
      vertex 4.82025 -5.60864 0.6
      vertex 4.83942 -5.59384 0
      vertex 4.82025 -5.60864 0
    endloop
  endfacet
  facet normal -0.585818 0.810443 0
    outer loop
      vertex 4.8593 -5.57947 0
      vertex 4.83942 -5.59384 0.6
      vertex 4.8593 -5.57947 0.6
    endloop
  endfacet
  facet normal -0.585818 0.810443 0
    outer loop
      vertex 4.83942 -5.59384 0.6
      vertex 4.8593 -5.57947 0
      vertex 4.83942 -5.59384 0
    endloop
  endfacet
  facet normal -0.561816 0.827262 0
    outer loop
      vertex 4.8799 -5.56548 0
      vertex 4.8593 -5.57947 0.6
      vertex 4.8799 -5.56548 0.6
    endloop
  endfacet
  facet normal -0.561816 0.827262 0
    outer loop
      vertex 4.8593 -5.57947 0.6
      vertex 4.8799 -5.56548 0
      vertex 4.8593 -5.57947 0
    endloop
  endfacet
  facet normal -0.537311 0.843384 0
    outer loop
      vertex 4.9012 -5.55191 0
      vertex 4.8799 -5.56548 0.6
      vertex 4.9012 -5.55191 0.6
    endloop
  endfacet
  facet normal -0.537311 0.843384 0
    outer loop
      vertex 4.8799 -5.56548 0.6
      vertex 4.9012 -5.55191 0
      vertex 4.8799 -5.56548 0
    endloop
  endfacet
  facet normal -0.513292 0.858214 0
    outer loop
      vertex 4.92322 -5.53874 0
      vertex 4.9012 -5.55191 0.6
      vertex 4.92322 -5.53874 0.6
    endloop
  endfacet
  facet normal -0.513292 0.858214 0
    outer loop
      vertex 4.9012 -5.55191 0.6
      vertex 4.92322 -5.53874 0
      vertex 4.9012 -5.55191 0
    endloop
  endfacet
  facet normal -0.488931 0.872323 0
    outer loop
      vertex 4.94595 -5.526 0
      vertex 4.92322 -5.53874 0.6
      vertex 4.94595 -5.526 0.6
    endloop
  endfacet
  facet normal -0.488931 0.872323 0
    outer loop
      vertex 4.92322 -5.53874 0.6
      vertex 4.94595 -5.526 0
      vertex 4.92322 -5.53874 0
    endloop
  endfacet
  facet normal -0.466119 0.884722 0
    outer loop
      vertex 4.96941 -5.51364 0
      vertex 4.94595 -5.526 0.6
      vertex 4.96941 -5.51364 0.6
    endloop
  endfacet
  facet normal -0.466119 0.884722 0
    outer loop
      vertex 4.94595 -5.526 0.6
      vertex 4.96941 -5.51364 0
      vertex 4.94595 -5.526 0
    endloop
  endfacet
  facet normal -0.451846 0.892096 0
    outer loop
      vertex 4.99326 -5.50156 0
      vertex 4.96941 -5.51364 0.6
      vertex 4.99326 -5.50156 0.6
    endloop
  endfacet
  facet normal -0.451846 0.892096 0
    outer loop
      vertex 4.96941 -5.51364 0.6
      vertex 4.99326 -5.50156 0
      vertex 4.96941 -5.51364 0
    endloop
  endfacet
  facet normal -0.448559 0.893753 0
    outer loop
      vertex 5.01717 -5.48956 0
      vertex 4.99326 -5.50156 0.6
      vertex 5.01717 -5.48956 0.6
    endloop
  endfacet
  facet normal -0.448559 0.893753 0
    outer loop
      vertex 4.99326 -5.50156 0.6
      vertex 5.01717 -5.48956 0
      vertex 4.99326 -5.50156 0
    endloop
  endfacet
  facet normal -0.444071 0.895992 0
    outer loop
      vertex 5.04114 -5.47768 0
      vertex 5.01717 -5.48956 0.6
      vertex 5.04114 -5.47768 0.6
    endloop
  endfacet
  facet normal -0.444071 0.895992 0
    outer loop
      vertex 5.01717 -5.48956 0.6
      vertex 5.04114 -5.47768 0
      vertex 5.01717 -5.48956 0
    endloop
  endfacet
  facet normal -0.43988 0.898057 0
    outer loop
      vertex 5.06519 -5.4659 0
      vertex 5.04114 -5.47768 0.6
      vertex 5.06519 -5.4659 0.6
    endloop
  endfacet
  facet normal -0.43988 0.898057 0
    outer loop
      vertex 5.04114 -5.47768 0.6
      vertex 5.06519 -5.4659 0
      vertex 5.04114 -5.47768 0
    endloop
  endfacet
  facet normal -0.436429 0.899739 0
    outer loop
      vertex 5.08929 -5.45421 0
      vertex 5.06519 -5.4659 0.6
      vertex 5.08929 -5.45421 0.6
    endloop
  endfacet
  facet normal -0.436429 0.899739 0
    outer loop
      vertex 5.06519 -5.4659 0.6
      vertex 5.08929 -5.45421 0
      vertex 5.06519 -5.4659 0
    endloop
  endfacet
  facet normal -0.431785 0.901976 0
    outer loop
      vertex 5.11348 -5.44263 0
      vertex 5.08929 -5.45421 0.6
      vertex 5.11348 -5.44263 0.6
    endloop
  endfacet
  facet normal -0.431785 0.901976 0
    outer loop
      vertex 5.08929 -5.45421 0.6
      vertex 5.11348 -5.44263 0
      vertex 5.08929 -5.45421 0
    endloop
  endfacet
  facet normal -0.427878 0.903836 0
    outer loop
      vertex 5.13773 -5.43115 0
      vertex 5.11348 -5.44263 0.6
      vertex 5.13773 -5.43115 0.6
    endloop
  endfacet
  facet normal -0.427878 0.903836 0
    outer loop
      vertex 5.11348 -5.44263 0.6
      vertex 5.13773 -5.43115 0
      vertex 5.11348 -5.44263 0
    endloop
  endfacet
  facet normal -0.429482 0.903075 0
    outer loop
      vertex 5.17192 -5.41489 0
      vertex 5.13773 -5.43115 0.6
      vertex 5.17192 -5.41489 0.6
    endloop
  endfacet
  facet normal -0.429482 0.903075 0
    outer loop
      vertex 5.13773 -5.43115 0.6
      vertex 5.17192 -5.41489 0
      vertex 5.13773 -5.43115 0
    endloop
  endfacet
  facet normal -0.435215 0.900326 0
    outer loop
      vertex 5.20595 -5.39844 0
      vertex 5.17192 -5.41489 0.6
      vertex 5.20595 -5.39844 0.6
    endloop
  endfacet
  facet normal -0.435215 0.900326 0
    outer loop
      vertex 5.17192 -5.41489 0.6
      vertex 5.20595 -5.39844 0
      vertex 5.17192 -5.41489 0
    endloop
  endfacet
  facet normal -0.440627 0.89769 0
    outer loop
      vertex 5.23981 -5.38182 0
      vertex 5.20595 -5.39844 0.6
      vertex 5.23981 -5.38182 0.6
    endloop
  endfacet
  facet normal -0.440627 0.89769 0
    outer loop
      vertex 5.20595 -5.39844 0.6
      vertex 5.23981 -5.38182 0
      vertex 5.20595 -5.39844 0
    endloop
  endfacet
  facet normal -0.445192 0.895435 0
    outer loop
      vertex 5.2735 -5.36507 0
      vertex 5.23981 -5.38182 0.6
      vertex 5.2735 -5.36507 0.6
    endloop
  endfacet
  facet normal -0.445192 0.895435 0
    outer loop
      vertex 5.23981 -5.38182 0.6
      vertex 5.2735 -5.36507 0
      vertex 5.23981 -5.38182 0
    endloop
  endfacet
  facet normal -0.451468 0.892287 0
    outer loop
      vertex 5.30702 -5.34811 0
      vertex 5.2735 -5.36507 0.6
      vertex 5.30702 -5.34811 0.6
    endloop
  endfacet
  facet normal -0.451468 0.892287 0
    outer loop
      vertex 5.2735 -5.36507 0.6
      vertex 5.30702 -5.34811 0
      vertex 5.2735 -5.36507 0
    endloop
  endfacet
  facet normal -0.457004 0.889464 0
    outer loop
      vertex 5.34036 -5.33098 0
      vertex 5.30702 -5.34811 0.6
      vertex 5.34036 -5.33098 0.6
    endloop
  endfacet
  facet normal -0.457004 0.889464 0
    outer loop
      vertex 5.30702 -5.34811 0.6
      vertex 5.34036 -5.33098 0
      vertex 5.30702 -5.34811 0
    endloop
  endfacet
  facet normal -0.462009 0.886875 0
    outer loop
      vertex 5.37355 -5.31369 0
      vertex 5.34036 -5.33098 0.6
      vertex 5.37355 -5.31369 0.6
    endloop
  endfacet
  facet normal -0.462009 0.886875 0
    outer loop
      vertex 5.34036 -5.33098 0.6
      vertex 5.37355 -5.31369 0
      vertex 5.34036 -5.33098 0
    endloop
  endfacet
  facet normal -0.477038 0.878882 0
    outer loop
      vertex 5.40616 -5.29599 0
      vertex 5.37355 -5.31369 0.6
      vertex 5.40616 -5.29599 0.6
    endloop
  endfacet
  facet normal -0.477038 0.878882 0
    outer loop
      vertex 5.37355 -5.31369 0.6
      vertex 5.40616 -5.29599 0
      vertex 5.37355 -5.31369 0
    endloop
  endfacet
  facet normal -0.501424 0.865202 0
    outer loop
      vertex 5.43784 -5.27763 0
      vertex 5.40616 -5.29599 0.6
      vertex 5.43784 -5.27763 0.6
    endloop
  endfacet
  facet normal -0.501424 0.865202 0
    outer loop
      vertex 5.40616 -5.29599 0.6
      vertex 5.43784 -5.27763 0
      vertex 5.40616 -5.29599 0
    endloop
  endfacet
  facet normal -0.526059 0.850448 0
    outer loop
      vertex 5.46854 -5.25864 0
      vertex 5.43784 -5.27763 0.6
      vertex 5.46854 -5.25864 0.6
    endloop
  endfacet
  facet normal -0.526059 0.850448 0
    outer loop
      vertex 5.43784 -5.27763 0.6
      vertex 5.46854 -5.25864 0
      vertex 5.43784 -5.27763 0
    endloop
  endfacet
  facet normal -0.550682 0.834715 0
    outer loop
      vertex 5.49831 -5.239 0
      vertex 5.46854 -5.25864 0.6
      vertex 5.49831 -5.239 0.6
    endloop
  endfacet
  facet normal -0.550682 0.834715 0
    outer loop
      vertex 5.46854 -5.25864 0.6
      vertex 5.49831 -5.239 0
      vertex 5.46854 -5.25864 0
    endloop
  endfacet
  facet normal -0.576126 0.817361 0
    outer loop
      vertex 5.52711 -5.2187 0
      vertex 5.49831 -5.239 0.6
      vertex 5.52711 -5.2187 0.6
    endloop
  endfacet
  facet normal -0.576126 0.817361 0
    outer loop
      vertex 5.49831 -5.239 0.6
      vertex 5.52711 -5.2187 0
      vertex 5.49831 -5.239 0
    endloop
  endfacet
  facet normal -0.60078 0.799414 0
    outer loop
      vertex 5.55496 -5.19777 0
      vertex 5.52711 -5.2187 0.6
      vertex 5.55496 -5.19777 0.6
    endloop
  endfacet
  facet normal -0.60078 0.799414 0
    outer loop
      vertex 5.52711 -5.2187 0.6
      vertex 5.55496 -5.19777 0
      vertex 5.52711 -5.2187 0
    endloop
  endfacet
  facet normal -0.625755 0.780019 0
    outer loop
      vertex 5.58186 -5.17619 0
      vertex 5.55496 -5.19777 0.6
      vertex 5.58186 -5.17619 0.6
    endloop
  endfacet
  facet normal -0.625755 0.780019 0
    outer loop
      vertex 5.55496 -5.19777 0.6
      vertex 5.58186 -5.17619 0
      vertex 5.55496 -5.19777 0
    endloop
  endfacet
  facet normal -0.655713 0.75501 0
    outer loop
      vertex 5.60756 -5.15387 0
      vertex 5.58186 -5.17619 0.6
      vertex 5.60756 -5.15387 0.6
    endloop
  endfacet
  facet normal -0.655713 0.75501 0
    outer loop
      vertex 5.58186 -5.17619 0.6
      vertex 5.60756 -5.15387 0
      vertex 5.58186 -5.17619 0
    endloop
  endfacet
  facet normal -0.691432 0.722441 0
    outer loop
      vertex 5.63179 -5.13068 0
      vertex 5.60756 -5.15387 0.6
      vertex 5.63179 -5.13068 0.6
    endloop
  endfacet
  facet normal -0.691432 0.722441 0
    outer loop
      vertex 5.60756 -5.15387 0.6
      vertex 5.63179 -5.13068 0
      vertex 5.60756 -5.15387 0
    endloop
  endfacet
  facet normal -0.725873 0.687828 0
    outer loop
      vertex 5.63179 -5.13068 0
      vertex 5.65457 -5.10664 0.6
      vertex 5.65457 -5.10664 0
    endloop
  endfacet
  facet normal -0.725873 0.687828 0
    outer loop
      vertex 5.65457 -5.10664 0.6
      vertex 5.63179 -5.13068 0
      vertex 5.63179 -5.13068 0.6
    endloop
  endfacet
  facet normal -0.759515 0.65049 0
    outer loop
      vertex 5.65457 -5.10664 0
      vertex 5.67587 -5.08177 0.6
      vertex 5.67587 -5.08177 0
    endloop
  endfacet
  facet normal -0.759515 0.65049 0
    outer loop
      vertex 5.67587 -5.08177 0.6
      vertex 5.65457 -5.10664 0
      vertex 5.65457 -5.10664 0.6
    endloop
  endfacet
  facet normal -0.79165 0.610974 0
    outer loop
      vertex 5.67587 -5.08177 0
      vertex 5.69572 -5.05605 0.6
      vertex 5.69572 -5.05605 0
    endloop
  endfacet
  facet normal -0.79165 0.610974 0
    outer loop
      vertex 5.69572 -5.05605 0.6
      vertex 5.67587 -5.08177 0
      vertex 5.67587 -5.08177 0.6
    endloop
  endfacet
  facet normal -0.822459 0.568824 0
    outer loop
      vertex 5.69572 -5.05605 0
      vertex 5.71411 -5.02946 0.6
      vertex 5.71411 -5.02946 0
    endloop
  endfacet
  facet normal -0.822459 0.568824 0
    outer loop
      vertex 5.71411 -5.02946 0.6
      vertex 5.69572 -5.05605 0
      vertex 5.69572 -5.05605 0.6
    endloop
  endfacet
  facet normal -0.851104 0.524997 0
    outer loop
      vertex 5.71411 -5.02946 0
      vertex 5.73103 -5.00203 0.6
      vertex 5.73103 -5.00203 0
    endloop
  endfacet
  facet normal -0.851104 0.524997 0
    outer loop
      vertex 5.73103 -5.00203 0.6
      vertex 5.71411 -5.02946 0
      vertex 5.71411 -5.02946 0.6
    endloop
  endfacet
  facet normal -0.884669 0.466219 0
    outer loop
      vertex 5.73103 -5.00203 0
      vertex 5.74606 -4.97351 0.6
      vertex 5.74606 -4.97351 0
    endloop
  endfacet
  facet normal -0.884669 0.466219 0
    outer loop
      vertex 5.74606 -4.97351 0.6
      vertex 5.73103 -5.00203 0
      vertex 5.73103 -5.00203 0.6
    endloop
  endfacet
  facet normal -0.919845 0.392282 0
    outer loop
      vertex 5.74606 -4.97351 0
      vertex 5.75879 -4.94366 0.6
      vertex 5.75879 -4.94366 0
    endloop
  endfacet
  facet normal -0.919845 0.392282 0
    outer loop
      vertex 5.75879 -4.94366 0.6
      vertex 5.74606 -4.97351 0
      vertex 5.74606 -4.97351 0.6
    endloop
  endfacet
  facet normal -0.948501 0.316775 0
    outer loop
      vertex 5.75879 -4.94366 0
      vertex 5.7692 -4.91249 0.6
      vertex 5.7692 -4.91249 0
    endloop
  endfacet
  facet normal -0.948501 0.316775 0
    outer loop
      vertex 5.7692 -4.91249 0.6
      vertex 5.75879 -4.94366 0
      vertex 5.75879 -4.94366 0.6
    endloop
  endfacet
  facet normal -0.970458 0.241271 0
    outer loop
      vertex 5.7692 -4.91249 0
      vertex 5.77728 -4.87999 0.6
      vertex 5.77728 -4.87999 0
    endloop
  endfacet
  facet normal -0.970458 0.241271 0
    outer loop
      vertex 5.77728 -4.87999 0.6
      vertex 5.7692 -4.91249 0
      vertex 5.7692 -4.91249 0.6
    endloop
  endfacet
  facet normal -0.985651 0.168794 0
    outer loop
      vertex 5.77728 -4.87999 0
      vertex 5.78307 -4.84618 0.6
      vertex 5.78307 -4.84618 0
    endloop
  endfacet
  facet normal -0.985651 0.168794 0
    outer loop
      vertex 5.78307 -4.84618 0.6
      vertex 5.77728 -4.87999 0
      vertex 5.77728 -4.87999 0.6
    endloop
  endfacet
  facet normal -0.995193 0.0979342 0
    outer loop
      vertex 5.78307 -4.84618 0
      vertex 5.78653 -4.81102 0.6
      vertex 5.78653 -4.81102 0
    endloop
  endfacet
  facet normal -0.995193 0.0979342 0
    outer loop
      vertex 5.78653 -4.81102 0.6
      vertex 5.78307 -4.84618 0
      vertex 5.78307 -4.84618 0.6
    endloop
  endfacet
  facet normal -0.999495 0.0317822 0
    outer loop
      vertex 5.78653 -4.81102 0
      vertex 5.78769 -4.77454 0.6
      vertex 5.78769 -4.77454 0
    endloop
  endfacet
  facet normal -0.999495 0.0317822 0
    outer loop
      vertex 5.78769 -4.77454 0.6
      vertex 5.78653 -4.81102 0
      vertex 5.78653 -4.81102 0.6
    endloop
  endfacet
  facet normal -0.999492 -0.0318807 0
    outer loop
      vertex 5.78769 -4.77454 0
      vertex 5.78618 -4.7272 0.6
      vertex 5.78618 -4.7272 0
    endloop
  endfacet
  facet normal -0.999492 -0.0318807 0
    outer loop
      vertex 5.78618 -4.7272 0.6
      vertex 5.78769 -4.77454 0
      vertex 5.78769 -4.77454 0.6
    endloop
  endfacet
  facet normal -0.995099 -0.0988797 0
    outer loop
      vertex 5.78618 -4.7272 0
      vertex 5.78163 -4.68141 0.6
      vertex 5.78163 -4.68141 0
    endloop
  endfacet
  facet normal -0.995099 -0.0988797 0
    outer loop
      vertex 5.78163 -4.68141 0.6
      vertex 5.78618 -4.7272 0
      vertex 5.78618 -4.7272 0.6
    endloop
  endfacet
  facet normal -0.985687 -0.168587 0
    outer loop
      vertex 5.78163 -4.68141 0
      vertex 5.77406 -4.63715 0.6
      vertex 5.77406 -4.63715 0
    endloop
  endfacet
  facet normal -0.985687 -0.168587 0
    outer loop
      vertex 5.77406 -4.63715 0.6
      vertex 5.78163 -4.68141 0
      vertex 5.78163 -4.68141 0.6
    endloop
  endfacet
  facet normal -0.970635 -0.240558 0
    outer loop
      vertex 5.77406 -4.63715 0
      vertex 5.76347 -4.59442 0.6
      vertex 5.76347 -4.59442 0
    endloop
  endfacet
  facet normal -0.970635 -0.240558 0
    outer loop
      vertex 5.76347 -4.59442 0.6
      vertex 5.77406 -4.63715 0
      vertex 5.77406 -4.63715 0.6
    endloop
  endfacet
  facet normal -0.949487 -0.313808 0
    outer loop
      vertex 5.76347 -4.59442 0
      vertex 5.74985 -4.55321 0.6
      vertex 5.74985 -4.55321 0
    endloop
  endfacet
  facet normal -0.949487 -0.313808 0
    outer loop
      vertex 5.74985 -4.55321 0.6
      vertex 5.76347 -4.59442 0
      vertex 5.76347 -4.59442 0.6
    endloop
  endfacet
  facet normal -0.922111 -0.386924 0
    outer loop
      vertex 5.74985 -4.55321 0
      vertex 5.7332 -4.51353 0.6
      vertex 5.7332 -4.51353 0
    endloop
  endfacet
  facet normal -0.922111 -0.386924 0
    outer loop
      vertex 5.7332 -4.51353 0.6
      vertex 5.74985 -4.55321 0
      vertex 5.74985 -4.55321 0.6
    endloop
  endfacet
  facet normal -0.888716 -0.458459 0
    outer loop
      vertex 5.7332 -4.51353 0
      vertex 5.71353 -4.4754 0.6
      vertex 5.71353 -4.4754 0
    endloop
  endfacet
  facet normal -0.888716 -0.458459 0
    outer loop
      vertex 5.71353 -4.4754 0.6
      vertex 5.7332 -4.51353 0
      vertex 5.7332 -4.51353 0.6
    endloop
  endfacet
  facet normal -0.855088 -0.518483 0
    outer loop
      vertex 5.71353 -4.4754 0
      vertex 5.69138 -4.43887 0.6
      vertex 5.69138 -4.43887 0
    endloop
  endfacet
  facet normal -0.855088 -0.518483 0
    outer loop
      vertex 5.69138 -4.43887 0.6
      vertex 5.71353 -4.4754 0
      vertex 5.71353 -4.4754 0.6
    endloop
  endfacet
  facet normal -0.822337 -0.569001 0
    outer loop
      vertex 5.69138 -4.43887 0
      vertex 5.66728 -4.40404 0.6
      vertex 5.66728 -4.40404 0
    endloop
  endfacet
  facet normal -0.822337 -0.569001 0
    outer loop
      vertex 5.66728 -4.40404 0.6
      vertex 5.69138 -4.43887 0
      vertex 5.69138 -4.43887 0.6
    endloop
  endfacet
  facet normal -0.786211 -0.617958 0
    outer loop
      vertex 5.66728 -4.40404 0
      vertex 5.64124 -4.37091 0.6
      vertex 5.64124 -4.37091 0
    endloop
  endfacet
  facet normal -0.786211 -0.617958 0
    outer loop
      vertex 5.64124 -4.37091 0.6
      vertex 5.66728 -4.40404 0
      vertex 5.66728 -4.40404 0.6
    endloop
  endfacet
  facet normal -0.746924 -0.66491 0
    outer loop
      vertex 5.64124 -4.37091 0
      vertex 5.61327 -4.33949 0.6
      vertex 5.61327 -4.33949 0
    endloop
  endfacet
  facet normal -0.746924 -0.66491 0
    outer loop
      vertex 5.61327 -4.33949 0.6
      vertex 5.64124 -4.37091 0
      vertex 5.64124 -4.37091 0.6
    endloop
  endfacet
  facet normal -0.70485 -0.709356 0
    outer loop
      vertex 5.58336 -4.30977 0
      vertex 5.61327 -4.33949 0.6
      vertex 5.58336 -4.30977 0.6
    endloop
  endfacet
  facet normal -0.70485 -0.709356 -0
    outer loop
      vertex 5.61327 -4.33949 0.6
      vertex 5.58336 -4.30977 0
      vertex 5.61327 -4.33949 0
    endloop
  endfacet
  facet normal -0.660538 -0.750793 0
    outer loop
      vertex 5.5515 -4.28174 0
      vertex 5.58336 -4.30977 0.6
      vertex 5.5515 -4.28174 0.6
    endloop
  endfacet
  facet normal -0.660538 -0.750793 -0
    outer loop
      vertex 5.58336 -4.30977 0.6
      vertex 5.5515 -4.28174 0
      vertex 5.58336 -4.30977 0
    endloop
  endfacet
  facet normal -0.614619 -0.788824 0
    outer loop
      vertex 5.51772 -4.25542 0
      vertex 5.5515 -4.28174 0.6
      vertex 5.51772 -4.25542 0.6
    endloop
  endfacet
  facet normal -0.614619 -0.788824 -0
    outer loop
      vertex 5.5515 -4.28174 0.6
      vertex 5.51772 -4.25542 0
      vertex 5.5515 -4.28174 0
    endloop
  endfacet
  facet normal -0.570439 -0.82134 0
    outer loop
      vertex 5.4823 -4.23082 0
      vertex 5.51772 -4.25542 0.6
      vertex 5.4823 -4.23082 0.6
    endloop
  endfacet
  facet normal -0.570439 -0.82134 -0
    outer loop
      vertex 5.51772 -4.25542 0.6
      vertex 5.4823 -4.23082 0
      vertex 5.51772 -4.25542 0
    endloop
  endfacet
  facet normal -0.527254 -0.849708 0
    outer loop
      vertex 5.44554 -4.20801 0
      vertex 5.4823 -4.23082 0.6
      vertex 5.44554 -4.20801 0.6
    endloop
  endfacet
  facet normal -0.527254 -0.849708 -0
    outer loop
      vertex 5.4823 -4.23082 0.6
      vertex 5.44554 -4.20801 0
      vertex 5.4823 -4.23082 0
    endloop
  endfacet
  facet normal -0.484061 -0.875034 0
    outer loop
      vertex 5.40747 -4.18695 0
      vertex 5.44554 -4.20801 0.6
      vertex 5.40747 -4.18695 0.6
    endloop
  endfacet
  facet normal -0.484061 -0.875034 -0
    outer loop
      vertex 5.44554 -4.20801 0.6
      vertex 5.40747 -4.18695 0
      vertex 5.44554 -4.20801 0
    endloop
  endfacet
  facet normal -0.439721 -0.898134 0
    outer loop
      vertex 5.36807 -4.16766 0
      vertex 5.40747 -4.18695 0.6
      vertex 5.36807 -4.16766 0.6
    endloop
  endfacet
  facet normal -0.439721 -0.898134 -0
    outer loop
      vertex 5.40747 -4.18695 0.6
      vertex 5.36807 -4.16766 0
      vertex 5.40747 -4.18695 0
    endloop
  endfacet
  facet normal -0.394845 -0.918748 0
    outer loop
      vertex 5.32735 -4.15016 0
      vertex 5.36807 -4.16766 0.6
      vertex 5.32735 -4.15016 0.6
    endloop
  endfacet
  facet normal -0.394845 -0.918748 -0
    outer loop
      vertex 5.36807 -4.16766 0.6
      vertex 5.32735 -4.15016 0
      vertex 5.36807 -4.16766 0
    endloop
  endfacet
  facet normal -0.350684 -0.936494 0
    outer loop
      vertex 5.28529 -4.13441 0
      vertex 5.32735 -4.15016 0.6
      vertex 5.28529 -4.13441 0.6
    endloop
  endfacet
  facet normal -0.350684 -0.936494 -0
    outer loop
      vertex 5.32735 -4.15016 0.6
      vertex 5.28529 -4.13441 0
      vertex 5.32735 -4.15016 0
    endloop
  endfacet
  facet normal -0.306535 -0.951859 0
    outer loop
      vertex 5.24191 -4.12044 0
      vertex 5.28529 -4.13441 0.6
      vertex 5.24191 -4.12044 0.6
    endloop
  endfacet
  facet normal -0.306535 -0.951859 -0
    outer loop
      vertex 5.28529 -4.13441 0.6
      vertex 5.24191 -4.12044 0
      vertex 5.28529 -4.13441 0
    endloop
  endfacet
  facet normal -0.265425 -0.964131 0
    outer loop
      vertex 5.19774 -4.10828 0
      vertex 5.24191 -4.12044 0.6
      vertex 5.19774 -4.10828 0.6
    endloop
  endfacet
  facet normal -0.265425 -0.964131 -0
    outer loop
      vertex 5.24191 -4.12044 0.6
      vertex 5.19774 -4.10828 0
      vertex 5.24191 -4.12044 0
    endloop
  endfacet
  facet normal -0.225773 -0.97418 0
    outer loop
      vertex 5.15334 -4.09799 0
      vertex 5.19774 -4.10828 0.6
      vertex 5.15334 -4.09799 0.6
    endloop
  endfacet
  facet normal -0.225773 -0.97418 -0
    outer loop
      vertex 5.19774 -4.10828 0.6
      vertex 5.15334 -4.09799 0
      vertex 5.19774 -4.10828 0
    endloop
  endfacet
  facet normal -0.185312 -0.98268 0
    outer loop
      vertex 5.10869 -4.08957 0
      vertex 5.15334 -4.09799 0.6
      vertex 5.10869 -4.08957 0.6
    endloop
  endfacet
  facet normal -0.185312 -0.98268 -0
    outer loop
      vertex 5.15334 -4.09799 0.6
      vertex 5.10869 -4.08957 0
      vertex 5.15334 -4.09799 0
    endloop
  endfacet
  facet normal -0.144415 -0.989517 0
    outer loop
      vertex 5.06381 -4.08302 0
      vertex 5.10869 -4.08957 0.6
      vertex 5.06381 -4.08302 0.6
    endloop
  endfacet
  facet normal -0.144415 -0.989517 -0
    outer loop
      vertex 5.10869 -4.08957 0.6
      vertex 5.06381 -4.08302 0
      vertex 5.10869 -4.08957 0
    endloop
  endfacet
  facet normal -0.10317 -0.994664 0
    outer loop
      vertex 5.01869 -4.07834 0
      vertex 5.06381 -4.08302 0.6
      vertex 5.01869 -4.07834 0.6
    endloop
  endfacet
  facet normal -0.10317 -0.994664 -0
    outer loop
      vertex 5.06381 -4.08302 0.6
      vertex 5.01869 -4.07834 0
      vertex 5.06381 -4.08302 0
    endloop
  endfacet
  facet normal -0.0618439 -0.998086 0
    outer loop
      vertex 4.97334 -4.07553 0
      vertex 5.01869 -4.07834 0.6
      vertex 4.97334 -4.07553 0.6
    endloop
  endfacet
  facet normal -0.0618439 -0.998086 -0
    outer loop
      vertex 5.01869 -4.07834 0.6
      vertex 4.97334 -4.07553 0
      vertex 5.01869 -4.07834 0
    endloop
  endfacet
  facet normal -0.020395 -0.999792 0
    outer loop
      vertex 4.92775 -4.0746 0
      vertex 4.97334 -4.07553 0.6
      vertex 4.92775 -4.0746 0.6
    endloop
  endfacet
  facet normal -0.020395 -0.999792 -0
    outer loop
      vertex 4.97334 -4.07553 0.6
      vertex 4.92775 -4.0746 0
      vertex 4.97334 -4.07553 0
    endloop
  endfacet
  facet normal 0.0225534 -0.999746 0
    outer loop
      vertex 4.87234 -4.07585 0
      vertex 4.92775 -4.0746 0.6
      vertex 4.87234 -4.07585 0.6
    endloop
  endfacet
  facet normal 0.0225534 -0.999746 0
    outer loop
      vertex 4.92775 -4.0746 0.6
      vertex 4.87234 -4.07585 0
      vertex 4.92775 -4.0746 0
    endloop
  endfacet
  facet normal 0.0690083 -0.997616 0
    outer loop
      vertex 4.81755 -4.07964 0
      vertex 4.87234 -4.07585 0.6
      vertex 4.81755 -4.07964 0.6
    endloop
  endfacet
  facet normal 0.0690083 -0.997616 0
    outer loop
      vertex 4.87234 -4.07585 0.6
      vertex 4.81755 -4.07964 0
      vertex 4.87234 -4.07585 0
    endloop
  endfacet
  facet normal 0.11516 -0.993347 0
    outer loop
      vertex 4.76338 -4.08592 0
      vertex 4.81755 -4.07964 0.6
      vertex 4.76338 -4.08592 0.6
    endloop
  endfacet
  facet normal 0.11516 -0.993347 0
    outer loop
      vertex 4.81755 -4.07964 0.6
      vertex 4.76338 -4.08592 0
      vertex 4.81755 -4.07964 0
    endloop
  endfacet
  facet normal 0.162278 -0.986745 0
    outer loop
      vertex 4.70981 -4.09473 0
      vertex 4.76338 -4.08592 0.6
      vertex 4.70981 -4.09473 0.6
    endloop
  endfacet
  facet normal 0.162278 -0.986745 0
    outer loop
      vertex 4.76338 -4.08592 0.6
      vertex 4.70981 -4.09473 0
      vertex 4.76338 -4.08592 0
    endloop
  endfacet
  facet normal 0.209062 -0.977902 0
    outer loop
      vertex 4.65686 -4.10605 0
      vertex 4.70981 -4.09473 0.6
      vertex 4.65686 -4.10605 0.6
    endloop
  endfacet
  facet normal 0.209062 -0.977902 0
    outer loop
      vertex 4.70981 -4.09473 0.6
      vertex 4.65686 -4.10605 0
      vertex 4.70981 -4.09473 0
    endloop
  endfacet
  facet normal 0.255639 -0.966772 0
    outer loop
      vertex 4.60452 -4.11989 0
      vertex 4.65686 -4.10605 0.6
      vertex 4.60452 -4.11989 0.6
    endloop
  endfacet
  facet normal 0.255639 -0.966772 0
    outer loop
      vertex 4.65686 -4.10605 0.6
      vertex 4.60452 -4.11989 0
      vertex 4.65686 -4.10605 0
    endloop
  endfacet
  facet normal 0.301758 -0.953385 0
    outer loop
      vertex 4.5528 -4.13626 0
      vertex 4.60452 -4.11989 0.6
      vertex 4.5528 -4.13626 0.6
    endloop
  endfacet
  facet normal 0.301758 -0.953385 0
    outer loop
      vertex 4.60452 -4.11989 0.6
      vertex 4.5528 -4.13626 0
      vertex 4.60452 -4.11989 0
    endloop
  endfacet
  facet normal 0.343703 -0.939078 0
    outer loop
      vertex 4.50127 -4.15512 0
      vertex 4.5528 -4.13626 0.6
      vertex 4.50127 -4.15512 0.6
    endloop
  endfacet
  facet normal 0.343703 -0.939078 0
    outer loop
      vertex 4.5528 -4.13626 0.6
      vertex 4.50127 -4.15512 0
      vertex 4.5528 -4.13626 0
    endloop
  endfacet
  facet normal 0.381989 -0.924167 0
    outer loop
      vertex 4.44952 -4.17651 0
      vertex 4.50127 -4.15512 0.6
      vertex 4.44952 -4.17651 0.6
    endloop
  endfacet
  facet normal 0.381989 -0.924167 0
    outer loop
      vertex 4.50127 -4.15512 0.6
      vertex 4.44952 -4.17651 0
      vertex 4.50127 -4.15512 0
    endloop
  endfacet
  facet normal 0.418293 -0.908312 0
    outer loop
      vertex 4.3976 -4.20042 0
      vertex 4.44952 -4.17651 0.6
      vertex 4.3976 -4.20042 0.6
    endloop
  endfacet
  facet normal 0.418293 -0.908312 0
    outer loop
      vertex 4.44952 -4.17651 0.6
      vertex 4.3976 -4.20042 0
      vertex 4.44952 -4.17651 0
    endloop
  endfacet
  facet normal 0.451996 -0.89202 0
    outer loop
      vertex 4.34544 -4.22685 0
      vertex 4.3976 -4.20042 0.6
      vertex 4.34544 -4.22685 0.6
    endloop
  endfacet
  facet normal 0.451996 -0.89202 0
    outer loop
      vertex 4.3976 -4.20042 0.6
      vertex 4.34544 -4.22685 0
      vertex 4.3976 -4.20042 0
    endloop
  endfacet
  facet normal 0.48408 -0.875023 0
    outer loop
      vertex 4.29311 -4.2558 0
      vertex 4.34544 -4.22685 0.6
      vertex 4.29311 -4.2558 0.6
    endloop
  endfacet
  facet normal 0.48408 -0.875023 0
    outer loop
      vertex 4.34544 -4.22685 0.6
      vertex 4.29311 -4.2558 0
      vertex 4.34544 -4.22685 0
    endloop
  endfacet
  facet normal 0.513583 -0.85804 0
    outer loop
      vertex 4.24055 -4.28726 0
      vertex 4.29311 -4.2558 0.6
      vertex 4.24055 -4.28726 0.6
    endloop
  endfacet
  facet normal 0.513583 -0.85804 0
    outer loop
      vertex 4.29311 -4.2558 0.6
      vertex 4.24055 -4.28726 0
      vertex 4.29311 -4.2558 0
    endloop
  endfacet
  facet normal 0.541611 -0.840629 0
    outer loop
      vertex 4.18781 -4.32124 0
      vertex 4.24055 -4.28726 0.6
      vertex 4.18781 -4.32124 0.6
    endloop
  endfacet
  facet normal 0.541611 -0.840629 0
    outer loop
      vertex 4.24055 -4.28726 0.6
      vertex 4.18781 -4.32124 0
      vertex 4.24055 -4.28726 0
    endloop
  endfacet
  facet normal 0.786473 0.617625 0
    outer loop
      vertex 4.43779 -4.63956 0.6
      vertex 4.18781 -4.32124 0
      vertex 4.18781 -4.32124 0.6
    endloop
  endfacet
  facet normal 0.786473 0.617625 0
    outer loop
      vertex 4.18781 -4.32124 0
      vertex 4.43779 -4.63956 0.6
      vertex 4.43779 -4.63956 0
    endloop
  endfacet
  facet normal -0.503995 0.863706 0
    outer loop
      vertex 4.4594 -4.62695 0
      vertex 4.43779 -4.63956 0.6
      vertex 4.4594 -4.62695 0.6
    endloop
  endfacet
  facet normal -0.503995 0.863706 0
    outer loop
      vertex 4.43779 -4.63956 0.6
      vertex 4.4594 -4.62695 0
      vertex 4.43779 -4.63956 0
    endloop
  endfacet
  facet normal -0.497913 0.867227 0
    outer loop
      vertex 4.48044 -4.61487 0
      vertex 4.4594 -4.62695 0.6
      vertex 4.48044 -4.61487 0.6
    endloop
  endfacet
  facet normal -0.497913 0.867227 0
    outer loop
      vertex 4.4594 -4.62695 0.6
      vertex 4.48044 -4.61487 0
      vertex 4.4594 -4.62695 0
    endloop
  endfacet
  facet normal -0.492744 0.870174 0
    outer loop
      vertex 4.50089 -4.60329 0
      vertex 4.48044 -4.61487 0.6
      vertex 4.50089 -4.60329 0.6
    endloop
  endfacet
  facet normal -0.492744 0.870174 0
    outer loop
      vertex 4.48044 -4.61487 0.6
      vertex 4.50089 -4.60329 0
      vertex 4.48044 -4.61487 0
    endloop
  endfacet
  facet normal -0.486836 0.873493 0
    outer loop
      vertex 4.52077 -4.59221 0
      vertex 4.50089 -4.60329 0.6
      vertex 4.52077 -4.59221 0.6
    endloop
  endfacet
  facet normal -0.486836 0.873493 0
    outer loop
      vertex 4.50089 -4.60329 0.6
      vertex 4.52077 -4.59221 0
      vertex 4.50089 -4.60329 0
    endloop
  endfacet
  facet normal -0.479998 0.877269 0
    outer loop
      vertex 4.54007 -4.58165 0
      vertex 4.52077 -4.59221 0.6
      vertex 4.54007 -4.58165 0.6
    endloop
  endfacet
  facet normal -0.479998 0.877269 0
    outer loop
      vertex 4.52077 -4.59221 0.6
      vertex 4.54007 -4.58165 0
      vertex 4.52077 -4.59221 0
    endloop
  endfacet
  facet normal -0.47337 0.880864 0
    outer loop
      vertex 4.55879 -4.57159 0
      vertex 4.54007 -4.58165 0.6
      vertex 4.55879 -4.57159 0.6
    endloop
  endfacet
  facet normal -0.47337 0.880864 0
    outer loop
      vertex 4.54007 -4.58165 0.6
      vertex 4.55879 -4.57159 0
      vertex 4.54007 -4.58165 0
    endloop
  endfacet
  facet normal -0.465083 0.885267 0
    outer loop
      vertex 4.57693 -4.56206 0
      vertex 4.55879 -4.57159 0.6
      vertex 4.57693 -4.56206 0.6
    endloop
  endfacet
  facet normal -0.465083 0.885267 0
    outer loop
      vertex 4.55879 -4.57159 0.6
      vertex 4.57693 -4.56206 0
      vertex 4.55879 -4.57159 0
    endloop
  endfacet
  facet normal -0.457052 0.88944 0
    outer loop
      vertex 4.5946 -4.55298 0
      vertex 4.57693 -4.56206 0.6
      vertex 4.5946 -4.55298 0.6
    endloop
  endfacet
  facet normal -0.457052 0.88944 0
    outer loop
      vertex 4.57693 -4.56206 0.6
      vertex 4.5946 -4.55298 0
      vertex 4.57693 -4.56206 0
    endloop
  endfacet
  facet normal -0.447833 0.894117 0
    outer loop
      vertex 4.61191 -4.54431 0
      vertex 4.5946 -4.55298 0.6
      vertex 4.61191 -4.54431 0.6
    endloop
  endfacet
  facet normal -0.447833 0.894117 0
    outer loop
      vertex 4.5946 -4.55298 0.6
      vertex 4.61191 -4.54431 0
      vertex 4.5946 -4.55298 0
    endloop
  endfacet
  facet normal -0.439124 0.898426 0
    outer loop
      vertex 4.62883 -4.53604 0
      vertex 4.61191 -4.54431 0.6
      vertex 4.62883 -4.53604 0.6
    endloop
  endfacet
  facet normal -0.439124 0.898426 0
    outer loop
      vertex 4.61191 -4.54431 0.6
      vertex 4.62883 -4.53604 0
      vertex 4.61191 -4.54431 0
    endloop
  endfacet
  facet normal -0.428321 0.903627 0
    outer loop
      vertex 4.64537 -4.5282 0
      vertex 4.62883 -4.53604 0.6
      vertex 4.64537 -4.5282 0.6
    endloop
  endfacet
  facet normal -0.428321 0.903627 0
    outer loop
      vertex 4.62883 -4.53604 0.6
      vertex 4.64537 -4.5282 0
      vertex 4.62883 -4.53604 0
    endloop
  endfacet
  facet normal -0.418453 0.908239 0
    outer loop
      vertex 4.66154 -4.52075 0
      vertex 4.64537 -4.5282 0.6
      vertex 4.66154 -4.52075 0.6
    endloop
  endfacet
  facet normal -0.418453 0.908239 0
    outer loop
      vertex 4.64537 -4.5282 0.6
      vertex 4.66154 -4.52075 0
      vertex 4.64537 -4.5282 0
    endloop
  endfacet
  facet normal -0.407479 0.913215 0
    outer loop
      vertex 4.67734 -4.5137 0
      vertex 4.66154 -4.52075 0.6
      vertex 4.67734 -4.5137 0.6
    endloop
  endfacet
  facet normal -0.407479 0.913215 0
    outer loop
      vertex 4.66154 -4.52075 0.6
      vertex 4.67734 -4.5137 0
      vertex 4.66154 -4.52075 0
    endloop
  endfacet
  facet normal -0.394495 0.918898 0
    outer loop
      vertex 4.69276 -4.50708 0
      vertex 4.67734 -4.5137 0.6
      vertex 4.69276 -4.50708 0.6
    endloop
  endfacet
  facet normal -0.394495 0.918898 0
    outer loop
      vertex 4.67734 -4.5137 0.6
      vertex 4.69276 -4.50708 0
      vertex 4.67734 -4.5137 0
    endloop
  endfacet
  facet normal -0.378657 0.925537 0
    outer loop
      vertex 4.70789 -4.50089 0
      vertex 4.69276 -4.50708 0.6
      vertex 4.70789 -4.50089 0.6
    endloop
  endfacet
  facet normal -0.378657 0.925537 0
    outer loop
      vertex 4.69276 -4.50708 0.6
      vertex 4.70789 -4.50089 0
      vertex 4.69276 -4.50708 0
    endloop
  endfacet
  facet normal -0.359568 0.933119 0
    outer loop
      vertex 4.72276 -4.49516 0
      vertex 4.70789 -4.50089 0.6
      vertex 4.72276 -4.49516 0.6
    endloop
  endfacet
  facet normal -0.359568 0.933119 0
    outer loop
      vertex 4.70789 -4.50089 0.6
      vertex 4.72276 -4.49516 0
      vertex 4.70789 -4.50089 0
    endloop
  endfacet
  facet normal -0.336418 0.941713 0
    outer loop
      vertex 4.7374 -4.48993 0
      vertex 4.72276 -4.49516 0.6
      vertex 4.7374 -4.48993 0.6
    endloop
  endfacet
  facet normal -0.336418 0.941713 0
    outer loop
      vertex 4.72276 -4.49516 0.6
      vertex 4.7374 -4.48993 0
      vertex 4.72276 -4.49516 0
    endloop
  endfacet
  facet normal -0.313853 0.949472 0
    outer loop
      vertex 4.7518 -4.48517 0
      vertex 4.7374 -4.48993 0.6
      vertex 4.7518 -4.48517 0.6
    endloop
  endfacet
  facet normal -0.313853 0.949472 0
    outer loop
      vertex 4.7374 -4.48993 0.6
      vertex 4.7518 -4.48517 0
      vertex 4.7374 -4.48993 0
    endloop
  endfacet
  facet normal -0.289576 0.957155 0
    outer loop
      vertex 4.76598 -4.48088 0
      vertex 4.7518 -4.48517 0.6
      vertex 4.76598 -4.48088 0.6
    endloop
  endfacet
  facet normal -0.289576 0.957155 0
    outer loop
      vertex 4.7518 -4.48517 0.6
      vertex 4.76598 -4.48088 0
      vertex 4.7518 -4.48517 0
    endloop
  endfacet
  facet normal -0.264173 0.964475 0
    outer loop
      vertex 4.77989 -4.47707 0
      vertex 4.76598 -4.48088 0.6
      vertex 4.77989 -4.47707 0.6
    endloop
  endfacet
  facet normal -0.264173 0.964475 0
    outer loop
      vertex 4.76598 -4.48088 0.6
      vertex 4.77989 -4.47707 0
      vertex 4.76598 -4.48088 0
    endloop
  endfacet
  facet normal -0.236189 0.971707 0
    outer loop
      vertex 4.79359 -4.47374 0
      vertex 4.77989 -4.47707 0.6
      vertex 4.79359 -4.47374 0.6
    endloop
  endfacet
  facet normal -0.236189 0.971707 0
    outer loop
      vertex 4.77989 -4.47707 0.6
      vertex 4.79359 -4.47374 0
      vertex 4.77989 -4.47707 0
    endloop
  endfacet
  facet normal -0.207211 0.978296 0
    outer loop
      vertex 4.80714 -4.47087 0
      vertex 4.79359 -4.47374 0.6
      vertex 4.80714 -4.47087 0.6
    endloop
  endfacet
  facet normal -0.207211 0.978296 0
    outer loop
      vertex 4.79359 -4.47374 0.6
      vertex 4.80714 -4.47087 0
      vertex 4.79359 -4.47374 0
    endloop
  endfacet
  facet normal -0.177604 0.984102 0
    outer loop
      vertex 4.82066 -4.46843 0
      vertex 4.80714 -4.47087 0.6
      vertex 4.82066 -4.46843 0.6
    endloop
  endfacet
  facet normal -0.177604 0.984102 0
    outer loop
      vertex 4.80714 -4.47087 0.6
      vertex 4.82066 -4.46843 0
      vertex 4.80714 -4.47087 0
    endloop
  endfacet
  facet normal -0.146761 0.989172 0
    outer loop
      vertex 4.83414 -4.46643 0
      vertex 4.82066 -4.46843 0.6
      vertex 4.83414 -4.46643 0.6
    endloop
  endfacet
  facet normal -0.146761 0.989172 0
    outer loop
      vertex 4.82066 -4.46843 0.6
      vertex 4.83414 -4.46643 0
      vertex 4.82066 -4.46843 0
    endloop
  endfacet
  facet normal -0.113671 0.993518 0
    outer loop
      vertex 4.8476 -4.46489 0
      vertex 4.83414 -4.46643 0.6
      vertex 4.8476 -4.46489 0.6
    endloop
  endfacet
  facet normal -0.113671 0.993518 0
    outer loop
      vertex 4.83414 -4.46643 0.6
      vertex 4.8476 -4.46489 0
      vertex 4.83414 -4.46643 0
    endloop
  endfacet
  facet normal -0.0824919 0.996592 0
    outer loop
      vertex 4.86101 -4.46378 0
      vertex 4.8476 -4.46489 0.6
      vertex 4.86101 -4.46378 0.6
    endloop
  endfacet
  facet normal -0.0824919 0.996592 0
    outer loop
      vertex 4.8476 -4.46489 0.6
      vertex 4.86101 -4.46378 0
      vertex 4.8476 -4.46489 0
    endloop
  endfacet
  facet normal -0.0492675 0.998786 0
    outer loop
      vertex 4.87439 -4.46312 0
      vertex 4.86101 -4.46378 0.6
      vertex 4.87439 -4.46312 0.6
    endloop
  endfacet
  facet normal -0.0492675 0.998786 0
    outer loop
      vertex 4.86101 -4.46378 0.6
      vertex 4.87439 -4.46312 0
      vertex 4.86101 -4.46378 0
    endloop
  endfacet
  facet normal -0.0172259 0.999852 0
    outer loop
      vertex 4.88774 -4.46289 0
      vertex 4.87439 -4.46312 0.6
      vertex 4.88774 -4.46289 0.6
    endloop
  endfacet
  facet normal -0.0172259 0.999852 0
    outer loop
      vertex 4.87439 -4.46312 0.6
      vertex 4.88774 -4.46289 0
      vertex 4.87439 -4.46312 0
    endloop
  endfacet
  facet normal 0.016522 0.999864 -0
    outer loop
      vertex 4.90529 -4.46318 0
      vertex 4.88774 -4.46289 0.6
      vertex 4.90529 -4.46318 0.6
    endloop
  endfacet
  facet normal 0.016522 0.999864 0
    outer loop
      vertex 4.88774 -4.46289 0.6
      vertex 4.90529 -4.46318 0
      vertex 4.88774 -4.46289 0
    endloop
  endfacet
  facet normal 0.0498804 0.998755 -0
    outer loop
      vertex 4.92271 -4.46405 0
      vertex 4.90529 -4.46318 0.6
      vertex 4.92271 -4.46405 0.6
    endloop
  endfacet
  facet normal 0.0498804 0.998755 0
    outer loop
      vertex 4.90529 -4.46318 0.6
      vertex 4.92271 -4.46405 0
      vertex 4.90529 -4.46318 0
    endloop
  endfacet
  facet normal 0.0835701 0.996502 -0
    outer loop
      vertex 4.94 -4.4655 0
      vertex 4.92271 -4.46405 0.6
      vertex 4.94 -4.4655 0.6
    endloop
  endfacet
  facet normal 0.0835701 0.996502 0
    outer loop
      vertex 4.92271 -4.46405 0.6
      vertex 4.94 -4.4655 0
      vertex 4.92271 -4.46405 0
    endloop
  endfacet
  facet normal 0.117614 0.993059 -0
    outer loop
      vertex 4.95714 -4.46753 0
      vertex 4.94 -4.4655 0.6
      vertex 4.95714 -4.46753 0.6
    endloop
  endfacet
  facet normal 0.117614 0.993059 0
    outer loop
      vertex 4.94 -4.4655 0.6
      vertex 4.95714 -4.46753 0
      vertex 4.94 -4.4655 0
    endloop
  endfacet
  facet normal 0.150528 0.988606 -0
    outer loop
      vertex 4.97415 -4.47012 0
      vertex 4.95714 -4.46753 0.6
      vertex 4.97415 -4.47012 0.6
    endloop
  endfacet
  facet normal 0.150528 0.988606 0
    outer loop
      vertex 4.95714 -4.46753 0.6
      vertex 4.97415 -4.47012 0
      vertex 4.95714 -4.46753 0
    endloop
  endfacet
  facet normal 0.185694 0.982608 -0
    outer loop
      vertex 4.99103 -4.47331 0
      vertex 4.97415 -4.47012 0.6
      vertex 4.99103 -4.47331 0.6
    endloop
  endfacet
  facet normal 0.185694 0.982608 0
    outer loop
      vertex 4.97415 -4.47012 0.6
      vertex 4.99103 -4.47331 0
      vertex 4.97415 -4.47012 0
    endloop
  endfacet
  facet normal 0.219706 0.975566 -0
    outer loop
      vertex 5.00777 -4.47708 0
      vertex 4.99103 -4.47331 0.6
      vertex 5.00777 -4.47708 0.6
    endloop
  endfacet
  facet normal 0.219706 0.975566 0
    outer loop
      vertex 4.99103 -4.47331 0.6
      vertex 5.00777 -4.47708 0
      vertex 4.99103 -4.47331 0
    endloop
  endfacet
  facet normal 0.258323 0.966059 -0
    outer loop
      vertex 5.02415 -4.48146 0
      vertex 5.00777 -4.47708 0.6
      vertex 5.02415 -4.48146 0.6
    endloop
  endfacet
  facet normal 0.258323 0.966059 0
    outer loop
      vertex 5.00777 -4.47708 0.6
      vertex 5.02415 -4.48146 0
      vertex 5.00777 -4.47708 0
    endloop
  endfacet
  facet normal 0.304492 0.952515 -0
    outer loop
      vertex 5.04001 -4.48653 0
      vertex 5.02415 -4.48146 0.6
      vertex 5.04001 -4.48653 0.6
    endloop
  endfacet
  facet normal 0.304492 0.952515 0
    outer loop
      vertex 5.02415 -4.48146 0.6
      vertex 5.04001 -4.48653 0
      vertex 5.02415 -4.48146 0
    endloop
  endfacet
  facet normal 0.351794 0.936078 -0
    outer loop
      vertex 5.05531 -4.49228 0
      vertex 5.04001 -4.48653 0.6
      vertex 5.05531 -4.49228 0.6
    endloop
  endfacet
  facet normal 0.351794 0.936078 0
    outer loop
      vertex 5.04001 -4.48653 0.6
      vertex 5.05531 -4.49228 0
      vertex 5.04001 -4.48653 0
    endloop
  endfacet
  facet normal 0.398862 0.917011 -0
    outer loop
      vertex 5.07007 -4.4987 0
      vertex 5.05531 -4.49228 0.6
      vertex 5.07007 -4.4987 0.6
    endloop
  endfacet
  facet normal 0.398862 0.917011 0
    outer loop
      vertex 5.05531 -4.49228 0.6
      vertex 5.07007 -4.4987 0
      vertex 5.05531 -4.49228 0
    endloop
  endfacet
  facet normal 0.447214 0.894427 -0
    outer loop
      vertex 5.08429 -4.50581 0
      vertex 5.07007 -4.4987 0.6
      vertex 5.08429 -4.50581 0.6
    endloop
  endfacet
  facet normal 0.447214 0.894427 0
    outer loop
      vertex 5.07007 -4.4987 0.6
      vertex 5.08429 -4.50581 0
      vertex 5.07007 -4.4987 0
    endloop
  endfacet
  facet normal 0.495591 0.868556 -0
    outer loop
      vertex 5.09796 -4.51361 0
      vertex 5.08429 -4.50581 0.6
      vertex 5.09796 -4.51361 0.6
    endloop
  endfacet
  facet normal 0.495591 0.868556 0
    outer loop
      vertex 5.08429 -4.50581 0.6
      vertex 5.09796 -4.51361 0
      vertex 5.08429 -4.50581 0
    endloop
  endfacet
  facet normal 0.542375 0.840137 -0
    outer loop
      vertex 5.11108 -4.52208 0
      vertex 5.09796 -4.51361 0.6
      vertex 5.11108 -4.52208 0.6
    endloop
  endfacet
  facet normal 0.542375 0.840137 0
    outer loop
      vertex 5.09796 -4.51361 0.6
      vertex 5.11108 -4.52208 0
      vertex 5.09796 -4.51361 0
    endloop
  endfacet
  facet normal 0.593594 0.804764 -0
    outer loop
      vertex 5.12358 -4.5313 0
      vertex 5.11108 -4.52208 0.6
      vertex 5.12358 -4.5313 0.6
    endloop
  endfacet
  facet normal 0.593594 0.804764 0
    outer loop
      vertex 5.11108 -4.52208 0.6
      vertex 5.12358 -4.5313 0
      vertex 5.11108 -4.52208 0
    endloop
  endfacet
  facet normal 0.647911 0.761716 -0
    outer loop
      vertex 5.13536 -4.54132 0
      vertex 5.12358 -4.5313 0.6
      vertex 5.13536 -4.54132 0.6
    endloop
  endfacet
  facet normal 0.647911 0.761716 0
    outer loop
      vertex 5.12358 -4.5313 0.6
      vertex 5.13536 -4.54132 0
      vertex 5.12358 -4.5313 0
    endloop
  endfacet
  facet normal 0.700297 0.713851 -0
    outer loop
      vertex 5.14642 -4.55217 0
      vertex 5.13536 -4.54132 0.6
      vertex 5.14642 -4.55217 0.6
    endloop
  endfacet
  facet normal 0.700297 0.713851 0
    outer loop
      vertex 5.13536 -4.54132 0.6
      vertex 5.14642 -4.55217 0
      vertex 5.13536 -4.54132 0
    endloop
  endfacet
  facet normal 0.747551 0.664205 0
    outer loop
      vertex 5.15678 -4.56383 0.6
      vertex 5.14642 -4.55217 0
      vertex 5.14642 -4.55217 0.6
    endloop
  endfacet
  facet normal 0.747551 0.664205 0
    outer loop
      vertex 5.14642 -4.55217 0
      vertex 5.15678 -4.56383 0.6
      vertex 5.15678 -4.56383 0
    endloop
  endfacet
  facet normal 0.79109 0.6117 0
    outer loop
      vertex 5.16643 -4.57631 0.6
      vertex 5.15678 -4.56383 0
      vertex 5.15678 -4.56383 0.6
    endloop
  endfacet
  facet normal 0.79109 0.6117 0
    outer loop
      vertex 5.15678 -4.56383 0
      vertex 5.16643 -4.57631 0.6
      vertex 5.16643 -4.57631 0
    endloop
  endfacet
  facet normal 0.83051 0.557004 0
    outer loop
      vertex 5.17535 -4.58961 0.6
      vertex 5.16643 -4.57631 0
      vertex 5.16643 -4.57631 0.6
    endloop
  endfacet
  facet normal 0.83051 0.557004 0
    outer loop
      vertex 5.16643 -4.57631 0
      vertex 5.17535 -4.58961 0.6
      vertex 5.17535 -4.58961 0
    endloop
  endfacet
  facet normal 0.864489 0.502652 0
    outer loop
      vertex 5.18356 -4.60373 0.6
      vertex 5.17535 -4.58961 0
      vertex 5.17535 -4.58961 0.6
    endloop
  endfacet
  facet normal 0.864489 0.502652 0
    outer loop
      vertex 5.17535 -4.58961 0
      vertex 5.18356 -4.60373 0.6
      vertex 5.18356 -4.60373 0
    endloop
  endfacet
  facet normal 0.898941 0.438069 0
    outer loop
      vertex 5.19086 -4.61871 0.6
      vertex 5.18356 -4.60373 0
      vertex 5.18356 -4.60373 0.6
    endloop
  endfacet
  facet normal 0.898941 0.438069 0
    outer loop
      vertex 5.18356 -4.60373 0
      vertex 5.19086 -4.61871 0.6
      vertex 5.19086 -4.61871 0
    endloop
  endfacet
  facet normal 0.932071 0.362277 0
    outer loop
      vertex 5.19704 -4.63461 0.6
      vertex 5.19086 -4.61871 0
      vertex 5.19086 -4.61871 0.6
    endloop
  endfacet
  facet normal 0.932071 0.362277 0
    outer loop
      vertex 5.19086 -4.61871 0
      vertex 5.19704 -4.63461 0.6
      vertex 5.19704 -4.63461 0
    endloop
  endfacet
  facet normal 0.957764 0.287557 0
    outer loop
      vertex 5.20209 -4.65143 0.6
      vertex 5.19704 -4.63461 0
      vertex 5.19704 -4.63461 0.6
    endloop
  endfacet
  facet normal 0.957764 0.287557 0
    outer loop
      vertex 5.19704 -4.63461 0
      vertex 5.20209 -4.65143 0.6
      vertex 5.20209 -4.65143 0
    endloop
  endfacet
  facet normal 0.97642 0.215881 0
    outer loop
      vertex 5.20601 -4.66916 0.6
      vertex 5.20209 -4.65143 0
      vertex 5.20209 -4.65143 0.6
    endloop
  endfacet
  facet normal 0.97642 0.215881 0
    outer loop
      vertex 5.20209 -4.65143 0
      vertex 5.20601 -4.66916 0.6
      vertex 5.20601 -4.66916 0
    endloop
  endfacet
  facet normal 0.988851 0.148911 0
    outer loop
      vertex 5.20882 -4.68782 0.6
      vertex 5.20601 -4.66916 0
      vertex 5.20601 -4.66916 0.6
    endloop
  endfacet
  facet normal 0.988851 0.148911 0
    outer loop
      vertex 5.20601 -4.66916 0
      vertex 5.20882 -4.68782 0.6
      vertex 5.20882 -4.68782 0
    endloop
  endfacet
  facet normal 0.996288 0.0860801 0
    outer loop
      vertex 5.21051 -4.70738 0.6
      vertex 5.20882 -4.68782 0
      vertex 5.20882 -4.68782 0.6
    endloop
  endfacet
  facet normal 0.996288 0.0860801 0
    outer loop
      vertex 5.20882 -4.68782 0
      vertex 5.21051 -4.70738 0.6
      vertex 5.21051 -4.70738 0
    endloop
  endfacet
  facet normal 0.999627 0.0273202 0
    outer loop
      vertex 5.21107 -4.72787 0.6
      vertex 5.21051 -4.70738 0
      vertex 5.21051 -4.70738 0.6
    endloop
  endfacet
  facet normal 0.999627 0.0273202 0
    outer loop
      vertex 5.21051 -4.70738 0
      vertex 5.21107 -4.72787 0.6
      vertex 5.21107 -4.72787 0
    endloop
  endfacet
  facet normal 0.999427 -0.0338524 0
    outer loop
      vertex 5.21042 -4.74706 0.6
      vertex 5.21107 -4.72787 0
      vertex 5.21107 -4.72787 0.6
    endloop
  endfacet
  facet normal 0.999427 -0.0338524 0
    outer loop
      vertex 5.21107 -4.72787 0
      vertex 5.21042 -4.74706 0.6
      vertex 5.21042 -4.74706 0
    endloop
  endfacet
  facet normal 0.994547 -0.104293 0
    outer loop
      vertex 5.20848 -4.76556 0.6
      vertex 5.21042 -4.74706 0
      vertex 5.21042 -4.74706 0.6
    endloop
  endfacet
  facet normal 0.994547 -0.104293 0
    outer loop
      vertex 5.21042 -4.74706 0
      vertex 5.20848 -4.76556 0.6
      vertex 5.20848 -4.76556 0
    endloop
  endfacet
  facet normal 0.983984 -0.178254 0
    outer loop
      vertex 5.20525 -4.78339 0.6
      vertex 5.20848 -4.76556 0
      vertex 5.20848 -4.76556 0.6
    endloop
  endfacet
  facet normal 0.983984 -0.178254 0
    outer loop
      vertex 5.20848 -4.76556 0
      vertex 5.20525 -4.78339 0.6
      vertex 5.20525 -4.78339 0
    endloop
  endfacet
  facet normal 0.966906 -0.255132 0
    outer loop
      vertex 5.20073 -4.80052 0.6
      vertex 5.20525 -4.78339 0
      vertex 5.20525 -4.78339 0.6
    endloop
  endfacet
  facet normal 0.966906 -0.255132 0
    outer loop
      vertex 5.20525 -4.78339 0
      vertex 5.20073 -4.80052 0.6
      vertex 5.20073 -4.80052 0
    endloop
  endfacet
  facet normal 0.943043 -0.33267 0
    outer loop
      vertex 5.19492 -4.81699 0.6
      vertex 5.20073 -4.80052 0
      vertex 5.20073 -4.80052 0.6
    endloop
  endfacet
  facet normal 0.943043 -0.33267 0
    outer loop
      vertex 5.20073 -4.80052 0
      vertex 5.19492 -4.81699 0.6
      vertex 5.19492 -4.81699 0
    endloop
  endfacet
  facet normal 0.911824 -0.410581 0
    outer loop
      vertex 5.18781 -4.83278 0.6
      vertex 5.19492 -4.81699 0
      vertex 5.19492 -4.81699 0.6
    endloop
  endfacet
  facet normal 0.911824 -0.410581 0
    outer loop
      vertex 5.19492 -4.81699 0
      vertex 5.18781 -4.83278 0.6
      vertex 5.18781 -4.83278 0
    endloop
  endfacet
  facet normal 0.874021 -0.485888 0
    outer loop
      vertex 5.17941 -4.84789 0.6
      vertex 5.18781 -4.83278 0
      vertex 5.18781 -4.83278 0.6
    endloop
  endfacet
  facet normal 0.874021 -0.485888 0
    outer loop
      vertex 5.18781 -4.83278 0
      vertex 5.17941 -4.84789 0.6
      vertex 5.17941 -4.84789 0
    endloop
  endfacet
  facet normal 0.837943 -0.545758 0
    outer loop
      vertex 5.16994 -4.86243 0.6
      vertex 5.17941 -4.84789 0
      vertex 5.17941 -4.84789 0.6
    endloop
  endfacet
  facet normal 0.837943 -0.545758 0
    outer loop
      vertex 5.17941 -4.84789 0
      vertex 5.16994 -4.86243 0.6
      vertex 5.16994 -4.86243 0
    endloop
  endfacet
  facet normal 0.807475 -0.589902 0
    outer loop
      vertex 5.15961 -4.87657 0.6
      vertex 5.16994 -4.86243 0
      vertex 5.16994 -4.86243 0.6
    endloop
  endfacet
  facet normal 0.807475 -0.589902 0
    outer loop
      vertex 5.16994 -4.86243 0
      vertex 5.15961 -4.87657 0.6
      vertex 5.15961 -4.87657 0
    endloop
  endfacet
  facet normal 0.776166 -0.630529 0
    outer loop
      vertex 5.14844 -4.89032 0.6
      vertex 5.15961 -4.87657 0
      vertex 5.15961 -4.87657 0.6
    endloop
  endfacet
  facet normal 0.776166 -0.630529 0
    outer loop
      vertex 5.15961 -4.87657 0
      vertex 5.14844 -4.89032 0.6
      vertex 5.14844 -4.89032 0
    endloop
  endfacet
  facet normal 0.742129 -0.670257 0
    outer loop
      vertex 5.13641 -4.90364 0.6
      vertex 5.14844 -4.89032 0
      vertex 5.14844 -4.89032 0.6
    endloop
  endfacet
  facet normal 0.742129 -0.670257 0
    outer loop
      vertex 5.14844 -4.89032 0
      vertex 5.13641 -4.90364 0.6
      vertex 5.13641 -4.90364 0
    endloop
  endfacet
  facet normal 0.708476 -0.705735 0
    outer loop
      vertex 5.12354 -4.91656 0.6
      vertex 5.13641 -4.90364 0
      vertex 5.13641 -4.90364 0.6
    endloop
  endfacet
  facet normal 0.708476 -0.705735 0
    outer loop
      vertex 5.13641 -4.90364 0
      vertex 5.12354 -4.91656 0.6
      vertex 5.12354 -4.91656 0
    endloop
  endfacet
  facet normal 0.674065 -0.738672 0
    outer loop
      vertex 5.10982 -4.92908 0
      vertex 5.12354 -4.91656 0.6
      vertex 5.10982 -4.92908 0.6
    endloop
  endfacet
  facet normal 0.674065 -0.738672 0
    outer loop
      vertex 5.12354 -4.91656 0.6
      vertex 5.10982 -4.92908 0
      vertex 5.12354 -4.91656 0
    endloop
  endfacet
  facet normal 0.639197 -0.769043 0
    outer loop
      vertex 5.09525 -4.94119 0
      vertex 5.10982 -4.92908 0.6
      vertex 5.09525 -4.94119 0.6
    endloop
  endfacet
  facet normal 0.639197 -0.769043 0
    outer loop
      vertex 5.10982 -4.92908 0.6
      vertex 5.09525 -4.94119 0
      vertex 5.10982 -4.92908 0
    endloop
  endfacet
  facet normal 0.608084 -0.793873 0
    outer loop
      vertex 5.07991 -4.95294 0
      vertex 5.09525 -4.94119 0.6
      vertex 5.07991 -4.95294 0.6
    endloop
  endfacet
  facet normal 0.608084 -0.793873 0
    outer loop
      vertex 5.09525 -4.94119 0.6
      vertex 5.07991 -4.95294 0
      vertex 5.09525 -4.94119 0
    endloop
  endfacet
  facet normal 0.582922 -0.812528 0
    outer loop
      vertex 5.06395 -4.96439 0
      vertex 5.07991 -4.95294 0.6
      vertex 5.06395 -4.96439 0.6
    endloop
  endfacet
  facet normal 0.582922 -0.812528 0
    outer loop
      vertex 5.07991 -4.95294 0.6
      vertex 5.06395 -4.96439 0
      vertex 5.07991 -4.95294 0
    endloop
  endfacet
  facet normal 0.55643 -0.830895 0
    outer loop
      vertex 5.04733 -4.97552 0
      vertex 5.06395 -4.96439 0.6
      vertex 5.04733 -4.97552 0.6
    endloop
  endfacet
  facet normal 0.55643 -0.830895 0
    outer loop
      vertex 5.06395 -4.96439 0.6
      vertex 5.04733 -4.97552 0
      vertex 5.06395 -4.96439 0
    endloop
  endfacet
  facet normal 0.531629 -0.846977 0
    outer loop
      vertex 5.03006 -4.98636 0
      vertex 5.04733 -4.97552 0.6
      vertex 5.03006 -4.98636 0.6
    endloop
  endfacet
  facet normal 0.531629 -0.846977 0
    outer loop
      vertex 5.04733 -4.97552 0.6
      vertex 5.03006 -4.98636 0
      vertex 5.04733 -4.97552 0
    endloop
  endfacet
  facet normal 0.507041 -0.861922 0
    outer loop
      vertex 5.01216 -4.99689 0
      vertex 5.03006 -4.98636 0.6
      vertex 5.01216 -4.99689 0.6
    endloop
  endfacet
  facet normal 0.507041 -0.861922 0
    outer loop
      vertex 5.03006 -4.98636 0.6
      vertex 5.01216 -4.99689 0
      vertex 5.03006 -4.98636 0
    endloop
  endfacet
  facet normal 0.482553 -0.875867 0
    outer loop
      vertex 4.99361 -5.00711 0
      vertex 5.01216 -4.99689 0.6
      vertex 4.99361 -5.00711 0.6
    endloop
  endfacet
  facet normal 0.482553 -0.875867 0
    outer loop
      vertex 5.01216 -4.99689 0.6
      vertex 4.99361 -5.00711 0
      vertex 5.01216 -4.99689 0
    endloop
  endfacet
  facet normal 0.45902 -0.888426 0
    outer loop
      vertex 4.97441 -5.01703 0
      vertex 4.99361 -5.00711 0.6
      vertex 4.97441 -5.01703 0.6
    endloop
  endfacet
  facet normal 0.45902 -0.888426 0
    outer loop
      vertex 4.99361 -5.00711 0.6
      vertex 4.97441 -5.01703 0
      vertex 4.99361 -5.00711 0
    endloop
  endfacet
  facet normal 0.443926 -0.896064 0
    outer loop
      vertex 4.95477 -5.02676 0
      vertex 4.97441 -5.01703 0.6
      vertex 4.95477 -5.02676 0.6
    endloop
  endfacet
  facet normal 0.443926 -0.896064 0
    outer loop
      vertex 4.97441 -5.01703 0.6
      vertex 4.95477 -5.02676 0
      vertex 4.97441 -5.01703 0
    endloop
  endfacet
  facet normal 0.440315 -0.897843 0
    outer loop
      vertex 4.93495 -5.03648 0
      vertex 4.95477 -5.02676 0.6
      vertex 4.93495 -5.03648 0.6
    endloop
  endfacet
  facet normal 0.440315 -0.897843 0
    outer loop
      vertex 4.95477 -5.02676 0.6
      vertex 4.93495 -5.03648 0
      vertex 4.95477 -5.02676 0
    endloop
  endfacet
  facet normal 0.435126 -0.900369 0
    outer loop
      vertex 4.91492 -5.04616 0
      vertex 4.93495 -5.03648 0.6
      vertex 4.91492 -5.04616 0.6
    endloop
  endfacet
  facet normal 0.435126 -0.900369 0
    outer loop
      vertex 4.93495 -5.03648 0.6
      vertex 4.91492 -5.04616 0
      vertex 4.93495 -5.03648 0
    endloop
  endfacet
  facet normal 0.430003 -0.902828 0
    outer loop
      vertex 4.89468 -5.0558 0
      vertex 4.91492 -5.04616 0.6
      vertex 4.89468 -5.0558 0.6
    endloop
  endfacet
  facet normal 0.430003 -0.902828 0
    outer loop
      vertex 4.91492 -5.04616 0.6
      vertex 4.89468 -5.0558 0
      vertex 4.91492 -5.04616 0
    endloop
  endfacet
  facet normal 0.425285 -0.90506 0
    outer loop
      vertex 4.87425 -5.0654 0
      vertex 4.89468 -5.0558 0.6
      vertex 4.87425 -5.0654 0.6
    endloop
  endfacet
  facet normal 0.425285 -0.90506 0
    outer loop
      vertex 4.89468 -5.0558 0.6
      vertex 4.87425 -5.0654 0
      vertex 4.89468 -5.0558 0
    endloop
  endfacet
  facet normal 0.421008 -0.907057 0
    outer loop
      vertex 4.85361 -5.07498 0
      vertex 4.87425 -5.0654 0.6
      vertex 4.85361 -5.07498 0.6
    endloop
  endfacet
  facet normal 0.421008 -0.907057 0
    outer loop
      vertex 4.87425 -5.0654 0.6
      vertex 4.85361 -5.07498 0
      vertex 4.87425 -5.0654 0
    endloop
  endfacet
  facet normal 0.415904 -0.909409 0
    outer loop
      vertex 4.83275 -5.08452 0
      vertex 4.85361 -5.07498 0.6
      vertex 4.83275 -5.08452 0.6
    endloop
  endfacet
  facet normal 0.415904 -0.909409 0
    outer loop
      vertex 4.85361 -5.07498 0.6
      vertex 4.83275 -5.08452 0
      vertex 4.85361 -5.07498 0
    endloop
  endfacet
  facet normal 0.418817 -0.908071 0
    outer loop
      vertex 4.8089 -5.09552 0
      vertex 4.83275 -5.08452 0.6
      vertex 4.8089 -5.09552 0.6
    endloop
  endfacet
  facet normal 0.418817 -0.908071 0
    outer loop
      vertex 4.83275 -5.08452 0.6
      vertex 4.8089 -5.09552 0
      vertex 4.83275 -5.08452 0
    endloop
  endfacet
  facet normal 0.421344 -0.906901 0
    outer loop
      vertex 4.76088 -5.11783 0
      vertex 4.8089 -5.09552 0.6
      vertex 4.76088 -5.11783 0.6
    endloop
  endfacet
  facet normal 0.421344 -0.906901 0
    outer loop
      vertex 4.8089 -5.09552 0.6
      vertex 4.76088 -5.11783 0
      vertex 4.8089 -5.09552 0
    endloop
  endfacet
  facet normal 0.424136 -0.905598 0
    outer loop
      vertex 4.73671 -5.12915 0
      vertex 4.76088 -5.11783 0.6
      vertex 4.73671 -5.12915 0.6
    endloop
  endfacet
  facet normal 0.424136 -0.905598 0
    outer loop
      vertex 4.76088 -5.11783 0.6
      vertex 4.73671 -5.12915 0
      vertex 4.76088 -5.11783 0
    endloop
  endfacet
  facet normal 0.426334 -0.904566 0
    outer loop
      vertex 4.68808 -5.15207 0
      vertex 4.73671 -5.12915 0.6
      vertex 4.68808 -5.15207 0.6
    endloop
  endfacet
  facet normal 0.426334 -0.904566 0
    outer loop
      vertex 4.73671 -5.12915 0.6
      vertex 4.68808 -5.15207 0
      vertex 4.73671 -5.12915 0
    endloop
  endfacet
  facet normal 0.429117 -0.903249 0
    outer loop
      vertex 4.6636 -5.1637 0
      vertex 4.68808 -5.15207 0.6
      vertex 4.6636 -5.1637 0.6
    endloop
  endfacet
  facet normal 0.429117 -0.903249 0
    outer loop
      vertex 4.68808 -5.15207 0.6
      vertex 4.6636 -5.1637 0
      vertex 4.68808 -5.15207 0
    endloop
  endfacet
  facet normal 0.436111 -0.899893 0
    outer loop
      vertex 4.63921 -5.17552 0
      vertex 4.6636 -5.1637 0.6
      vertex 4.63921 -5.17552 0.6
    endloop
  endfacet
  facet normal 0.436111 -0.899893 0
    outer loop
      vertex 4.6636 -5.1637 0.6
      vertex 4.63921 -5.17552 0
      vertex 4.6636 -5.1637 0
    endloop
  endfacet
  facet normal 0.450019 -0.893019 0
    outer loop
      vertex 4.61504 -5.1877 0
      vertex 4.63921 -5.17552 0.6
      vertex 4.61504 -5.1877 0.6
    endloop
  endfacet
  facet normal 0.450019 -0.893019 0
    outer loop
      vertex 4.63921 -5.17552 0.6
      vertex 4.61504 -5.1877 0
      vertex 4.63921 -5.17552 0
    endloop
  endfacet
  facet normal 0.463869 -0.885904 0
    outer loop
      vertex 4.59111 -5.20023 0
      vertex 4.61504 -5.1877 0.6
      vertex 4.59111 -5.20023 0.6
    endloop
  endfacet
  facet normal 0.463869 -0.885904 0
    outer loop
      vertex 4.61504 -5.1877 0.6
      vertex 4.59111 -5.20023 0
      vertex 4.61504 -5.1877 0
    endloop
  endfacet
  facet normal 0.476666 -0.879085 0
    outer loop
      vertex 4.56743 -5.21307 0
      vertex 4.59111 -5.20023 0.6
      vertex 4.56743 -5.21307 0.6
    endloop
  endfacet
  facet normal 0.476666 -0.879085 0
    outer loop
      vertex 4.59111 -5.20023 0.6
      vertex 4.56743 -5.21307 0
      vertex 4.59111 -5.20023 0
    endloop
  endfacet
  facet normal 0.490526 -0.871427 0
    outer loop
      vertex 4.54398 -5.22627 0
      vertex 4.56743 -5.21307 0.6
      vertex 4.54398 -5.22627 0.6
    endloop
  endfacet
  facet normal 0.490526 -0.871427 0
    outer loop
      vertex 4.56743 -5.21307 0.6
      vertex 4.54398 -5.22627 0
      vertex 4.56743 -5.21307 0
    endloop
  endfacet
  facet normal 0.503894 -0.863765 0
    outer loop
      vertex 4.52077 -5.23981 0
      vertex 4.54398 -5.22627 0.6
      vertex 4.52077 -5.23981 0.6
    endloop
  endfacet
  facet normal 0.503894 -0.863765 0
    outer loop
      vertex 4.54398 -5.22627 0.6
      vertex 4.52077 -5.23981 0
      vertex 4.54398 -5.22627 0
    endloop
  endfacet
  facet normal 0.517013 -0.855977 0
    outer loop
      vertex 4.49779 -5.25369 0
      vertex 4.52077 -5.23981 0.6
      vertex 4.49779 -5.25369 0.6
    endloop
  endfacet
  facet normal 0.517013 -0.855977 0
    outer loop
      vertex 4.52077 -5.23981 0.6
      vertex 4.49779 -5.25369 0
      vertex 4.52077 -5.23981 0
    endloop
  endfacet
  facet normal 0.53208 -0.846694 0
    outer loop
      vertex 4.47513 -5.26793 0
      vertex 4.49779 -5.25369 0.6
      vertex 4.47513 -5.26793 0.6
    endloop
  endfacet
  facet normal 0.53208 -0.846694 0
    outer loop
      vertex 4.49779 -5.25369 0.6
      vertex 4.47513 -5.26793 0
      vertex 4.49779 -5.25369 0
    endloop
  endfacet
  facet normal 0.548615 -0.836075 0
    outer loop
      vertex 4.45288 -5.28253 0
      vertex 4.47513 -5.26793 0.6
      vertex 4.45288 -5.28253 0.6
    endloop
  endfacet
  facet normal 0.548615 -0.836075 0
    outer loop
      vertex 4.47513 -5.26793 0.6
      vertex 4.45288 -5.28253 0
      vertex 4.47513 -5.26793 0
    endloop
  endfacet
  facet normal 0.566064 -0.824361 0
    outer loop
      vertex 4.43105 -5.29752 0
      vertex 4.45288 -5.28253 0.6
      vertex 4.43105 -5.29752 0.6
    endloop
  endfacet
  facet normal 0.566064 -0.824361 0
    outer loop
      vertex 4.45288 -5.28253 0.6
      vertex 4.43105 -5.29752 0
      vertex 4.45288 -5.28253 0
    endloop
  endfacet
  facet normal 0.582314 -0.812964 0
    outer loop
      vertex 4.40962 -5.31287 0
      vertex 4.43105 -5.29752 0.6
      vertex 4.40962 -5.31287 0.6
    endloop
  endfacet
  facet normal 0.582314 -0.812964 0
    outer loop
      vertex 4.43105 -5.29752 0.6
      vertex 4.40962 -5.31287 0
      vertex 4.43105 -5.29752 0
    endloop
  endfacet
  facet normal 0.599146 -0.800639 0
    outer loop
      vertex 4.3886 -5.3286 0
      vertex 4.40962 -5.31287 0.6
      vertex 4.3886 -5.3286 0.6
    endloop
  endfacet
  facet normal 0.599146 -0.800639 0
    outer loop
      vertex 4.40962 -5.31287 0.6
      vertex 4.3886 -5.3286 0
      vertex 4.40962 -5.31287 0
    endloop
  endfacet
  facet normal 0.615659 -0.788013 0
    outer loop
      vertex 4.36798 -5.34471 0
      vertex 4.3886 -5.3286 0.6
      vertex 4.36798 -5.34471 0.6
    endloop
  endfacet
  facet normal 0.615659 -0.788013 0
    outer loop
      vertex 4.3886 -5.3286 0.6
      vertex 4.36798 -5.34471 0
      vertex 4.3886 -5.3286 0
    endloop
  endfacet
  facet normal 0.632339 -0.774692 0
    outer loop
      vertex 4.34779 -5.36119 0
      vertex 4.36798 -5.34471 0.6
      vertex 4.34779 -5.36119 0.6
    endloop
  endfacet
  facet normal 0.632339 -0.774692 0
    outer loop
      vertex 4.36798 -5.34471 0.6
      vertex 4.34779 -5.36119 0
      vertex 4.36798 -5.34471 0
    endloop
  endfacet
  facet normal 0.653168 -0.757213 0
    outer loop
      vertex 4.32814 -5.37814 0
      vertex 4.34779 -5.36119 0.6
      vertex 4.32814 -5.37814 0.6
    endloop
  endfacet
  facet normal 0.653168 -0.757213 0
    outer loop
      vertex 4.34779 -5.36119 0.6
      vertex 4.32814 -5.37814 0
      vertex 4.34779 -5.36119 0
    endloop
  endfacet
  facet normal 0.680689 -0.732573 0
    outer loop
      vertex 4.30922 -5.39572 0
      vertex 4.32814 -5.37814 0.6
      vertex 4.30922 -5.39572 0.6
    endloop
  endfacet
  facet normal 0.680689 -0.732573 0
    outer loop
      vertex 4.32814 -5.37814 0.6
      vertex 4.30922 -5.39572 0
      vertex 4.32814 -5.37814 0
    endloop
  endfacet
  facet normal 0.706913 -0.707301 0
    outer loop
      vertex 4.291 -5.41393 0
      vertex 4.30922 -5.39572 0.6
      vertex 4.291 -5.41393 0.6
    endloop
  endfacet
  facet normal 0.706913 -0.707301 0
    outer loop
      vertex 4.30922 -5.39572 0.6
      vertex 4.291 -5.41393 0
      vertex 4.30922 -5.39572 0
    endloop
  endfacet
  facet normal 0.73178 -0.681541 0
    outer loop
      vertex 4.2735 -5.43272 0.6
      vertex 4.291 -5.41393 0
      vertex 4.291 -5.41393 0.6
    endloop
  endfacet
  facet normal 0.73178 -0.681541 0
    outer loop
      vertex 4.291 -5.41393 0
      vertex 4.2735 -5.43272 0.6
      vertex 4.2735 -5.43272 0
    endloop
  endfacet
  facet normal 0.756639 -0.653833 0
    outer loop
      vertex 4.25671 -5.45215 0.6
      vertex 4.2735 -5.43272 0
      vertex 4.2735 -5.43272 0.6
    endloop
  endfacet
  facet normal 0.756639 -0.653833 0
    outer loop
      vertex 4.2735 -5.43272 0
      vertex 4.25671 -5.45215 0.6
      vertex 4.25671 -5.45215 0
    endloop
  endfacet
  facet normal 0.780032 -0.62574 0
    outer loop
      vertex 4.24065 -5.47217 0.6
      vertex 4.25671 -5.45215 0
      vertex 4.25671 -5.45215 0.6
    endloop
  endfacet
  facet normal 0.780032 -0.62574 0
    outer loop
      vertex 4.25671 -5.45215 0
      vertex 4.24065 -5.47217 0.6
      vertex 4.24065 -5.47217 0
    endloop
  endfacet
  facet normal 0.802419 -0.596761 0
    outer loop
      vertex 4.2253 -5.49281 0.6
      vertex 4.24065 -5.47217 0
      vertex 4.24065 -5.47217 0.6
    endloop
  endfacet
  facet normal 0.802419 -0.596761 0
    outer loop
      vertex 4.24065 -5.47217 0
      vertex 4.2253 -5.49281 0.6
      vertex 4.2253 -5.49281 0
    endloop
  endfacet
  facet normal 0.825612 -0.564239 0
    outer loop
      vertex 4.21075 -5.5141 0.6
      vertex 4.2253 -5.49281 0
      vertex 4.2253 -5.49281 0.6
    endloop
  endfacet
  facet normal 0.825612 -0.564239 0
    outer loop
      vertex 4.2253 -5.49281 0
      vertex 4.21075 -5.5141 0.6
      vertex 4.21075 -5.5141 0
    endloop
  endfacet
  facet normal 0.849927 -0.526901 0
    outer loop
      vertex 4.19713 -5.53607 0.6
      vertex 4.21075 -5.5141 0
      vertex 4.21075 -5.5141 0.6
    endloop
  endfacet
  facet normal 0.849927 -0.526901 0
    outer loop
      vertex 4.21075 -5.5141 0
      vertex 4.19713 -5.53607 0.6
      vertex 4.19713 -5.53607 0
    endloop
  endfacet
  facet normal 0.872335 -0.488908 0
    outer loop
      vertex 4.18443 -5.55873 0.6
      vertex 4.19713 -5.53607 0
      vertex 4.19713 -5.53607 0.6
    endloop
  endfacet
  facet normal 0.872335 -0.488908 0
    outer loop
      vertex 4.19713 -5.53607 0
      vertex 4.18443 -5.55873 0.6
      vertex 4.18443 -5.55873 0
    endloop
  endfacet
  facet normal 0.89266 -0.45073 0
    outer loop
      vertex 4.17265 -5.58206 0.6
      vertex 4.18443 -5.55873 0
      vertex 4.18443 -5.55873 0.6
    endloop
  endfacet
  facet normal 0.89266 -0.45073 0
    outer loop
      vertex 4.18443 -5.55873 0
      vertex 4.17265 -5.58206 0.6
      vertex 4.17265 -5.58206 0
    endloop
  endfacet
  facet normal 0.911067 -0.412258 0
    outer loop
      vertex 4.16179 -5.60606 0.6
      vertex 4.17265 -5.58206 0
      vertex 4.17265 -5.58206 0.6
    endloop
  endfacet
  facet normal 0.911067 -0.412258 0
    outer loop
      vertex 4.17265 -5.58206 0
      vertex 4.16179 -5.60606 0.6
      vertex 4.16179 -5.60606 0
    endloop
  endfacet
  facet normal 0.92762 -0.373526 0
    outer loop
      vertex 4.15184 -5.63077 0.6
      vertex 4.16179 -5.60606 0
      vertex 4.16179 -5.60606 0.6
    endloop
  endfacet
  facet normal 0.92762 -0.373526 0
    outer loop
      vertex 4.16179 -5.60606 0
      vertex 4.15184 -5.63077 0.6
      vertex 4.15184 -5.63077 0
    endloop
  endfacet
  facet normal 0.942061 -0.335442 0
    outer loop
      vertex 4.14281 -5.65613 0.6
      vertex 4.15184 -5.63077 0
      vertex 4.15184 -5.63077 0.6
    endloop
  endfacet
  facet normal 0.942061 -0.335442 0
    outer loop
      vertex 4.15184 -5.63077 0
      vertex 4.14281 -5.65613 0.6
      vertex 4.14281 -5.65613 0
    endloop
  endfacet
  facet normal 0.956465 -0.291846 0
    outer loop
      vertex 4.13484 -5.68225 0.6
      vertex 4.14281 -5.65613 0
      vertex 4.14281 -5.65613 0.6
    endloop
  endfacet
  facet normal 0.956465 -0.291846 0
    outer loop
      vertex 4.14281 -5.65613 0
      vertex 4.13484 -5.68225 0.6
      vertex 4.13484 -5.68225 0
    endloop
  endfacet
  facet normal 0.970206 -0.242281 0
    outer loop
      vertex 4.12811 -5.7092 0.6
      vertex 4.13484 -5.68225 0
      vertex 4.13484 -5.68225 0.6
    endloop
  endfacet
  facet normal 0.970206 -0.242281 0
    outer loop
      vertex 4.13484 -5.68225 0
      vertex 4.12811 -5.7092 0.6
      vertex 4.12811 -5.7092 0
    endloop
  endfacet
  facet normal 0.980852 -0.194756 0
    outer loop
      vertex 4.1226 -5.73695 0.6
      vertex 4.12811 -5.7092 0
      vertex 4.12811 -5.7092 0.6
    endloop
  endfacet
  facet normal 0.980852 -0.194756 0
    outer loop
      vertex 4.12811 -5.7092 0
      vertex 4.1226 -5.73695 0.6
      vertex 4.1226 -5.73695 0
    endloop
  endfacet
  facet normal 0.988964 -0.148154 0
    outer loop
      vertex 4.11832 -5.76552 0.6
      vertex 4.1226 -5.73695 0
      vertex 4.1226 -5.73695 0.6
    endloop
  endfacet
  facet normal 0.988964 -0.148154 0
    outer loop
      vertex 4.1226 -5.73695 0
      vertex 4.11832 -5.76552 0.6
      vertex 4.11832 -5.76552 0
    endloop
  endfacet
  facet normal 0.994589 -0.103892 0
    outer loop
      vertex 4.11525 -5.79491 0.6
      vertex 4.11832 -5.76552 0
      vertex 4.11832 -5.76552 0.6
    endloop
  endfacet
  facet normal 0.994589 -0.103892 0
    outer loop
      vertex 4.11832 -5.76552 0
      vertex 4.11525 -5.79491 0.6
      vertex 4.11525 -5.79491 0
    endloop
  endfacet
  facet normal 0.998168 -0.060505 0
    outer loop
      vertex 4.11342 -5.8251 0.6
      vertex 4.11525 -5.79491 0
      vertex 4.11525 -5.79491 0.6
    endloop
  endfacet
  facet normal 0.998168 -0.060505 0
    outer loop
      vertex 4.11525 -5.79491 0
      vertex 4.11342 -5.8251 0.6
      vertex 4.11342 -5.8251 0
    endloop
  endfacet
  facet normal 0.999807 -0.0196609 0
    outer loop
      vertex 4.11281 -5.85612 0.6
      vertex 4.11342 -5.8251 0
      vertex 4.11342 -5.8251 0.6
    endloop
  endfacet
  facet normal 0.999807 -0.0196609 0
    outer loop
      vertex 4.11342 -5.8251 0
      vertex 4.11281 -5.85612 0.6
      vertex 4.11281 -5.85612 0
    endloop
  endfacet
  facet normal 0.999549 0.0300325 0
    outer loop
      vertex 4.11444 -5.91037 0.6
      vertex 4.11281 -5.85612 0
      vertex 4.11281 -5.85612 0.6
    endloop
  endfacet
  facet normal 0.999549 0.0300325 0
    outer loop
      vertex 4.11281 -5.85612 0
      vertex 4.11444 -5.91037 0.6
      vertex 4.11444 -5.91037 0
    endloop
  endfacet
  facet normal 0.995636 0.0933171 0
    outer loop
      vertex 4.11934 -5.96265 0.6
      vertex 4.11444 -5.91037 0
      vertex 4.11444 -5.91037 0.6
    endloop
  endfacet
  facet normal 0.995636 0.0933171 0
    outer loop
      vertex 4.11444 -5.91037 0
      vertex 4.11934 -5.96265 0.6
      vertex 4.11934 -5.96265 0
    endloop
  endfacet
  facet normal 0.987095 0.160133 0
    outer loop
      vertex 4.1275 -6.01295 0.6
      vertex 4.11934 -5.96265 0
      vertex 4.11934 -5.96265 0.6
    endloop
  endfacet
  facet normal 0.987095 0.160133 0
    outer loop
      vertex 4.11934 -5.96265 0
      vertex 4.1275 -6.01295 0.6
      vertex 4.1275 -6.01295 0
    endloop
  endfacet
  facet normal 0.9732 0.22996 0
    outer loop
      vertex 4.13892 -6.06128 0.6
      vertex 4.1275 -6.01295 0
      vertex 4.1275 -6.01295 0.6
    endloop
  endfacet
  facet normal 0.9732 0.22996 0
    outer loop
      vertex 4.1275 -6.01295 0
      vertex 4.13892 -6.06128 0.6
      vertex 4.13892 -6.06128 0
    endloop
  endfacet
  facet normal 0.953287 0.302066 0
    outer loop
      vertex 4.15361 -6.10764 0.6
      vertex 4.13892 -6.06128 0
      vertex 4.13892 -6.06128 0.6
    endloop
  endfacet
  facet normal 0.953287 0.302066 0
    outer loop
      vertex 4.13892 -6.06128 0
      vertex 4.15361 -6.10764 0.6
      vertex 4.15361 -6.10764 0
    endloop
  endfacet
  facet normal 0.926971 0.375133 0
    outer loop
      vertex 4.17157 -6.15202 0.6
      vertex 4.15361 -6.10764 0
      vertex 4.15361 -6.10764 0.6
    endloop
  endfacet
  facet normal 0.926971 0.375133 0
    outer loop
      vertex 4.15361 -6.10764 0
      vertex 4.17157 -6.15202 0.6
      vertex 4.17157 -6.15202 0
    endloop
  endfacet
  facet normal 0.894301 0.447467 0
    outer loop
      vertex 4.19279 -6.19443 0.6
      vertex 4.17157 -6.15202 0
      vertex 4.17157 -6.15202 0.6
    endloop
  endfacet
  facet normal 0.894301 0.447467 0
    outer loop
      vertex 4.17157 -6.15202 0
      vertex 4.19279 -6.19443 0.6
      vertex 4.19279 -6.19443 0
    endloop
  endfacet
  facet normal 0.860558 0.509353 0
    outer loop
      vertex 4.21672 -6.23486 0.6
      vertex 4.19279 -6.19443 0
      vertex 4.19279 -6.19443 0.6
    endloop
  endfacet
  facet normal 0.860558 0.509353 0
    outer loop
      vertex 4.19279 -6.19443 0
      vertex 4.21672 -6.23486 0.6
      vertex 4.21672 -6.23486 0
    endloop
  endfacet
  facet normal 0.827722 0.561138 0
    outer loop
      vertex 4.2428 -6.27333 0.6
      vertex 4.21672 -6.23486 0
      vertex 4.21672 -6.23486 0.6
    endloop
  endfacet
  facet normal 0.827722 0.561138 0
    outer loop
      vertex 4.21672 -6.23486 0
      vertex 4.2428 -6.27333 0.6
      vertex 4.2428 -6.27333 0
    endloop
  endfacet
  facet normal 0.791228 0.611522 0
    outer loop
      vertex 4.27101 -6.30983 0.6
      vertex 4.2428 -6.27333 0
      vertex 4.2428 -6.27333 0.6
    endloop
  endfacet
  facet normal 0.791228 0.611522 0
    outer loop
      vertex 4.2428 -6.27333 0
      vertex 4.27101 -6.30983 0.6
      vertex 4.27101 -6.30983 0
    endloop
  endfacet
  facet normal 0.751011 0.660289 0
    outer loop
      vertex 4.30136 -6.34435 0.6
      vertex 4.27101 -6.30983 0
      vertex 4.27101 -6.30983 0.6
    endloop
  endfacet
  facet normal 0.751011 0.660289 0
    outer loop
      vertex 4.27101 -6.30983 0
      vertex 4.30136 -6.34435 0.6
      vertex 4.30136 -6.34435 0
    endloop
  endfacet
  facet normal 0.707759 0.706454 0
    outer loop
      vertex 4.33386 -6.37691 0.6
      vertex 4.30136 -6.34435 0
      vertex 4.30136 -6.34435 0.6
    endloop
  endfacet
  facet normal 0.707759 0.706454 0
    outer loop
      vertex 4.30136 -6.34435 0
      vertex 4.33386 -6.37691 0.6
      vertex 4.33386 -6.37691 0
    endloop
  endfacet
  facet normal 0.661808 0.749674 -0
    outer loop
      vertex 4.3685 -6.40749 0
      vertex 4.33386 -6.37691 0.6
      vertex 4.3685 -6.40749 0.6
    endloop
  endfacet
  facet normal 0.661808 0.749674 0
    outer loop
      vertex 4.33386 -6.37691 0.6
      vertex 4.3685 -6.40749 0
      vertex 4.33386 -6.37691 0
    endloop
  endfacet
  facet normal 0.613614 0.789606 -0
    outer loop
      vertex 4.40529 -6.43608 0
      vertex 4.3685 -6.40749 0.6
      vertex 4.40529 -6.43608 0.6
    endloop
  endfacet
  facet normal 0.613614 0.789606 0
    outer loop
      vertex 4.3685 -6.40749 0.6
      vertex 4.40529 -6.43608 0
      vertex 4.3685 -6.40749 0
    endloop
  endfacet
  facet normal 0.567703 0.823233 -0
    outer loop
      vertex 4.44395 -6.46274 0
      vertex 4.40529 -6.43608 0.6
      vertex 4.44395 -6.46274 0.6
    endloop
  endfacet
  facet normal 0.567703 0.823233 0
    outer loop
      vertex 4.40529 -6.43608 0.6
      vertex 4.44395 -6.46274 0
      vertex 4.40529 -6.43608 0
    endloop
  endfacet
  facet normal 0.522562 0.852601 -0
    outer loop
      vertex 4.48425 -6.48744 0
      vertex 4.44395 -6.46274 0.6
      vertex 4.48425 -6.48744 0.6
    endloop
  endfacet
  facet normal 0.522562 0.852601 0
    outer loop
      vertex 4.44395 -6.46274 0.6
      vertex 4.48425 -6.48744 0
      vertex 4.44395 -6.46274 0
    endloop
  endfacet
  facet normal 0.477207 0.878791 -0
    outer loop
      vertex 4.5262 -6.51022 0
      vertex 4.48425 -6.48744 0.6
      vertex 4.5262 -6.51022 0.6
    endloop
  endfacet
  facet normal 0.477207 0.878791 0
    outer loop
      vertex 4.48425 -6.48744 0.6
      vertex 4.5262 -6.51022 0
      vertex 4.48425 -6.48744 0
    endloop
  endfacet
  facet normal 0.431404 0.902159 -0
    outer loop
      vertex 4.56976 -6.53105 0
      vertex 4.5262 -6.51022 0.6
      vertex 4.56976 -6.53105 0.6
    endloop
  endfacet
  facet normal 0.431404 0.902159 0
    outer loop
      vertex 4.5262 -6.51022 0.6
      vertex 4.56976 -6.53105 0
      vertex 4.5262 -6.51022 0
    endloop
  endfacet
  facet normal 0.385601 0.922666 -0
    outer loop
      vertex 4.61496 -6.54994 0
      vertex 4.56976 -6.53105 0.6
      vertex 4.61496 -6.54994 0.6
    endloop
  endfacet
  facet normal 0.385601 0.922666 0
    outer loop
      vertex 4.56976 -6.53105 0.6
      vertex 4.61496 -6.54994 0
      vertex 4.56976 -6.53105 0
    endloop
  endfacet
  facet normal 0.34034 0.940302 -0
    outer loop
      vertex 4.66179 -6.56689 0
      vertex 4.61496 -6.54994 0.6
      vertex 4.66179 -6.56689 0.6
    endloop
  endfacet
  facet normal 0.34034 0.940302 0
    outer loop
      vertex 4.61496 -6.54994 0.6
      vertex 4.66179 -6.56689 0
      vertex 4.61496 -6.54994 0
    endloop
  endfacet
  facet normal 0.295941 0.955206 -0
    outer loop
      vertex 4.71027 -6.58191 0
      vertex 4.66179 -6.56689 0.6
      vertex 4.71027 -6.58191 0.6
    endloop
  endfacet
  facet normal 0.295941 0.955206 0
    outer loop
      vertex 4.66179 -6.56689 0.6
      vertex 4.71027 -6.58191 0
      vertex 4.66179 -6.56689 0
    endloop
  endfacet
  facet normal 0.254926 0.966961 -0
    outer loop
      vertex 4.75977 -6.59496 0
      vertex 4.71027 -6.58191 0.6
      vertex 4.75977 -6.59496 0.6
    endloop
  endfacet
  facet normal 0.254926 0.966961 0
    outer loop
      vertex 4.71027 -6.58191 0.6
      vertex 4.75977 -6.59496 0
      vertex 4.71027 -6.58191 0
    endloop
  endfacet
  facet normal 0.215667 0.976467 -0
    outer loop
      vertex 4.80971 -6.60599 0
      vertex 4.75977 -6.59496 0.6
      vertex 4.80971 -6.60599 0.6
    endloop
  endfacet
  facet normal 0.215667 0.976467 0
    outer loop
      vertex 4.75977 -6.59496 0.6
      vertex 4.80971 -6.60599 0
      vertex 4.75977 -6.59496 0
    endloop
  endfacet
  facet normal 0.176237 0.984348 -0
    outer loop
      vertex 4.86009 -6.61501 0
      vertex 4.80971 -6.60599 0.6
      vertex 4.86009 -6.61501 0.6
    endloop
  endfacet
  facet normal 0.176237 0.984348 0
    outer loop
      vertex 4.80971 -6.60599 0.6
      vertex 4.86009 -6.61501 0
      vertex 4.80971 -6.60599 0
    endloop
  endfacet
  facet normal 0.136974 0.990575 -0
    outer loop
      vertex 4.91093 -6.62204 0
      vertex 4.86009 -6.61501 0.6
      vertex 4.91093 -6.62204 0.6
    endloop
  endfacet
  facet normal 0.136974 0.990575 0
    outer loop
      vertex 4.86009 -6.61501 0.6
      vertex 4.91093 -6.62204 0
      vertex 4.86009 -6.61501 0
    endloop
  endfacet
  facet normal 0.0970624 0.995278 -0
    outer loop
      vertex 4.9622 -6.62704 0
      vertex 4.91093 -6.62204 0.6
      vertex 4.9622 -6.62704 0.6
    endloop
  endfacet
  facet normal 0.0970624 0.995278 0
    outer loop
      vertex 4.91093 -6.62204 0.6
      vertex 4.9622 -6.62704 0
      vertex 4.91093 -6.62204 0
    endloop
  endfacet
  facet normal 0.0584844 0.998288 -0
    outer loop
      vertex 5.01392 -6.63007 0
      vertex 4.9622 -6.62704 0.6
      vertex 5.01392 -6.63007 0.6
    endloop
  endfacet
  facet normal 0.0584844 0.998288 0
    outer loop
      vertex 4.9622 -6.62704 0.6
      vertex 5.01392 -6.63007 0
      vertex 4.9622 -6.62704 0
    endloop
  endfacet
  facet normal 0.018973 0.99982 -0
    outer loop
      vertex 5.06609 -6.63106 0
      vertex 5.01392 -6.63007 0.6
      vertex 5.06609 -6.63106 0.6
    endloop
  endfacet
  facet normal 0.018973 0.99982 0
    outer loop
      vertex 5.01392 -6.63007 0.6
      vertex 5.06609 -6.63106 0
      vertex 5.01392 -6.63007 0
    endloop
  endfacet
  facet normal -0.0203936 0.999792 0
    outer loop
      vertex 5.12541 -6.62985 0
      vertex 5.06609 -6.63106 0.6
      vertex 5.12541 -6.62985 0.6
    endloop
  endfacet
  facet normal -0.0203936 0.999792 0
    outer loop
      vertex 5.06609 -6.63106 0.6
      vertex 5.12541 -6.62985 0
      vertex 5.06609 -6.63106 0
    endloop
  endfacet
  facet normal -0.0900775 0.995935 0
    outer loop
      vertex -4.90958 -6.62256 0
      vertex -4.98012 -6.62894 0.6
      vertex -4.90958 -6.62256 0.6
    endloop
  endfacet
  facet normal -0.0900775 0.995935 0
    outer loop
      vertex -4.98012 -6.62894 0.6
      vertex -4.90958 -6.62256 0
      vertex -4.98012 -6.62894 0
    endloop
  endfacet
  facet normal -0.153513 0.988147 0
    outer loop
      vertex -4.84122 -6.61194 0
      vertex -4.90958 -6.62256 0.6
      vertex -4.84122 -6.61194 0.6
    endloop
  endfacet
  facet normal -0.153513 0.988147 0
    outer loop
      vertex -4.90958 -6.62256 0.6
      vertex -4.84122 -6.61194 0
      vertex -4.90958 -6.62256 0
    endloop
  endfacet
  facet normal -0.219442 0.975626 0
    outer loop
      vertex -4.77502 -6.59705 0
      vertex -4.84122 -6.61194 0.6
      vertex -4.77502 -6.59705 0.6
    endloop
  endfacet
  facet normal -0.219442 0.975626 0
    outer loop
      vertex -4.84122 -6.61194 0.6
      vertex -4.77502 -6.59705 0
      vertex -4.84122 -6.61194 0
    endloop
  endfacet
  facet normal -0.286208 0.958168 0
    outer loop
      vertex -4.71101 -6.57793 0
      vertex -4.77502 -6.59705 0.6
      vertex -4.71101 -6.57793 0.6
    endloop
  endfacet
  facet normal -0.286208 0.958168 0
    outer loop
      vertex -4.77502 -6.59705 0.6
      vertex -4.71101 -6.57793 0
      vertex -4.77502 -6.59705 0
    endloop
  endfacet
  facet normal -0.354007 0.935243 0
    outer loop
      vertex -4.64919 -6.55453 0
      vertex -4.71101 -6.57793 0.6
      vertex -4.64919 -6.55453 0.6
    endloop
  endfacet
  facet normal -0.354007 0.935243 0
    outer loop
      vertex -4.71101 -6.57793 0.6
      vertex -4.64919 -6.55453 0
      vertex -4.71101 -6.57793 0
    endloop
  endfacet
  facet normal -0.420186 0.907438 0
    outer loop
      vertex -4.58952 -6.5269 0
      vertex -4.64919 -6.55453 0.6
      vertex -4.58952 -6.5269 0.6
    endloop
  endfacet
  facet normal -0.420186 0.907438 0
    outer loop
      vertex -4.64919 -6.55453 0.6
      vertex -4.58952 -6.5269 0
      vertex -4.64919 -6.55453 0
    endloop
  endfacet
  facet normal -0.478852 0.877896 0
    outer loop
      vertex -4.53221 -6.49564 0
      vertex -4.58952 -6.5269 0.6
      vertex -4.53221 -6.49564 0.6
    endloop
  endfacet
  facet normal -0.478852 0.877896 0
    outer loop
      vertex -4.58952 -6.5269 0.6
      vertex -4.53221 -6.49564 0
      vertex -4.58952 -6.5269 0
    endloop
  endfacet
  facet normal -0.530736 0.847537 0
    outer loop
      vertex -4.47742 -6.46133 0
      vertex -4.53221 -6.49564 0.6
      vertex -4.47742 -6.46133 0.6
    endloop
  endfacet
  facet normal -0.530736 0.847537 0
    outer loop
      vertex -4.53221 -6.49564 0.6
      vertex -4.47742 -6.46133 0
      vertex -4.53221 -6.49564 0
    endloop
  endfacet
  facet normal -0.581106 0.813828 0
    outer loop
      vertex -4.42514 -6.424 0
      vertex -4.47742 -6.46133 0.6
      vertex -4.42514 -6.424 0.6
    endloop
  endfacet
  facet normal -0.581106 0.813828 0
    outer loop
      vertex -4.47742 -6.46133 0.6
      vertex -4.42514 -6.424 0
      vertex -4.47742 -6.46133 0
    endloop
  endfacet
  facet normal -0.62984 0.776725 0
    outer loop
      vertex -4.37538 -6.38365 0
      vertex -4.42514 -6.424 0.6
      vertex -4.37538 -6.38365 0.6
    endloop
  endfacet
  facet normal -0.62984 0.776725 0
    outer loop
      vertex -4.42514 -6.424 0.6
      vertex -4.37538 -6.38365 0
      vertex -4.42514 -6.424 0
    endloop
  endfacet
  facet normal -0.676374 0.736558 0
    outer loop
      vertex -4.32814 -6.34027 0
      vertex -4.37538 -6.38365 0.6
      vertex -4.32814 -6.34027 0.6
    endloop
  endfacet
  facet normal -0.676374 0.736558 0
    outer loop
      vertex -4.37538 -6.38365 0.6
      vertex -4.32814 -6.34027 0
      vertex -4.37538 -6.38365 0
    endloop
  endfacet
  facet normal -0.720171 0.693797 0
    outer loop
      vertex -4.32814 -6.34027 0
      vertex -4.28342 -6.29385 0.6
      vertex -4.28342 -6.29385 0
    endloop
  endfacet
  facet normal -0.720171 0.693797 0
    outer loop
      vertex -4.28342 -6.29385 0.6
      vertex -4.32814 -6.34027 0
      vertex -4.32814 -6.34027 0.6
    endloop
  endfacet
  facet normal -0.760461 0.649384 0
    outer loop
      vertex -4.28342 -6.29385 0
      vertex -4.24121 -6.24442 0.6
      vertex -4.24121 -6.24442 0
    endloop
  endfacet
  facet normal -0.760461 0.649384 0
    outer loop
      vertex -4.24121 -6.24442 0.6
      vertex -4.28342 -6.29385 0
      vertex -4.28342 -6.29385 0.6
    endloop
  endfacet
  facet normal -0.796745 0.604316 0
    outer loop
      vertex -4.24121 -6.24442 0
      vertex -4.20164 -6.19225 0.6
      vertex -4.20164 -6.19225 0
    endloop
  endfacet
  facet normal -0.796745 0.604316 0
    outer loop
      vertex -4.20164 -6.19225 0.6
      vertex -4.24121 -6.24442 0
      vertex -4.24121 -6.24442 0.6
    endloop
  endfacet
  facet normal -0.82926 0.558863 0
    outer loop
      vertex -4.20164 -6.19225 0
      vertex -4.16483 -6.13763 0.6
      vertex -4.16483 -6.13763 0
    endloop
  endfacet
  facet normal -0.82926 0.558863 0
    outer loop
      vertex -4.16483 -6.13763 0.6
      vertex -4.20164 -6.19225 0
      vertex -4.20164 -6.19225 0.6
    endloop
  endfacet
  facet normal -0.858738 0.512415 0
    outer loop
      vertex -4.16483 -6.13763 0
      vertex -4.13077 -6.08055 0.6
      vertex -4.13077 -6.08055 0
    endloop
  endfacet
  facet normal -0.858738 0.512415 0
    outer loop
      vertex -4.13077 -6.08055 0.6
      vertex -4.16483 -6.13763 0
      vertex -4.16483 -6.13763 0.6
    endloop
  endfacet
  facet normal -0.884986 0.465618 0
    outer loop
      vertex -4.13077 -6.08055 0
      vertex -4.09946 -6.02104 0.6
      vertex -4.09946 -6.02104 0
    endloop
  endfacet
  facet normal -0.884986 0.465618 0
    outer loop
      vertex -4.09946 -6.02104 0.6
      vertex -4.13077 -6.08055 0
      vertex -4.13077 -6.08055 0.6
    endloop
  endfacet
  facet normal -0.908272 0.41838 0
    outer loop
      vertex -4.09946 -6.02104 0
      vertex -4.07091 -5.95906 0.6
      vertex -4.07091 -5.95906 0
    endloop
  endfacet
  facet normal -0.908272 0.41838 0
    outer loop
      vertex -4.07091 -5.95906 0.6
      vertex -4.09946 -6.02104 0
      vertex -4.09946 -6.02104 0.6
    endloop
  endfacet
  facet normal -0.928248 0.371962 0
    outer loop
      vertex -4.07091 -5.95906 0
      vertex -4.0451 -5.89465 0.6
      vertex -4.0451 -5.89465 0
    endloop
  endfacet
  facet normal -0.928248 0.371962 0
    outer loop
      vertex -4.0451 -5.89465 0.6
      vertex -4.07091 -5.95906 0
      vertex -4.07091 -5.95906 0.6
    endloop
  endfacet
  facet normal -0.945439 0.325799 0
    outer loop
      vertex -4.0451 -5.89465 0
      vertex -4.02206 -5.82779 0.6
      vertex -4.02206 -5.82779 0
    endloop
  endfacet
  facet normal -0.945439 0.325799 0
    outer loop
      vertex -4.02206 -5.82779 0.6
      vertex -4.0451 -5.89465 0
      vertex -4.0451 -5.89465 0.6
    endloop
  endfacet
  facet normal -0.959738 0.280896 0
    outer loop
      vertex -4.02206 -5.82779 0
      vertex -4.00195 -5.75908 0.6
      vertex -4.00195 -5.75908 0
    endloop
  endfacet
  facet normal -0.959738 0.280896 0
    outer loop
      vertex -4.00195 -5.75908 0.6
      vertex -4.02206 -5.82779 0
      vertex -4.02206 -5.82779 0.6
    endloop
  endfacet
  facet normal -0.971604 0.236614 0
    outer loop
      vertex -4.00195 -5.75908 0
      vertex -3.98492 -5.68915 0.6
      vertex -3.98492 -5.68915 0
    endloop
  endfacet
  facet normal -0.971604 0.236614 0
    outer loop
      vertex -3.98492 -5.68915 0.6
      vertex -4.00195 -5.75908 0
      vertex -4.00195 -5.75908 0.6
    endloop
  endfacet
  facet normal -0.98142 0.19187 0
    outer loop
      vertex -3.98492 -5.68915 0
      vertex -3.97101 -5.618 0.6
      vertex -3.97101 -5.618 0
    endloop
  endfacet
  facet normal -0.98142 0.19187 0
    outer loop
      vertex -3.97101 -5.618 0.6
      vertex -3.98492 -5.68915 0
      vertex -3.98492 -5.68915 0.6
    endloop
  endfacet
  facet normal -0.98897 0.148113 0
    outer loop
      vertex -3.97101 -5.618 0
      vertex -3.96017 -5.54562 0.6
      vertex -3.96017 -5.54562 0
    endloop
  endfacet
  facet normal -0.98897 0.148113 0
    outer loop
      vertex -3.96017 -5.54562 0.6
      vertex -3.97101 -5.618 0
      vertex -3.97101 -5.618 0.6
    endloop
  endfacet
  facet normal -0.994528 0.104467 0
    outer loop
      vertex -3.96017 -5.54562 0
      vertex -3.95244 -5.47203 0.6
      vertex -3.95244 -5.47203 0
    endloop
  endfacet
  facet normal -0.994528 0.104467 0
    outer loop
      vertex -3.95244 -5.47203 0.6
      vertex -3.96017 -5.54562 0
      vertex -3.96017 -5.54562 0.6
    endloop
  endfacet
  facet normal -0.998082 0.0619048 0
    outer loop
      vertex -3.95244 -5.47203 0
      vertex -3.9478 -5.39722 0.6
      vertex -3.9478 -5.39722 0
    endloop
  endfacet
  facet normal -0.998082 0.0619048 0
    outer loop
      vertex -3.9478 -5.39722 0.6
      vertex -3.95244 -5.47203 0
      vertex -3.95244 -5.47203 0.6
    endloop
  endfacet
  facet normal -0.99979 0.0205112 0
    outer loop
      vertex -3.9478 -5.39722 0
      vertex -3.94624 -5.32118 0.6
      vertex -3.94624 -5.32118 0
    endloop
  endfacet
  facet normal -0.99979 0.0205112 0
    outer loop
      vertex -3.94624 -5.32118 0.6
      vertex -3.9478 -5.39722 0
      vertex -3.9478 -5.39722 0.6
    endloop
  endfacet
  facet normal -0.999805 -0.0197468 0
    outer loop
      vertex -3.94624 -5.32118 0
      vertex -3.94765 -5.24979 0.6
      vertex -3.94765 -5.24979 0
    endloop
  endfacet
  facet normal -0.999805 -0.0197468 0
    outer loop
      vertex -3.94765 -5.24979 0.6
      vertex -3.94624 -5.32118 0
      vertex -3.94624 -5.32118 0.6
    endloop
  endfacet
  facet normal -0.998241 -0.0592874 0
    outer loop
      vertex -3.94765 -5.24979 0
      vertex -3.95183 -5.17941 0.6
      vertex -3.95183 -5.17941 0
    endloop
  endfacet
  facet normal -0.998241 -0.0592874 0
    outer loop
      vertex -3.95183 -5.17941 0.6
      vertex -3.94765 -5.24979 0
      vertex -3.94765 -5.24979 0.6
    endloop
  endfacet
  facet normal -0.994987 -0.100001 0
    outer loop
      vertex -3.95183 -5.17941 0
      vertex -3.9588 -5.11006 0.6
      vertex -3.9588 -5.11006 0
    endloop
  endfacet
  facet normal -0.994987 -0.100001 0
    outer loop
      vertex -3.9588 -5.11006 0.6
      vertex -3.95183 -5.17941 0
      vertex -3.95183 -5.17941 0.6
    endloop
  endfacet
  facet normal -0.989973 -0.141259 0
    outer loop
      vertex -3.9588 -5.11006 0
      vertex -3.96855 -5.04173 0.6
      vertex -3.96855 -5.04173 0
    endloop
  endfacet
  facet normal -0.989973 -0.141259 0
    outer loop
      vertex -3.96855 -5.04173 0.6
      vertex -3.9588 -5.11006 0
      vertex -3.9588 -5.11006 0.6
    endloop
  endfacet
  facet normal -0.983027 -0.183459 0
    outer loop
      vertex -3.96855 -5.04173 0
      vertex -3.98111 -4.97443 0.6
      vertex -3.98111 -4.97443 0
    endloop
  endfacet
  facet normal -0.983027 -0.183459 0
    outer loop
      vertex -3.98111 -4.97443 0.6
      vertex -3.96855 -5.04173 0
      vertex -3.96855 -5.04173 0.6
    endloop
  endfacet
  facet normal -0.974287 -0.22531 0
    outer loop
      vertex -3.98111 -4.97443 0
      vertex -3.99644 -4.90814 0.6
      vertex -3.99644 -4.90814 0
    endloop
  endfacet
  facet normal -0.974287 -0.22531 0
    outer loop
      vertex -3.99644 -4.90814 0.6
      vertex -3.98111 -4.97443 0
      vertex -3.98111 -4.97443 0.6
    endloop
  endfacet
  facet normal -0.963509 -0.267674 0
    outer loop
      vertex -3.99644 -4.90814 0
      vertex -4.01457 -4.84288 0.6
      vertex -4.01457 -4.84288 0
    endloop
  endfacet
  facet normal -0.963509 -0.267674 0
    outer loop
      vertex -4.01457 -4.84288 0.6
      vertex -3.99644 -4.90814 0
      vertex -3.99644 -4.90814 0.6
    endloop
  endfacet
  facet normal -0.949546 -0.313629 0
    outer loop
      vertex -4.01457 -4.84288 0
      vertex -4.03558 -4.77927 0.6
      vertex -4.03558 -4.77927 0
    endloop
  endfacet
  facet normal -0.949546 -0.313629 0
    outer loop
      vertex -4.03558 -4.77927 0.6
      vertex -4.01457 -4.84288 0
      vertex -4.01457 -4.84288 0.6
    endloop
  endfacet
  facet normal -0.931462 -0.363838 0
    outer loop
      vertex -4.03558 -4.77927 0
      vertex -4.05954 -4.71793 0.6
      vertex -4.05954 -4.71793 0
    endloop
  endfacet
  facet normal -0.931462 -0.363838 0
    outer loop
      vertex -4.05954 -4.71793 0.6
      vertex -4.03558 -4.77927 0
      vertex -4.03558 -4.77927 0.6
    endloop
  endfacet
  facet normal -0.90996 -0.414696 0
    outer loop
      vertex -4.05954 -4.71793 0
      vertex -4.08646 -4.65886 0.6
      vertex -4.08646 -4.65886 0
    endloop
  endfacet
  facet normal -0.90996 -0.414696 0
    outer loop
      vertex -4.08646 -4.65886 0.6
      vertex -4.05954 -4.71793 0
      vertex -4.05954 -4.71793 0.6
    endloop
  endfacet
  facet normal -0.885009 -0.465573 0
    outer loop
      vertex -4.08646 -4.65886 0
      vertex -4.11633 -4.60208 0.6
      vertex -4.11633 -4.60208 0
    endloop
  endfacet
  facet normal -0.885009 -0.465573 0
    outer loop
      vertex -4.11633 -4.60208 0.6
      vertex -4.08646 -4.65886 0
      vertex -4.08646 -4.65886 0.6
    endloop
  endfacet
  facet normal -0.856521 -0.516113 0
    outer loop
      vertex -4.11633 -4.60208 0
      vertex -4.14917 -4.54758 0.6
      vertex -4.14917 -4.54758 0
    endloop
  endfacet
  facet normal -0.856521 -0.516113 0
    outer loop
      vertex -4.14917 -4.54758 0.6
      vertex -4.11633 -4.60208 0
      vertex -4.11633 -4.60208 0.6
    endloop
  endfacet
  facet normal -0.824986 -0.565154 0
    outer loop
      vertex -4.14917 -4.54758 0
      vertex -4.18495 -4.49535 0.6
      vertex -4.18495 -4.49535 0
    endloop
  endfacet
  facet normal -0.824986 -0.565154 0
    outer loop
      vertex -4.18495 -4.49535 0.6
      vertex -4.14917 -4.54758 0
      vertex -4.14917 -4.54758 0.6
    endloop
  endfacet
  facet normal -0.790042 -0.613053 0
    outer loop
      vertex -4.18495 -4.49535 0
      vertex -4.22371 -4.4454 0.6
      vertex -4.22371 -4.4454 0
    endloop
  endfacet
  facet normal -0.790042 -0.613053 0
    outer loop
      vertex -4.22371 -4.4454 0.6
      vertex -4.18495 -4.49535 0
      vertex -4.18495 -4.49535 0.6
    endloop
  endfacet
  facet normal -0.750138 -0.661281 0
    outer loop
      vertex -4.22371 -4.4454 0
      vertex -4.26546 -4.39804 0.6
      vertex -4.26546 -4.39804 0
    endloop
  endfacet
  facet normal -0.750138 -0.661281 0
    outer loop
      vertex -4.26546 -4.39804 0.6
      vertex -4.22371 -4.4454 0
      vertex -4.22371 -4.4454 0.6
    endloop
  endfacet
  facet normal -0.704726 -0.709479 0
    outer loop
      vertex -4.31024 -4.35356 0
      vertex -4.26546 -4.39804 0.6
      vertex -4.31024 -4.35356 0.6
    endloop
  endfacet
  facet normal -0.704726 -0.709479 -0
    outer loop
      vertex -4.26546 -4.39804 0.6
      vertex -4.31024 -4.35356 0
      vertex -4.26546 -4.39804 0
    endloop
  endfacet
  facet normal -0.656233 -0.754558 0
    outer loop
      vertex -4.35805 -4.31198 0
      vertex -4.31024 -4.35356 0.6
      vertex -4.35805 -4.31198 0.6
    endloop
  endfacet
  facet normal -0.656233 -0.754558 -0
    outer loop
      vertex -4.31024 -4.35356 0.6
      vertex -4.35805 -4.31198 0
      vertex -4.31024 -4.35356 0
    endloop
  endfacet
  facet normal -0.605647 -0.795734 0
    outer loop
      vertex -4.40887 -4.2733 0
      vertex -4.35805 -4.31198 0.6
      vertex -4.40887 -4.2733 0.6
    endloop
  endfacet
  facet normal -0.605647 -0.795734 -0
    outer loop
      vertex -4.35805 -4.31198 0.6
      vertex -4.40887 -4.2733 0
      vertex -4.35805 -4.31198 0
    endloop
  endfacet
  facet normal -0.553487 -0.832858 0
    outer loop
      vertex -4.46274 -4.2375 0
      vertex -4.40887 -4.2733 0.6
      vertex -4.46274 -4.2375 0.6
    endloop
  endfacet
  facet normal -0.553487 -0.832858 -0
    outer loop
      vertex -4.40887 -4.2733 0.6
      vertex -4.46274 -4.2375 0
      vertex -4.40887 -4.2733 0
    endloop
  endfacet
  facet normal -0.500802 -0.865562 0
    outer loop
      vertex -4.51962 -4.20459 0
      vertex -4.46274 -4.2375 0.6
      vertex -4.51962 -4.20459 0.6
    endloop
  endfacet
  facet normal -0.500802 -0.865562 -0
    outer loop
      vertex -4.46274 -4.2375 0.6
      vertex -4.51962 -4.20459 0
      vertex -4.46274 -4.2375 0
    endloop
  endfacet
  facet normal -0.44787 -0.894099 0
    outer loop
      vertex -4.57953 -4.17458 0
      vertex -4.51962 -4.20459 0.6
      vertex -4.57953 -4.17458 0.6
    endloop
  endfacet
  facet normal -0.44787 -0.894099 -0
    outer loop
      vertex -4.51962 -4.20459 0.6
      vertex -4.57953 -4.17458 0
      vertex -4.51962 -4.20459 0
    endloop
  endfacet
  facet normal -0.387822 -0.921734 0
    outer loop
      vertex -4.64256 -4.14806 0
      vertex -4.57953 -4.17458 0.6
      vertex -4.64256 -4.14806 0.6
    endloop
  endfacet
  facet normal -0.387822 -0.921734 -0
    outer loop
      vertex -4.57953 -4.17458 0.6
      vertex -4.64256 -4.14806 0
      vertex -4.57953 -4.17458 0
    endloop
  endfacet
  facet normal -0.321028 -0.94707 0
    outer loop
      vertex -4.70879 -4.12561 0
      vertex -4.64256 -4.14806 0.6
      vertex -4.70879 -4.12561 0.6
    endloop
  endfacet
  facet normal -0.321028 -0.94707 -0
    outer loop
      vertex -4.64256 -4.14806 0.6
      vertex -4.70879 -4.12561 0
      vertex -4.64256 -4.14806 0
    endloop
  endfacet
  facet normal -0.25585 -0.966716 0
    outer loop
      vertex -4.7782 -4.10724 0
      vertex -4.70879 -4.12561 0.6
      vertex -4.7782 -4.10724 0.6
    endloop
  endfacet
  facet normal -0.25585 -0.966716 -0
    outer loop
      vertex -4.70879 -4.12561 0.6
      vertex -4.7782 -4.10724 0
      vertex -4.70879 -4.12561 0
    endloop
  endfacet
  facet normal -0.192971 -0.981205 0
    outer loop
      vertex -4.85081 -4.09296 0
      vertex -4.7782 -4.10724 0.6
      vertex -4.85081 -4.09296 0.6
    endloop
  endfacet
  facet normal -0.192971 -0.981205 -0
    outer loop
      vertex -4.7782 -4.10724 0.6
      vertex -4.85081 -4.09296 0
      vertex -4.7782 -4.10724 0
    endloop
  endfacet
  facet normal -0.133345 -0.99107 0
    outer loop
      vertex -4.92662 -4.08276 0
      vertex -4.85081 -4.09296 0.6
      vertex -4.92662 -4.08276 0.6
    endloop
  endfacet
  facet normal -0.133345 -0.99107 -0
    outer loop
      vertex -4.85081 -4.09296 0.6
      vertex -4.92662 -4.08276 0
      vertex -4.85081 -4.09296 0
    endloop
  endfacet
  facet normal -0.0772272 -0.997014 0
    outer loop
      vertex -5.00563 -4.07664 0
      vertex -4.92662 -4.08276 0.6
      vertex -5.00563 -4.07664 0.6
    endloop
  endfacet
  facet normal -0.0772272 -0.997014 -0
    outer loop
      vertex -4.92662 -4.08276 0.6
      vertex -5.00563 -4.07664 0
      vertex -4.92662 -4.08276 0
    endloop
  endfacet
  facet normal -0.0248099 -0.999692 0
    outer loop
      vertex -5.08783 -4.0746 0
      vertex -5.00563 -4.07664 0.6
      vertex -5.08783 -4.0746 0.6
    endloop
  endfacet
  facet normal -0.0248099 -0.999692 -0
    outer loop
      vertex -5.00563 -4.07664 0.6
      vertex -5.08783 -4.0746 0
      vertex -5.00563 -4.07664 0
    endloop
  endfacet
  facet normal 0.0247344 -0.999694 0
    outer loop
      vertex -5.14886 -4.07611 0
      vertex -5.08783 -4.0746 0.6
      vertex -5.14886 -4.07611 0.6
    endloop
  endfacet
  facet normal 0.0247344 -0.999694 0
    outer loop
      vertex -5.08783 -4.0746 0.6
      vertex -5.14886 -4.07611 0
      vertex -5.08783 -4.0746 0
    endloop
  endfacet
  facet normal 0.0752918 -0.997162 0
    outer loop
      vertex -5.20912 -4.08066 0
      vertex -5.14886 -4.07611 0.6
      vertex -5.20912 -4.08066 0.6
    endloop
  endfacet
  facet normal 0.0752918 -0.997162 0
    outer loop
      vertex -5.14886 -4.07611 0.6
      vertex -5.20912 -4.08066 0
      vertex -5.14886 -4.07611 0
    endloop
  endfacet
  facet normal 0.126272 -0.991996 0
    outer loop
      vertex -5.26859 -4.08823 0
      vertex -5.20912 -4.08066 0.6
      vertex -5.26859 -4.08823 0.6
    endloop
  endfacet
  facet normal 0.126272 -0.991996 0
    outer loop
      vertex -5.20912 -4.08066 0.6
      vertex -5.26859 -4.08823 0
      vertex -5.20912 -4.08066 0
    endloop
  endfacet
  facet normal 0.177601 -0.984103 0
    outer loop
      vertex -5.32727 -4.09882 0
      vertex -5.26859 -4.08823 0.6
      vertex -5.32727 -4.09882 0.6
    endloop
  endfacet
  facet normal 0.177601 -0.984103 0
    outer loop
      vertex -5.26859 -4.08823 0.6
      vertex -5.32727 -4.09882 0
      vertex -5.26859 -4.08823 0
    endloop
  endfacet
  facet normal 0.228786 -0.973477 0
    outer loop
      vertex -5.38518 -4.11243 0
      vertex -5.32727 -4.09882 0.6
      vertex -5.38518 -4.11243 0.6
    endloop
  endfacet
  facet normal 0.228786 -0.973477 0
    outer loop
      vertex -5.32727 -4.09882 0.6
      vertex -5.38518 -4.11243 0
      vertex -5.32727 -4.09882 0
    endloop
  endfacet
  facet normal 0.279955 -0.960013 0
    outer loop
      vertex -5.44231 -4.12909 0
      vertex -5.38518 -4.11243 0.6
      vertex -5.44231 -4.12909 0.6
    endloop
  endfacet
  facet normal 0.279955 -0.960013 0
    outer loop
      vertex -5.38518 -4.11243 0.6
      vertex -5.44231 -4.12909 0
      vertex -5.38518 -4.11243 0
    endloop
  endfacet
  facet normal 0.329671 -0.944096 0
    outer loop
      vertex -5.49864 -4.14876 0
      vertex -5.44231 -4.12909 0.6
      vertex -5.49864 -4.14876 0.6
    endloop
  endfacet
  facet normal 0.329671 -0.944096 0
    outer loop
      vertex -5.44231 -4.12909 0.6
      vertex -5.49864 -4.14876 0
      vertex -5.44231 -4.12909 0
    endloop
  endfacet
  facet normal 0.379505 -0.92519 0
    outer loop
      vertex -5.55359 -4.1713 0
      vertex -5.49864 -4.14876 0.6
      vertex -5.55359 -4.1713 0.6
    endloop
  endfacet
  facet normal 0.379505 -0.92519 0
    outer loop
      vertex -5.49864 -4.14876 0.6
      vertex -5.55359 -4.1713 0
      vertex -5.49864 -4.14876 0
    endloop
  endfacet
  facet normal 0.429867 -0.902892 0
    outer loop
      vertex -5.60652 -4.1965 0
      vertex -5.55359 -4.1713 0.6
      vertex -5.60652 -4.1965 0.6
    endloop
  endfacet
  facet normal 0.429867 -0.902892 0
    outer loop
      vertex -5.55359 -4.1713 0.6
      vertex -5.60652 -4.1965 0
      vertex -5.55359 -4.1713 0
    endloop
  endfacet
  facet normal 0.480504 -0.876993 0
    outer loop
      vertex -5.65746 -4.22441 0
      vertex -5.60652 -4.1965 0.6
      vertex -5.65746 -4.22441 0.6
    endloop
  endfacet
  facet normal 0.480504 -0.876993 0
    outer loop
      vertex -5.60652 -4.1965 0.6
      vertex -5.65746 -4.22441 0
      vertex -5.60652 -4.1965 0
    endloop
  endfacet
  facet normal 0.530186 -0.847881 0
    outer loop
      vertex -5.70638 -4.255 0
      vertex -5.65746 -4.22441 0.6
      vertex -5.70638 -4.255 0.6
    endloop
  endfacet
  facet normal 0.530186 -0.847881 0
    outer loop
      vertex -5.65746 -4.22441 0.6
      vertex -5.70638 -4.255 0
      vertex -5.65746 -4.22441 0
    endloop
  endfacet
  facet normal 0.578538 -0.815655 0
    outer loop
      vertex -5.7533 -4.28828 0
      vertex -5.70638 -4.255 0.6
      vertex -5.7533 -4.28828 0.6
    endloop
  endfacet
  facet normal 0.578538 -0.815655 0
    outer loop
      vertex -5.70638 -4.255 0.6
      vertex -5.7533 -4.28828 0
      vertex -5.70638 -4.255 0
    endloop
  endfacet
  facet normal 0.625055 -0.780581 0
    outer loop
      vertex -5.79822 -4.32425 0
      vertex -5.7533 -4.28828 0.6
      vertex -5.79822 -4.32425 0.6
    endloop
  endfacet
  facet normal 0.625055 -0.780581 0
    outer loop
      vertex -5.7533 -4.28828 0.6
      vertex -5.79822 -4.32425 0
      vertex -5.7533 -4.28828 0
    endloop
  endfacet
  facet normal 0.669452 -0.742855 0
    outer loop
      vertex -5.84113 -4.36292 0
      vertex -5.79822 -4.32425 0.6
      vertex -5.84113 -4.36292 0.6
    endloop
  endfacet
  facet normal 0.669452 -0.742855 0
    outer loop
      vertex -5.79822 -4.32425 0.6
      vertex -5.84113 -4.36292 0
      vertex -5.79822 -4.32425 0
    endloop
  endfacet
  facet normal 0.761688 0.647944 0
    outer loop
      vertex -5.59447 -4.65288 0.6
      vertex -5.84113 -4.36292 0
      vertex -5.84113 -4.36292 0.6
    endloop
  endfacet
  facet normal 0.761688 0.647944 0
    outer loop
      vertex -5.84113 -4.36292 0
      vertex -5.59447 -4.65288 0.6
      vertex -5.59447 -4.65288 0
    endloop
  endfacet
  facet normal -0.549937 0.835206 0
    outer loop
      vertex -5.57866 -4.64247 0
      vertex -5.59447 -4.65288 0.6
      vertex -5.57866 -4.64247 0.6
    endloop
  endfacet
  facet normal -0.549937 0.835206 0
    outer loop
      vertex -5.59447 -4.65288 0.6
      vertex -5.57866 -4.64247 0
      vertex -5.59447 -4.65288 0
    endloop
  endfacet
  facet normal -0.539695 0.841861 0
    outer loop
      vertex -5.56264 -4.6322 0
      vertex -5.57866 -4.64247 0.6
      vertex -5.56264 -4.6322 0.6
    endloop
  endfacet
  facet normal -0.539695 0.841861 0
    outer loop
      vertex -5.57866 -4.64247 0.6
      vertex -5.56264 -4.6322 0
      vertex -5.57866 -4.64247 0
    endloop
  endfacet
  facet normal -0.529247 0.848468 0
    outer loop
      vertex -5.5464 -4.62207 0
      vertex -5.56264 -4.6322 0.6
      vertex -5.5464 -4.62207 0.6
    endloop
  endfacet
  facet normal -0.529247 0.848468 0
    outer loop
      vertex -5.56264 -4.6322 0.6
      vertex -5.5464 -4.62207 0
      vertex -5.56264 -4.6322 0
    endloop
  endfacet
  facet normal -0.519534 0.85445 0
    outer loop
      vertex -5.52997 -4.61208 0
      vertex -5.5464 -4.62207 0.6
      vertex -5.52997 -4.61208 0.6
    endloop
  endfacet
  facet normal -0.519534 0.85445 0
    outer loop
      vertex -5.5464 -4.62207 0.6
      vertex -5.52997 -4.61208 0
      vertex -5.5464 -4.62207 0
    endloop
  endfacet
  facet normal -0.510001 0.860174 0
    outer loop
      vertex -5.51334 -4.60222 0
      vertex -5.52997 -4.61208 0.6
      vertex -5.51334 -4.60222 0.6
    endloop
  endfacet
  facet normal -0.510001 0.860174 0
    outer loop
      vertex -5.52997 -4.61208 0.6
      vertex -5.51334 -4.60222 0
      vertex -5.52997 -4.61208 0
    endloop
  endfacet
  facet normal -0.500894 0.865508 0
    outer loop
      vertex -5.49651 -4.59248 0
      vertex -5.51334 -4.60222 0.6
      vertex -5.49651 -4.59248 0.6
    endloop
  endfacet
  facet normal -0.500894 0.865508 0
    outer loop
      vertex -5.51334 -4.60222 0.6
      vertex -5.49651 -4.59248 0
      vertex -5.51334 -4.60222 0
    endloop
  endfacet
  facet normal -0.489848 0.871808 0
    outer loop
      vertex -5.47946 -4.5829 0
      vertex -5.49651 -4.59248 0.6
      vertex -5.47946 -4.5829 0.6
    endloop
  endfacet
  facet normal -0.489848 0.871808 0
    outer loop
      vertex -5.49651 -4.59248 0.6
      vertex -5.47946 -4.5829 0
      vertex -5.49651 -4.59248 0
    endloop
  endfacet
  facet normal -0.478816 0.877915 0
    outer loop
      vertex -5.46228 -4.57353 0
      vertex -5.47946 -4.5829 0.6
      vertex -5.46228 -4.57353 0.6
    endloop
  endfacet
  facet normal -0.478816 0.877915 0
    outer loop
      vertex -5.47946 -4.5829 0.6
      vertex -5.46228 -4.57353 0
      vertex -5.47946 -4.5829 0
    endloop
  endfacet
  facet normal -0.461724 0.887024 0
    outer loop
      vertex -5.44499 -4.56453 0
      vertex -5.46228 -4.57353 0.6
      vertex -5.44499 -4.56453 0.6
    endloop
  endfacet
  facet normal -0.461724 0.887024 0
    outer loop
      vertex -5.46228 -4.57353 0.6
      vertex -5.44499 -4.56453 0
      vertex -5.46228 -4.57353 0
    endloop
  endfacet
  facet normal -0.446596 0.894736 0
    outer loop
      vertex -5.4276 -4.55585 0
      vertex -5.44499 -4.56453 0.6
      vertex -5.4276 -4.55585 0.6
    endloop
  endfacet
  facet normal -0.446596 0.894736 0
    outer loop
      vertex -5.44499 -4.56453 0.6
      vertex -5.4276 -4.55585 0
      vertex -5.44499 -4.56453 0
    endloop
  endfacet
  facet normal -0.429793 0.902927 0
    outer loop
      vertex -5.4101 -4.54752 0
      vertex -5.4276 -4.55585 0.6
      vertex -5.4101 -4.54752 0.6
    endloop
  endfacet
  facet normal -0.429793 0.902927 0
    outer loop
      vertex -5.4276 -4.55585 0.6
      vertex -5.4101 -4.54752 0
      vertex -5.4276 -4.55585 0
    endloop
  endfacet
  facet normal -0.412945 0.910756 0
    outer loop
      vertex -5.3925 -4.53954 0
      vertex -5.4101 -4.54752 0.6
      vertex -5.3925 -4.53954 0.6
    endloop
  endfacet
  facet normal -0.412945 0.910756 0
    outer loop
      vertex -5.4101 -4.54752 0.6
      vertex -5.3925 -4.53954 0
      vertex -5.4101 -4.54752 0
    endloop
  endfacet
  facet normal -0.397171 0.917745 0
    outer loop
      vertex -5.3748 -4.53188 0
      vertex -5.3925 -4.53954 0.6
      vertex -5.3748 -4.53188 0.6
    endloop
  endfacet
  facet normal -0.397171 0.917745 0
    outer loop
      vertex -5.3925 -4.53954 0.6
      vertex -5.3748 -4.53188 0
      vertex -5.3925 -4.53954 0
    endloop
  endfacet
  facet normal -0.379705 0.925108 0
    outer loop
      vertex -5.35699 -4.52457 0
      vertex -5.3748 -4.53188 0.6
      vertex -5.35699 -4.52457 0.6
    endloop
  endfacet
  facet normal -0.379705 0.925108 0
    outer loop
      vertex -5.3748 -4.53188 0.6
      vertex -5.35699 -4.52457 0
      vertex -5.3748 -4.53188 0
    endloop
  endfacet
  facet normal -0.36227 0.932073 0
    outer loop
      vertex -5.33916 -4.51764 0
      vertex -5.35699 -4.52457 0.6
      vertex -5.33916 -4.51764 0.6
    endloop
  endfacet
  facet normal -0.36227 0.932073 0
    outer loop
      vertex -5.35699 -4.52457 0.6
      vertex -5.33916 -4.51764 0
      vertex -5.35699 -4.52457 0
    endloop
  endfacet
  facet normal -0.345168 0.938541 0
    outer loop
      vertex -5.32135 -4.51109 0
      vertex -5.33916 -4.51764 0.6
      vertex -5.32135 -4.51109 0.6
    endloop
  endfacet
  facet normal -0.345168 0.938541 0
    outer loop
      vertex -5.33916 -4.51764 0.6
      vertex -5.32135 -4.51109 0
      vertex -5.33916 -4.51764 0
    endloop
  endfacet
  facet normal -0.325466 0.945554 0
    outer loop
      vertex -5.30357 -4.50497 0
      vertex -5.32135 -4.51109 0.6
      vertex -5.30357 -4.50497 0.6
    endloop
  endfacet
  facet normal -0.325466 0.945554 0
    outer loop
      vertex -5.32135 -4.51109 0.6
      vertex -5.30357 -4.50497 0
      vertex -5.32135 -4.51109 0
    endloop
  endfacet
  facet normal -0.305905 0.952062 0
    outer loop
      vertex -5.28583 -4.49927 0
      vertex -5.30357 -4.50497 0.6
      vertex -5.28583 -4.49927 0.6
    endloop
  endfacet
  facet normal -0.305905 0.952062 0
    outer loop
      vertex -5.30357 -4.50497 0.6
      vertex -5.28583 -4.49927 0
      vertex -5.30357 -4.50497 0
    endloop
  endfacet
  facet normal -0.287348 0.957826 0
    outer loop
      vertex -5.26813 -4.49396 0
      vertex -5.28583 -4.49927 0.6
      vertex -5.26813 -4.49396 0.6
    endloop
  endfacet
  facet normal -0.287348 0.957826 0
    outer loop
      vertex -5.28583 -4.49927 0.6
      vertex -5.26813 -4.49396 0
      vertex -5.28583 -4.49927 0
    endloop
  endfacet
  facet normal -0.267222 0.963635 0
    outer loop
      vertex -5.25046 -4.48906 0
      vertex -5.26813 -4.49396 0.6
      vertex -5.25046 -4.48906 0.6
    endloop
  endfacet
  facet normal -0.267222 0.963635 0
    outer loop
      vertex -5.26813 -4.49396 0.6
      vertex -5.25046 -4.48906 0
      vertex -5.26813 -4.49396 0
    endloop
  endfacet
  facet normal -0.247186 0.968968 0
    outer loop
      vertex -5.23282 -4.48456 0
      vertex -5.25046 -4.48906 0.6
      vertex -5.23282 -4.48456 0.6
    endloop
  endfacet
  facet normal -0.247186 0.968968 0
    outer loop
      vertex -5.25046 -4.48906 0.6
      vertex -5.23282 -4.48456 0
      vertex -5.25046 -4.48906 0
    endloop
  endfacet
  facet normal -0.220995 0.975275 0
    outer loop
      vertex -5.2153 -4.48059 0
      vertex -5.23282 -4.48456 0.6
      vertex -5.2153 -4.48059 0.6
    endloop
  endfacet
  facet normal -0.220995 0.975275 0
    outer loop
      vertex -5.23282 -4.48456 0.6
      vertex -5.2153 -4.48059 0
      vertex -5.23282 -4.48456 0
    endloop
  endfacet
  facet normal -0.190991 0.981592 0
    outer loop
      vertex -5.19798 -4.47722 0
      vertex -5.2153 -4.48059 0.6
      vertex -5.19798 -4.47722 0.6
    endloop
  endfacet
  facet normal -0.190991 0.981592 0
    outer loop
      vertex -5.2153 -4.48059 0.6
      vertex -5.19798 -4.47722 0
      vertex -5.2153 -4.48059 0
    endloop
  endfacet
  facet normal -0.159341 0.987224 0
    outer loop
      vertex -5.18088 -4.47446 0
      vertex -5.19798 -4.47722 0.6
      vertex -5.18088 -4.47446 0.6
    endloop
  endfacet
  facet normal -0.159341 0.987224 0
    outer loop
      vertex -5.19798 -4.47722 0.6
      vertex -5.18088 -4.47446 0
      vertex -5.19798 -4.47722 0
    endloop
  endfacet
  facet normal -0.125697 0.992069 0
    outer loop
      vertex -5.16399 -4.47232 0
      vertex -5.18088 -4.47446 0.6
      vertex -5.16399 -4.47232 0.6
    endloop
  endfacet
  facet normal -0.125697 0.992069 0
    outer loop
      vertex -5.18088 -4.47446 0.6
      vertex -5.16399 -4.47232 0
      vertex -5.18088 -4.47446 0
    endloop
  endfacet
  facet normal -0.0911805 0.995834 0
    outer loop
      vertex -5.14728 -4.47079 0
      vertex -5.16399 -4.47232 0.6
      vertex -5.14728 -4.47079 0.6
    endloop
  endfacet
  facet normal -0.0911805 0.995834 0
    outer loop
      vertex -5.16399 -4.47232 0.6
      vertex -5.14728 -4.47079 0
      vertex -5.16399 -4.47232 0
    endloop
  endfacet
  facet normal -0.0550678 0.998483 0
    outer loop
      vertex -5.13078 -4.46988 0
      vertex -5.14728 -4.47079 0.6
      vertex -5.13078 -4.46988 0.6
    endloop
  endfacet
  facet normal -0.0550678 0.998483 0
    outer loop
      vertex -5.14728 -4.47079 0.6
      vertex -5.13078 -4.46988 0
      vertex -5.14728 -4.47079 0
    endloop
  endfacet
  facet normal -0.0196522 0.999807 0
    outer loop
      vertex -5.1145 -4.46956 0
      vertex -5.13078 -4.46988 0.6
      vertex -5.1145 -4.46956 0.6
    endloop
  endfacet
  facet normal -0.0196522 0.999807 0
    outer loop
      vertex -5.13078 -4.46988 0.6
      vertex -5.1145 -4.46956 0
      vertex -5.13078 -4.46988 0
    endloop
  endfacet
  facet normal 0.0313757 0.999508 -0
    outer loop
      vertex -5.07022 -4.47095 0
      vertex -5.1145 -4.46956 0.6
      vertex -5.07022 -4.47095 0.6
    endloop
  endfacet
  facet normal 0.0313757 0.999508 0
    outer loop
      vertex -5.1145 -4.46956 0.6
      vertex -5.07022 -4.47095 0
      vertex -5.1145 -4.46956 0
    endloop
  endfacet
  facet normal 0.0971056 0.995274 -0
    outer loop
      vertex -5.02789 -4.47508 0
      vertex -5.07022 -4.47095 0.6
      vertex -5.02789 -4.47508 0.6
    endloop
  endfacet
  facet normal 0.0971056 0.995274 0
    outer loop
      vertex -5.07022 -4.47095 0.6
      vertex -5.02789 -4.47508 0
      vertex -5.07022 -4.47095 0
    endloop
  endfacet
  facet normal 0.16792 0.985801 -0
    outer loop
      vertex -4.9875 -4.48196 0
      vertex -5.02789 -4.47508 0.6
      vertex -4.9875 -4.48196 0.6
    endloop
  endfacet
  facet normal 0.16792 0.985801 0
    outer loop
      vertex -5.02789 -4.47508 0.6
      vertex -4.9875 -4.48196 0
      vertex -5.02789 -4.47508 0
    endloop
  endfacet
  facet normal 0.243426 0.96992 -0
    outer loop
      vertex -4.94905 -4.49161 0
      vertex -4.9875 -4.48196 0.6
      vertex -4.94905 -4.49161 0.6
    endloop
  endfacet
  facet normal 0.243426 0.96992 0
    outer loop
      vertex -4.9875 -4.48196 0.6
      vertex -4.94905 -4.49161 0
      vertex -4.9875 -4.48196 0
    endloop
  endfacet
  facet normal 0.321438 0.946931 -0
    outer loop
      vertex -4.91255 -4.504 0
      vertex -4.94905 -4.49161 0.6
      vertex -4.91255 -4.504 0.6
    endloop
  endfacet
  facet normal 0.321438 0.946931 0
    outer loop
      vertex -4.94905 -4.49161 0.6
      vertex -4.91255 -4.504 0
      vertex -4.94905 -4.49161 0
    endloop
  endfacet
  facet normal 0.401389 0.915908 -0
    outer loop
      vertex -4.87798 -4.51915 0
      vertex -4.91255 -4.504 0.6
      vertex -4.87798 -4.51915 0.6
    endloop
  endfacet
  facet normal 0.401389 0.915908 0
    outer loop
      vertex -4.91255 -4.504 0.6
      vertex -4.87798 -4.51915 0
      vertex -4.91255 -4.504 0
    endloop
  endfacet
  facet normal 0.480846 0.876805 -0
    outer loop
      vertex -4.84534 -4.53705 0
      vertex -4.87798 -4.51915 0.6
      vertex -4.84534 -4.53705 0.6
    endloop
  endfacet
  facet normal 0.480846 0.876805 0
    outer loop
      vertex -4.87798 -4.51915 0.6
      vertex -4.84534 -4.53705 0
      vertex -4.87798 -4.51915 0
    endloop
  endfacet
  facet normal 0.549562 0.835453 -0
    outer loop
      vertex -4.81451 -4.55733 0
      vertex -4.84534 -4.53705 0.6
      vertex -4.81451 -4.55733 0.6
    endloop
  endfacet
  facet normal 0.549562 0.835453 0
    outer loop
      vertex -4.84534 -4.53705 0.6
      vertex -4.81451 -4.55733 0
      vertex -4.84534 -4.53705 0
    endloop
  endfacet
  facet normal 0.606134 0.795363 -0
    outer loop
      vertex -4.78534 -4.57956 0
      vertex -4.81451 -4.55733 0.6
      vertex -4.78534 -4.57956 0.6
    endloop
  endfacet
  facet normal 0.606134 0.795363 0
    outer loop
      vertex -4.81451 -4.55733 0.6
      vertex -4.78534 -4.57956 0
      vertex -4.81451 -4.55733 0
    endloop
  endfacet
  facet normal 0.661089 0.750307 -0
    outer loop
      vertex -4.75784 -4.60379 0
      vertex -4.78534 -4.57956 0.6
      vertex -4.75784 -4.60379 0.6
    endloop
  endfacet
  facet normal 0.661089 0.750307 0
    outer loop
      vertex -4.78534 -4.57956 0.6
      vertex -4.75784 -4.60379 0
      vertex -4.78534 -4.57956 0
    endloop
  endfacet
  facet normal 0.712121 0.702057 0
    outer loop
      vertex -4.73203 -4.62997 0.6
      vertex -4.75784 -4.60379 0
      vertex -4.75784 -4.60379 0.6
    endloop
  endfacet
  facet normal 0.712121 0.702057 0
    outer loop
      vertex -4.75784 -4.60379 0
      vertex -4.73203 -4.62997 0.6
      vertex -4.73203 -4.62997 0
    endloop
  endfacet
  facet normal 0.758933 0.651168 0
    outer loop
      vertex -4.70786 -4.65814 0.6
      vertex -4.73203 -4.62997 0
      vertex -4.73203 -4.62997 0.6
    endloop
  endfacet
  facet normal 0.758933 0.651168 0
    outer loop
      vertex -4.73203 -4.62997 0
      vertex -4.70786 -4.65814 0.6
      vertex -4.70786 -4.65814 0
    endloop
  endfacet
  facet normal 0.801211 0.598383 0
    outer loop
      vertex -4.68535 -4.68828 0.6
      vertex -4.70786 -4.65814 0
      vertex -4.70786 -4.65814 0.6
    endloop
  endfacet
  facet normal 0.801211 0.598383 0
    outer loop
      vertex -4.70786 -4.65814 0
      vertex -4.68535 -4.68828 0.6
      vertex -4.68535 -4.68828 0
    endloop
  endfacet
  facet normal 0.838861 0.544345 0
    outer loop
      vertex -4.66452 -4.72038 0.6
      vertex -4.68535 -4.68828 0
      vertex -4.68535 -4.68828 0.6
    endloop
  endfacet
  facet normal 0.838861 0.544345 0
    outer loop
      vertex -4.68535 -4.68828 0
      vertex -4.66452 -4.72038 0.6
      vertex -4.66452 -4.72038 0
    endloop
  endfacet
  facet normal 0.869677 0.493621 0
    outer loop
      vertex -4.64529 -4.75426 0.6
      vertex -4.66452 -4.72038 0
      vertex -4.66452 -4.72038 0.6
    endloop
  endfacet
  facet normal 0.869677 0.493621 0
    outer loop
      vertex -4.66452 -4.72038 0
      vertex -4.64529 -4.75426 0.6
      vertex -4.64529 -4.75426 0
    endloop
  endfacet
  facet normal 0.894629 0.44681 0
    outer loop
      vertex -4.62759 -4.7897 0.6
      vertex -4.64529 -4.75426 0
      vertex -4.64529 -4.75426 0.6
    endloop
  endfacet
  facet normal 0.894629 0.44681 0
    outer loop
      vertex -4.64529 -4.75426 0
      vertex -4.62759 -4.7897 0.6
      vertex -4.62759 -4.7897 0
    endloop
  endfacet
  facet normal 0.916356 0.400364 0
    outer loop
      vertex -4.61142 -4.82671 0.6
      vertex -4.62759 -4.7897 0
      vertex -4.62759 -4.7897 0.6
    endloop
  endfacet
  facet normal 0.916356 0.400364 0
    outer loop
      vertex -4.62759 -4.7897 0
      vertex -4.61142 -4.82671 0.6
      vertex -4.61142 -4.82671 0
    endloop
  endfacet
  facet normal 0.934837 0.355078 0
    outer loop
      vertex -4.59677 -4.86528 0.6
      vertex -4.61142 -4.82671 0
      vertex -4.61142 -4.82671 0.6
    endloop
  endfacet
  facet normal 0.934837 0.355078 0
    outer loop
      vertex -4.61142 -4.82671 0
      vertex -4.59677 -4.86528 0.6
      vertex -4.59677 -4.86528 0
    endloop
  endfacet
  facet normal 0.950561 0.310537 0
    outer loop
      vertex -4.58366 -4.90541 0.6
      vertex -4.59677 -4.86528 0
      vertex -4.59677 -4.86528 0.6
    endloop
  endfacet
  facet normal 0.950561 0.310537 0
    outer loop
      vertex -4.59677 -4.86528 0
      vertex -4.58366 -4.90541 0.6
      vertex -4.58366 -4.90541 0
    endloop
  endfacet
  facet normal 0.963521 0.267632 0
    outer loop
      vertex -4.57208 -4.9471 0.6
      vertex -4.58366 -4.90541 0
      vertex -4.58366 -4.90541 0.6
    endloop
  endfacet
  facet normal 0.963521 0.267632 0
    outer loop
      vertex -4.58366 -4.90541 0
      vertex -4.57208 -4.9471 0.6
      vertex -4.57208 -4.9471 0
    endloop
  endfacet
  facet normal 0.974121 0.226027 0
    outer loop
      vertex -4.56204 -4.99037 0.6
      vertex -4.57208 -4.9471 0
      vertex -4.57208 -4.9471 0.6
    endloop
  endfacet
  facet normal 0.974121 0.226027 0
    outer loop
      vertex -4.57208 -4.9471 0
      vertex -4.56204 -4.99037 0.6
      vertex -4.56204 -4.99037 0
    endloop
  endfacet
  facet normal 0.981663 0.190627 0
    outer loop
      vertex -4.55342 -5.03476 0.6
      vertex -4.56204 -4.99037 0
      vertex -4.56204 -4.99037 0.6
    endloop
  endfacet
  facet normal 0.981663 0.190627 0
    outer loop
      vertex -4.56204 -4.99037 0
      vertex -4.55342 -5.03476 0.6
      vertex -4.55342 -5.03476 0
    endloop
  endfacet
  facet normal 0.987198 0.159501 0
    outer loop
      vertex -4.54613 -5.07988 0.6
      vertex -4.55342 -5.03476 0
      vertex -4.55342 -5.03476 0.6
    endloop
  endfacet
  facet normal 0.987198 0.159501 0
    outer loop
      vertex -4.55342 -5.03476 0
      vertex -4.54613 -5.07988 0.6
      vertex -4.54613 -5.07988 0
    endloop
  endfacet
  facet normal 0.991591 0.129413 0
    outer loop
      vertex -4.54015 -5.1257 0.6
      vertex -4.54613 -5.07988 0
      vertex -4.54613 -5.07988 0.6
    endloop
  endfacet
  facet normal 0.991591 0.129413 0
    outer loop
      vertex -4.54613 -5.07988 0
      vertex -4.54015 -5.1257 0.6
      vertex -4.54015 -5.1257 0
    endloop
  endfacet
  facet normal 0.995071 0.0991652 0
    outer loop
      vertex -4.53551 -5.17226 0.6
      vertex -4.54015 -5.1257 0
      vertex -4.54015 -5.1257 0.6
    endloop
  endfacet
  facet normal 0.995071 0.0991652 0
    outer loop
      vertex -4.54015 -5.1257 0
      vertex -4.53551 -5.17226 0.6
      vertex -4.53551 -5.17226 0
    endloop
  endfacet
  facet normal 0.997555 0.0698817 0
    outer loop
      vertex -4.5322 -5.21951 0.6
      vertex -4.53551 -5.17226 0
      vertex -4.53551 -5.17226 0.6
    endloop
  endfacet
  facet normal 0.997555 0.0698817 0
    outer loop
      vertex -4.53551 -5.17226 0
      vertex -4.5322 -5.21951 0.6
      vertex -4.5322 -5.21951 0
    endloop
  endfacet
  facet normal 0.999141 0.04144 0
    outer loop
      vertex -4.53021 -5.26749 0.6
      vertex -4.5322 -5.21951 0
      vertex -4.5322 -5.21951 0.6
    endloop
  endfacet
  facet normal 0.999141 0.04144 0
    outer loop
      vertex -4.5322 -5.21951 0
      vertex -4.53021 -5.26749 0.6
      vertex -4.53021 -5.26749 0
    endloop
  endfacet
  facet normal 0.999905 0.0137649 0
    outer loop
      vertex -4.52954 -5.31616 0.6
      vertex -4.53021 -5.26749 0
      vertex -4.53021 -5.26749 0.6
    endloop
  endfacet
  facet normal 0.999905 0.0137649 0
    outer loop
      vertex -4.53021 -5.26749 0
      vertex -4.52954 -5.31616 0.6
      vertex -4.52954 -5.31616 0
    endloop
  endfacet
  facet normal 0.999951 -0.00993782 0
    outer loop
      vertex -4.52983 -5.34534 0.6
      vertex -4.52954 -5.31616 0
      vertex -4.52954 -5.31616 0.6
    endloop
  endfacet
  facet normal 0.999951 -0.00993782 0
    outer loop
      vertex -4.52954 -5.31616 0
      vertex -4.52983 -5.34534 0.6
      vertex -4.52983 -5.34534 0
    endloop
  endfacet
  facet normal 0.999562 -0.0295789 0
    outer loop
      vertex -4.5307 -5.37474 0.6
      vertex -4.52983 -5.34534 0
      vertex -4.52983 -5.34534 0.6
    endloop
  endfacet
  facet normal 0.999562 -0.0295789 0
    outer loop
      vertex -4.52983 -5.34534 0
      vertex -4.5307 -5.37474 0.6
      vertex -4.5307 -5.37474 0
    endloop
  endfacet
  facet normal 0.998804 -0.0488949 0
    outer loop
      vertex -4.53215 -5.40436 0.6
      vertex -4.5307 -5.37474 0
      vertex -4.5307 -5.37474 0.6
    endloop
  endfacet
  facet normal 0.998804 -0.0488949 0
    outer loop
      vertex -4.5307 -5.37474 0
      vertex -4.53215 -5.40436 0.6
      vertex -4.53215 -5.40436 0
    endloop
  endfacet
  facet normal 0.997744 -0.0671398 0
    outer loop
      vertex -4.53416 -5.43423 0.6
      vertex -4.53215 -5.40436 0
      vertex -4.53215 -5.40436 0.6
    endloop
  endfacet
  facet normal 0.997744 -0.0671398 0
    outer loop
      vertex -4.53215 -5.40436 0
      vertex -4.53416 -5.43423 0.6
      vertex -4.53416 -5.43423 0
    endloop
  endfacet
  facet normal 0.996269 -0.0863014 0
    outer loop
      vertex -4.53677 -5.46436 0.6
      vertex -4.53416 -5.43423 0
      vertex -4.53416 -5.43423 0.6
    endloop
  endfacet
  facet normal 0.996269 -0.0863014 0
    outer loop
      vertex -4.53416 -5.43423 0
      vertex -4.53677 -5.46436 0.6
      vertex -4.53677 -5.46436 0
    endloop
  endfacet
  facet normal 0.994559 -0.104173 0
    outer loop
      vertex -4.53995 -5.49472 0.6
      vertex -4.53677 -5.46436 0
      vertex -4.53677 -5.46436 0.6
    endloop
  endfacet
  facet normal 0.994559 -0.104173 0
    outer loop
      vertex -4.53677 -5.46436 0
      vertex -4.53995 -5.49472 0.6
      vertex -4.53995 -5.49472 0
    endloop
  endfacet
  facet normal 0.99257 -0.121678 0
    outer loop
      vertex -4.5437 -5.52531 0.6
      vertex -4.53995 -5.49472 0
      vertex -4.53995 -5.49472 0.6
    endloop
  endfacet
  facet normal 0.99257 -0.121678 0
    outer loop
      vertex -4.53995 -5.49472 0
      vertex -4.5437 -5.52531 0.6
      vertex -4.5437 -5.52531 0
    endloop
  endfacet
  facet normal 0.990053 -0.140697 0
    outer loop
      vertex -4.54805 -5.55592 0.6
      vertex -4.5437 -5.52531 0
      vertex -4.5437 -5.52531 0.6
    endloop
  endfacet
  facet normal 0.990053 -0.140697 0
    outer loop
      vertex -4.5437 -5.52531 0
      vertex -4.54805 -5.55592 0.6
      vertex -4.54805 -5.55592 0
    endloop
  endfacet
  facet normal 0.986907 -0.161293 0
    outer loop
      vertex -4.55302 -5.58633 0.6
      vertex -4.54805 -5.55592 0
      vertex -4.54805 -5.55592 0.6
    endloop
  endfacet
  facet normal 0.986907 -0.161293 0
    outer loop
      vertex -4.54805 -5.55592 0
      vertex -4.55302 -5.58633 0.6
      vertex -4.55302 -5.58633 0
    endloop
  endfacet
  facet normal 0.983413 -0.181378 0
    outer loop
      vertex -4.55859 -5.61653 0.6
      vertex -4.55302 -5.58633 0
      vertex -4.55302 -5.58633 0.6
    endloop
  endfacet
  facet normal 0.983413 -0.181378 0
    outer loop
      vertex -4.55302 -5.58633 0
      vertex -4.55859 -5.61653 0.6
      vertex -4.55859 -5.61653 0
    endloop
  endfacet
  facet normal 0.979305 -0.20239 0
    outer loop
      vertex -4.56479 -5.64653 0.6
      vertex -4.55859 -5.61653 0
      vertex -4.55859 -5.61653 0.6
    endloop
  endfacet
  facet normal 0.979305 -0.20239 0
    outer loop
      vertex -4.55859 -5.61653 0
      vertex -4.56479 -5.64653 0.6
      vertex -4.56479 -5.64653 0
    endloop
  endfacet
  facet normal 0.975011 -0.222158 0
    outer loop
      vertex -4.57158 -5.67633 0.6
      vertex -4.56479 -5.64653 0
      vertex -4.56479 -5.64653 0.6
    endloop
  endfacet
  facet normal 0.975011 -0.222158 0
    outer loop
      vertex -4.56479 -5.64653 0
      vertex -4.57158 -5.67633 0.6
      vertex -4.57158 -5.67633 0
    endloop
  endfacet
  facet normal 0.970046 -0.242921 0
    outer loop
      vertex -4.57899 -5.70592 0.6
      vertex -4.57158 -5.67633 0
      vertex -4.57158 -5.67633 0.6
    endloop
  endfacet
  facet normal 0.970046 -0.242921 0
    outer loop
      vertex -4.57158 -5.67633 0
      vertex -4.57899 -5.70592 0.6
      vertex -4.57899 -5.70592 0
    endloop
  endfacet
  facet normal 0.964643 -0.263562 0
    outer loop
      vertex -4.58702 -5.73531 0.6
      vertex -4.57899 -5.70592 0
      vertex -4.57899 -5.70592 0.6
    endloop
  endfacet
  facet normal 0.964643 -0.263562 0
    outer loop
      vertex -4.57899 -5.70592 0
      vertex -4.58702 -5.73531 0.6
      vertex -4.58702 -5.73531 0
    endloop
  endfacet
  facet normal 0.95818 -0.286167 0
    outer loop
      vertex -4.59569 -5.76434 0.6
      vertex -4.58702 -5.73531 0
      vertex -4.58702 -5.73531 0.6
    endloop
  endfacet
  facet normal 0.95818 -0.286167 0
    outer loop
      vertex -4.58702 -5.73531 0
      vertex -4.59569 -5.76434 0.6
      vertex -4.59569 -5.76434 0
    endloop
  endfacet
  facet normal 0.950205 -0.311625 0
    outer loop
      vertex -4.60504 -5.79285 0.6
      vertex -4.59569 -5.76434 0
      vertex -4.59569 -5.76434 0.6
    endloop
  endfacet
  facet normal 0.950205 -0.311625 0
    outer loop
      vertex -4.59569 -5.76434 0
      vertex -4.60504 -5.79285 0.6
      vertex -4.60504 -5.79285 0
    endloop
  endfacet
  facet normal 0.941354 -0.337422 0
    outer loop
      vertex -4.61508 -5.82086 0.6
      vertex -4.60504 -5.79285 0
      vertex -4.60504 -5.79285 0.6
    endloop
  endfacet
  facet normal 0.941354 -0.337422 0
    outer loop
      vertex -4.60504 -5.79285 0
      vertex -4.61508 -5.82086 0.6
      vertex -4.61508 -5.82086 0
    endloop
  endfacet
  facet normal 0.931827 -0.362904 0
    outer loop
      vertex -4.62579 -5.84836 0.6
      vertex -4.61508 -5.82086 0
      vertex -4.61508 -5.82086 0.6
    endloop
  endfacet
  facet normal 0.931827 -0.362904 0
    outer loop
      vertex -4.61508 -5.82086 0
      vertex -4.62579 -5.84836 0.6
      vertex -4.62579 -5.84836 0
    endloop
  endfacet
  facet normal 0.921146 -0.389217 0
    outer loop
      vertex -4.63719 -5.87534 0.6
      vertex -4.62579 -5.84836 0
      vertex -4.62579 -5.84836 0.6
    endloop
  endfacet
  facet normal 0.921146 -0.389217 0
    outer loop
      vertex -4.62579 -5.84836 0
      vertex -4.63719 -5.87534 0.6
      vertex -4.63719 -5.87534 0
    endloop
  endfacet
  facet normal 0.909931 -0.414761 0
    outer loop
      vertex -4.64926 -5.90182 0.6
      vertex -4.63719 -5.87534 0
      vertex -4.63719 -5.87534 0.6
    endloop
  endfacet
  facet normal 0.909931 -0.414761 0
    outer loop
      vertex -4.63719 -5.87534 0
      vertex -4.64926 -5.90182 0.6
      vertex -4.64926 -5.90182 0
    endloop
  endfacet
  facet normal 0.897583 -0.440845 0
    outer loop
      vertex -4.66202 -5.9278 0.6
      vertex -4.64926 -5.90182 0
      vertex -4.64926 -5.90182 0.6
    endloop
  endfacet
  facet normal 0.897583 -0.440845 0
    outer loop
      vertex -4.64926 -5.90182 0
      vertex -4.66202 -5.9278 0.6
      vertex -4.66202 -5.9278 0
    endloop
  endfacet
  facet normal 0.882817 -0.469717 0
    outer loop
      vertex -4.67546 -5.95306 0.6
      vertex -4.66202 -5.9278 0
      vertex -4.66202 -5.9278 0.6
    endloop
  endfacet
  facet normal 0.882817 -0.469717 0
    outer loop
      vertex -4.66202 -5.9278 0
      vertex -4.67546 -5.95306 0.6
      vertex -4.67546 -5.95306 0
    endloop
  endfacet
  facet normal 0.865434 -0.501022 0
    outer loop
      vertex -4.68958 -5.97745 0.6
      vertex -4.67546 -5.95306 0
      vertex -4.67546 -5.95306 0.6
    endloop
  endfacet
  facet normal 0.865434 -0.501022 0
    outer loop
      vertex -4.67546 -5.95306 0
      vertex -4.68958 -5.97745 0.6
      vertex -4.68958 -5.97745 0
    endloop
  endfacet
  facet normal 0.846173 -0.532909 0
    outer loop
      vertex -4.70438 -6.00095 0.6
      vertex -4.68958 -5.97745 0
      vertex -4.68958 -5.97745 0.6
    endloop
  endfacet
  facet normal 0.846173 -0.532909 0
    outer loop
      vertex -4.68958 -5.97745 0
      vertex -4.70438 -6.00095 0.6
      vertex -4.70438 -6.00095 0
    endloop
  endfacet
  facet normal 0.825424 -0.564514 0
    outer loop
      vertex -4.71985 -6.02357 0.6
      vertex -4.70438 -6.00095 0
      vertex -4.70438 -6.00095 0.6
    endloop
  endfacet
  facet normal 0.825424 -0.564514 0
    outer loop
      vertex -4.70438 -6.00095 0
      vertex -4.71985 -6.02357 0.6
      vertex -4.71985 -6.02357 0
    endloop
  endfacet
  facet normal 0.802431 -0.596745 0
    outer loop
      vertex -4.73601 -6.0453 0.6
      vertex -4.71985 -6.02357 0
      vertex -4.71985 -6.02357 0.6
    endloop
  endfacet
  facet normal 0.802431 -0.596745 0
    outer loop
      vertex -4.71985 -6.02357 0
      vertex -4.73601 -6.0453 0.6
      vertex -4.73601 -6.0453 0
    endloop
  endfacet
  facet normal 0.778131 -0.628103 0
    outer loop
      vertex -4.75284 -6.06615 0.6
      vertex -4.73601 -6.0453 0
      vertex -4.73601 -6.0453 0.6
    endloop
  endfacet
  facet normal 0.778131 -0.628103 0
    outer loop
      vertex -4.73601 -6.0453 0
      vertex -4.75284 -6.06615 0.6
      vertex -4.75284 -6.06615 0
    endloop
  endfacet
  facet normal 0.751713 -0.65949 0
    outer loop
      vertex -4.77036 -6.08612 0.6
      vertex -4.75284 -6.06615 0
      vertex -4.75284 -6.06615 0.6
    endloop
  endfacet
  facet normal 0.751713 -0.65949 0
    outer loop
      vertex -4.75284 -6.06615 0
      vertex -4.77036 -6.08612 0.6
      vertex -4.77036 -6.08612 0
    endloop
  endfacet
  facet normal 0.720862 -0.693078 0
    outer loop
      vertex -4.78857 -6.10506 0.6
      vertex -4.77036 -6.08612 0
      vertex -4.77036 -6.08612 0.6
    endloop
  endfacet
  facet normal 0.720862 -0.693078 0
    outer loop
      vertex -4.77036 -6.08612 0
      vertex -4.78857 -6.10506 0.6
      vertex -4.78857 -6.10506 0
    endloop
  endfacet
  facet normal 0.684824 -0.728708 0
    outer loop
      vertex -4.8075 -6.12285 0
      vertex -4.78857 -6.10506 0.6
      vertex -4.8075 -6.12285 0.6
    endloop
  endfacet
  facet normal 0.684824 -0.728708 0
    outer loop
      vertex -4.78857 -6.10506 0.6
      vertex -4.8075 -6.12285 0
      vertex -4.78857 -6.10506 0
    endloop
  endfacet
  facet normal 0.646395 -0.763003 0
    outer loop
      vertex -4.82713 -6.13948 0
      vertex -4.8075 -6.12285 0.6
      vertex -4.82713 -6.13948 0.6
    endloop
  endfacet
  facet normal 0.646395 -0.763003 0
    outer loop
      vertex -4.8075 -6.12285 0.6
      vertex -4.82713 -6.13948 0
      vertex -4.8075 -6.12285 0
    endloop
  endfacet
  facet normal 0.604994 -0.79623 0
    outer loop
      vertex -4.84749 -6.15495 0
      vertex -4.82713 -6.13948 0.6
      vertex -4.84749 -6.15495 0.6
    endloop
  endfacet
  facet normal 0.604994 -0.79623 0
    outer loop
      vertex -4.82713 -6.13948 0.6
      vertex -4.84749 -6.15495 0
      vertex -4.82713 -6.13948 0
    endloop
  endfacet
  facet normal 0.562374 -0.826883 0
    outer loop
      vertex -4.86856 -6.16928 0
      vertex -4.84749 -6.15495 0.6
      vertex -4.86856 -6.16928 0.6
    endloop
  endfacet
  facet normal 0.562374 -0.826883 0
    outer loop
      vertex -4.84749 -6.15495 0.6
      vertex -4.86856 -6.16928 0
      vertex -4.84749 -6.15495 0
    endloop
  endfacet
  facet normal 0.517265 -0.855825 0
    outer loop
      vertex -4.89035 -6.18245 0
      vertex -4.86856 -6.16928 0.6
      vertex -4.89035 -6.18245 0.6
    endloop
  endfacet
  facet normal 0.517265 -0.855825 0
    outer loop
      vertex -4.86856 -6.16928 0.6
      vertex -4.89035 -6.18245 0
      vertex -4.86856 -6.16928 0
    endloop
  endfacet
  facet normal 0.471056 -0.882103 0
    outer loop
      vertex -4.91284 -6.19446 0
      vertex -4.89035 -6.18245 0.6
      vertex -4.91284 -6.19446 0.6
    endloop
  endfacet
  facet normal 0.471056 -0.882103 0
    outer loop
      vertex -4.89035 -6.18245 0.6
      vertex -4.91284 -6.19446 0
      vertex -4.89035 -6.18245 0
    endloop
  endfacet
  facet normal 0.414539 -0.910031 0
    outer loop
      vertex -4.93611 -6.20506 0
      vertex -4.91284 -6.19446 0.6
      vertex -4.93611 -6.20506 0.6
    endloop
  endfacet
  facet normal 0.414539 -0.910031 0
    outer loop
      vertex -4.91284 -6.19446 0.6
      vertex -4.93611 -6.20506 0
      vertex -4.91284 -6.19446 0
    endloop
  endfacet
  facet normal 0.349417 -0.936967 0
    outer loop
      vertex -4.96019 -6.21404 0
      vertex -4.93611 -6.20506 0.6
      vertex -4.96019 -6.21404 0.6
    endloop
  endfacet
  facet normal 0.349417 -0.936967 0
    outer loop
      vertex -4.93611 -6.20506 0.6
      vertex -4.96019 -6.21404 0
      vertex -4.93611 -6.20506 0
    endloop
  endfacet
  facet normal 0.283209 -0.959058 0
    outer loop
      vertex -4.98508 -6.22139 0
      vertex -4.96019 -6.21404 0.6
      vertex -4.98508 -6.22139 0.6
    endloop
  endfacet
  facet normal 0.283209 -0.959058 0
    outer loop
      vertex -4.96019 -6.21404 0.6
      vertex -4.98508 -6.22139 0
      vertex -4.96019 -6.21404 0
    endloop
  endfacet
  facet normal 0.21681 -0.976214 0
    outer loop
      vertex -5.01079 -6.2271 0
      vertex -4.98508 -6.22139 0.6
      vertex -5.01079 -6.2271 0.6
    endloop
  endfacet
  facet normal 0.21681 -0.976214 0
    outer loop
      vertex -4.98508 -6.22139 0.6
      vertex -5.01079 -6.2271 0
      vertex -4.98508 -6.22139 0
    endloop
  endfacet
  facet normal 0.151637 -0.988436 0
    outer loop
      vertex -5.03732 -6.23117 0
      vertex -5.01079 -6.2271 0.6
      vertex -5.03732 -6.23117 0.6
    endloop
  endfacet
  facet normal 0.151637 -0.988436 0
    outer loop
      vertex -5.01079 -6.2271 0.6
      vertex -5.03732 -6.23117 0
      vertex -5.01079 -6.2271 0
    endloop
  endfacet
  facet normal 0.0895835 -0.995979 0
    outer loop
      vertex -5.06467 -6.23363 0
      vertex -5.03732 -6.23117 0.6
      vertex -5.06467 -6.23363 0.6
    endloop
  endfacet
  facet normal 0.0895835 -0.995979 0
    outer loop
      vertex -5.03732 -6.23117 0.6
      vertex -5.06467 -6.23363 0
      vertex -5.03732 -6.23117 0
    endloop
  endfacet
  facet normal 0.0287625 -0.999586 0
    outer loop
      vertex -5.09282 -6.23444 0
      vertex -5.06467 -6.23363 0.6
      vertex -5.09282 -6.23444 0.6
    endloop
  endfacet
  facet normal 0.0287625 -0.999586 0
    outer loop
      vertex -5.06467 -6.23363 0.6
      vertex -5.09282 -6.23444 0
      vertex -5.06467 -6.23363 0
    endloop
  endfacet
  facet normal -0.0117566 -0.999931 0
    outer loop
      vertex -5.10898 -6.23425 0
      vertex -5.09282 -6.23444 0.6
      vertex -5.10898 -6.23425 0.6
    endloop
  endfacet
  facet normal -0.0117566 -0.999931 -0
    outer loop
      vertex -5.09282 -6.23444 0.6
      vertex -5.10898 -6.23425 0
      vertex -5.09282 -6.23444 0
    endloop
  endfacet
  facet normal -0.0348048 -0.999394 0
    outer loop
      vertex -5.12506 -6.23369 0
      vertex -5.10898 -6.23425 0.6
      vertex -5.12506 -6.23369 0.6
    endloop
  endfacet
  facet normal -0.0348048 -0.999394 -0
    outer loop
      vertex -5.10898 -6.23425 0.6
      vertex -5.12506 -6.23369 0
      vertex -5.10898 -6.23425 0
    endloop
  endfacet
  facet normal -0.0579549 -0.998319 0
    outer loop
      vertex -5.14108 -6.23276 0
      vertex -5.12506 -6.23369 0.6
      vertex -5.14108 -6.23276 0.6
    endloop
  endfacet
  facet normal -0.0579549 -0.998319 -0
    outer loop
      vertex -5.12506 -6.23369 0.6
      vertex -5.14108 -6.23276 0
      vertex -5.12506 -6.23369 0
    endloop
  endfacet
  facet normal -0.081856 -0.996644 0
    outer loop
      vertex -5.15703 -6.23145 0
      vertex -5.14108 -6.23276 0.6
      vertex -5.15703 -6.23145 0.6
    endloop
  endfacet
  facet normal -0.081856 -0.996644 -0
    outer loop
      vertex -5.14108 -6.23276 0.6
      vertex -5.15703 -6.23145 0
      vertex -5.14108 -6.23276 0
    endloop
  endfacet
  facet normal -0.105206 -0.99445 0
    outer loop
      vertex -5.17291 -6.22977 0
      vertex -5.15703 -6.23145 0.6
      vertex -5.17291 -6.22977 0.6
    endloop
  endfacet
  facet normal -0.105206 -0.99445 -0
    outer loop
      vertex -5.15703 -6.23145 0.6
      vertex -5.17291 -6.22977 0
      vertex -5.15703 -6.23145 0
    endloop
  endfacet
  facet normal -0.129205 -0.991618 0
    outer loop
      vertex -5.18872 -6.22771 0
      vertex -5.17291 -6.22977 0.6
      vertex -5.18872 -6.22771 0.6
    endloop
  endfacet
  facet normal -0.129205 -0.991618 -0
    outer loop
      vertex -5.17291 -6.22977 0.6
      vertex -5.18872 -6.22771 0
      vertex -5.17291 -6.22977 0
    endloop
  endfacet
  facet normal -0.153094 -0.988212 0
    outer loop
      vertex -5.20447 -6.22527 0
      vertex -5.18872 -6.22771 0.6
      vertex -5.20447 -6.22527 0.6
    endloop
  endfacet
  facet normal -0.153094 -0.988212 -0
    outer loop
      vertex -5.18872 -6.22771 0.6
      vertex -5.20447 -6.22527 0
      vertex -5.18872 -6.22771 0
    endloop
  endfacet
  facet normal -0.177683 -0.984088 0
    outer loop
      vertex -5.22031 -6.22241 0
      vertex -5.20447 -6.22527 0.6
      vertex -5.22031 -6.22241 0.6
    endloop
  endfacet
  facet normal -0.177683 -0.984088 -0
    outer loop
      vertex -5.20447 -6.22527 0.6
      vertex -5.22031 -6.22241 0
      vertex -5.20447 -6.22527 0
    endloop
  endfacet
  facet normal -0.202444 -0.979294 0
    outer loop
      vertex -5.23637 -6.21909 0
      vertex -5.22031 -6.22241 0.6
      vertex -5.23637 -6.21909 0.6
    endloop
  endfacet
  facet normal -0.202444 -0.979294 -0
    outer loop
      vertex -5.22031 -6.22241 0.6
      vertex -5.23637 -6.21909 0
      vertex -5.22031 -6.22241 0
    endloop
  endfacet
  facet normal -0.227909 -0.973683 0
    outer loop
      vertex -5.25269 -6.21527 0
      vertex -5.23637 -6.21909 0.6
      vertex -5.25269 -6.21527 0.6
    endloop
  endfacet
  facet normal -0.227909 -0.973683 -0
    outer loop
      vertex -5.23637 -6.21909 0.6
      vertex -5.25269 -6.21527 0
      vertex -5.23637 -6.21909 0
    endloop
  endfacet
  facet normal -0.251064 -0.967971 0
    outer loop
      vertex -5.26923 -6.21098 0
      vertex -5.25269 -6.21527 0.6
      vertex -5.26923 -6.21098 0.6
    endloop
  endfacet
  facet normal -0.251064 -0.967971 -0
    outer loop
      vertex -5.25269 -6.21527 0.6
      vertex -5.26923 -6.21098 0
      vertex -5.25269 -6.21527 0
    endloop
  endfacet
  facet normal -0.272903 -0.962041 0
    outer loop
      vertex -5.28601 -6.20622 0
      vertex -5.26923 -6.21098 0.6
      vertex -5.28601 -6.20622 0.6
    endloop
  endfacet
  facet normal -0.272903 -0.962041 -0
    outer loop
      vertex -5.26923 -6.21098 0.6
      vertex -5.28601 -6.20622 0
      vertex -5.26923 -6.21098 0
    endloop
  endfacet
  facet normal -0.293573 -0.955937 0
    outer loop
      vertex -5.30304 -6.20099 0
      vertex -5.28601 -6.20622 0.6
      vertex -5.30304 -6.20099 0.6
    endloop
  endfacet
  facet normal -0.293573 -0.955937 -0
    outer loop
      vertex -5.28601 -6.20622 0.6
      vertex -5.30304 -6.20099 0
      vertex -5.28601 -6.20622 0
    endloop
  endfacet
  facet normal -0.314577 -0.949232 0
    outer loop
      vertex -5.3203 -6.19527 0
      vertex -5.30304 -6.20099 0.6
      vertex -5.3203 -6.19527 0.6
    endloop
  endfacet
  facet normal -0.314577 -0.949232 -0
    outer loop
      vertex -5.30304 -6.20099 0.6
      vertex -5.3203 -6.19527 0
      vertex -5.30304 -6.20099 0
    endloop
  endfacet
  facet normal -0.333857 -0.942624 0
    outer loop
      vertex -5.33789 -6.18904 0
      vertex -5.3203 -6.19527 0.6
      vertex -5.33789 -6.18904 0.6
    endloop
  endfacet
  facet normal -0.333857 -0.942624 -0
    outer loop
      vertex -5.3203 -6.19527 0.6
      vertex -5.33789 -6.18904 0
      vertex -5.3203 -6.19527 0
    endloop
  endfacet
  facet normal -0.350725 -0.936478 0
    outer loop
      vertex -5.35594 -6.18228 0
      vertex -5.33789 -6.18904 0.6
      vertex -5.35594 -6.18228 0.6
    endloop
  endfacet
  facet normal -0.350725 -0.936478 -0
    outer loop
      vertex -5.33789 -6.18904 0.6
      vertex -5.35594 -6.18228 0
      vertex -5.33789 -6.18904 0
    endloop
  endfacet
  facet normal -0.367487 -0.930029 0
    outer loop
      vertex -5.37444 -6.17497 0
      vertex -5.35594 -6.18228 0.6
      vertex -5.37444 -6.17497 0.6
    endloop
  endfacet
  facet normal -0.367487 -0.930029 -0
    outer loop
      vertex -5.35594 -6.18228 0.6
      vertex -5.37444 -6.17497 0
      vertex -5.35594 -6.18228 0
    endloop
  endfacet
  facet normal -0.383645 -0.923481 0
    outer loop
      vertex -5.39336 -6.16711 0
      vertex -5.37444 -6.17497 0.6
      vertex -5.39336 -6.16711 0.6
    endloop
  endfacet
  facet normal -0.383645 -0.923481 -0
    outer loop
      vertex -5.37444 -6.17497 0.6
      vertex -5.39336 -6.16711 0
      vertex -5.37444 -6.17497 0
    endloop
  endfacet
  facet normal -0.397461 -0.917619 0
    outer loop
      vertex -5.41273 -6.15872 0
      vertex -5.39336 -6.16711 0.6
      vertex -5.41273 -6.15872 0.6
    endloop
  endfacet
  facet normal -0.397461 -0.917619 -0
    outer loop
      vertex -5.39336 -6.16711 0.6
      vertex -5.41273 -6.15872 0
      vertex -5.39336 -6.16711 0
    endloop
  endfacet
  facet normal -0.411722 -0.911309 0
    outer loop
      vertex -5.43254 -6.14977 0
      vertex -5.41273 -6.15872 0.6
      vertex -5.43254 -6.14977 0.6
    endloop
  endfacet
  facet normal -0.411722 -0.911309 -0
    outer loop
      vertex -5.41273 -6.15872 0.6
      vertex -5.43254 -6.14977 0
      vertex -5.41273 -6.15872 0
    endloop
  endfacet
  facet normal -0.423815 -0.905749 0
    outer loop
      vertex -5.4528 -6.14029 0
      vertex -5.43254 -6.14977 0.6
      vertex -5.4528 -6.14029 0.6
    endloop
  endfacet
  facet normal -0.423815 -0.905749 -0
    outer loop
      vertex -5.43254 -6.14977 0.6
      vertex -5.4528 -6.14029 0
      vertex -5.43254 -6.14977 0
    endloop
  endfacet
  facet normal -0.435606 -0.900137 0
    outer loop
      vertex -5.47365 -6.1302 0
      vertex -5.4528 -6.14029 0.6
      vertex -5.47365 -6.1302 0.6
    endloop
  endfacet
  facet normal -0.435606 -0.900137 -0
    outer loop
      vertex -5.4528 -6.14029 0.6
      vertex -5.47365 -6.1302 0
      vertex -5.4528 -6.14029 0
    endloop
  endfacet
  facet normal -0.445388 -0.895338 0
    outer loop
      vertex -5.49524 -6.11946 0
      vertex -5.47365 -6.1302 0.6
      vertex -5.49524 -6.11946 0.6
    endloop
  endfacet
  facet normal -0.445388 -0.895338 -0
    outer loop
      vertex -5.47365 -6.1302 0.6
      vertex -5.49524 -6.11946 0
      vertex -5.47365 -6.1302 0
    endloop
  endfacet
  facet normal -0.453424 -0.891295 0
    outer loop
      vertex -5.51759 -6.10809 0
      vertex -5.49524 -6.11946 0.6
      vertex -5.51759 -6.10809 0.6
    endloop
  endfacet
  facet normal -0.453424 -0.891295 -0
    outer loop
      vertex -5.49524 -6.11946 0.6
      vertex -5.51759 -6.10809 0
      vertex -5.49524 -6.11946 0
    endloop
  endfacet
  facet normal -0.461752 -0.887009 0
    outer loop
      vertex -5.54068 -6.09607 0
      vertex -5.51759 -6.10809 0.6
      vertex -5.54068 -6.09607 0.6
    endloop
  endfacet
  facet normal -0.461752 -0.887009 -0
    outer loop
      vertex -5.51759 -6.10809 0.6
      vertex -5.54068 -6.09607 0
      vertex -5.51759 -6.10809 0
    endloop
  endfacet
  facet normal -0.469435 -0.882967 0
    outer loop
      vertex -5.56453 -6.08339 0
      vertex -5.54068 -6.09607 0.6
      vertex -5.56453 -6.08339 0.6
    endloop
  endfacet
  facet normal -0.469435 -0.882967 -0
    outer loop
      vertex -5.54068 -6.09607 0.6
      vertex -5.56453 -6.08339 0
      vertex -5.54068 -6.09607 0
    endloop
  endfacet
  facet normal -0.475868 -0.879516 0
    outer loop
      vertex -5.58913 -6.07008 0
      vertex -5.56453 -6.08339 0.6
      vertex -5.58913 -6.07008 0.6
    endloop
  endfacet
  facet normal -0.475868 -0.879516 -0
    outer loop
      vertex -5.56453 -6.08339 0.6
      vertex -5.58913 -6.07008 0
      vertex -5.56453 -6.08339 0
    endloop
  endfacet
  facet normal -0.482675 -0.875799 0
    outer loop
      vertex -5.61446 -6.05612 0
      vertex -5.58913 -6.07008 0.6
      vertex -5.61446 -6.05612 0.6
    endloop
  endfacet
  facet normal -0.482675 -0.875799 -0
    outer loop
      vertex -5.58913 -6.07008 0.6
      vertex -5.61446 -6.05612 0
      vertex -5.58913 -6.07008 0
    endloop
  endfacet
  facet normal 0.853598 -0.520932 0
    outer loop
      vertex -5.81277 -6.38107 0.6
      vertex -5.61446 -6.05612 0
      vertex -5.61446 -6.05612 0.6
    endloop
  endfacet
  facet normal 0.853598 -0.520932 0
    outer loop
      vertex -5.61446 -6.05612 0
      vertex -5.81277 -6.38107 0.6
      vertex -5.81277 -6.38107 0
    endloop
  endfacet
  facet normal 0.606878 0.794795 -0
    outer loop
      vertex -5.7643 -6.41808 0
      vertex -5.81277 -6.38107 0.6
      vertex -5.7643 -6.41808 0.6
    endloop
  endfacet
  facet normal 0.606878 0.794795 0
    outer loop
      vertex -5.81277 -6.38107 0.6
      vertex -5.7643 -6.41808 0
      vertex -5.81277 -6.38107 0
    endloop
  endfacet
  facet normal 0.565811 0.824535 -0
    outer loop
      vertex -5.71503 -6.45189 0
      vertex -5.7643 -6.41808 0.6
      vertex -5.71503 -6.45189 0.6
    endloop
  endfacet
  facet normal 0.565811 0.824535 0
    outer loop
      vertex -5.7643 -6.41808 0.6
      vertex -5.71503 -6.45189 0
      vertex -5.7643 -6.41808 0
    endloop
  endfacet
  facet normal 0.52249 0.852645 -0
    outer loop
      vertex -5.66498 -6.48256 0
      vertex -5.71503 -6.45189 0.6
      vertex -5.66498 -6.48256 0.6
    endloop
  endfacet
  facet normal 0.52249 0.852645 0
    outer loop
      vertex -5.71503 -6.45189 0.6
      vertex -5.66498 -6.48256 0
      vertex -5.71503 -6.45189 0
    endloop
  endfacet
  facet normal 0.475843 0.87953 -0
    outer loop
      vertex -5.61415 -6.51006 0
      vertex -5.66498 -6.48256 0.6
      vertex -5.61415 -6.51006 0.6
    endloop
  endfacet
  facet normal 0.475843 0.87953 0
    outer loop
      vertex -5.66498 -6.48256 0.6
      vertex -5.61415 -6.51006 0
      vertex -5.66498 -6.48256 0
    endloop
  endfacet
  facet normal 0.426481 0.904497 -0
    outer loop
      vertex -5.56255 -6.53439 0
      vertex -5.61415 -6.51006 0.6
      vertex -5.56255 -6.53439 0.6
    endloop
  endfacet
  facet normal 0.426481 0.904497 0
    outer loop
      vertex -5.61415 -6.51006 0.6
      vertex -5.56255 -6.53439 0
      vertex -5.61415 -6.51006 0
    endloop
  endfacet
  facet normal 0.374744 0.927128 -0
    outer loop
      vertex -5.51015 -6.55557 0
      vertex -5.56255 -6.53439 0.6
      vertex -5.51015 -6.55557 0.6
    endloop
  endfacet
  facet normal 0.374744 0.927128 0
    outer loop
      vertex -5.56255 -6.53439 0.6
      vertex -5.51015 -6.55557 0
      vertex -5.56255 -6.53439 0
    endloop
  endfacet
  facet normal 0.320766 0.947159 -0
    outer loop
      vertex -5.45697 -6.57358 0
      vertex -5.51015 -6.55557 0.6
      vertex -5.45697 -6.57358 0.6
    endloop
  endfacet
  facet normal 0.320766 0.947159 0
    outer loop
      vertex -5.51015 -6.55557 0.6
      vertex -5.45697 -6.57358 0
      vertex -5.51015 -6.55557 0
    endloop
  endfacet
  facet normal 0.271245 0.96251 -0
    outer loop
      vertex -5.40282 -6.58884 0
      vertex -5.45697 -6.57358 0.6
      vertex -5.40282 -6.58884 0.6
    endloop
  endfacet
  facet normal 0.271245 0.96251 0
    outer loop
      vertex -5.45697 -6.57358 0.6
      vertex -5.40282 -6.58884 0
      vertex -5.45697 -6.57358 0
    endloop
  endfacet
  facet normal 0.226774 0.973948 -0
    outer loop
      vertex -5.34746 -6.60173 0
      vertex -5.40282 -6.58884 0.6
      vertex -5.34746 -6.60173 0.6
    endloop
  endfacet
  facet normal 0.226774 0.973948 0
    outer loop
      vertex -5.40282 -6.58884 0.6
      vertex -5.34746 -6.60173 0
      vertex -5.40282 -6.58884 0
    endloop
  endfacet
  facet normal 0.183564 0.983008 -0
    outer loop
      vertex -5.29091 -6.61229 0
      vertex -5.34746 -6.60173 0.6
      vertex -5.29091 -6.61229 0.6
    endloop
  endfacet
  facet normal 0.183564 0.983008 0
    outer loop
      vertex -5.34746 -6.60173 0.6
      vertex -5.29091 -6.61229 0
      vertex -5.34746 -6.60173 0
    endloop
  endfacet
  facet normal 0.140797 0.990038 -0
    outer loop
      vertex -5.23318 -6.6205 0
      vertex -5.29091 -6.61229 0.6
      vertex -5.23318 -6.6205 0.6
    endloop
  endfacet
  facet normal 0.140797 0.990038 0
    outer loop
      vertex -5.29091 -6.61229 0.6
      vertex -5.23318 -6.6205 0
      vertex -5.29091 -6.61229 0
    endloop
  endfacet
  facet normal 0.0991358 0.995074 -0
    outer loop
      vertex -5.17426 -6.62637 0
      vertex -5.23318 -6.6205 0.6
      vertex -5.17426 -6.62637 0.6
    endloop
  endfacet
  facet normal 0.0991358 0.995074 0
    outer loop
      vertex -5.23318 -6.6205 0.6
      vertex -5.17426 -6.62637 0
      vertex -5.23318 -6.6205 0
    endloop
  endfacet
  facet normal 0.058284 0.9983 -0
    outer loop
      vertex -5.11414 -6.62988 0
      vertex -5.17426 -6.62637 0.6
      vertex -5.11414 -6.62988 0.6
    endloop
  endfacet
  facet normal 0.058284 0.9983 0
    outer loop
      vertex -5.17426 -6.62637 0.6
      vertex -5.11414 -6.62988 0
      vertex -5.17426 -6.62637 0
    endloop
  endfacet
  facet normal 0.019246 0.999815 -0
    outer loop
      vertex -5.05284 -6.63106 0
      vertex -5.11414 -6.62988 0.6
      vertex -5.05284 -6.63106 0.6
    endloop
  endfacet
  facet normal 0.019246 0.999815 0
    outer loop
      vertex -5.11414 -6.62988 0.6
      vertex -5.05284 -6.63106 0
      vertex -5.11414 -6.62988 0
    endloop
  endfacet
  facet normal -0.0291405 0.999575 0
    outer loop
      vertex -4.98012 -6.62894 0
      vertex -5.05284 -6.63106 0.6
      vertex -4.98012 -6.62894 0.6
    endloop
  endfacet
  facet normal -0.0291405 0.999575 0
    outer loop
      vertex -5.05284 -6.63106 0.6
      vertex -4.98012 -6.62894 0
      vertex -5.05284 -6.63106 0
    endloop
  endfacet
  facet normal -1 0 0
    outer loop
      vertex 3.87068 -6.21776 0
      vertex 3.87068 -4.49788 0.6
      vertex 3.87068 -4.49788 0
    endloop
  endfacet
  facet normal -1 -0 0
    outer loop
      vertex 3.87068 -4.49788 0.6
      vertex 3.87068 -6.21776 0
      vertex 3.87068 -6.21776 0.6
    endloop
  endfacet
  facet normal -0.989273 0.146077 0
    outer loop
      vertex 3.87068 -4.49788 0
      vertex 3.929 -4.10292 0.6
      vertex 3.929 -4.10292 0
    endloop
  endfacet
  facet normal -0.989273 0.146077 0
    outer loop
      vertex 3.929 -4.10292 0.6
      vertex 3.87068 -4.49788 0
      vertex 3.87068 -4.49788 0.6
    endloop
  endfacet
  facet normal 0 -1 0
    outer loop
      vertex 2.32076 -4.10292 0
      vertex 3.929 -4.10292 0.6
      vertex 2.32076 -4.10292 0.6
    endloop
  endfacet
  facet normal 0 -1 -0
    outer loop
      vertex 3.929 -4.10292 0.6
      vertex 2.32076 -4.10292 0
      vertex 3.929 -4.10292 0
    endloop
  endfacet
  facet normal 1 -0 0
    outer loop
      vertex 2.32076 -4.48288 0.6
      vertex 2.32076 -4.10292 0
      vertex 2.32076 -4.10292 0.6
    endloop
  endfacet
  facet normal 1 0 0
    outer loop
      vertex 2.32076 -4.10292 0
      vertex 2.32076 -4.48288 0.6
      vertex 2.32076 -4.48288 0
    endloop
  endfacet
  facet normal 0 1 -0
    outer loop
      vertex 3.31071 -4.48288 0
      vertex 2.32076 -4.48288 0.6
      vertex 3.31071 -4.48288 0.6
    endloop
  endfacet
  facet normal 0 1 0
    outer loop
      vertex 2.32076 -4.48288 0.6
      vertex 3.31071 -4.48288 0
      vertex 2.32076 -4.48288 0
    endloop
  endfacet
  facet normal 0.994144 -0.108059 0
    outer loop
      vertex 3.28571 -4.71288 0.6
      vertex 3.31071 -4.48288 0
      vertex 3.31071 -4.48288 0.6
    endloop
  endfacet
  facet normal 0.994144 -0.108059 0
    outer loop
      vertex 3.31071 -4.48288 0
      vertex 3.28571 -4.71288 0.6
      vertex 3.28571 -4.71288 0
    endloop
  endfacet
  facet normal 1 -0 0
    outer loop
      vertex 3.28571 -5.07619 0.6
      vertex 3.28571 -4.71288 0
      vertex 3.28571 -4.71288 0.6
    endloop
  endfacet
  facet normal 1 0 0
    outer loop
      vertex 3.28571 -4.71288 0
      vertex 3.28571 -5.07619 0.6
      vertex 3.28571 -5.07619 0
    endloop
  endfacet
  facet normal 0 -1 0
    outer loop
      vertex 2.43076 -5.07619 0
      vertex 3.28571 -5.07619 0.6
      vertex 2.43076 -5.07619 0.6
    endloop
  endfacet
  facet normal 0 -1 -0
    outer loop
      vertex 3.28571 -5.07619 0.6
      vertex 2.43076 -5.07619 0
      vertex 3.28571 -5.07619 0
    endloop
  endfacet
  facet normal 1 -0 0
    outer loop
      vertex 2.43076 -5.43115 0.6
      vertex 2.43076 -5.07619 0
      vertex 2.43076 -5.07619 0.6
    endloop
  endfacet
  facet normal 1 0 0
    outer loop
      vertex 2.43076 -5.07619 0
      vertex 2.43076 -5.43115 0.6
      vertex 2.43076 -5.43115 0
    endloop
  endfacet
  facet normal 0 1 -0
    outer loop
      vertex 3.28571 -5.43115 0
      vertex 2.43076 -5.43115 0.6
      vertex 3.28571 -5.43115 0.6
    endloop
  endfacet
  facet normal 0 1 0
    outer loop
      vertex 2.43076 -5.43115 0.6
      vertex 3.28571 -5.43115 0
      vertex 2.43076 -5.43115 0
    endloop
  endfacet
  facet normal 1 -0 0
    outer loop
      vertex 3.28571 -6.00279 0.6
      vertex 3.28571 -5.43115 0
      vertex 3.28571 -5.43115 0.6
    endloop
  endfacet
  facet normal 1 0 0
    outer loop
      vertex 3.28571 -5.43115 0
      vertex 3.28571 -6.00279 0.6
      vertex 3.28571 -6.00279 0
    endloop
  endfacet
  facet normal 0.998169 0.0604827 0
    outer loop
      vertex 3.29904 -6.22278 0.6
      vertex 3.28571 -6.00279 0
      vertex 3.28571 -6.00279 0.6
    endloop
  endfacet
  facet normal 0.998169 0.0604827 0
    outer loop
      vertex 3.28571 -6.00279 0
      vertex 3.29904 -6.22278 0.6
      vertex 3.29904 -6.22278 0
    endloop
  endfacet
  facet normal 0 -1 0
    outer loop
      vertex 2.25909 -6.22278 0
      vertex 3.29904 -6.22278 0.6
      vertex 2.25909 -6.22278 0.6
    endloop
  endfacet
  facet normal 0 -1 -0
    outer loop
      vertex 3.29904 -6.22278 0.6
      vertex 2.25909 -6.22278 0
      vertex 3.29904 -6.22278 0
    endloop
  endfacet
  facet normal 0.993054 0.117663 0
    outer loop
      vertex 2.30411 -6.60274 0.6
      vertex 2.25909 -6.22278 0
      vertex 2.25909 -6.22278 0.6
    endloop
  endfacet
  facet normal 0.993054 0.117663 0
    outer loop
      vertex 2.25909 -6.22278 0
      vertex 2.30411 -6.60274 0.6
      vertex 2.30411 -6.60274 0
    endloop
  endfacet
  facet normal 0 1 -0
    outer loop
      vertex 3.899 -6.60274 0
      vertex 2.30411 -6.60274 0.6
      vertex 3.899 -6.60274 0.6
    endloop
  endfacet
  facet normal 0 1 0
    outer loop
      vertex 2.30411 -6.60274 0.6
      vertex 3.899 -6.60274 0
      vertex 2.30411 -6.60274 0
    endloop
  endfacet
  facet normal -0.997305 -0.073364 0
    outer loop
      vertex 3.899 -6.60274 0
      vertex 3.87068 -6.21776 0.6
      vertex 3.87068 -6.21776 0
    endloop
  endfacet
  facet normal -0.997305 -0.073364 0
    outer loop
      vertex 3.87068 -6.21776 0.6
      vertex 3.899 -6.60274 0
      vertex 3.899 -6.60274 0.6
    endloop
  endfacet
  facet normal -1 0 0
    outer loop
      vertex -2.15143 -6.21776 0
      vertex -2.15143 -4.49788 0.6
      vertex -2.15143 -4.49788 0
    endloop
  endfacet
  facet normal -1 -0 0
    outer loop
      vertex -2.15143 -4.49788 0.6
      vertex -2.15143 -6.21776 0
      vertex -2.15143 -6.21776 0.6
    endloop
  endfacet
  facet normal -0.989273 0.146077 0
    outer loop
      vertex -2.15143 -4.49788 0
      vertex -2.09311 -4.10292 0.6
      vertex -2.09311 -4.10292 0
    endloop
  endfacet
  facet normal -0.989273 0.146077 0
    outer loop
      vertex -2.09311 -4.10292 0.6
      vertex -2.15143 -4.49788 0
      vertex -2.15143 -4.49788 0.6
    endloop
  endfacet
  facet normal 0 -1 0
    outer loop
      vertex -3.70135 -4.10292 0
      vertex -2.09311 -4.10292 0.6
      vertex -3.70135 -4.10292 0.6
    endloop
  endfacet
  facet normal 0 -1 -0
    outer loop
      vertex -2.09311 -4.10292 0.6
      vertex -3.70135 -4.10292 0
      vertex -2.09311 -4.10292 0
    endloop
  endfacet
  facet normal 1 -0 0
    outer loop
      vertex -3.70135 -4.48288 0.6
      vertex -3.70135 -4.10292 0
      vertex -3.70135 -4.10292 0.6
    endloop
  endfacet
  facet normal 1 0 0
    outer loop
      vertex -3.70135 -4.10292 0
      vertex -3.70135 -4.48288 0.6
      vertex -3.70135 -4.48288 0
    endloop
  endfacet
  facet normal 0 1 -0
    outer loop
      vertex -2.7114 -4.48288 0
      vertex -3.70135 -4.48288 0.6
      vertex -2.7114 -4.48288 0.6
    endloop
  endfacet
  facet normal 0 1 0
    outer loop
      vertex -3.70135 -4.48288 0.6
      vertex -2.7114 -4.48288 0
      vertex -3.70135 -4.48288 0
    endloop
  endfacet
  facet normal 0.994144 -0.108059 0
    outer loop
      vertex -2.7364 -4.71288 0.6
      vertex -2.7114 -4.48288 0
      vertex -2.7114 -4.48288 0.6
    endloop
  endfacet
  facet normal 0.994144 -0.108059 0
    outer loop
      vertex -2.7114 -4.48288 0
      vertex -2.7364 -4.71288 0.6
      vertex -2.7364 -4.71288 0
    endloop
  endfacet
  facet normal 1 -0 0
    outer loop
      vertex -2.7364 -5.07619 0.6
      vertex -2.7364 -4.71288 0
      vertex -2.7364 -4.71288 0.6
    endloop
  endfacet
  facet normal 1 0 0
    outer loop
      vertex -2.7364 -4.71288 0
      vertex -2.7364 -5.07619 0.6
      vertex -2.7364 -5.07619 0
    endloop
  endfacet
  facet normal 0 -1 0
    outer loop
      vertex -3.59135 -5.07619 0
      vertex -2.7364 -5.07619 0.6
      vertex -3.59135 -5.07619 0.6
    endloop
  endfacet
  facet normal 0 -1 -0
    outer loop
      vertex -2.7364 -5.07619 0.6
      vertex -3.59135 -5.07619 0
      vertex -2.7364 -5.07619 0
    endloop
  endfacet
  facet normal 1 -0 0
    outer loop
      vertex -3.59135 -5.43115 0.6
      vertex -3.59135 -5.07619 0
      vertex -3.59135 -5.07619 0.6
    endloop
  endfacet
  facet normal 1 0 0
    outer loop
      vertex -3.59135 -5.07619 0
      vertex -3.59135 -5.43115 0.6
      vertex -3.59135 -5.43115 0
    endloop
  endfacet
  facet normal 0 1 -0
    outer loop
      vertex -2.7364 -5.43115 0
      vertex -3.59135 -5.43115 0.6
      vertex -2.7364 -5.43115 0.6
    endloop
  endfacet
  facet normal 0 1 0
    outer loop
      vertex -3.59135 -5.43115 0.6
      vertex -2.7364 -5.43115 0
      vertex -3.59135 -5.43115 0
    endloop
  endfacet
  facet normal 1 -0 0
    outer loop
      vertex -2.7364 -6.00279 0.6
      vertex -2.7364 -5.43115 0
      vertex -2.7364 -5.43115 0.6
    endloop
  endfacet
  facet normal 1 0 0
    outer loop
      vertex -2.7364 -5.43115 0
      vertex -2.7364 -6.00279 0.6
      vertex -2.7364 -6.00279 0
    endloop
  endfacet
  facet normal 0.998169 0.0604827 0
    outer loop
      vertex -2.72307 -6.22278 0.6
      vertex -2.7364 -6.00279 0
      vertex -2.7364 -6.00279 0.6
    endloop
  endfacet
  facet normal 0.998169 0.0604827 0
    outer loop
      vertex -2.7364 -6.00279 0
      vertex -2.72307 -6.22278 0.6
      vertex -2.72307 -6.22278 0
    endloop
  endfacet
  facet normal 0 -1 0
    outer loop
      vertex -3.76302 -6.22278 0
      vertex -2.72307 -6.22278 0.6
      vertex -3.76302 -6.22278 0.6
    endloop
  endfacet
  facet normal 0 -1 -0
    outer loop
      vertex -2.72307 -6.22278 0.6
      vertex -3.76302 -6.22278 0
      vertex -2.72307 -6.22278 0
    endloop
  endfacet
  facet normal 0.993054 0.117663 0
    outer loop
      vertex -3.718 -6.60274 0.6
      vertex -3.76302 -6.22278 0
      vertex -3.76302 -6.22278 0.6
    endloop
  endfacet
  facet normal 0.993054 0.117663 0
    outer loop
      vertex -3.76302 -6.22278 0
      vertex -3.718 -6.60274 0.6
      vertex -3.718 -6.60274 0
    endloop
  endfacet
  facet normal 0 1 -0
    outer loop
      vertex -2.12311 -6.60274 0
      vertex -3.718 -6.60274 0.6
      vertex -2.12311 -6.60274 0.6
    endloop
  endfacet
  facet normal 0 1 0
    outer loop
      vertex -3.718 -6.60274 0.6
      vertex -2.12311 -6.60274 0
      vertex -3.718 -6.60274 0
    endloop
  endfacet
  facet normal -0.997305 -0.073364 0
    outer loop
      vertex -2.12311 -6.60274 0
      vertex -2.15143 -6.21776 0.6
      vertex -2.15143 -6.21776 0
    endloop
  endfacet
  facet normal -0.997305 -0.073364 0
    outer loop
      vertex -2.15143 -6.21776 0.6
      vertex -2.12311 -6.60274 0
      vertex -2.12311 -6.60274 0.6
    endloop
  endfacet
  facet normal 1 -0 0
    outer loop
      vertex 3.5 9.35 8
      vertex 3.5 10.15 7.99999
      vertex 3.5 10.15 8
    endloop
  endfacet
  facet normal 1 0 0
    outer loop
      vertex 3.5 10.15 7.99999
      vertex 3.5 9.35 8
      vertex 3.5 10.15 6.2
    endloop
  endfacet
  facet normal 1 0 0
    outer loop
      vertex 3.5 9.35 3
      vertex 3.5 10.15 6.2
      vertex 3.5 9.35 8
    endloop
  endfacet
  facet normal 1 0 0
    outer loop
      vertex 3.5 10.15 6.2
      vertex 3.5 10.65 7
      vertex 3.5 10.15 7.99999
    endloop
  endfacet
  facet normal 1 0 0
    outer loop
      vertex 3.5 10.65 7
      vertex 3.5 10.15 6.2
      vertex 3.5 10.65 6.2
    endloop
  endfacet
  facet normal 1 -0 0
    outer loop
      vertex 3.5 10.15 3
      vertex 3.5 10.25 0.6
      vertex 3.5 10.25 3
    endloop
  endfacet
  facet normal 1 0 0
    outer loop
      vertex 3.5 10.15 6.2
      vertex 3.5 9.35 3
      vertex 3.5 10.15 3
    endloop
  endfacet
  facet normal 1 0 0
    outer loop
      vertex 3.5 10.15 3
      vertex 3.5 9.35 3
      vertex 3.5 10.25 0.6
    endloop
  endfacet
  facet normal 1 0 0
    outer loop
      vertex 3.5 9.25 0.6
      vertex 3.5 9.35 3
      vertex 3.5 9.25 3
    endloop
  endfacet
  facet normal 1 0 0
    outer loop
      vertex 3.5 9.35 3
      vertex 3.5 9.25 0.6
      vertex 3.5 10.25 0.6
    endloop
  endfacet
  facet normal -1 0 0
    outer loop
      vertex -3.5 10.25 0.6
      vertex -3.5 10.15 3
      vertex -3.5 10.25 3
    endloop
  endfacet
  facet normal -1 0 0
    outer loop
      vertex -3.5 9.35 3
      vertex -3.5 10.15 6.2
      vertex -3.5 10.15 3
    endloop
  endfacet
  facet normal -1 0 0
    outer loop
      vertex -3.5 9.35 8
      vertex -3.5 10.15 6.2
      vertex -3.5 9.35 3
    endloop
  endfacet
  facet normal -1 0 0
    outer loop
      vertex -3.5 10.15 6.2
      vertex -3.5 9.35 8
      vertex -3.5 10.15 7.99999
    endloop
  endfacet
  facet normal -1 0 0
    outer loop
      vertex -3.5 10.25 0.6
      vertex -3.5 9.35 3
      vertex -3.5 10.15 3
    endloop
  endfacet
  facet normal -1 0 0
    outer loop
      vertex -3.5 9.25 0.6
      vertex -3.5 9.35 3
      vertex -3.5 10.25 0.6
    endloop
  endfacet
  facet normal -1 -0 0
    outer loop
      vertex -3.5 9.35 3
      vertex -3.5 9.25 0.6
      vertex -3.5 9.25 3
    endloop
  endfacet
  facet normal -1 0 0
    outer loop
      vertex -3.5 10.15 6.2
      vertex -3.5 10.65 7
      vertex -3.5 10.65 6.2
    endloop
  endfacet
  facet normal -1 -0 0
    outer loop
      vertex -3.5 10.65 7
      vertex -3.5 10.15 6.2
      vertex -3.5 10.15 7.99999
    endloop
  endfacet
  facet normal -1 0 0
    outer loop
      vertex -3.5 10.15 7.99999
      vertex -3.5 9.35 8
      vertex -3.5 10.15 8
    endloop
  endfacet
  facet normal 0 -1 0
    outer loop
      vertex -3.5 9.25 0.6
      vertex 3.5 9.25 3
      vertex -3.5 9.25 3
    endloop
  endfacet
  facet normal 0 -1 -0
    outer loop
      vertex 3.5 9.25 3
      vertex -3.5 9.25 0.6
      vertex 3.5 9.25 0.6
    endloop
  endfacet
  facet normal 1 0 0
    outer loop
      vertex 3.5 -10.15 7.99999
      vertex 3.5 -9.35 8
      vertex 3.5 -10.15 8
    endloop
  endfacet
  facet normal 1 -0 0
    outer loop
      vertex 3.5 -9.35 3
      vertex 3.5 -9.25 0.6
      vertex 3.5 -9.25 3
    endloop
  endfacet
  facet normal 1 0 0
    outer loop
      vertex 3.5 -10.65 7
      vertex 3.5 -9.35 8
      vertex 3.5 -10.15 7.99999
    endloop
  endfacet
  facet normal 1 0 0
    outer loop
      vertex 3.5 -9.35 8
      vertex 3.5 -10.15 6.2
      vertex 3.5 -9.35 3
    endloop
  endfacet
  facet normal 1 0 0
    outer loop
      vertex 3.5 -10.15 3
      vertex 3.5 -9.35 3
      vertex 3.5 -10.15 6.2
    endloop
  endfacet
  facet normal 1 0 0
    outer loop
      vertex 3.5 -9.35 3
      vertex 3.5 -10.15 3
      vertex 3.5 -9.25 0.6
    endloop
  endfacet
  facet normal 1 0 0
    outer loop
      vertex 3.5 -10.25 0.6
      vertex 3.5 -10.15 3
      vertex 3.5 -10.25 3
    endloop
  endfacet
  facet normal 1 0 0
    outer loop
      vertex 3.5 -10.15 3
      vertex 3.5 -10.25 0.6
      vertex 3.5 -9.25 0.6
    endloop
  endfacet
  facet normal 1 0 0
    outer loop
      vertex 3.5 -9.35 8
      vertex 3.5 -10.65 7
      vertex 3.5 -10.15 6.2
    endloop
  endfacet
  facet normal 1 0 0
    outer loop
      vertex 3.5 -10.15 6.2
      vertex 3.5 -10.65 7
      vertex 3.5 -10.65 6.2
    endloop
  endfacet
  facet normal -1 0 0
    outer loop
      vertex -3.5 -10.65 7
      vertex -3.5 -10.15 6.2
      vertex -3.5 -10.65 6.2
    endloop
  endfacet
  facet normal -1 0 0
    outer loop
      vertex -3.5 -10.15 6.2
      vertex -3.5 -10.65 7
      vertex -3.5 -10.15 7.99999
    endloop
  endfacet
  facet normal -1 0 0
    outer loop
      vertex -3.5 -9.25 0.6
      vertex -3.5 -9.35 3
      vertex -3.5 -9.25 3
    endloop
  endfacet
  facet normal -1 0 0
    outer loop
      vertex -3.5 -10.15 6.2
      vertex -3.5 -9.35 3
      vertex -3.5 -10.15 3
    endloop
  endfacet
  facet normal -1 0 0
    outer loop
      vertex -3.5 -9.25 0.6
      vertex -3.5 -10.15 3
      vertex -3.5 -9.35 3
    endloop
  endfacet
  facet normal -1 0 0
    outer loop
      vertex -3.5 -10.25 0.6
      vertex -3.5 -10.15 3
      vertex -3.5 -9.25 0.6
    endloop
  endfacet
  facet normal -1 -0 0
    outer loop
      vertex -3.5 -10.15 3
      vertex -3.5 -10.25 0.6
      vertex -3.5 -10.25 3
    endloop
  endfacet
  facet normal -1 0 0
    outer loop
      vertex -3.5 -9.35 3
      vertex -3.5 -10.15 6.2
      vertex -3.5 -9.35 8
    endloop
  endfacet
  facet normal -1 0 0
    outer loop
      vertex -3.5 -10.15 7.99999
      vertex -3.5 -9.35 8
      vertex -3.5 -10.15 6.2
    endloop
  endfacet
  facet normal -1 -0 0
    outer loop
      vertex -3.5 -9.35 8
      vertex -3.5 -10.15 7.99999
      vertex -3.5 -10.15 8
    endloop
  endfacet
  facet normal 0 1 -0
    outer loop
      vertex 3.5 -9.25 0.6
      vertex -3.5 -9.25 3
      vertex 3.5 -9.25 3
    endloop
  endfacet
  facet normal 0 1 0
    outer loop
      vertex -3.5 -9.25 3
      vertex 3.5 -9.25 0.6
      vertex -3.5 -9.25 0.6
    endloop
  endfacet
  facet normal -0 0 1
    outer loop
      vertex -3.5 10.15 8
      vertex 3.5 9.35 8
      vertex 3.5 10.15 8
    endloop
  endfacet
  facet normal 0 0 1
    outer loop
      vertex 3.5 9.35 8
      vertex -3.5 10.15 8
      vertex -3.5 9.35 8
    endloop
  endfacet
  facet normal 0 1 -0
    outer loop
      vertex 3.5 10.15 7.99999
      vertex -3.5 10.15 8
      vertex 3.5 10.15 8
    endloop
  endfacet
  facet normal 0 1 0
    outer loop
      vertex -3.5 10.15 8
      vertex 3.5 10.15 7.99999
      vertex -3.5 10.15 7.99999
    endloop
  endfacet
  facet normal 0 1 -0
    outer loop
      vertex 3.5 10.15 3
      vertex -3.5 10.15 6.2
      vertex 3.5 10.15 6.2
    endloop
  endfacet
  facet normal 0 1 0
    outer loop
      vertex -3.5 10.15 6.2
      vertex 3.5 10.15 3
      vertex -3.5 10.15 3
    endloop
  endfacet
  facet normal 0 -1 0
    outer loop
      vertex -3.5 9.35 3
      vertex 3.5 9.35 8
      vertex -3.5 9.35 8
    endloop
  endfacet
  facet normal 0 -1 -0
    outer loop
      vertex 3.5 9.35 8
      vertex -3.5 9.35 3
      vertex 3.5 9.35 3
    endloop
  endfacet
  facet normal 0 0.894425 0.447217
    outer loop
      vertex 3.5 10.65 7
      vertex -3.5 10.15 7.99999
      vertex 3.5 10.15 7.99999
    endloop
  endfacet
  facet normal 0 0.894425 0.447217
    outer loop
      vertex -3.5 10.15 7.99999
      vertex 3.5 10.65 7
      vertex -3.5 10.65 7
    endloop
  endfacet
  facet normal 0 0 -1
    outer loop
      vertex -3.5 10.15 6.2
      vertex 3.5 10.65 6.2
      vertex 3.5 10.15 6.2
    endloop
  endfacet
  facet normal -0 0 -1
    outer loop
      vertex 3.5 10.65 6.2
      vertex -3.5 10.15 6.2
      vertex -3.5 10.65 6.2
    endloop
  endfacet
  facet normal 0 1 -0
    outer loop
      vertex 3.5 10.65 6.2
      vertex -3.5 10.65 7
      vertex 3.5 10.65 7
    endloop
  endfacet
  facet normal 0 1 0
    outer loop
      vertex -3.5 10.65 7
      vertex 3.5 10.65 6.2
      vertex -3.5 10.65 6.2
    endloop
  endfacet
  facet normal -0 0 1
    outer loop
      vertex -3.5 -9.35 8
      vertex 3.5 -10.15 8
      vertex 3.5 -9.35 8
    endloop
  endfacet
  facet normal 0 0 1
    outer loop
      vertex 3.5 -10.15 8
      vertex -3.5 -9.35 8
      vertex -3.5 -10.15 8
    endloop
  endfacet
  facet normal 0 -1 0
    outer loop
      vertex -3.5 -10.15 7.99999
      vertex 3.5 -10.15 8
      vertex -3.5 -10.15 8
    endloop
  endfacet
  facet normal 0 -1 -0
    outer loop
      vertex 3.5 -10.15 8
      vertex -3.5 -10.15 7.99999
      vertex 3.5 -10.15 7.99999
    endloop
  endfacet
  facet normal 0 -1 0
    outer loop
      vertex -3.5 -10.15 3
      vertex 3.5 -10.15 6.2
      vertex -3.5 -10.15 6.2
    endloop
  endfacet
  facet normal 0 -1 -0
    outer loop
      vertex 3.5 -10.15 6.2
      vertex -3.5 -10.15 3
      vertex 3.5 -10.15 3
    endloop
  endfacet
  facet normal 0 1 -0
    outer loop
      vertex 3.5 -9.35 3
      vertex -3.5 -9.35 8
      vertex 3.5 -9.35 8
    endloop
  endfacet
  facet normal 0 1 0
    outer loop
      vertex -3.5 -9.35 8
      vertex 3.5 -9.35 3
      vertex -3.5 -9.35 3
    endloop
  endfacet
  facet normal 0 -0.894425 0.447217
    outer loop
      vertex -3.5 -10.65 7
      vertex 3.5 -10.15 7.99999
      vertex -3.5 -10.15 7.99999
    endloop
  endfacet
  facet normal 0 -0.894425 0.447217
    outer loop
      vertex 3.5 -10.15 7.99999
      vertex -3.5 -10.65 7
      vertex 3.5 -10.65 7
    endloop
  endfacet
  facet normal 0 0 -1
    outer loop
      vertex -3.5 -10.65 6.2
      vertex 3.5 -10.15 6.2
      vertex 3.5 -10.65 6.2
    endloop
  endfacet
  facet normal -0 0 -1
    outer loop
      vertex 3.5 -10.15 6.2
      vertex -3.5 -10.65 6.2
      vertex -3.5 -10.15 6.2
    endloop
  endfacet
  facet normal 0 -1 0
    outer loop
      vertex -3.5 -10.65 6.2
      vertex 3.5 -10.65 7
      vertex -3.5 -10.65 7
    endloop
  endfacet
  facet normal 0 -1 -0
    outer loop
      vertex 3.5 -10.65 7
      vertex -3.5 -10.65 6.2
      vertex 3.5 -10.65 6.2
    endloop
  endfacet
  facet normal -0 0 1
    outer loop
      vertex -10.25 0.5 6.9
      vertex 10.25 -0.5 6.9
      vertex 10.25 0.5 6.9
    endloop
  endfacet
  facet normal 0 0 1
    outer loop
      vertex 10.25 -0.5 6.9
      vertex -10.25 0.5 6.9
      vertex -10.25 -0.5 6.9
    endloop
  endfacet
  facet normal 0 1 -0
    outer loop
      vertex 10.25 0.5 3
      vertex -10.25 0.5 6.9
      vertex 10.25 0.5 6.9
    endloop
  endfacet
  facet normal 0 1 0
    outer loop
      vertex 10.25 0.5 3
      vertex -10.25 0.5 3
      vertex -10.25 0.5 6.9
    endloop
  endfacet
  facet normal 0 1 -0
    outer loop
      vertex 10.25 0.5 0.6
      vertex -10.25 0.5 3
      vertex 10.25 0.5 3
    endloop
  endfacet
  facet normal 0 1 0
    outer loop
      vertex -10.25 0.5 3
      vertex 10.25 0.5 0.6
      vertex -10.25 0.5 0.6
    endloop
  endfacet
  facet normal 0 -1 0
    outer loop
      vertex -10.25 -0.5 3
      vertex 10.25 -0.5 6.9
      vertex -10.25 -0.5 6.9
    endloop
  endfacet
  facet normal 0 -1 0
    outer loop
      vertex -10.25 -0.5 3
      vertex 10.25 -0.5 3
      vertex 10.25 -0.5 6.9
    endloop
  endfacet
  facet normal 0 -1 0
    outer loop
      vertex -10.25 -0.5 0.6
      vertex 10.25 -0.5 3
      vertex -10.25 -0.5 3
    endloop
  endfacet
  facet normal 0 -1 -0
    outer loop
      vertex 10.25 -0.5 3
      vertex -10.25 -0.5 0.6
      vertex 10.25 -0.5 0.6
    endloop
  endfacet
endsolid OpenSCAD_Model
