:020000040000FA
:1000000018F09FE518F09FE514F09FE510F09FE5CC
:100010000CF09FE5B05F20B9F0FF1FE500F09FE511
:10002000280000007C00000050009FE5D2F021E392
:1000300000D0A0E1020C40E2D3F021E300D0A0E127
:100040003C009FE53C109FE53C209FE5020051E10C
:100050000430903404308134FBFFFF3A2C109FE5CC
:100060002C209FE50030A0E3020051E104308134F0
:10007000FCFFFF3A53F021E3060000EBFEFFFFEA2E
:10008000E07F00407CF500000000004028000040B8
:1000900028000040283C004000482DE90DB0A0E1B8
:1000A00018D04DE20A2000EB601900EB5E1B00EB5C
:1000B000851200EBE91A00EB0100A0E3311A00EB16
:1000C0009600A0E34C2000EB0000A0E32D1A00EB0B
:1000D0009600A0E3482000EB0100A0E3291A00EB02
:1000E0009600A0E3442000EB0000A0E3251A00EBFB
:1000F0009600A0E3402000EB0100A0E3211A00EBF2
:100100009600A0E33C2000EB0000A0E31D1A00EBEA
:100110009600A0E3382000EB521C00EB0040A0E169
:100120004C019FE56F1400EB0100A0E3151A00EBF2
:10013000770FA0E3010B80E32F2000EB000054E3D6
:100140000200000AB81C00EB000050E30200000AA5
:10015000000074E20000A4E0D11C00EB470600EBB5
:10016000181B00EB0C019FE51D1B00EB08119FE520
:1001700008404BE20400A0E1632000EB0050A0E146
:10018000E11900EB0010A0E10500A0E10420A0E3CC
:10019000292100EB0400A0E1111B00EB0090A0E37B
:1001A000F01F00EB0070A0E10CA08DE208508DE282
:1001B0000040A0E30080A0E1040000EA0190A0E379
:1001C0000670A0E1080046E0280050E32400002A61
:1001D000E41F00EB0060A0E1E61A00EB000050E332
:1001E0000400004A0610A0E16A0000EBE11A00EBEF
:1001F000010070E3FAFFFFCA070046E01E0050E36B
:10020000EFFFFF3A0A00A0E10510A0E1231B00EB7D
:10021000000050E30E00000A0040A0E3000059E394
:10022000E5FFFF1A08109DE50C009DE504208DE216
:100230000D30A0E14E1C00EB000050E3DEFFFF0A92
:1002400000109DE504009DE50620A0E1910600EB6D
:10025000D9FFFFEA000054E3014084E20090A0C30C
:10026000D6FFFFEA0600A0E1AF0600EB0680A0E1A2
:10027000D6FFFFEA8002000041920000AE9000002D
:10028000F0482DE910B08DE220D04DE2E4009FE56A
:10029000052DA0E31030A0E3001090E54200A0E39C
:1002A00000008DE50000A0E3981400EB5000A0E3EF
:1002B000C8209FE5C61EA0E3A070A0E30130A0E324
:1002C00004008DE5B0009FE50F1A81E300708DE515
:1002D000561800EB6E00A0E3A8209FE59E10A0E357
:1002E0000130A0E300708DE504008DE590009FE5EE
:1002F000F71C81E34D1800EB8C109FE508408DE260
:100300000400A0E1002000EB0050A0E17E1900EB0A
:100310000010A0E10500A0E10420A0E3C62000EB4E
:1003200068609FE5B950A0E38C00A0E30130A0E332
:1003300000708DE5215B85E304008DE50400A0E1FC
:100340000510A0E10620A0E1381800EBC800A0E3EA
:100350000510A0E10620A0E10130A0E300708DE5CA
:1003600004008DE528009FE5301800EB10D04BE22B
:10037000F048BDE81EFF2FE1D40A0040F18F0000D5
:1003800088D500000393000080D50000269200006D
:1003900020CF0000BE9000000D0050E31EFF2F0193
:1003A0000A0050E32100001AF04F2DE91CB08DE245
:1003B0008CD04DE27CAF9FE57C0F9FE57C5F9FE595
:1003C0000040A0E300209AE5010052E30240C0E7AC
:1003D0002D0100BA0020D5E5000052E32A01001AE1
:1003E0000030A0E33C208DE20370D0E7000057E32B
:1003F0000400000A0370C2E7013083E21F0053E3E8
:10040000F8FFFF1A1F30A0E30070A0E30370C2E7FB
:10041000013080E2010053E5000050E32500000AAE
:10042000200050E30E00000A013083E2F8FFFFEAEB
:10043000001F9FE5002091E51E0052E3040000CA62
:10044000F43E9FE50200C3E7010082E2000081E57F
:100450001EFF2FE1E40E9FE50110A0E30010C0E5B0
:100460001EFF2FE10070D3E50000A0E3010043E58B
:10047000000057E30F00000A012083E20180A0E39F
:1004800014608DE214308DE5020000EA000057E3AD
:100490009600000A0170D2E4200057E3FAFFFF1A29
:1004A000060058E3010042E50405000A082186E73A
:1004B000018088E2F6FFFFEA0000A0E310108DE55E
:1004C00000A0A0E30080A0E308008DE50C008DE50E
:1004D00004008DE5600E9FE55C1F9FE5521F00EB59
:1004E0000040A0E30160A0E3000050E30170A0E33E
:1004F0000050A0E31F00001A3C0E9FE53C1F9FE543
:10050000491F00EB000050E30150A0E31900001A5E
:10051000240E9FE5281F9FE5431F00EB0250A0E338
:10052000000050E31300001A0C0E9FE5141F9FE516
:100530003D1F00EB0350A0E3000050E30D00001A44
:10054000F40D9FE5001F9FE5371F00EB0450A0E36B
:10055000000050E30700001ADC0D9FE5EC1E9FE54C
:10056000311F00EB0070A0E1000050E30050E0E319
:100570000550A0130170A013BC0D9FE5D01E9FE590
:10058000291F00EB000050E32B00001AA80D9FE587
:10059000C01E9FE5241F00EB000050E30140A0E3D4
:1005A0002500001A900D9FE5AC1E9FE51E1F00EB75
:1005B0000240A0E3000050E31F00001A780D9FE501
:1005C000981E9FE5181F00EB0340A0E3000050E3D6
:1005D0001900001A600D9FE5841E9FE5121F00EBB5
:1005E0000440A0E3000050E31300001A480D9FE50B
:1005F000701E9FE50C1F00EB0540A0E3000050E3D8
:100600000D00001A300D9FE5F01F9FE5061F00EB5F
:100610000640A0E3000050E30700001A180D9FE514
:10062000DC1F9FE5001F00EB0060A0E1000050E32D
:100630000040E0E30740A0130160A013030048E27C
:10064000001070E20190A0E0EC0C9FE5B41F9FE564
:10065000F51E00EB000050E30100A013000009E0CC
:100660000A0000E0010050E30600001A980F9FE521
:1006700010909DE534704BE20110A0E38C0097E8E8
:100680008E0080E8790000EA0C009DE510909DE561
:10069000000007E0010050E30400001A680F9FE526
:1006A0000010A0E3050180E0101080E56F0000EA73
:1006B000020048E2001070E20100A0E0070000E044
:1006C0000A0000E0010050E32D00001A380F9FE5FA
:1006D0000110A0E330201BE5050180E0101080E54B
:1006E00034101BE5402080E5281080E55F0000EA1B
:1006F000010058E310108DE5360000BA0070A0E349
:1007000001A0A0E334404BE24C504BE2070196E7D6
:100710000410A0E1D71E00EB000050E3070185E7BD
:10072000017087E2044084E20100A013070058E151
:1007300000A00AE0F4FFFF1A010058E32800001AA5
:1007400014509DE5E41F9FE50500A0E1B61E00EBF7
:10075000DC1F9FE5000050E30100A0130C008DE5B5
:100760000500A0E1B01E00EB0110A0E3000050E383
:1007700008108DE54900000A0100A0E30180A0E314
:1007800052FFFFEAB00B9FE5FC1F9FE50970A0E157
:10079000A51E00EB000050E31300000A08509DE581
:1007A0000A0005E0010050E31800001A584E9FE5CA
:1007B0000100A0E3E41F9FE5580084E5780B9FE566
:1007C000991E00EB34101BE55C0084E5601084E5A5
:1007D0000790A0E1250000EA0000A0E300A0A0E34C
:1007E00038FFFFEA0000A0E336FFFFEA480B9FE571
:1007F000A81F9FE58C1E00EB08509DE5000050E30C
:100800000100A013000005E00A0010E1E6FFFF1A56
:100810000C209DE5011044E20000A0E30790A0E158
:10082000050051E30010A0E30110A033021001E025
:10083000010051E30300001ACC1D9FE5841181E003
:10084000640081E5090000EA060005E00A0000E016
:10085000010050E31B00001AAC0D9FE534201BE59E
:100860000110A0E3840180E0641080E5682080E549
:10087000C0AA9FE5C45A9FE50040A0E3880D9FE50C
:100880000110A0E3641180E5689180E50040C5E5B2
:1008900000408AE51CD04BE2F04FBDE81EFF2FE17F
:1008A000FC1F9FE50500A0E15F1E00EB000050E388
:1008B0000180A0E30100A01304008DE50100A0E386
:1008C00008008DE502FFFFEA6C0A9FE5DC1F9FE54B
:1008D000551E00EB000050E30C00000A04009DE5EB
:1008E000000050E31100000A4C0A9FE5BC1F9FE581
:1008F00034401BE54C1E00EB000050E3080D9FE563
:10090000A410A0E3A810A003014080E7AFFFFFEA16
:10091000240A9FE5F81F9FE5431E00EB04109DE5A8
:10092000000050E30100A013010010E1EDFFFF1AE9
:10093000040A9FE5FC1F9FE53B1E00EB001070E2E0
:10094000015025E20100A0E0000095E13300001A0B
:1009500014609DE5F81F9FE50600A0E1321E00EB44
:10096000000050E30E00001A401F9FE50600A0E1C2
:100970002D1E00EB000050E30900001AD41A9FE579
:100980000600A0E1281E00EB000050E30400001A5E
:10099000F01F9FE50600A0E1231E00EB000050E3DE
:1009A0001E00000AA81F9FE50600A0E11E1E00EB26
:1009B000E8AF9FE5EC5F9FE50010A0E3000050E387
:1009C0000040A0E31100001AE01E9FE50600A0E130
:1009D000151E00EB0110A0E3000050E30B00001A0D
:1009E000DC1F9FE50600A0E10F1E00EB0210A0E354
:1009F000000050E30500001AD41F9FE50600A0E1A7
:100A0000091E00EB0310A0E3000050E30010E00318
:100A1000C00F9FE50790A0E1B01080E596FFFFEAC8
:100A20007C0F9FE5B01F9FE5FF1D00EB0C109DE5BF
:100A3000000050E30100A013010000E0010050E3BA
:100A40000500001A8C0F9FE50010A0E3B810C0E568
:100A50000010E0E3B41080E55CFFFFEA400F9FE583
:100A6000741F9FE5F01D00EB020058E34E00001AD2
:100A7000000050E34C00000A18609DE55C1F9FE5F4
:100A80000600A0E1E81D00EB000050E30400001A9E
:100A90004C1F9FE50600A0E1E31D00EB000050E3C2
:100AA0004100000A14409DE5381F9FE50400A0E1C5
:100AB000DD1D00EB0010A0E3000050E33500001A3C
:100AC000241F9FE50400A0E1D71D00EB0110A0E367
:100AD000000050E32F00001AD81E9FE50400A0E19B
:100AE000D11D00EB0210A0E3000050E32900001A22
:100AF000F81E9FE50400A0E1CB1D00EB0310A0E36E
:100B0000000050E32300001AAC1E9FE50400A0E1A2
:100B1000C51D00EB0410A0E3000050E31D00001A07
:100B2000CC1E9FE50400A0E1BF1D00EB0510A0E373
:100B3000000050E31700001AB81E9FE50400A0E172
:100B4000B91D00EB0610A0E3000050E31100001AED
:100B5000A41E9FE50400A0E1B31D00EB0710A0E375
:100B6000000050E30B00001A901E9FE50400A0E176
:100B7000AD1D00EB0810A0E3000050E30500001AD3
:100B80007C1E9FE50400A0E1A71D00EB0910A0E377
:100B9000000050E30110E003380E9FE5B41080E53B
:100BA0000010D6E5B810C0E508FFFFEAF00D9FE59C
:100BB000501E9FE59C1D00EB08109DE50C209DE557
:100BC000000050E30A1001E0019082E10000591397
:100BD0008B00001AC80D9FE52C1E9FE5921D00EBAF
:100BE000020058E31700001A000050E31500000A45
:100BF00014A09DE5141E9FE50A00A0E18A1D00EBEC
:100C00000160A0E3000050E30A00001AB81D9FE550
:100C10000A00A0E1841D00EB000050E30500001A6B
:100C2000EC1D9FE50A00A0E17F1D00EB0060A0E144
:100C3000000050E30160A013000056E348001B15BC
:100C400000005013BE00001A540D9FE5C41D9FE51F
:100C5000751D00EB020058E32D00001A000050E360
:100C60002B00000A14609DE5A01D9FE50600A0E191
:100C70006D1D00EB000050E30900001A481D9FE5C0
:100C80000600A0E1681D00EB000050E30400001A1C
:100C90007C1D9FE50600A0E1631D00EB000050E312
:100CA0001B00000A48001BE5000050E31800000A82
:100CB000581D9FE50600A0E15B1D00EB0010A0E3BE
:100CC000000050E30B00001AFC1C9FE50600A0E1A9
:100CD000551D00EB0110A0E3000050E30500001AD1
:100CE0002C1D9FE50600A0E14F1D00EB0210A0E3C4
:100CF000000050E30010E003D80C9FE530201BE516
:100D0000810180E00110A0E3D01080E5D42080E5CF
:100D1000AEFEFFEA880C9FE5FC1C9FE5421D00EB40
:100D2000020058E33F00001A000050E33D00000AB3
:100D300014609DE5D41C9FE50600A0E13A1D00EB80
:100D4000000050E30900001A7C1C9FE50600A0E1AA
:100D5000351D00EB000050E30400001AB01C9FE5B5
:100D60000600A0E1301D00EB000050E32D00000A5A
:100D700018409DE5341C9FE50400A0E12A1D00EB0E
:100D8000000050E30400001A241C9FE50400A0E1C9
:100D9000251D00EB000050E32200000A6C1C9FE5BB
:100DA0000600A0E1201D00EB0010A0E3000050E3CE
:100DB0000B00001A101C9FE50600A0E11A1D00EBB5
:100DC0000110A0E3000050E30500001A401C9FE55D
:100DD0000600A0E1141D00EB0210A0E3000050E3A8
:100DE0000010E003EC0B9FE5E81080E50010D4E56F
:100DF000311041E2002071E20210A1E0EC1080E528
:100E000072FEFFEA0C309DE5C81B9FE534201BE510
:100E1000000053E3010023E20020A013BC0081E5A1
:100E2000C02081E569FEFFEA740B9FE5EC1B9FE59E
:100E3000FD1C00EB020058E36000001A000050E3C4
:100E40005E00000A14009DE5841B9FE5F61C00EB84
:100E5000000050E3A200000A18609DE5481B9FE5D2
:100E60000600A0E1F01C00EB000050E31300001AA4
:100E7000B41B9FE50600A0E1EB1C00EB000050E373
:100E80000E00001AA41B9FE50600A0E1E61C00EB83
:100E9000000050E30900001A941B9FE50600A0E142
:100EA000E11C00EB000050E30400001A841B9FE5E6
:100EB0000600A0E1DC1C00EB000050E38800000A03
:100EC000E41A9FE50600A0E1D71C00EB0010A0E3A8
:100ED000000050E31700001A4C1B9FE50600A0E13C
:100EE000D11C00EB0110A0E3000050E31100001A38
:100EF000381B9FE50600A0E1CB1C00EB0210A0E32D
:100F0000000050E30B00001A241B9FE50600A0E13F
:100F1000C51C00EB0310A0E3000050E30500001A1D
:100F2000101B9FE50600A0E1BF1C00EB0410A0E32E
:100F3000000050E30010E003980A9FE5001180E5EF
:100F400022FEFFEA30401BE5000054E33DFFFF4A6C
:100F5000020054E33BFFFFCA18009DE50100D0E505
:100F6000000050E337FFFF1AA01A9FE50A00A0E136
:100F7000AD1C00EB0010A0E3000050E30B00001AD2
:100F8000441A9FE50A00A0E1A71C00EB0110A0E3B2
:100F9000000050E30500001A741A9FE50A00A0E162
:100FA000A11C00EB0210A0E3000050E30010E003DE
:100FB000200A9FE5010180E0C44080E503FEFFEACE
:100FC000DC099FE5541A9FE5971C00EB030058E3EA
:100FD0004600001A000050E34400000A14009DE59A
:100FE000EC199FE5901C00EB000050E33F00000A65
:100FF00018609DE5281A9FE50600A0E18A1C00EB19
:10100000000050E30400001A181A9FE50600A0E152
:10101000851C00EB000050E33400000A44001BE58F
:10102000000050E33100000A7C199FE50600A0E1B2
:101030007D1C00EB0010A0E3000050E32300001A29
:10104000E4199FE50600A0E1771C00EB0110A0E386
:10105000000050E31D00001AD0199FE50600A0E132
:10106000711C00EB0210A0E3000050E31700001A0F
:10107000BC199FE50600A0E16B1C00EB0310A0E388
:10108000000050E31100001AA8199FE50600A0E136
:10109000651C00EB0410A0E3000050E30B00001AF5
:1010A0007C199FE50600A0E15F1C00EB0510A0E3A2
:1010B000000050E30500001A68199FE50600A0E152
:1010C000591C00EB0610A0E3000050E30010E00301
:1010D00000099FE52C201BE5001180E5042180E537
:1010E000BAFDFFEAB8089FE530199FE54E1C00EBFA
:1010F000AC089FE540199FE54B1C00EB0C109DE5EB
:10110000000050E30100A013010000E0010050E3E3
:101110000C00001ABC089FE50010A0E31411C0E504
:101120002011C0E55C1180E5541180E54C1180E58B
:10113000441180E53C1180E5341180E52C1180E5F7
:101140000811C0E5A1FDFFEA54089FE5E8189FE5F6
:10115000351C00EB020058E33800001A000050E391
:101160003600000A14009DE5D0189FE52E1C00EB08
:10117000000050E33100000A18109DE50000A0E3D4
:101180000020A0E30030D1E5000053E3F201000AA3
:1011900040289FE50831C2E50130D1E5000053E366
:1011A0005E01000A0931C2E50230D1E5000053E3D7
:1011B0007101000A0A31C2E50330D1E5000053E3B2
:1011C0007401000A0B31C2E50430D1E5000053E39D
:1011D000B101000A0C31C2E50530D1E5000053E34E
:1011E000C101000A0D31C2E50630D1E5000053E32C
:1011F000C301000A0E31C2E50730D1E5000053E318
:10120000C601000A0F31C2E50830D1E5000053E302
:10121000C901000A1031C2E50930D1E5000053E3ED
:10122000CC01000A1131C2E50A10D1E5000051E3FA
:101230001211C2150B20A0130A20A003C60100EA58
:101240005C079FE5F0179FE5F71B00EB020058E3F2
:101250003B00001A000050E33900000A14009DE52D
:1012600068179FE5F01B00EB000050E33400000A14
:1012700018109DE50000A0E30020A0E30030D1E5B8
:10128000000053E3BB01000A48279FE51431C2E583
:101290000130D1E5000053E32201000A1531C2E517
:1012A0000230D1E5000053E33801000A1631C2E5EF
:1012B0000330D1E5000053E37501000A1731C2E5A0
:1012C0000430D1E5000053E38501000A1831C2E57E
:1012D0000530D1E5000053E38701000A1931C2E56A
:1012E0000630D1E5000053E38A01000A1A31C2E555
:1012F0000730D1E5000053E38C01000A1B31C2E541
:101300000830D1E5000053E38F01000A1C31C2E52B
:101310000930D1E5000053E39501000A1D31C2E513
:101320000A10D1E5000051E31E11C2150B20A013D5
:101330000A20A0038F0100EA480000402800004076
:101340004C00004058069FE5EC169FE5B61B00EBED
:10135000020058E34400001A000050E34200000A73
:1013600014009DE5D8169FE5AF1B00EB000050E38D
:101370003D00000A18109DE50000A0E30020A0E356
:101380000030D1E5000053E38001000A44269FE5C8
:101390002031C2E50130D1E5000053E3F800000A36
:1013A0002131C2E50230D1E5000053E33601000AE5
:1013B0002231C2E50330D1E5000053E33901000AD0
:1013C0002331C2E50430D1E5000053E34801000AAF
:1013D0002431C2E50530D1E5000053E34A01000A9B
:1013E0002531C2E50630D1E5000053E34D01000A86
:1013F0002631C2E50730D1E5000053E35001000A71
:101400002731C2E50830D1E5000053E35601000A58
:101410002831C2E50930D1E5000053E35A01000A42
:101420002931C2E50A10D1E5000051E32A11C215A5
:101430000B20A0130A20A003540100EAB49000007E
:10144000E99000006F910000689200003090000069
:10145000349000004B9100009C910000AE9200007F
:10146000DD9000006C9200007193000030059FE554
:10147000C4159FE56C1B00EB020058E36300001AE3
:10148000000050E36100000A14609DE538159FE5F7
:101490000600A0E1641B00EB000050E31D00001AF1
:1014A00020159FE50600A0E15F1B00EB000050E364
:1014B0001800001A8C159FE50600A0E15A1B00EBEE
:1014C000000050E31300001A7C159FE50600A0E120
:1014D000551B00EB000050E30E00001A6C159FE551
:1014E0000600A0E1501B00EB000050E30900001AC9
:1014F0005C159FE50600A0E14B1B00EB000050E3EC
:101500000400001A4C159FE50600A0E1461B00EB05
:10151000000050E33D00000A48401BE5000054E392
:101520000400001A18009DE57C149FE53E1B00EBAB
:10153000000050E33500000A8C149FE50600A0E18E
:10154000391B00EB0010A0E3000050E32300001A59
:1015500070149FE50600A0E1331B00EB0110A0E32F
:10156000000050E31D00001AD8149FE50600A0E11A
:101570002D1B00EB0210A0E3000050E31700001A3F
:10158000C4149FE50600A0E1271B00EB0310A0E3B5
:10159000000050E31100001AB0149FE50600A0E11E
:1015A000211B00EB0410A0E3000050E30B00001A25
:1015B0009C149FE50600A0E11B1B00EB0510A0E3B7
:1015C000000050E30500001A88149FE50600A0E122
:1015D000151B00EB0610A0E3000050E30010E00331
:1015E000F0039FE5000054E3810180E030101BE52B
:1015F0000410A0012C4180E5301180E573FCFFEA66
:10160000EB9200008D910000B58F0000D0030040E8
:101610008C039FE540149FE5031B00EB001070E274
:101620000100A0E0000095E12F00001A14609DE584
:1016300088139FE50600A0E1FB1A00EB000050E3D1
:101640000E00001A14149FE50600A0E1F61A00EB44
:10165000000050E30900001A04149FE50600A0E111
:10166000F11A00EB000050E30400001A38139FE564
:101670000600A0E1EC1A00EB000050E31A00000A9B
:1016800038139FE50600A0E1E71A00EB0010A0E385
:10169000000050E31100001AC0139FE50600A0E10E
:1016A000E11A00EB0110A0E3000050E30B00001A68
:1016B000AC139FE50600A0E1DB1A00EB0210A0E3EB
:1016C000000050E30500001ADC129FE50600A0E1CF
:1016D000D51A00EB0310A0E3000050E30010E00374
:1016E000F0029FE5F01080E538FCFFEAB0029FE5CC
:1016F00070139FE5CC1A00EB04109DE5000050E349
:101700000100A013010000E0010050E30900001AED
:10171000C0029FE534101BE5FC1080E52BFCFFEABE
:101720000120A0E38C0000EA0120A0E3910000EA80
:10173000108F00006692000064029FE528139FE569
:10174000B91A00EB000050E30100A013090000E00B
:10175000010050E31200001A0C309DE574129FE561
:1017600034201BE5000053E3010023E20020A01316
:10177000F40081E5F82081E514FCFFEA0220A0E3F3
:10178000750000EA0120A0E3800000EA1693000043
:101790000220A0E3770000EA0320A0E36E0000EA45
:1017A00092910000F8019FE5C0129FE59E1A00EBA0
:1017B000001070E20100A0E0000095E13C00001A7A
:1017C00014409DE5A8129FE50400A0E1961A00EBE5
:1017D000000050E30900001A98129FE50400A0E100
:1017E000911A00EB000050E30400001A0C129FE570
:1017F0000400A0E18C1A00EB000050E32C00000A6A
:101800006C129FE50400A0E1871A00EB0010A0E134
:101810000100A0E3000051E30B00001A54129FE501
:101820000400A0E1801A00EB0010A0E10200A0E398
:10183000000051E30400001AC0119FE50400A0E17C
:10184000791A00EB000050E30300A01384119FE518
:10185000AC2091E5020050E10900000A0020A0E35D
:101860008C2081E5842081E57C2081E5742081E560
:101870006C2081E5642081E5102081E5142081E55C
:10188000182081E5AC0081E5D0FBFFEA0220A0E34F
:101890003E0000EA0320A0E3360000EA0420A0E3B3
:1018A0002D0000EA869100000320A0E3370000EA43
:1018B00033920000E4A09FE5E8509FE50040A0E3DC
:1018C000B4119FE514608DE20600A0E18E1A00EBD2
:1018D0003C108DE28C1A00EB0600A0E1401500EBF5
:1018E000E9FBFFEA0420A0E3220000EA0520A0E3D0
:1018F000190000EA0420A0E3240000EA0520A0E388
:101900001C0000EA0620A0E3130000EA0520A0E383
:101910001E0000EACB9100000620A0E3150000EABB
:101920000720A0E30C0000EA0620A0E3170000EA6D
:101930000720A0E30F0000EA379200000820A0E390
:10194000050000EA0720A0E3100000EA0820A0E359
:10195000080000EA769300000920A0E374109FE5D8
:10196000021081E00801C1E598FBFFEA0820A0E32E
:10197000060000EA0920A0E358109FE5021081E06C
:101980001401C1E591FBFFEAE39000000920A0E308
:1019900040109FE5021081E02001C1E58BFBFFEACA
:1019A00048000040280000404C000040108F00001C
:1019B0006692000086910000B4900000E99000005B
:1019C000349000009C910000EB9200001693000000
:1019D00033920000E3900000D003004088910000A3
:1019E000B290000069910000199100004F91000031
:1019F000B8900000419300003B92000095900000D9
:101A0000358F0000CF910000148F00001A93000062
:101A1000839300001F910000D99000006B9100009B
:101A2000A6920000E692000047920000D5910000C7
:101A3000558F0000739100008793000062930000AF
:101A400057900000969100009D900000DB910000EF
:101A500070920000469300004A930000AA92000092
:101A6000A3900000799100004F8F00006693000062
:101A70006C930000AA900000858F00003C9300004A
:101A8000F04F2DE91CB08DE204D04DE2F0019FE54E
:101A9000F4819FE5EC619FE559A0E0E33C50A0E3B1
:101AA000584080E24B9F88E20600A0E13C10A0E392
:101AB0000120A0E31F1A00EB542044E2960FA0E39C
:101AC0000510A0E1586004E5DB0C00EB047086E231
:101AD0001E10A0E30120A0E30700A0E1151A00EB0F
:101AE000382044E24B0FA0E30510A0E13C7004E570
:101AF000D10C00EB087086E21D10E0E30120A0E3AA
:101B00000700A0E10B1A00EB1C2044E20900A0E151
:101B10000510A0E1207004E5C70C00EB0C7086E214
:101B20003B10E0E30120A0E30700A0E1011A00EB75
:101B30000800A0E10510A0E10420A0E1047004E584
:101B4000BD0C00EB5AA08AE2704084E2106086E28D
:101B5000E15F85E2AA00A0E1870050E3D1FFFF3AF0
:101B60001C019FE5FF70A0E300A0A0E30040A0E3FC
:101B70000050A0E3FF7C87E3078D80E20F0000EABE
:101B80000600A0E10510A0E10120A0E3E91900EBA7
:101B90000890A0E1042088E22800A0E30410A0E15E
:101BA0001C6089E4A40C00EB04A08AE24B4F84E2A1
:101BB0001E5085E20980A0E130005AE32500000AAA
:101BC0008320A0E3070005E02D2C82E3900201E0D2
:101BD0005A20A0E3211AA0E1910200E0002045E094
:101BE000A0009FE5070012E10A0080E0406080E26B
:101BF000E2FFFF1A94209FE5011192E70020D1E552
:101C0000000052E30A00000A0020C6E50120D1E5E9
:101C1000000052E30800000A4120C0E50210D1E5AF
:101C2000000051E34210C0150300A0130200A003FE
:101C3000020000EA0000A0E3000000EA0100A0E3C7
:101C400040109FE5000081E00010A0E30A0080E062
:101C50004010C0E5CDFFFFEA34009FE50310A0E38C
:101C60006C1180E5F01080E50010E0E3B41080E531
:101C7000A41080E5A81080E51CD04BE2F04FBDE831
:101C80001EFF2FE1C00000404D000040A8FDFFFFF7
:101C9000A4930000D0030040704C2DE910B08DE2F9
:101CA0007C409FE5B03094E5000053E30100000A5A
:101CB000704CBDE81EFF2FE1643040E2500073E33A
:101CC000723041220050A023210073230C00008AAF
:101CD0008C3040E2B51041E2930305E0915123E0DE
:101CE0000150A0E3AA0053E30500003A910103E08C
:101CF000B40040E20250A0E3903021E0A90051E39B
:101D0000EAFFFF8A1C009FE50260A0E1050190E761
:101D1000331400EB6C5184E5706184E5704CBDE8D0
:101D20001EFF2FE1D0030040B4930000F04F2DE9D7
:101D30001CB08DE20CD04DE298719FE590119FE5AB
:101D4000000081E5002097E5B01097E5643197E544
:101D5000687197E5070040E00070A0E3FA0F50E3D8
:101D60000170A033000053E30130A013070003E02B
:101D700064319FE5010050E3000083E54F00001A45
:101D8000000052E34D00000A000051E34B00001A2E
:101D900040219FE5070092E9D70B00EB3340A0E319
:101DA0000070A0E304508DE20D60A0E1028AA0E380
:101DB0000090A0E3134C84E320019FE508108DE21E
:101DC0000520A0E10630A0E109A080E004008AE23D
:101DD0002F0C00EB00009DE51C9089E2040050E10F
:101DE0000000A0E30100A0C318008AE504009DE5FF
:101DF000801180E0000050E3812148E0811188E0FB
:101E00002117A0E142174740620061E214008AE511
:101E100008009DE5801180E0000050E3812148E04A
:101E2000811188E02117A0E142174740310E59E3A4
:101E3000A00081E210008AE5DEFFFF1AA0009FE506
:101E4000A0A09FE5A0909FE5C28FA0E30040A0E383
:101E5000018B88E3004080E5020000EA014084E253
:101E6000060054E31500000A04719AE764009FE538
:101E7000076180E0100096E5000050E3F6FFFF0ADE
:101E80004020B6E5870199E70650A0E1181035E536
:101E9000230900EB030054E305005413EEFFFF0A8F
:101EA000000096E5001095E5082080E0870189E0B4
:101EB000001061E2040090E5190900EBE6FFFFEA7B
:101EC00028009FE5070D00EB1CD04BE2F04FBDE86A
:101ED0001EFF2FE144050040D003004048050040AC
:101EE000C00000404C050040D0930000E893000083
:101EF000F41E0000F04F2DE91CB08DE284D04DE2BD
:101F00005C0E9FE5052DA0E31030A0E3001090E5E6
:101F10004200A0E300008DE50000A0E37B0D00EB94
:101F2000406E9FE5408E9FE5B9A0A0E321AB8AE318
:101F3000001096E5B00098E5000051E32C00000A7F
:101F4000010050E32A00001A205E9FE5200E9FE565
:101F5000A47098E50840A0E30A10A0E10030A0E3D7
:101F60000460A0E350008DE80520A0E12F1100EBF4
:101F7000001E9FE51100A0E300408DE5BB4FA0E3EC
:101F8000F42D9FE510708DE5010057E38F70A0E3FD
:101F90000030A0E304008DE5E00D9FE5054A84E3F1
:101FA000467C87E30100A0010410A0E10710A00116
:101FB0001E1100EB4E0FA0E30A10A0E10520A0E1E6
:101FC0000230A0E341008DE8B40D9FE5171100EB4E
:101FD000BC0098E5000050E3B101000AC01098E58C
:101FE00044008DE20A20A0E30130A0E3251900EBB4
:101FF000AE0100EA000051E39C00000A020050E339
:102000009A00001AA000A0E30C10A0E3682D9FE541
:102010000130A0E30140A0E303008DE8640D9FE5DB
:102020000A10A0E1011100EB9100A0E31810A0E359
:102030004D2FA0E31830A0E33A0C80E311008DE8A7
:102040000C00A0E3EA0E00EB4CA04BE20070A0E312
:102050003440A0E301008AE20C008DE5180000EA9C
:10206000241D9FE50A00A0E1A71800EBEC0098E50D
:102070004B1FA0E34720A0E30330A0E300108DE551
:1020800010109DE5F52C82E3000050E39E00A0E3D4
:10209000F70C80E304108DE50010A0E10210A01100
:1020A000E82C9FE5050057E10010A0110A00A0E10F
:1020B000DE1000EB2C4084E2017087E2B80054E3AC
:1020C0004301000A070188E0E85098E5061044E261
:1020D000C49090E510108DE5050057E11E00001A30
:1020E0009EA0A0E30C00A0E328100BE51410A0E3D1
:1020F0000C6044E20130A0E320400BE5F7AC8AE33A
:102100002C100BE524000BE534000BE534004BE20A
:102110000310A0E330600BE50A20A0E1230F00EBE1
:10212000EC0098E5000050E31100000A4700A0E32E
:10213000151044E28220A0E31E30A0E3F50C80E3FA
:1021400000008DE50200A0E304008DE50300A0E39C
:1021500008008DE5B000A0E30F0000EA2C10A0E31A
:10216000970100E09E10A0E3286080E2F71C81E365
:102170000C0000EA0100A0E31E20A0E3171044E2D7
:102180002230A0E300A08DE504008DE50400A0E36B
:10219000012C82E308008DE51800A0E3070D00EB99
:1021A0000A10A0E14CA04BE20F0044E22020A0E383
:1021B0000030A0E304008DE58C0F9FE500208DE545
:1021C000882F9FE5070190E7981000EB801F9FE59F
:1021D0005000A0E3942B9FE50030A0E341008DE880
:1021E000700F9FE5891081E0090190E7B010D1E1FF
:1021F0008E1000EB708B9FE5870188E0D01090E592
:10220000000051E395FFFF0AD41090E5010057E369
:102210000500000A000057E30800001A0A00A0E1C8
:102220000320A0E3431800EB8FFFFFEA0A00A0E1C0
:102230000120A0E33F1800EB1C1F9FE589FFFFEA88
:10224000010071E32D00A0E30A20A0E30130A0E328
:102250002B00A0C3000051E34C004BE50C009DE5B2
:1022600000106142871800EBF01E9FE57DFFFFEA3A
:10227000E590A0E3000051E3E19C89E34902000AF4
:10228000030050E34702001AC500A0E30050A0E39A
:10229000C010A0E30A2DA0E3C830A0E3010A80E348
:1022A00021008DE89F00E0E36F0F00EB524FA0E3A9
:1022B0007A00A0E3C410A0E34C20A0E31030A0E318
:1022C0000360A0E3364B84E350008DE8660F00EB1B
:1022D0008A00A0E3C810A0E32C20A0E30930A0E30B
:1022E00050008DE8600F00EBA000A0E3CC10A0E34D
:1022F0000220A0E30430A0E100508DE59E0D00EB2C
:102300002C0198E5000050E3CF05000A300198E564
:102310006A1EA0E3061981E3010050E10010A0B19C
:102320000A00A0E3C15FC1E1A21A00EB0040A0E1F6
:102330000A0085E29F1A00EB040040E09210A0E33F
:10234000900105E0180E9FE59A1A00EB041040E09A
:102350000500A0E1D01A00EB0070A0E1D00060E21F
:10236000C70050E3C89067E2100000CABB60A0E35A
:102370000150A0E30940A0E10B6B86E3084084E232
:10238000A020A0E300608DE504508DE5C40054E377
:102390000400A0E10410A0E1C400A0A3043080E286
:1023A000A000A0E3120E00EBC00054E3F2FFFFBA5E
:1023B000B01D9FE5424F88E20400A0E19A1700EBB0
:1023C0000150A0E3000050E310908DE50A00001AD0
:1023D000941D9FE50400A0E1931700EB000050E37B
:1023E0000500001A841D9FE50400A0E18E1700EB94
:1023F0000050A0E1000050E30150A0133C0198E51B
:10240000CC9067E20C508DE5000050E34001981538
:10241000000050132B00000AA310A0E3504D9FE5CD
:10242000CA6067E2A080A0E30030A0E32C100BE5B7
:102430009D10A0E324800BE528600BE530600BE5E0
:1024400034100BE51610A0E3900102E09204C1E005
:10245000E520A0E3C102A0E1FD2C82E3A10F80E012
:102460000310A0E3065080E2090085E020000BE5A0
:1024700034004BE2610E00EB3700A0E30030A0E334
:102480003C800BE540600BE548600BE5950001E002
:102490009104C2E00310A0E3C202A0E1A20F80E019
:1024A000B720A0E3090080E0FF2C82E338000BE5B1
:1024B000A100A0E344000BE59F00A0E34C000BE566
:1024C0004C004BE24D0E00EB7A40A0E3A66067E2C1
:1024D0009D00A0E30720A0E32230A0E3CE4C84E3DC
:1024E0000610A0E100408DE5080C00EBBBAFA0E3B7
:1024F0000000A0E30180A0E30610A0E10720A0E314
:102500002230A0E305AA8AE308008DE59D00A0E340
:1025100004808DE500A08DE5280C00EBB61067E285
:102520009D00A0E3A320A0E300A08DE504808DE53D
:10253000A350A0E30130A0E1AD0D00EB9F0067E2E6
:102540000310A0E30420A0E10030A0E328600BE525
:102550002C500BE530600BE520000BE5A000A0E35C
:1025600024000BE59D00A0E334000BE534004BE2B2
:10257000220E00EB10109DE59E00A0E30520A0E3D5
:102580000330A0E300A08DE5E00B00EB0C009DE51F
:10259000C04067E2000050E30C05000A9E50A0E333
:1025A0009D00A0E30410A0E19720A0E30930A0E182
:1025B000F75C85E320018DE88D0D00EB20018DE8AF
:1025C000A300A0E30410A0E1A920A0E30930A0E14A
:1025D0000C0500EA9110A0E30100A0E34D2FA0E359
:1025E000B830A0E33A1C81E304008DE50C00A0E3C1
:1025F00000108DE5B810A0E37D0D00EBC200A0E354
:1026000068279FE5B960A0E31010A0E30030A0E3C5
:1026100004008DE55C0B9FE5216B86E300108DE5E2
:102620000610A0E1810F00EB3000A0E3C050A0E352
:10263000F01098E5402B9FE50030A0E321008DE8E5
:10264000380B9FE5010190E7811082E028279FE584
:10265000B010D1E1750F00EBF40098E5000050E3F5
:102660007601000A181B9FE54C404BE20400A0E1F4
:10267000251700EBF81098E50120A0E32D1700EBDB
:10268000D41A9FE5201700EBEC269FE58F10A0E3FE
:10269000130EA0E321008DE8461C81E30400A0E1B5
:1026A0006C0100EAE0169FE544008DE2161700EB8E
:1026B000B800D8E51110A0E34E2FA0E30230A0E34C
:1026C0000C708DE504108DE5FF10A0E300208DE572
:1026D000A4269FE5131B81E3410050E30140A001C4
:1026E000560050E344008DE20740A0010410A0E131
:1026F0004E0F00EB0730A0E30090A0E3A000A0E3A2
:102700006810A0E34E20A0E3113C83E300908DE528
:10271000990C00EB9140A0E30100A0E36810A0E356
:102720004E20A0E33A4C84E300008DE5A000A0E336
:102730000430A0E1900C00EB486A9FE53470A0E300
:1027400000A0A0E30A0116E70450A0E1000180E028
:10275000000060E28040A0E10400A0E1430B00EB38
:10276000900701E0000050E30680A0E134004BE256
:10277000022A61E2021A81E22117A0E142174940D0
:10278000A06081E20A6100E70400A0E10540A0E149
:102790000F0B00EB900701E0000050E34C004BE210
:1027A00000508DE5022A61E2021A81E22117A0E1C0
:1027B000421749400620A0E10860A0E1683061E2CC
:1027C0006810A0E30A3100E70100A0E304008DE5F2
:1027D000A000A0E3060D00EB01A04AE206007AE3A8
:1027E000D7FFFF1A4C201BE534101BE50400A0E3C3
:1027F0000E30A0E30490A0E3FC0600EB48201BE5AC
:1028000030101BE50200A0E30E30A0E3F70600EB5A
:1028100044201BE52C101BE50600A0E30E30A0E3CE
:10282000F20600EB40201BE528101BE50500A0E3A5
:102830000E30A0E3ED0600EB3C201BE524101BE569
:102840000300A0E30E30A0E3E80600EB38201BE510
:1028500020101BE50700A0E30E30A0E3E30600EB29
:1028600004359FE5B9A0A0E321AB8AE3B41093E55A
:10287000040051E20000E013020051E30100A00354
:10288000060051E30200A003050051E30300A0038A
:10289000030051E30400A003070051E310109DE57D
:1028A0000500A003010051E36200001A000050E39C
:1028B0006000004AB810D3E500A0A0E3560051E341
:1028C0000010A0E30D00000ABC2093E5C03093E5A2
:1028D000961FA0E3966FA0E3960F53E30310A0B1F9
:1028E000000053E30610A001000052E3FF20A0E324
:1028F0000610A0010860A0E1132B82E30C208DE5F7
:10290000000196E7000180E0806081E05F00A0E3C5
:10291000050C80E3064040E00400A0E1D30A00EB90
:10292000801180E0000050E3022A61E2021A81E295
:102930002117A0E142174A40A00081E214008DE572
:102940000400A0E1A20A00EB801180E0000050E347
:10295000004066E2022A61E2021A81E22117A0E148
:1029600042174A40680061E218008DE50400A0E1CA
:10297000BE0A00EB1670A0E3000050E3900701E0F0
:10298000022A61E2021A81E22117A0E142174A40BD
:10299000A00081E21C008DE50400A0E18C0A00EBA0
:1029A000900701E0000050E3022A61E2021A81E28E
:1029B0002117A0E142174A40680061E220008DE53E
:1029C0005E00E0E3050C40E2064040E00400A0E1C8
:1029D000A60A00EB801180E0000050E3022A61E2C9
:1029E000021A81E22117A0E142174A40A00081E2C9
:1029F00024008DE50400A0E1750A00EB801180E061
:102A0000000050E30330A0E3022A61E2021A81E2EF
:102A10002117A0E142174A400C209DE5680061E2C1
:102A20000310A0E328008DE514008DE2DF0C00EB1D
:102A3000B9A0A0E321AB8AE3C63EA0E30070A0E307
:102A4000A000A0E36810A0E30320A0E3A080A0E31F
:102A50000F3A83E300708DE5C70B00EB0760A0E33E
:102A60004800A0E3BE10A0E32820A0E31C30A0E3B0
:102A7000116C86E3C0028DE8D00A00EB0140A0E3B0
:102A80004800A0E3BE10A0E32820A0E31C30A0E390
:102A900000508DE510028DE9C80A00EB0000A0E3AC
:102AA0005C10A0E3CC20A0E30B30A0E34F0600EBCA
:102AB0007600A0E3BE10A0E32820A0E31C30A0E332
:102AC000C0028DE8BD0A00EB7600A0E3BE10A0E3D3
:102AD0002820A0E31C30A0E300508DE510028DE912
:102AE000B60A00EB0100A0E38A10A0E3CC20A0E32B
:102AF0000B30A0E33D0600EBA400A0E3BE10A0E372
:102B00002820A0E31C30A0E3C0028DE8AB0A00EB54
:102B1000A400A0E3BE10A0E32820A0E31C30A0E3A3
:102B200000508DE510028DE9A40A00EB0800A0E337
:102B3000B810A0E3CC20A0E30B30A0E32B0600EB01
:102B4000D200A0E3BE10A0E32820A0E31C30A0E345
:102B5000C0028DE8990A00EBD200A0E3BE10A0E30A
:102B60002820A0E31C30A0E300508DE510028DE981
:102B7000920A00EB0900A0E3E610A0E3CC20A0E35A
:102B80000B30A0E3190600EBE800A0E3DC219FE591
:102B900000808DE50A10A0E10130A0E304008DE57E
:102BA000300F9FE5390000EA0730A0E30050A0E3B2
:102BB000A000A0E36210A0E34C20A0E3A040A0E3AB
:102BC000113C83E300508DE56B0B00EB9130A0E3EB
:102BD0000100A0E36210A0E34C20A0E300008DE51B
:102BE0003A3C83E3A000A0E3630B00EB000096E512
:102BF000000050E300009815000050132700001A51
:102C00008A30A0E3A000A0E36210A0E34820A0E384
:102C100000508DE5293C83E3570B00EB4E00A0E309
:102C200054219FE50910A0E10130A0E300408DE5AB
:102C300004008DE5D00F9FE5FC0D00EB8D0000EA50
:102C4000130EA0E330219FE5BB1FA0E321008DE818
:102C5000B80F9FE5051A81E30230A0E3F30D00EB06
:102C6000EC1098E5A020A0E3E200A0E30130A0E38F
:102C700000208DE5982F9FE504008DE5940F9FE5DA
:102C8000000051E30610A0E10200A001DC209FE556
:102C9000E60D00EB1CD04BE2F04FBDE81EFF2FE12C
:102CA0000A00A0E3BA10A0E3AA0900EB000050E379
:102CB0007000000AA000A0E36210A0E3A80800EBE7
:102CC000540F9FE5A4609FE57A80A0E36390A0E3A2
:102CD0000070A0E3CE8C88E3029B89E3104080E281
:102CE000B700A0E3FF0C80E3485080E2030000EA55
:102CF000017087E21C4084E21C0057E32400000AB4
:102D0000080094E5000050E3F8FFFF0A060094E88D
:102D1000100014E50130A0E3012082E2011081E2FD
:102D200006008DE80910A0E10620A0E1BF0D00EB30
:102D3000060094E8100014E5100057E30130A0E30A
:102D400006008DE80510A0E1FF20A0E344108832C2
:102D5000FF2C82E3021001E00620A0E1B30D00EB9E
:102D6000E2FFFFEAD40A004048050040D0030040DB
:102D700020CF0000339200009F91000078D5000022
:102D8000B19200004F930000FC8F00008D93000073
:102D900088D50000844E9FE5000094E5010050E3D3
:102DA0000A0000BA780E9FE50060A0E3045080E2BC
:102DB000042045E2070092E8EC0500EB000094E5F2
:102DC000016086E20C5085E2000056E1F7FFFFBA91
:102DD000C65EA0E38800A0E36210A0E39720A0E312
:102DE0006230A0E30360A0E39740A0E36270A0E339
:102DF0000F5A85E360008DE87D0B00EBA900A0E38E
:102E00006210A0E3B820A0E36230A0E360008DE888
:102E1000A960A0E3760B00EB6900A0E30310A0E338
:102E20000520A0E10330A0E320700BE524600BE552
:102E300030700BE534400BE528000BE5A000A0E363
:102E40002C000BE534004BE2D80B00EB0000A0E3B4
:102E50005F10A0E30220A0E30530A0E100008DE5B3
:102E6000A000A0E3C40A00EB04811FE50C611FE58C
:102E7000E590A0E3E19C89E35200A0E37210A0E397
:102E8000340900EB000050E38200000A941D9FE526
:102E90004C004BE21C1500EBAC1098E5000051E330
:102EA000842D9F150111921724111F05161500EB93
:102EB000640098E5001096E5682098E5000050E36E
:102EC0000100A013000051E30110A013001001E065
:102ED00034004BE200A0A0E1A71600EBFC0F9FE539
:102EE0006C7198E5705198E54210A0E30460A0E38E
:102EF0005020A0E32030A0E300108DE55210A0E3A5
:102F0000004090E50000A0E341008DE91400A0E33B
:102F1000AA0900EB050044E0FF40A0E3031B89E29F
:102F20005020A0E32030A0E3C70050E30200A0E35C
:102F3000FF4C84E30100A083000057E3047001E02C
:102F40005210A0E30100A01300708DE541008DE94F
:102F50001400A0E3990900EBF0211FE55410A0E351
:102F60001900A0E30030A0E303008DE84C004BE221
:102F70000710A0E12D0D00EB04721FE59E50A0E3A9
:102F80006010A0E35F00A0E30230A0E3F75C85E3FC
:102F900003008DE80A00A0E10510A0E10720A0E1F0
:102FA000220D00EB44121FE5580098E5602098E5DB
:102FB000001091E5000050E30100A013000051E370
:102FC0000110A013001001E00A00A0E1AF1500EB12
:102FD0006C021FE558A098E55210A0E35020A0E332
:102FE0002030A0E35C8090E54200A0E300008DE586
:102FF0000000A0E341008DE9DC00A0E36F0900EBD5
:103000000100A0E3541089E25020A0E32030A0E3A7
:1030100041008DE9B4621FE5044001E0DC00A0E35B
:103020005210A0E300408DE5640900EB301F9FE5DE
:10303000E100A0E3CC221FE5000058E3D8821FE5A1
:103040000030A0E300008DE55400A0E304008DE50E
:10305000100F9FE50100A00100005AE30100A0014C
:103060000410A0E1F10C00EB2700A0E30510A0E1A3
:103070000720A0E10230A0E3010C80E300008DE511
:103080006000A0E304008DE534004BE2E70C00EBA8
:10309000B9A0A0E321AB8AE30800A0E1004096E5D7
:1030A000946098E5988098E51E10A0E30A20A0E3BC
:1030B0009C30A0E39C7090E5A05090E50700A0E351
:1030C000110C80E300008DE50600A0E30F0900EB82
:1030D000000056E30160A013000054E30140A01378
:1030E00000005713064004E02700001A9160A0E397
:1030F0000000A0E30110A0E30A20A0E39C30A0E3BD
:103100003A6C86E304108DE508008DE50600A0E327
:103110001E10A0E300608DE5280900EB0400A0E389
:10312000B8231FE50210A0E30030A0E304008DE502
:10313000D00F9FE500108DE50A10A0E1BB0C00EB5D
:10314000BC131FE534004BE23C0000EAB0940000E1
:1031500080D50000A89400009C9400001E930000FD
:10316000DF910000AA86010091930000A691000063
:10317000E49100001F85EB5134900000DC940000C6
:10318000BC9400000E90000018940000DF00A0E343
:10319000640055E39C10A0E35B0C80E300008DE528
:1031A0000500A0E16400A0A3C00FC0E1900102E00F
:1031B0007B10A0E3320082E2051B81E3900102E074
:1031C000BA00A0E3A21940E0A239A0E10600A0E302
:1031D0000A20A0E3CD0800EB9160A0E30000A0E38B
:1031E0000110A0E30A20A0E39C30A0E33A6C86E340
:1031F00004108DE508008DE50600A0E31E10A0E395
:1032000000608DE5ED0800EB0400A0E3A4241FE5B9
:103210000210A0E30030A0E304008DE5E40E9FE57A
:1032200000108DE50A10A0E1800C00EB34004BE2A9
:103230000510A0E10120A0E33E1400EBC81E9FE5AD
:10324000311400EBDC241FE50210A0E3BE00A0E374
:1032500034A04BE20030A0E30070A0E300108DE545
:103260009E10A0E304008DE50A00A0E1F71C81E3B5
:103270006E0C00EB0700A0E31E10A0E30A20A0E301
:103280009C30A0E3110C80E300008DE5130EA0E359
:103290009E0800EB000054E32B00000A715EA0E3DF
:1032A000000058E30800A0E100006842025A85E3EC
:1032B000050050E10050A0310A00A0E3BD1600EB6C
:1032C0000040A0E10A0085E2BA1600EB040040E0ED
:1032D0004E10A0E3900105E01A00A0E3270C80E364
:1032E000B41600EB041040E00500A0E1EA1600EB84
:1032F000B810E0E3012A89E2640078E30A1C41E2A5
:10330000FE2081C24B10A0E3010078E33E1C81E364
:103310000210A0D1FF20A0E3000058E3FF2C82E3BD
:1033200000006052021001E00A20A0E300108DE5C9
:103330006C1080E26C0051E3000060D26C10A0A31E
:10334000013080E2130EA0E3700800EB0100A0E35F
:103350001E10A0E30A20A0E39C30A0E300608DE5EE
:103360000140A0E308708DE504008DE5130EA0E395
:10337000920800EB9E00A0E32D60A0E33A20A0E3BA
:103380006C10A0E36C30A0E3F70C80E3016C86E3E3
:10339000012C82E311008DE80600A0E1140A00EB85
:1033A0000A00A0E3831600EB0050A0E1F200A0E3C6
:1033B000030C80E37F1600EB050040E04E10A0E315
:1033C000900107E01A00A0E3270C80E3791600EBD8
:1033D000051040E00700A0E1AF1600EB0050A0E1AF
:1033E0007A00A0E3132EA0E31B0B80E36C1065E2D0
:1033F00011008DE80600A0E10130A0E1FC0900EB1E
:1034000001708AE22B60A0E36410A0E30120A0E336
:103410000700A0E134604BE5C61300EB682E9FE582
:10342000B980A0E3660065E24B1FA0E30230A0E391
:10343000218B88E300108DE504008DE50A00A0E1F2
:103440000810A0E1F90B00EB0A00A0E3591600EB0D
:103450000040A0E16E00A0E3561600EB1A50A0E376
:10346000040040E04E10A0E3275C85E3900109E0F2
:103470000500A0E14F1600EB041040E00900A0E1B8
:10348000851600EB0040A0E12D90A0E37AA0A0E318
:103490000100A0E3132EA0E36C1064E2019C89E319
:1034A0001BAB8AE304008DE50900A0E10130A0E137
:1034B00000A08DE5CE0900EB0700A0E10A10A0E313
:1034C0000120A0E334604BE59A1300EBB82D9FE593
:1034D000660064E24B1FA0E30230A0E300108DE51C
:1034E00004008DE534004BE20810A0E1CF0B00EBA7
:1034F0000A00A0E32F1600EB0040A0E16E00A0E35D
:103500002C1600EB040040E04E10A0E3900106E012
:103510000500A0E1271600EB041040E00600A0E142
:103520005D1600EB0040A0E10100A0E3132EA0E334
:1035300000A08DE56C1084E204008DE50900A0E197
:103540000130A0E1AA0900EB2D50A0E30700A0E1A3
:103550000A10A0E30120A0E334504BE5751300EB03
:10356000242D9FE5660084E24B1FA0E30230A0E318
:1035700000108DE504008DE534004BE20810A0E159
:103580000090A0E102A0A0E1A80B00EB0A00A0E3DC
:10359000081600EB0040A0E1F200A0E3030C80E37A
:1035A000041600EB040040E04E10A0E3900106E09A
:1035B0001A00A0E3270C80E3FE1500EB041040E0A6
:1035C0000600A0E1341600EB0040A0E17A00A0E381
:1035D000132EA0E31B0B80E36C1084E200008DE54A
:1035E0000100A0E30130A0E104008DE52D00A0E37F
:1035F000010C80E37E0900EB0700A0E16410A0E36A
:103600000120A0E334504BE54A1300EB660084E24E
:103610004B1FA0E30A20A0E10230A0E300108DE5DB
:1036200004008DE50900A0E10810A0E17F0B00EB8C
:103630000400A0E33E10A0E30A20A0E10230A0E3D2
:1036400004008DE5540C9FE5011C81E300108DE51D
:103650000810A0E1750B00EBA800A0E3C210A0E3E6
:103660003C0700EB000050E3140C9FE57200000AD9
:10367000089C9FE5000090E58A40A0E30070A0E36D
:103680008C50A0E3294C84E300708DE50430A0E168
:10369000A81099E5011041E2002071E20210A1E0BA
:1036A000000050E30D20A0E30100A013018010E012
:1036B0004A00A0E3B510A0E32D0C80E30030A01178
:1036C0008C00A0E3AC0800EBC42B9FE5701199E5DA
:1036D0006C0199E59190A0E36D60E0E3FFA0A0E3A9
:1036E0003A9C89E31E6B46E2FFAC8AE3002092E538
:1036F000011042E00D20A0E3C70051E30010A0E359
:103700000110A083010050E20100A013010090E12C
:103710000210A0E30110A013000058E39E80A0E374
:1037200000108DE50910A0E1F78C88E30610A011C8
:10373000000050E38C00A0E30810A0010A3001E073
:10374000B510A0E38C0800EBB500A0E3382B9FE593
:103750000810A0E10130A0E300508DE504008DE5E4
:103760003C0B9FE5310B00EB10AB9FE5100B9FE589
:1037700000708DE5A4109AE5000090E5011041E28B
:10378000002071E20210A1E0000050E30D20A0E350
:103790000100A013015010E04A00A0E3B510A0E31F
:1037A0002D0C80E30040A011B400A0E30430A0E1A0
:1037B000710800EBD82A9FE570119AE56C019AE533
:1037C000002092E5011042E00D20A0E3C70051E384
:1037D0000210A0E30170A083020050E20100A013D8
:1037E000070090E10110A013000055E30960A0015B
:1037F000000050E3FF00A0E300108DE5B510A0E34A
:103800000860A001FF0C80E3003006E0B400A0E3F4
:10381000590800EBB400A0E36C2A9FE50810A0E172
:103820000130A0E300008DE5B500A0E304008DE5C4
:10383000700A9FE5FD0A00EB440A9FE5000090E551
:10384000386A9FE5000050E311FDFF0AAC0096E5E1
:10385000040040E2020070E30DFDFF3AC600A0E361
:10386000EE10A0E3BB0600EB000050E308FDFF0AEA
:103870009120A0E30400A0E30110A0E32830A0E31E
:103880003A2C82E304108DE508008DE53000A0E3BA
:10389000C610A0E300208DE5E020A0E3470700EB81
:1038A000AC0096E5020050E39401001A6C1096E516
:1038B000702096E534504BE20500A0E1731300EB55
:1038C0007C1096E5802096E54C404BE20400A0E198
:1038D000A01400EB0670A0E1AC699FE53600A0E300
:1038E000CB80A0E3B9A0A0E30030A0E301018DE804
:1038F000B8099FE521AB8AE30A10A0E10620A0E108
:10390000CA0A00EB7C299FE59E90A0E3C900A0E3D2
:10391000B010A0E30230A0E3F79C89E300108DE52E
:1039200004008DE50500A0E10910A0E1BF0A00EB4D
:103930000B00A0E30A10A0E10620A0E10230A0E302
:10394000010C80E301018DE80400A0E1B70A00EB5F
:10395000741097E5782097E50500A0E14B1300EB84
:10396000841097E5882097E50400A0E1791400EB26
:103970003600A0E3DC70A0E30A10A0E10620A0E17D
:103980000030A0E381008DE824099FE5A70A00EB41
:10399000F0289FE5DA00A0E3B010A0E30230A0E336
:1039A00000108DE504008DE50500A0E10910A0E1FF
:1039B0009E0A00EB0B00A0E30A10A0E10620A0E1A4
:1039C000010C80E381008DE80400A0E1620100EABF
:1039D0009E60A0E3C95067E29D00A0E30410A0E14F
:1039E0009B20A0E3F76C86E30530A0E140018DE861
:1039F0007F0800EBA300A0E30410A0E1A520A0E352
:103A00000530A0E140018DE8790800EB6C889FE566
:103A1000B9A0A0E321AB8AE32C0198E5000050E3B4
:103A20000900000A301198E5FA0F51E30A0000AAD4
:103A30004C004BE20A20A0E30130A0E3911200EB1E
:103A400080189FE5301200EB0A0000EA3C189FE561
:103A50004C004BE22C1200EB060000EA050081E26C
:103A60005C189FE5902183E04C004BE20110A0E33D
:103A7000A321A0E1051300EB340198E5000050E319
:103A80000800000A381198E514008DE20A20A0E32E
:103A90000130A0E3000051E300106142791200EB15
:103AA00024189FE5010000EAE0179FE514008DE26D
:103AB000151200EB440198E5000050E30600000AEF
:103AC000481198E544008DE26420A0E30230A0E3B1
:103AD0006C1200EB030000EA5C900000AC179FE55D
:103AE00044008DE2081200EB98479FE5A4079FE58C
:103AF0000870A0E10650A0E30880A0E30A10A0E14E
:103B00000030A0E300808DE504508DE50420A0E1A5
:103B1000460A00EB04508DE58F50A0E32C90A0E303
:103B20004C004BE20420A0E10030A0E3465C85E3BA
:103B300000908DE50510A0E13C0A00EB8C079FE5A5
:103B40001560A0E30A10A0E10420A0E10030A0E38A
:103B500000808DE504608DE5340A00EB14008DE2F1
:103B60000510A0E10420A0E10030A0E300908DE565
:103B700004608DE52D0A00EB54079FE52460A0E367
:103B80000A10A0E10420A0E10030A0E300808DE550
:103B900004608DE5250A00EB44008DE20510A0E1EC
:103BA0000420A0E10030A0E300908DE504608DE5E5
:103BB0001E0A00EB3C0197E50750A0E1000050E32E
:103BC0000500000A401195E538008DE20120A0E3D0
:103BD000D81100EBC0169FE5010000EAAC169FE586
:103BE00038008DE2C81100EB5C0195E5000050E360
:103BF0000E00000A601195E52C008DE20120A0E383
:103C0000CC1100EBCC169FE50A0000EA9893000067
:103C1000B3910000B98F000015900000C000004073
:103C20004C05004050050040F5900000C093000096
:103C300058169FE52C008DE2B31100EB64069FE55A
:103C40001471F5E50280A0E30660A0E30A10A0E18C
:103C50000420A0E10230A0E3018C88E304608DE53C
:103C600000808DE5F10900EB000057E38F70A0E3C1
:103C700018069FE54E9FA0E30420A0E10230A0E3D8
:103C800004608DE5467C87E30500A01100908DE57A
:103C90000710A0E1E50900EB3C069FE51560A0E3F5
:103CA0000A10A0E10420A0E10230A0E300808DE52D
:103CB00004608DE5DD0900EB38008DE20710A0E11E
:103CC0000420A0E10230A0E300908DE504608DE5C2
:103CD000D60900EB04069FE500808DE59C859FE5F5
:103CE0002460A0E30A10A0E10420A0E10230A0E3D8
:103CF00004608DE5CD0900EB2C008DE20710A0E1FA
:103D00000420A0E10230A0E300908DE504608DE581
:103D1000C60900EBC8159FE50C0085E2421100EBD7
:103D2000E590A0E30010A0E3000050E3E19C89E3EC
:103D30000C00001AA0159FE5124E88E20400A0E1D5
:103D4000391100EB0110A0E3000050E30500001A58
:103D500090159FE50400A0E1331100EB0210A0E3F1
:103D6000000050E31000000A24059FE578259FE538
:103D7000000090E5903286E00100A0E3A60210E189
:103D80000900001A3800A0E3A020A0E30130A0E35E
:103D900004008DE554059FE500208DE5E8249FE5AE
:103DA000010190E70910A0E1A00900EB000198E5EE
:103DB0004780A0E3F58C88E3051040E2010051E361
:103DC0003100008A4210A0E30000A0E30640A0E317
:103DD0008C20A0E33830A0E300108DE511008DE9C0
:103DE0005A00A0E35010A0E3F40500EB0200A0E3AA
:103DF0005010A0E38C20A0E33830A0E300808DE5D4
:103E000011008DE95A00A0E3EC0500EBE0149FE5FA
:103E100034404BE20400A0E13B1100EB5C649FE501
:103E20000120A0E3041196E5421100EBC4149FE5C4
:103E3000351100EBC0249FE56400A0E3A050A0E38F
:103E40000810A0E10130A0E304008DE50400A0E12A
:103E500000508DE5750900EB001196E59C249FE567
:103E60007A00A0E30130A0E300508DE504008DE569
:103E70008C049FE5050051E30810A0E10200A001B9
:103E800004249FE5690900EB000196E5020040E289
:103E9000040050E30500002A74149FE5004191E7F7
:103EA00070149FE5800081E0B070D0E13B0000EA33
:103EB000C8039FE54C449FE5425F80E20410A0E107
:103EC0000500A0E1D81000EBFF60A0E3000050E384
:103ED000136B86E30200000A0670A0E12F0000EADF
:103EE00044050040CC139FE50500A0E1CE1000EB97
:103EF000000050E31C00000A0540A0E1270000EA92
:103F00008C1096E5902096E534404BE20400A0E149
:103F1000DE1100EBCB00A0E36C239FE53610A0E39D
:103F20000030A0E304008DE57C039FE500108DE5E3
:103F3000B910A0E3211B81E33C0900EB44239FE57A
:103F4000B010A0E3C900A0E300108DE59E10A0E32F
:103F500004008DE50400A0E1F71C81E30230A0E33A
:103F60004AFBFFEA169300005C9300000C539FE5A8
:103F700044139FE5424F85E20400A0E1AA1000EB44
:103F8000000050E30500001A30139FE5424F85E220
:103F90000400A0E1A41000EB000050E3AB00000A15
:103FA0000260A0E31A00A0E3D410A0E31020A0E375
:103FB0000730A0E1D450A0E300608DE56E0600EB71
:103FC0001A00A0E3D410A0E30720A0E30730A0E18B
:103FD00000608DE5680600EB0000A0E3D410A0E3CC
:103FE0000220A0E30730A0E100008DE51A00A0E365
:103FF000610600EB2500A0E3D410A0E32D20A0E390
:10400000D430A0E300708DE504608DE5F80600EB88
:104010000F00A0E3D410A0E30720A0E3D430A0E376
:1040200000708DE504608DE5F10600EB1A00A0E359
:10403000DF10A0E31A20A0E3E730A0E300708DE5D5
:1040400004608DE5EA0600EB1A00A0E3C910A0E3C6
:104050001A20A0E3C130A0E300708DE504608DE577
:10406000E30600EB1C229FE5CB00A0E33010A0E3A9
:104070000030A0E300108DE504008DE50400A0E110
:104080000710A0E1E90800EB0100A0E3DE10A0E3C7
:104090007620A0E3DE30A0E300708DE504008DE51E
:1040A0002E00A0E3D20600EBCC00A0E3D8219FE5D0
:1040B0000A10A0E10030A0E300508DE504008DE57A
:1040C00054029FE5D90800EBB0119FE54C0191E542
:1040D000000050E30900000A501191E5E600A0E35A
:1040E000030C80E3000051E1080000CA34004BE2F9
:1040F0000120A0E38F1000EB9C119FE5050000EA72
:1041000088119FE5020000EA8D910000598F0000A0
:1041100008129FE534004BE27B1000EB5C519FE5F9
:10412000CA20A0E34E3FA0E304208DE59E20A0E33B
:1041300000308DE50230A0E3F72C82E3501195E5C5
:104140004C0195E5640051E30210A0E10910A0C103
:10415000000050E334004BE20210A00124219FE54F
:10416000B20800EB0700A0E3DC10A0E36420A0E3AA
:104170000830A0E36440A0E3110C80E300008DE56B
:10418000D400A0E3E10400EB4C0195E5000050E30E
:104190001500000A500195E5C01FC0E1640051E31D
:1041A0000140A0B1640050E3090000CACC009FE5C3
:1041B00050119FE5420F80E21B1000EB8F10A0E32F
:1041C000FF90A0E3000050E3461C81E3139B89E3CA
:1041D0000190A001D400A0E3DC10A0E30420A0E142
:1041E0000830A0E300908DE5C80400EB9120A0E327
:1041F0000000A0E30110A0E30830A0E33A2C82E322
:1042000004108DE508008DE5D400A0E3DC10A0E3E8
:1042100000208DE56420A0E3E80400EB540195E55F
:10422000000050E39AFAFF0A580195E50210A0E356
:10423000E630A0E300808DE504108DE5D910A0E301
:10424000D40080E20020A0E1690600EB90FAFFEACA
:1042500028009FE5B0409FE5000190E5010050E394
:104260001CFFFF0A060050E30670A0E14BFFFF0AA7
:1042700098409FE5BB7FA0E3057A87E347FFFFEA0D
:10428000D00300404805004078D5000020CF000052
:104290008D9300004405004016930000598F0000E4
:1042A000C4910000CB910000339200007193000094
:1042B0009C910000AE92000091930000A691000036
:1042C000E4910000CDCCCCCC219300008D92000075
:1042D0004B910000DB910000929200009D90000045
:1042E0004A930000509000007E910000D34D621070
:1042F000E4940000198F00003691000088D500007A
:104300003991000070900000498F00005493000024
:10431000A18F0000F0940000CC9400007092000087
:10432000BD91000030482DE908B08DE218D04DE273
:104330000C508DE20040A0E10100A0E10210A0E1DC
:104340000520A0E1BC0200EB08108DE204208DE204
:104350000D30A0E10500A0E1CD0200EB00009DE5DD
:10436000010050E31C0000BA78109FE5000091E5C1
:104370000B0050E3180000CA012080E2800080E0BA
:10438000023AA0E3002081E55C109FE50041A1E72F
:104390000040A0E304009DE5802180E0000050E3A0
:1043A000825143E0822183E02227A0E14527444057
:1043B000620062E2080081E508009DE5802180E05E
:1043C000000050E3825143E0822183E02227A0E1F4
:1043D00045274440A00082E2040081E508D04BE27A
:1043E0003048BDE81EFF2FE14C050040500500405D
:1043F000F04F2DE91CB08DE20CD04DE25C819FE5C1
:104400000060A0E10370A0E10290A0E101A0A0E1A2
:104410000150A0E3B40098E5060050E10F00001A37
:10442000B800D8E50210A0E3FF40A0E3042087E233
:1044300000108DE58F10A0E3134B84E3461C81E34D
:10444000560050E30A00A0E10140A0010910A0E1DC
:104450000430A0E1480500EB0300A0E3020000EAFD
:104460009140A0E30100A0E33A4C84E3A330A0E331
:1044700008008DE50000A0E30910A0E10720A0E1FD
:1044800000008DE5013A83E30A00A0E13A0500EB64
:1044900008009DE50910A0E10720A0E10430A0E19B
:1044A00000008DE50A00A0E1330500EB201098E53F
:1044B0001C0098E5010056E30150A0010110C6E37D
:1044C000080051E30050A001000055E30800000A75
:1044D000000056E30F00000A84009FE50A10A0E1E7
:1044E0000920A0E1060190E71CD04BE2F04FBDE8A7
:1044F0001E0000EA6C009FE56C209FE5BB1FA0E357
:104500000130A0E300A08DE504908DE5051A81E35C
:10451000C60700EB0E0000EA9E40A0E30250A0E3B5
:104520000A00A0E10910A0E10720A0E3F74C84E312
:1045300000508DE50430A0E10F0500EB04004AE2D5
:1045400004208AE20910A0E10930A0E130008DE8E2
:10455000A70500EB1CD04BE2F04FBDE81EFF2FE19A
:10456000D0030040309400004C92000020CF0000A7
:10457000F04F2DE91CB08DE22CD04DE2090050E344
:10458000EA00008A0150A0E104108FE20240A0E19D
:1045900000F191E7BC450000484800004847000092
:1045A00090470000E4450000AC480000E0480000EF
:1045B000244800003C4900000C460000CC339FE535
:1045C0008560A0E30B00A0E30610A0E30320A0E3B6
:1045D000E66C86E300208DE504108DE508008DE58E
:1045E000C70000EA98339FE5A76FA0E30B00A0E3A4
:1045F0000610A0E30420A0E300208DE504108DE563
:1046000008008DE50F6B86E3BD0000EA2BA0A0E358
:104610000210A0E3089045E2047045E2088044E2FD
:104620000260A0E35FAC8AE304108DE50900A0E11D
:104630000810A0E10720A0E10830A0E100A08DE56E
:104640006B0500EB043044E20900A0E10810A0E192
:104650000920A0E100A08DE504608DE510308DE516
:10466000630500EB04608DE5086084E20900A0E1C9
:104670000720A0E100A08DE50610A0E10630A0E132
:104680005B0500EB0200A0E3043084E20610A0E129
:104690000920A0E100A08DE504008DE50900A0E15E
:1046A0000C308DE5520500EB0200A0E3049085E29A
:1046B000087085E20810A0E10830A0E100A08DE5B7
:1046C00004008DE50700A0E10920A0E1480500EB0A
:1046D00010309DE50200A0E30810A0E10720A0E152
:1046E00000A08DE504008DE50700A0E1400500EB8A
:1046F0000280A0E30700A0E10610A0E10920A0E1EC
:104700000630A0E100A08DE504808DE5380500EBC2
:104710000C309DE50700A0E10610A0E10720A0E114
:1047200000A08DE504808DE5310500EB0000A0E3DD
:104730000410A0E10120A0E30A30A0E100008DE513
:104740000500A0E1780000EA050084E23F60A0E3F4
:10475000071085E20230A0E314508DE528008DE5B6
:1047600020008DE5070045E2CA6C86E324108DE544
:104770000310A0E31C008DE5070044E20620A0E141
:1047800018008DE514008DE29C0500EB600000EA46
:10479000050044E23F60A0E3071085E20230A0E399
:1047A00014508DE528008DE520008DE5070045E2D9
:1047B000CA6C86E324108DE50310A0E31C008DE590
:1047C000070084E20620A0E118008DE514008DE2C8
:1047D0008A0500EB14209DE518309DE50500A0E159
:1047E0000410A0E10170A0E3C0008DE8000500EB1B
:1047F0001C209DE520309DE50500A0E10410A0E10E
:10480000C0008DE8FA0400EB24209DE528309DE5EA
:104810000500A0E10410A0E1C0008DE8F40400EB65
:10482000420000EA0420A0E30500A0E30110A0E399
:1048300000208DE57920A0E304108DE508008DE5CA
:104840003F2B82E3200000EA34319FE58560A0E33E
:104850000500A0E30110A0E30420A0E3E66C86E3DA
:1048600000208DE504108DE508008DE50500A0E130
:104870000410A0E10620A0E1450000EB08319FE50F
:104880000B00A0E30610A0E30320A0E300208DE5C9
:1048900004108DE508008DE50500A0E10410A0E1FD
:1048A0000620A0E13A0000EB200000EA0420A0E38B
:1048B0000600A0E30210A0E300208DE5A72FA0E3EF
:1048C00004108DE508008DE50F2B82E3B0309FE5E5
:1048D0000500A0E10410A0E12D0000EB130000EAA8
:1048E000A0309FE57960A0E30B00A0E30610A0E3F1
:1048F0000420A0E300208DE504108DE508008DE57F
:104900003F6B86E30500A0E10410A0E10620A0E1D2
:104910001F0000EB0000A0E30410A0E10120A0E3D1
:1049200000008DE50500A0E10630A0E1120400EBD7
:104930001CD04BE2F04FBDE81EFF2FE13C309FE55D
:104940001F60A0E30B00A0E30610A0E30320A0E398
:104950000F6B86E300208DE504108DE508008DE5E2
:104960000500A0E10410A0E10620A0E1080000EB92
:104970000000A0E30410A0E10320A0E3E7FFFFEAAA
:104980009094000068940000589400008494000003
:1049900078940000F04F2DE91CB08DE214D04DE268
:1049A0000080A0E10200A0E30340A0E10230A0E10A
:1049B0000620A0E30150A0E100008DE50800A0E181
:1049C0000C308DE5EC0300EB08909BE5010059E30A
:1049D0003A0000BA08508DE5000094E5000180E03F
:1049E0008050A0E10500A0E1A00200EB0060A0E182
:1049F0000500A0E1760200EB10008DE5040094E4D0
:104A0000000180E08070A0E10700A0E1970200EBC8
:104A100000A0A0E10700A0E16D0200EB0C109DE5F5
:104A20000C509BE50070A0E310E09BE500108DE5C5
:104A30000210A0E304108DE5960501E0023A81E240
:104A4000022A61E2000051E32337A0E142374740E8
:104A500010209DE508C083E0920501E008509DE527
:104A6000023A81E2022A61E2000051E32337A0E129
:104A7000423747409A0E02E0026A82E2031045E0A4
:104A8000023A62E2000052E32667A0E14367474032
:104A9000900E03E0082086E0026A83E2020A63E2E5
:104AA000000053E32667A0E1406747400C00A0E107
:104AB000063045E04E0400EB019059E2C5FFFF1AB5
:104AC0001CD04BE2F04FBDE81EFF2FE1F04F2DE967
:104AD0001CB08DE210229FE510329FE5EE18A0E396
:104AE0000000A0E3FF1481E3470050E32370E0E3FC
:104AF0002470A083017087E0011981E29762C5E00C
:104B0000490951E34572A0E1A57F87E0007183E781
:104B1000010080E2F3FFFF1AD4019FE53320A0E3F8
:104B2000CD10A0E30030A0E369C0A0E37EEEA0E3D7
:104B30003E8BA0E3C890A0E30060A0E3232C82E3B7
:104B4000071B81E3237382E0013083E0075187E094
:104B5000970C04E08551A0E1A4450EE0255308E040
:104B6000054084E1970905E0A54884E1065080E00E
:104B7000026086E2820056E3B040C5E1F0FFFF1A12
:104B80000030A0E396C0A0E33EEBA0E34680A0E3A4
:104B90007E9EA0E319A0A0E30070A0E3234382E07F
:104BA000013083E0940C05E0940806E025530EE004
:104BB000A66509E0055086E1940A06E0A64885E16D
:104BC000075080E0027087E2820057E3B248C5E1F7
:104BD000F1FFFF1A0030A0E3C380A0E37E9EA0E3B4
:104BE000FAA0A0E341EFA0E30040A0E3235382E05A
:104BF0009670A0E3013083E0950706E03E7BA0E3DA
:104C000095080CE0266307E0AC7509E0067087E1C3
:104C1000950A06E0A67887E1046080E0024084E21D
:104C2000820054E3BE7086E1EFFFFF1A86A0A0E386
:104C30000030A0E3FAC0A0E33EEBA0E39680A0E33F
:104C40007E9EA0E30070A0E301AC8AE3234382E0F0
:104C5000013083E0940C05E0940806E0044264E02F
:104C600025530EE0A66509E00441A0E1055086E168
:104C7000A44885E1075080E0027087E2820057E394
:104C8000BA4085E1F0FFFF1A68C09FE50020A0E36D
:104C90003EEBA0E37E8EA0E3827FA0E30040A0E392
:104CA0002233A0E10334A0E1223343E0012082E07B
:104CB0000C3083E023530EE0A36508E0055086E145
:104CC000A33885E1045080E0024084E2820054E38E
:104CD000B73085E1F1FFFF1A0000A0E30010A0E368
:104CE0000020A0E3F04FBDE8030000EA398EE3386E
:104CF000E005004024080040CD0F2300F04F2DE9CF
:104D00001CB08DE204D04DE20290A0E10150A0E180
:104D10000040A0E1AE0100EB0080A0E10400A0E1B2
:104D2000D20100EB0070A0E10500A0E1A80100EBBA
:104D30000040A0E10500A0E1CC0100EB0050A0E1A3
:104D4000950700E040A7A0E10900A0E1A00100EB69
:104D50000060A0E10900A0E1C40100EBB4109FE5F0
:104D6000B4209FE500A081E5940701E04117A0E190
:104D7000001082E5A4109FE5A4209FE5008081E556
:104D8000970601E0001061E24117A0E1001082E502
:104D9000940801E04117A0E1910602E0902523E08C
:104DA0004327A0E17C309FE5002083E578309FE534
:104DB000900702E0950807E04227A0E14777A0E1CD
:104DC000002083E5002064E2900203E0973624E0AF
:104DD0004437A0E154409FE5003084E5960203E0AB
:104DE000970002E0022043E044309FE54227A0E123
:104DF000002083E5900103E038109FE5960502E06E
:104E0000030042E04007A0E1000081E51CD04BE236
:104E1000F04FBDE81EFF2FE1B00A0040B40A004089
:104E2000B80A0040C40A0040C00A0040D00A00404E
:104E3000BC0A0040C80A0040CC0A0040F0482DE9F6
:104E400010B08DE20240A0E10150A0E10060A0E1BD
:104E5000860100EB0070A0E10500A0E1830100EBFA
:104E6000900701E04107A0E1000084E50500A0E112
:104E7000570100EB900701E04107A0E1040084E541
:104E80000600A0E1520100EB080084E5F048BDE80F
:104E90001EFF2FE1F0482DE910B08DE29C509FE5F8
:104EA000005090E8087090E5005095E5950C06E0FC
:104EB0008C509FE5005095E5956E24E084609FE559
:104EC000006096E5964725E04577A0E178509FE59C
:104ED000007081E5820090E8086090E5005095E55B
:104EE000950104E064109FE5001091E5914725E0ED
:104EF0005C109FE5001091E5915627E04717A0E16F
:104F000050709FE5001082E5060090E8080090E5EB
:104F1000007097E5970106E03C109FE5001091E5D1
:104F2000916227E034109FE5001091E5917022E036
:104F30004207A0E1000083E5F048BDE81EFF2FE135
:104F4000BC0A0040C00A0040C40A0040C80A004031
:104F5000CC0A0040D00A0040B00A0040B40A004029
:104F6000B80A0040F04F2DE91CB08DE244D04DE26C
:104F700000008DE530039FE5482041E208108DE5F3
:104F8000481081E2000090E5000052E10020A0D12D
:104F90000F0080E2000051E10100A0B1000052E1E9
:104FA00004008DE5020000DA1CD04BE2F04FBDE8B2
:104FB0001EFF2FE1F8929FE5050000EA14109DE521
:104FC00004209DE5010081E2020051E10020A0E102
:104FD000F4FFFF0A08009DE514208DE5000052E073
:104FE000001189E00040A0E120A191E5C4129FE5F5
:104FF00000406042006091E5BC129FE5007091E5C1
:10500000B8129FE5008091E5900001E0510D61E24A
:10501000DC0000EBC4E29FE5001060E201C9A0E300
:10502000010050E1E4FFFFBA80229FE59230A0E347
:10503000942325E000206AE2960203E020500BE56D
:1050400024300BE5970203E014709DE52C308DE5CC
:10505000980203E000209DE528308DE548329FE569
:10506000002042E0003093E5033047E0033183E065
:10507000032382E048329FE5825083E00120A0E3D1
:10508000800082E13C229FE5002092E528200BE58C
:1050900034229FE5002092E52C200BE52C229FE591
:1050A000002092E524208DE524229FE5002092E552
:1050B00020208DE51C229FE5002092E51C208DE537
:1050C00014229FE5002092E518208DE50D0000EAEE
:1050D0000440A0E302001AE3A34FA001043384E1DB
:1050E000FC419FE50120E0E3010050E2011081E274
:1050F000A72302E0833084E0022083E0B020D2E1E5
:10510000B220C5E0ACFFFF0A013189E024601BE555
:105110002C701BE5000051E30120A0E1204193E544
:1051200000206142976423E020601BE5822086E036
:1051300028601BE5B070D2E1963722E042378CE060
:10514000C362A0E1C33FC6E1010B53E3013BA023CF
:1051500003A0DEE74237A0E101001AE31B00001ABA
:1051600004001AE3D9FFFF1A30308DE528309DE5A1
:1051700018609DE5963422E01C309DE520609DE599
:10518000932729E02C209DE54987B0E108E0A0E1C4
:1051900000E06842962423E024209DE5923724E035
:1051A0000120A0E344C7B0E10C30A0E100306C4224
:1051B000A40053E3A4005E230B00002AF0909FE5B7
:1051C00018E19FE530309DE501C9A0E3210000EA28
:1051D0000440A0E302001AE3BFFFFF1A000053E3FC
:1051E0000240A0E30340A043BBFFFFEA6D60A0E3E1
:1051F000C927A0E1B8909FE5376C86E39C0603E0E1
:1052000001C9A0E34367A0E1023056E000306342E9
:10521000A40053E30100002AC0E09FE50B0000EA70
:1052200010608DE56D60A0E30C208DE5ACE09FE59E
:10523000376C86E3980603E04327A0E1C437A0E17A
:10524000024053E000406442A40054E30800002AF6
:1052500030309DE50120A0E30440A0E302001AE302
:105260009DFFFF1A000052E3DBFFFF1AA34FA0E1EE
:1052700099FFFFEA032092E030309DE50020624272
:10528000A40052E30120A0E3F2FFFF3A10209DE5C5
:105290000C409DE5042092E000206242A40052E30D
:1052A0000020A0E30120A033EAFFFFEAD40A004077
:1052B000A8A00000E0050040D00A0040CC0A004051
:1052C000C80A0040D80A0040B80A0040C40A00409A
:1052D000B40A0040C00A0040B00A0040BC0A0040C6
:1052E000A69C000024080040F0482DE910B08DE293
:1052F00058709FE558609FE53F50A0E30040A0E153
:105300000000A0E3015C85E3000087E50FE0A0E179
:1053100014FF2FE1001097E50000A0E30520A0E1B5
:105320000F3081E29E0500EB0600A0E1051BA0E323
:10533000330600EB000097E5101080E2E00050E338
:10534000001087E5F0FFFFBAF048BDE81EFF2FE12F
:10535000D40A0040D80A004024209FE50030A0E392
:10536000002092E5010052E10010A0E3102082E24B
:105370000110A0D3000052E10130A0C3030001E0FE
:105380001EFF2FE1D40A00400111A0E30120A0E19B
:105390002111A0E1000052E1FBFFFF8A000052E36F
:1053A0000000A0031EFF2F010030A0E303C082E035
:1053B000A31082E00C0050E1A310A0310C004020AB
:1053C0002221B0E10130A0E1F7FFFF1A0100A0E1C6
:1053D0001EFF2FE188109FE59021C3E0001083E0BD
:1053E000C125A0E1A11F82E0E12EA0E3910203E02C
:1053F000030050E0E10E8042E10F50E30400009A08
:10540000C21FA0E3011B81E3010050E10400008AF8
:10541000000041E04C109FE5800081E0F000D0E109
:105420001EFF2FE1A31FA0E3021B81E3010050E157
:105430000500008A2C109FE5800081E028109FE580
:10544000F10090E1000060E21EFF2FE114109FE5E3
:10545000E10E60E2800081E0F000D0E1000060E257
:105460001EFF2FE1C5B3A2919C950000F0F1FFFF54
:105470008C109FE5E10F80E29021C3E0001083E0F3
:10548000C125A0E1A11F82E0E12EA0E3910203E08B
:10549000030050E0E10E8042E10F50E30400009A67
:1054A000C21FA0E3011B81E3010050E10400008A58
:1054B000000041E04C109FE5800081E0F000D0E169
:1054C0001EFF2FE1A31FA0E3021B81E3010050E1B7
:1054D0000500008A2C109FE5800081E028109FE5E0
:1054E000F10090E1000060E21EFF2FE114109FE543
:1054F000E10E60E2800081E0F000D0E1000060E2B7
:105500001EFF2FE1C5B3A2919C950000F0F1FFFFB3
:10551000F04D2DE918B08DE298709FE5033081E0E1
:10552000013043E200C097E501005CE10FE08CE24E
:105530000C10A0C10E0053E103E0A0B10E0051E138
:10554000010000DAF04DBDE81EFF2FE1002082E0EF
:1055500008309BE560809FE5C00FC0E1050D52E378
:10556000016040E2052DA0A3014042E2020000EAF2
:10557000011087E20E0057E1F1FFFF0A0170A0E180
:105580000C1041E00F0051E3F8FFFF8A020050E1E8
:10559000F6FFFFAA011181E00650A0E1011380E0AF
:1055A000811088E0015085E2B230C1E0040055E18D
:1055B000FBFFFFBAEDFFFFEAD40A0040D80A004023
:1055C000F04F2DE91CB08DE234D04DE224008DE582
:1055D0009C039FE5017083E020708DE5000090E55D
:1055E000070050E124000BE50E0000AA24001BE593
:1055F000100080E2010050E10A0000DA24601BE59F
:1056000020709DE50100A0E1010056E1017047E234
:105610000F8086E20600A0C1080057E10780A0B114
:10562000080050E1020000DA1CD04BE2F04FBDE868
:105630001EFF2FE10C909BE524709DE5010053E3D4
:105640000060A0E310E09BE508A09BE50160A0B32B
:10565000010052E3074089E0897042E0895043E04D
:1056600008408DE5044087E004408DE5014089E075
:1056700028408DE5044085E01C408DE50040A0E316
:105680000140A0B3010055E3066084E10040A0E3BF
:1056900020600BE50140A0B3010057E30060A0E3E8
:1056A0000160A0B3050057E1044086E10750A0B1B6
:1056B00009C05EE014408DE50040A0E304C0A0D125
:1056C000A5005CE1A5C0A0C1030052E18C40A0E1AF
:1056D0000230A0B110C08DE500408DE524409DE56D
:1056E000A3005EE1A3E0A0C1044082E08E20A0E11F
:1056F00018408DE50C208DE5020000EA010083E2F0
:10570000080053E1C7FFFF0A20201BE50030A0E19D
:10571000010050E10000A0E30100A0B3000092E10D
:10572000F5FFFF1A20209DE50300E0E1014043E082
:10573000002082E0040052E10240A0B10020A0E37A
:1057400001005EE3180000BA0E0054E1160000AA42
:105750000C209DE5045042E095E422E00141A0E3E5
:105760000460A0E12441A0E1020056E1FBFFFF8AB2
:10577000000056E30900000A0050A0E3067085E02F
:10578000A54086E0070052E1A540A0310720422055
:105790002661B0E10450A0E1F7FFFF1A000000EA23
:1057A0000040A0E310C09DE504204EE024509DE59C
:1057B00028409DE5059082E018509DE50220E0E13B
:1057C000040053E10040A0E30140A0B3022085E0C3
:1057D0000C509BE5010055E3240000BA14509DE5F0
:1057E000044095E12100001A1C409DE5030054E1AE
:1057F0001E0000DA1C409DE5000084E028409DE585
:10580000044043E0040050E10040A0B10000A0E3E8
:1058100001005CE32D0000BA0C0054E12B0000AA4B
:1058200000009DE5045040E095C420E00141A0E364
:105830000460A0E12441A0E1000056E1FBFFFF8AE3
:10584000000056E31E00000A0050A0E3067085E049
:10585000A54086E0070050E1A540A03107004020A8
:105860002661B0E10450A0E1F7FFFF1A150000EA3D
:1058700024001BE5000043E00F0050E39EFFFF8A79
:105880003F40A0E3014C84E3040052E10420A0A1C6
:10589000C94FC9E1020054E197FFFFCAD4509FE508
:1058A000000180E0000384E0014044E2800085E0E4
:1058B000014084E2B2A0C0E0020054E1FBFFFFBA65
:1058C0008DFFFFEA0040A0E310C09DE504004CE01E
:1058D00024401BE5044043E00F0054E386FFFF8AA9
:1058E00008509DE5C96FC9E1047184E0055080E06E
:1058F000050D55E3055DA0A3050056E10A0000AAC9
:105900000890A0E16C809FE5014045E2075386E0E6
:10591000016046E2855088E00980A0E1016086E2EE
:10592000B2A0C5E0040056E1FBFFFFBA3F40A0E390
:10593000014C84E3040052E10420A0A104409DE551
:10594000000044E0C04FC0E1020054E16AFFFFCA1A
:1059500020509FE5070384E0014044E2800085E099
:10596000014084E2B2A0C0E0020054E1FBFFFFBAB4
:1059700061FFFFEAD40A0040D80A0040F04F2DE949
:105980001CB08DE20CD04DE200008DE558029FE581
:10599000014082E0000090E5040050E108008DE540
:1059A0000C0000CA08009DE5025041E0100080E2B2
:1059B000050050E1070000DA08009DE5000055E110
:1059C0000FE080E20050A0D10E0054E104E0A0B14D
:1059D0000E0055E1020000DA1CD04BE2F04FBDE8AA
:1059E0001EFF2FE108009BE500A0E0E3000050E36C
:1059F00000A042C001008AE2900A07E0010082E2B2
:105A0000900209E004708DE5020000EA015087E28F
:105A10000E0057E1EFFFFF0A010045E00570A0E12D
:105A2000900005E0056059E0F7FFFF4A0101A0E39F
:105A30000040A0E12001A0E1060054E1FBFFFF8A45
:105A4000000054E30900000A0020A0E3040082E003
:105A5000A2C084E0000056E1A2C0A0310060462050
:105A60002441B0E10C20A0E1F7FFFF1A000000EA9A
:105A700000C0A0E304009DE501007AE3058040E05A
:105A80000050E0E30850A0C100005AE30000555365
:105A90001700005A08009DE5002047E00F0052E380
:105AA000D9FFFF8A00009DE53F50A0E3015C85E33C
:105AB00000408CE00C0040E0050054E1C00FC0E164
:105AC0000540A0A1040050E1CFFFFFCA1C619FE583
:105AD000022182E0022380E0822086E0016040E231
:105AE000016086E2B230C2E0040056E1FBFFFFBA7B
:105AF000C5FFFFEA0101A0E30040A0E12001A0E111
:105B0000050054E1FBFFFF8A000054E30900000A8E
:105B10000020A0E3040082E0A25084E0000058E1ED
:105B2000A250A031008048202441B0E10520A0E12E
:105B3000F7FFFF1A000000EA0050A0E308009DE50F
:105B4000008047E00F0058E3AFFFFF8A00209DE58B
:105B50000500E0E1024080E03F00A0E3010C80E3AB
:105B6000000054E10040A0A10C0042E0C00FC0E1E1
:105B7000040050E1080000CA70609FE5082188E039
:105B8000022380E0010040E2822086E0010080E202
:105B9000B230C2E0040050E1FBFFFFBA00209DE5F7
:105BA0003F40A0E3014C84E302008CE0022085E04A
:105BB000040050E1C25F82E10400A0A1050050E1B1
:105BC00091FFFFDA24609FE5052040E0080188E0AE
:105BD000000385E0800086E0020080E2B230C0E091
:105BE000012052E2FCFFFF1A87FFFFEAD40A0040BF
:105BF000D80A0040F04F2DE91CB08DE224D04DE2D0
:105C0000A0619FE518208DE50C209BE50370A0E1C5
:105C1000030051E100708DE50170A0C10130A0B119
:105C2000006096E5027087E0070056E11C608DE594
:105C3000590000CA1C709DE5023043E0107087E2F5
:105C4000030057E1540000DA18309DE50070E0E3EE
:105C50000040A0E308E09BE54CA19FE5000053E174
:105C60000030E0E30130A0C308308DE500309DE551
:105C7000030051E10170A0B3035051E018309DE5DD
:105C8000005065420C708DE5006053E00060664294
:105C9000010052E3053046E020308DE50130A0E3FD
:105CA0000320A0D1A27044E0012042E2A24083E0A0
:105CB000002065E214708DE504208DE51C209DE533
:105CC000022182E0002062E20223A0E110208DE5A3
:105CD0001C309DE510209DE514909DE5017181E04B
:105CE000038041E0003082E00120A0E107C383E0AF
:105CF000070000EA2033A0E1040053E30930889054
:105D00000F0053930B00009A019089E2090054E1BF
:105D10000D00000A050056E1F5FFFF2A093080E07A
:105D20002333A0E1040053E30F005893F5FFFF8AEB
:105D300009308CE0010000EA033183E0033380E0A6
:105D400083308AE0B0E0C3E1EEFFFFEA18309DE562
:105D50000210A0E1030050E100309D050300510155
:105D60000D00000A20209DE504C09DE50C709DE516
:105D700082005CE10230A0E1053043B0820056E1D0
:105D8000071081C008709DE5063083C082005CE189
:105D900020308DE5070080B0CCFFFFEA1CD04BE23D
:105DA000F04FBDE81EFF2FE1D40A0040D80A0040A2
:105DB000020051E31EFF2FB1F0482DE910B08DE233
:105DC00008D04DE20340A0E10250A0E1016041E2B1
:105DD000087080E2083047E20F0093E800508DE53C
:105DE00004408DE582FFFFEB016056E2087087E218
:105DF000F7FFFF1A10D04BE2F048BDE81EFF2FE17D
:105E0000F04F2DE91CB08DE224D04DE20260A0E1FC
:105E10000180A0E1010053E318008DE5150000BAF0
:105E20000370A0E1020058E3090000BA18009DE5E4
:105E3000014048E2085080E2083045E20F0093E854
:105E4000C0008DE86AFFFFEB014054E2085085E294
:105E5000F8FFFF1A18309DE5881183E00C0093E8E5
:105E6000030011E9C0008DE861FFFFEB1CD04BE29D
:105E7000F04FBDE81EFF2FE100C0A0E1040090E557
:105E8000020058E30A0000BA0C208CE2013048E21C
:105E90000010A0E1087092E4010057E10710A0C1D2
:105EA000000057E10700A0B1013053E2F8FFFF1AEC
:105EB000000000EA0010A0E1A4219FE5002092E587
:105EC000010052E10C208DE5E7FFFFCA0C209DE5A3
:105ED000102082E2000052E1E3FFFFDA0C209DE592
:105EE000020050E10200A0D10F2082E2020051E145
:105EF0000120A0B1020050E114208DE5DAFFFFCAB5
:105F000008608DE510808DE5040000EA10809DE5B5
:105F100014109DE5010089E2010059E1D2FFFF0A5A
:105F20000090A0E1010058E3F8FFFFBAFF36A0E3BC
:105F30000176A0E30040A0E30860A0E10F3283E314
:105F40001A0000EA051049E0082040E020E08DE555
:105F50001C308DE5920100E005104AE0CE0B00EB0D
:105F60001C309DE520E09DE518C09DE5088080E09F
:105F7000030058E10830A0C103005EE10300A0E186
:105F80000E00A0C105005AE10030A001070058E151
:105F90000870A0B107005EE10700A0E10E00A0B10B
:105FA00005005AE10070A001016056E21300000AEA
:105FB0000410A0E1024084E2010056E20C20A0E1BE
:105FC0000400A0110001B2E704A092E50C20A0E1BA
:105FD0000181B2E7045092E5050059E10A0059B188
:105FE000F0FFFFBA050059E10A0059C1EDFFFFCAF1
:105FF00005005AE1D2FFFF1A00E0A0E1DBFFFFEA53
:10600000030057E1C0FFFFCA0C009DE508609DE555
:1060100010809DE5000049E00F0050E3BBFFFF8AC0
:106020003F10A0E3011C81E3010053E10130A0A176
:10603000C71FC7E1030051E1B4FFFFCA24209FE559
:10604000000180E0000381E0011041E2800082E075
:10605000011081E2B260C0E0030051E1FBFFFFBA32
:10606000AAFFFFEAD40A0040D80A0040F04F2DE909
:106070001CB08DE244D04DE228200BE501A0A0E148
:10608000012083E09C139FE52C300BE5001091E587
:10609000020051E130108DE50D0000AA30109DE5A1
:1060A000101081E20A0051E1090000DA30309DE56C
:1060B0000A10A0E1012042E20A0053E10F8083E2CE
:1060C0000310A0C1080052E10280A0B1080051E114
:1060D000020000DA1CD04BE2F04FBDE81EFF2FE1BA
:1060E0002C901BE528401BE50CC09BE50030A0E38D
:1060F0000070A0E3010059E30AE08CE08C5049E015
:106100000130A0B3010054E30E2085E020E08DE5CE
:106110000C508DE50170A0B3010055E318208DE50A
:106120000020A0E3036087E10030A0E38C7044E02E
:106130000130A0B3010057E308708DE52C608DE5B8
:106140000120A0B3032082E10730A0E11C208DE5EF
:1061500000208CE0800084E0822087E028008DE52C
:10616000010080E204208DE5012082E224008DE51B
:106170008900A0E100208DE50120A0E324000BE5CB
:106180008A3042E08E2042E014208DE58520A0E197
:1061900020300BE510208DE5020000EA011089E2B5
:1061A000080059E1CAFFFF0A0A0051E10000A0E31C
:1061B0000190A0E10100A0B3000096E1F6FFFF1AF4
:1061C00020001BE5891080E024001BE5012040E051
:1061D000910200E0000050E3EFFFFF4A8940A0E198
:1061E0000121A0E30210A0E12221A0E1000051E181
:1061F000FBFFFF8A000051E30900000A0030A0E322
:10620000017083E0A32081E0070050E1A320A031CA
:10621000070040202111B0E10230A0E1F7FFFF1A92
:10622000000000EA0020A0E328101BE5920100E036
:106230002C101BE5040B00EB28109DE524209DE5A8
:1062400008509BE52C609DE5011080E0000042E0D5
:10625000A00F80E0A11F81E0C070A0E1C10057E164
:10626000CDFFFFAA0000E0E30420A0E1C14080E0F0
:106270000C009BE5010050E3550000BA20009DE5AD
:106280001C109DE5000059E10000A0E30100A0B34F
:10629000000091E14E00001A18009DE5090050E150
:1062A0004B0000DA14009DE5001082E010009DE52F
:1062B000012040E0910200E0000050E34400004A69
:1062C0000121A0E30210A0E12221A0E1000051E1A0
:1062D000FBFFFF8A000051E30900000A0030A0E341
:1062E000015083E0A32081E0050050E1A320A0310C
:1062F000050040202111B0E10230A0E1F7FFFF1AB4
:10630000000000EA0020A0E308109DE5920100E0F3
:106310000C109DE5CC0A00EB04109DE500209DE5E6
:1063200008509BE52C609DE5011080E0000042E0F4
:10633000A00F80E0A11F81E0C020A0E1C10052E1D8
:10634000230000AA30009DE5000049E00F0050E363
:1063500091FFFF8A050D52E3C77FC7E100C180E0CE
:10636000052DA0A3020057E1080000AAB8009FE590
:106370000C3387E0012042E2017047E2833080E085
:10638000017087E2B250C3E0020057E1FBFFFFBAA1
:106390003F20A0E3C110A0E1012C82E3C11FC1E1B5
:1063A000020054E10240A0A1040051E17AFFFFCABB
:1063B00074209FE50C0381E0011041E2800082E03F
:1063C000011081E2B250C0E0040051E1FBFFFFBACE
:1063D00071FFFFEA30009DE5000049E00F0050E347
:1063E0006DFFFF8A3F10A0E3011C81E3010054E12F
:1063F0000140A0A1C71FC7E1040051E166FFFFCA29
:1064000024209FE5000180E0000381E0011041E2CB
:10641000800082E0011081E2B250C0E0040051E14E
:10642000FBFFFFBA5CFFFFEAD40A0040D80A004035
:10643000F04F2DE91CB08DE228D04DE20CC09BE559
:1064400008E09BE50060A0E30670D0E7016086E20B
:10645000000057E3FBFFFF1A0040D2E50150D2E5F0
:10646000017046E2030053E3970406E00500000ACA
:10647000020053E30400000A010053E3A5C04C00EE
:10648000A6E04E00010000EAA5C04CE006E04EE0A8
:1064900090319FE505708CE018C08DE504508DE5C6
:1064A000003093E5070053E11C308DE55A0000AA47
:1064B0001C309DE518609DE5103083E2060053E135
:1064C000550000DA18309DE51C609DE50050D0E5D0
:1064D000060053E10360A0C1000055E30C608DE5A8
:1064E0004D00000A1C609DE5013047E28080A0E37A
:1064F0000F7086E2070053E10370A0B10C309DE5F8
:10650000033183E003C38EE0063186E003634CE091
:1065100014319FE5863083E014308DE58430A0E1AE
:1065200008308DE50230D2E5042092E520300BE5FD
:1065300000208DE5080000EA14009DE508209DE597
:1065400004E08EE0020080E014008DE510009DE57F
:106550000150F0E5000055E32F00000A10008DE522
:106560007F0045E25F0070E30C009DE53F50A033E3
:10657000070050E1EFFFFFCA04209DE5200045E23F
:106580000CA09DE5900203E020001BE500209DE5A6
:10659000932026E014309DE520608DE5040000EA9C
:1065A00001008AE207005AE10A3D83E200A0A0E16F
:1065B000E0FFFF0A000054E3F8FFFF0A18009DE522
:1065C00020201BE520509DE50090A0E300004AE05C
:1065D00090522CE01C009DE50350A0E100004AE031
:1065E000030000EA019089E2025085E2090054E1CB
:1065F000EAFFFF0AA961DCE7072009E2160218E1B9
:10660000F7FFFF0A09208EE02223A0E1040052E3F5
:106610000F005093B010C591F1FFFFEA1CD04BE280
:10662000F04FBDE81EFF2FE1D40A0040D80A004019
:10663000F04F2DE91CB08DE204D04DE20B09A0E330
:10664000FF20A0E3AC429FE5FE69A0E30E0280E3D9
:10665000FF2C82E3016586E3001090E5021001E063
:1066600088229FE5001080E5041090E5021001E00B
:10667000041080E5141090E50810C1E3141080E5C3
:106680006C029FE5001090E5031081E3001080E5A7
:10669000FF08E0E3140084E51F0CA0E3040004E518
:1066A000020AA0E3000084E51C0014E5060080E176
:1066B0003F0C80E31C0004E5040094E5FF0880E340
:1066C000040084E50500A0E3CB0600EB025BA0E339
:1066D0000A00A0E3005084E5C70600EB7800A0E3C1
:1066E000045004E5C40600EB010BA0E3019CA0E309
:1066F0000080A0E3017AA0E3FC119FE5025CA0E327
:10670000000084E5009084E5188084E5006084E55D
:10671000048004E5007084E50000A0E1047004E555
:10672000049004E51C0014E5010000E01C0004E5F1
:10673000040094E5FF08C0E3040084E50200A0E340
:10674000005084E5A40600EB180094E5081014E559
:10675000045004E51C2014E5062082E11C2004E519
:10676000FF2CA0E3200402E0FF20A0E3A11702E039
:10677000000081E184119FE5B000C1E1FF0000E26B
:10678000041094E5750050E3FF1881E3041084E5DC
:106790001F00001A6C819FE50050A0E30060A0E399
:1067A000140000EAFE29A0E38117A0E18007A0E120
:1067B000009084E5185084E5012582E3002084E5FB
:1067C000041004E5007084E50000A0E1047004E515
:1067D000049004E5185084E5002084E5040004E5F5
:1067E000007084E50000A0E1047004E5016046E269
:1067F000240076E32500000A0800A0E1861070E777
:106800000100D0E5FF0051E3E5FFFF1A7A0600EB37
:10681000F5FFFFEAE8A09FE50050A0E3030000EACF
:10682000750600EB015045E21E0075E31700000AF3
:106830000A00A0E1851070E70100D0E5FF0051E3F8
:10684000F6FFFF0AFE29A0E38117A0E18007A0E17F
:10685000009084E5188084E5012582E3002084E52A
:10686000041004E5007084E50000A0E1047004E574
:10687000049004E5188084E5002084E5040004E524
:10688000007084E50000A0E1047004E5E4FFFFEA85
:10689000FE39A0E3010CA0E30010A0E30B28A0E365
:1068A000013583E3000084E5181084E5003084E5B9
:1068B000042004E5012AA0E3002084E50000A0E113
:1068C000042004E5040004E50D07A0E3181084E5A6
:1068D000003084E5040004E5002084E50000A0E128
:1068E000042004E51CD04BE2F04FBDE81EFF2FE171
:1068F00000C0FFFFA0C11FE01CC0FF3FFF7F80FF63
:10690000D8320040489500000095000004009FE543
:10691000B000D0E11EFF2FE1D832004000482DE941
:106920000DB0A0E158109FE5FE29A0E301CCA0E343
:1069300000E0A0E30B38A0E38007A0E1012582E39B
:1069400004C081E51CE081E5042081E5003081E59B
:10695000013AA0E3043081E50000A0E1003081E5C8
:1069600000C081E51CE081E5042081E5000081E5AF
:10697000043081E50000A0E1003081E50048BDE879
:106980001EFF2FE118C0FF3F10109FE5000050E3ED
:10699000020AA0E304108103000081E51EFF2FE13D
:1069A00018C0FF3FF0482DE910B08DE24CC29FE5C2
:1069B000FE69A0E301ECA0E30040A0E30158A0E3DE
:1069C000FF7800E2016586E304E08CE51C408CE57D
:1069D00004608CE500508CE5015AA0E304508CE57E
:1069E0000000A0E100508CE500E08CE51C708CE517
:1069F000807306E004608CE5800706E000708CE59B
:106A00000679A0E304508CE50000A0E100508CE57D
:106A100004E08CE51C408CE504608CE500708CE59E
:106A200004508CE50000A0E100508CE500E08CE50E
:106A30001C408CE504608CE500008CE50208A0E3B6
:106A400004508CE50000A0E100508CE504E08CE5EA
:106A50001C408CE504608CE500008CE5FF0802E238
:106A600004508CE50000A0E100508CE500E08CE5CE
:106A70001C008CE5820306E004608CE500008CE5D8
:106A80000A09A0E304508CE50000A0E100508CE569
:106A900004E08CE51C408CE504608CE500008CE58E
:106AA000820706E004508CE50000A0E100508CE570
:106AB00000E08CE51C408CE504608CE500008CE572
:106AC0000308A0E304508CE50000A0E100508CE531
:106AD00004E08CE51C408CE504608CE500008CE54E
:106AE000FF0801E204508CE50000A0E100508CE5B5
:106AF00000E08CE51C008CE5810306E004608CE579
:106B000000008CE50E09A0E304508CE50000A0E134
:106B100000508CE504E08CE51C408CE504608CE5BD
:106B200000008CE5810706E004508CE50000A0E140
:106B300000508CE500E08CE51C408CE504608CE5A1
:106B400000008CE50107A0E304508CE50000A0E103
:106B500000508CE504E08CE51C408CE504608CE57D
:106B600000008CE5FF0803E204508CE50000A0E182
:106B700000508CE500E08CE51C008CE5830306E00A
:106B800004608CE500008CE51209A0E304508CE55C
:106B90000000A0E100508CE504E08CE51C408CE591
:106BA00004608CE500008CE5830706E004508CE56A
:106BB0000000A0E100508CE500E08CE51C408CE575
:106BC00004608CE500008CE51108A0E304508CE51E
:106BD0000000A0E100508CE504E08CE51C408CE551
:106BE00004608CE500008CE504508CE50000A0E119
:106BF00000508CE500E08CE5F048BDE81EFF2FE179
:106C000018C0FF3F000051E31EFF2F0130482DE95F
:106C100008B08DE240309FE5FEE9A0E3FFC8A0E3A5
:106C2000012AA0E301E58EE3B240D0E0011051E279
:106C300004540CE084470EE01C5083E504E083E537
:106C4000004083E5042083E50000A0E1002083E507
:106C5000F4FFFF1A3048BDE81EFF2FE118C0FF3FC8
:106C60000B09A0E30E0280E3001090E5051081E31C
:106C70000A10C1E3001080E560009FE58310A0E3E7
:106C8000081080E51910A0E3041000E50010A0E34F
:106C9000001080E5A310A0E3241080E50310A0E31A
:106CA000081080E50710A0E3041080E530109FE590
:106CB000002091E54020C2E3002081E524209FE5EB
:106CC000F42081E52620A0E3F42181E54020A0E323
:106CD000042081E50110A0E3001080E51EFF2FE1F4
:106CE00004C000E00CF0FFFFEC6C00007F582DE9C1
:106CF0001CB08DE207D0CDE364E09FE500009EE587
:106D0000010010E31000000A58009FE558209FE59D
:106D100058309FE5FF10A0E3071C81E314401EE5F7
:106D2000005090E5006092E5015085E2015005E0D9
:106D3000060055E1006090150640C317005080150D
:106D400000409EE5010014E3F3FFFF1A20609FE579
:106D50000050A0E3005086E51CD04BE27F58BDE810
:106D600004F05EE214C000E0E0320040DC3200409B
:106D7000E432004030F0FFFF3C109FE53C009FE50F
:106D8000002091E5003090E50000E0E3030052E1CF
:106D90001EFF2F01000091E524209FE5FF30A0E3B6
:106DA000073C83E30000D2E7002091E5012082E266
:106DB000032002E0002081E51EFF2FE1DC320040CD
:106DC000E0320040E43200400C009FE50C109FE5EB
:106DD000000090E5000081E51EFF2FE1E032004059
:106DE000DC3200400020D0E50319A0E30E1281E35D
:106DF000000052E30600000A143091E5200013E37E
:106E0000FCFFFF0A002081E50120F0E5000052E3CD
:106E1000F8FFFF1A140091E5200010E3FCFFFF0AC1
:106E20000A00A0E3000081E51EFF2FE168009FE556
:106E3000001090E50313C1E3001080E5FF19A0E303
:106E4000FF1581E3002091E50222C2E3002081E5E5
:106E5000002090E50324C2E3002080E5002091E5B6
:106E60000122C2E3002081E5002090E50322C2E375
:106E7000002080E5002091E50121C2E3002081E5AA
:106E8000002090E50327C2E3002080E5000091E5A3
:106E90000204C0E3000081E51EFF2FE104C002E010
:106EA000F04F2DE91CB08DE20CD04DE20140A0E185
:106EB0000050A0E1B00000EB0010A0E3000050E3A0
:106EC000A700000AA8129FE5FF89A0E3FF8588E3D9
:106ED000000091E50304C0E3000081E5000098E5AF
:106EE0000102C0E3000088E5000091E50307C0E36C
:106EF000000081E50204A0E31C0088E5000098E59D
:106F0000020480E3000088E5000091E50303C0E38C
:106F1000000081E50202A0E3180088E5000098E582
:106F2000020280E3000088E5000098E50101C0E36B
:106F3000000088E5000091E50302C0E3010280E360
:106F4000000081E5C800A0E3A30400EB24029FE554
:106F50000D99A0E30E9289E3040080E2000089E528
:106F6000041099E5010071E3FCFFFFCA000089E508
:106F7000046099E5010076E3FCFFFFCA000089E5A3
:106F800004A099E501007AE3FCFFFFCA08408DE503
:106F9000000089E5047099E5010077E3FCFFFFCA72
:106FA000000089E5044099E5010074E3FCFFFFCA95
:106FB000BC119FE5000091E50307C0E3000081E5F7
:106FC000000098E50204C0E3000088E5000091E5B8
:106FD0000302C0E3000081E50101A0E31C0088E595
:106FE000000098E5010180E3000088E5000091E5DC
:106FF0000304C0E3000081E50102A0E3180088E576
:10700000000098E5010280E3000088E5000098E5B3
:107010000202C0E3000088E5000091E50303C0E33D
:10702000010380E3000081E5C800A0E36A0400EBEF
:10703000FF30A0E33C219FE5033C83E3260303E00C
:107040002A1303E0000081E0271303E0010080E041
:10705000241303E0002089E5010080E004008DE5B1
:10706000040099E5010070E3FCFFFFCA002089E5F8
:10707000046099E5010076E3FCFFFFCA002089E582
:10708000047099E5010077E3FCFFFFCA05A0A0E1C9
:10709000002089E5044099E5010074E3FCFFFFCA84
:1070A000002089E5045099E5010075E3FCFFFFCA63
:1070B000310000EBB8209FE5000050E3001092E59E
:1070C0000313C1E3001082E5001098E50212C1E34A
:1070D000001088E5001092E50314C1E3001082E57A
:1070E000001098E50112C1E3001088E5001092E558
:1070F0000312C1E3001082E5001098E50111C1E31D
:10710000001088E5001092E50317C1E3001082E546
:10711000001098E50214C1E3001088E50010A0E318
:107120000F00000A04009DE5FF20A0E3032C82E38A
:10713000271302E02001A0E100008AE5260302E017
:10714000000081E0241302E0010080E0251302E04A
:10715000010080E008109DE52001A0E1000081E52C
:107160000110A0E30100A0E11CD04BE2F04FBDE80C
:107170001EFF2FE104C002E0040D200130482DE97C
:1071800008B08DE2D8409FE5FF59A0E3FF5585E3A5
:10719000000094E50303C0E3000084E5000095E5EA
:1071A0000202C0E3000085E5000094E50304C0E3AB
:1071B000000084E5000095E50102C0E3000085E5DC
:1071C000000094E50302C0E3000084E50101A0E3B0
:1071D0001C0085E5000095E5010180E3000085E5E0
:1071E000000094E50307C0E3000084E50204A0E387
:1071F000180085E5000095E5020480E3000085E5C0
:107200001400A0E3F40300EB000095E50204C0E3E2
:10721000000085E5000094E50307C0E3010780E373
:10722000000084E57D0FA0E3EB0300EB0D09A0E374
:10723000D11EA0E30E0280E3121681E3001080E568
:10724000041090E5010071E3FCFFFFCA3F1B01E25F
:107250000000A0E3190B51E30100A0333048BDE862
:107260001EFF2FE104C002E0704C2DE910B08DE24A
:107270001F09A0E3D0109FE50040A0E3000090E5C7
:10728000010050E12800001A0400A0E31F0980E378
:10729000102090E514C090E502005CE10810901504
:1072A0000CE0901501005E111F00000A003090E50F
:1072B000070053E31C00008A045090E58C609FE5B2
:1072C000180090E5065025E084609FE5063023E035
:1072D000053083E07C509FE5051021E0011083E03C
:1072E00074309FE503302EE0031081E06C309FE5A1
:1072F000032022E0021081E064209FE502202CE0C0
:10730000021081E05C209FE5021081E0010050E165
:107310001F09A00350109F050140A0036C00B00896
:107320006C00A1086C0090086C00810838009FE593
:1073300038109FE5040090E50000D1E776FDFFEBF3
:107340000400A0E1704CBDE81EFF2FE13150534B0B
:1073500072F36E3CB979379E2B6DA6DAE4E6DD78E0
:107360009D60151756DA4CB5D6F5F8F000000040D0
:10737000D4940000F04B2DE918B08DE2A4509FE5A5
:107380000160A0E10290A0E10070A0E10380A0E113
:107390000600A0E1084095E50C1095E5102095E564
:1073A000000054E30700A001010040E0011042E0AA
:1073B000000380E00001A0E1B70600EB1E0080E2C0
:1073C000000054E3000089E50670A001141095E563
:1073D000182095E5013047E0B470A0E3011042E0C9
:1073E000930700E0AC0600EB1E1080E2D20050E3F1
:1073F0000020A0E3001088E50120A0B31F0070E387
:107400000000A0E30010A0E3003099E50100A0C354
:10741000050D53E30110A033000001E0020000E07D
:10742000F04BBDE81EFF2FE100000040104C2DE99D
:1074300008B08DE208D04DE204008DE20D10A0E10D
:1074400096FEFFEB0040A0E3000050E31000000AAE
:107450006400A0E3680300EB04008DE20D10A0E1DE
:107460008EFEFFEB000050E30900000A6400A0E379
:10747000610300EB04008DE20D10A0E187FEFFEB3D
:10748000000050E30200000A6400A0E35A0300EB8E
:107490000140A0E30400A0E108D04BE2104CBDE89D
:1074A0001EFF2FE1F04F2DE91CB08DE22CD04DE2F4
:1074B000DC269FE5DC869FE5E0969FE5534EA0E342
:1074C000000050E30010A0E310A08DE204608DE204
:1074D000074A84E30040A001001082E50800A0E113
:1074E00080F7FFEB1F0300EB0070A0E1010000EA52
:1074F0001400A0E3400300EB0A00A0E10610A0E1A5
:1075000066FEFFEB000050E30600001A000054E3A3
:10751000F6FFFF0A130300EB070040E0040050E110
:10752000F2FFFF3A1C0100EA0E0300EB0070A0E13D
:107530000050A0E30B0300EB070040E02002A0E1B5
:107540007C0050E31400008A0A00A0E10610A0E1CC
:1075500052FEFFEB0040A0E11400A0E3260300EB85
:10756000000054E30000A0E301008502030050E3A3
:107570000050A0E1EEFFFFBA1C169FE5040091E564
:10758000010080E2070000E2040081E50000D9E785
:10759000E1FCFFEB0040A0E3CFFFFFEAF0859FE5B1
:1075A0000300A0E3F8159FE5000088E5F4059FE5DA
:1075B000000081E5F0159FE58F00A0E3460C80E315
:1075C000B000C1E1CC059FE546F7FFEB320EA0E32A
:1075D000090300EB0070A0E310508DE204608DE21F
:1075E0000500A0E10610A0E12CFEFFEB0040A0E1A9
:1075F0001400A0E3000300EB000054E30000A0E34C
:1076000001008702050050E30070A0E1F3FFFFBA1C
:1076100098559FE520704BE224408DE20E0000EA71
:107620006C859FE50300A0E3BC159FE5000088E59D
:107630006C059FE5001080E56C059FE54710A0E311
:10764000F51C81E3B010C0E148059FE525F7FFEB8D
:10765000770FA0E3010B80E3E70200EB0100A0E35A
:10766000000088E50000A0E3000085E524059FE513
:107670001CF7FFEB000095E500008DE5B90200EB7B
:107680000700A0E10410A0E104FEFFEB000050E3BE
:107690000200001A1400A0E3D70200EBF7FFFFEA94
:1076A0000080A0E300A0A0E30090A0E320008DE212
:1076B0001C108DE2F9FDFFEB000050E30900000A09
:1076C00020509DE51C609DE50F00A0E3CA0200EB81
:1076D000018088E20AA086E0099085E0100058E366
:1076E000F1FFFF1A1080A0E30060A0E30700A0E113
:1076F0000410A0E1E9FDFFEB0050A0E11400A0E3BD
:10770000BD0200EB000055E30000A0E3010086028B
:10771000050050E30060A0E1F3FFFFBA030058E367
:10772000D5FFFF9A0A00A0E10810A0E1DA0500EBFE
:1077300000509DE504108DE2050181E70900A0E1FC
:107740000810A0E1D40500EB10108DE2050181E7DF
:1077500058549FE5000095E5011080E2020050E3D7
:10776000001085E5C0FFFFBA04909DE508809DE507
:1077700010209DE514109DE5090058E000006042CE
:10778000023051E000306342000053E10600002A5D
:1077900018109DE50060A0E102E0A0E10C108DE56D
:1077A000640056E39DFFFF3A050000EA09E0A0E10E
:1077B0000360A0E10290A0E10180A0E1640056E333
:1077C00096FFFF3A0CC09DE50E105CE00010614290
:1077D0004F0051E391FFFF9ABC539FE5000053E136
:1077E000CC039FE50030A0E3E4A39FE50070A0E395
:1077F0000130A033000085E5B8039FE5046095E5FE
:1078000018C085E514E085E5108085E50C9085E5D8
:10781000083085E5001083E19C039FE5002026E009
:1078200098039FE5011082E0002029E090039FE586
:10783000021081E0002028E088039FE5021081E02B
:1078400000202EE080039FE5021081E000202CE064
:1078500078039FE5021081E0004081E00010E0E342
:107860001C4085E507118AE7017087E2400057E375
:10787000FBFFFF1A38039FE51C408AE554439FE550
:107880000C908AE510808AE508308AE514E08AE5E4
:1078900018C08AE50080A0E31A90A0E33A51E0E323
:1078A00041008AE830639FE500700FE1C00087E384
:1078B00000F021E1089084E50C8084E5108084E5E7
:1078C0003200A0E3010284E80400A0E10610A0E178
:1078D0000FE0A0E115FF2FE1000096E5000050E366
:1078E0001D00001AA61EA0E33400A0E3089084E562
:1078F000108084E50E1A81E3010284E80400A0E10F
:107900000190A0E10C1084E50610A0E10FE0A0E1D9
:1079100015FF2FE1000096E5000050E30E00001A6D
:107920000000A0E31A10A0E33220A0E3041084E5D5
:10793000081084E50C0084E5100084E50400A0E153
:107940000610A0E1002084E50FE0A0E115FF2FE183
:10795000000096E5000050E31200000A07F021E164
:1079600080029FE538129FE5000081E520129FE527
:107970000300A0E3000081E52C029FE54710A0E38F
:10798000F51C81E3B010C0E108029FE555F6FFEB5E
:10799000EE0FA0E3020B80E3170200EB1CD04BE2DA
:1079A000F04FBDE81EFF2FE1010CA0E33310A0E370
:1079B0001F89A0E3109084E5020584E80C0084E5AB
:1079C0000400A0E10610A0E10FE0A0E115FF2FE107
:1079D000000096E507F021E1000050E3DFFFFF1A09
:1079E000000098E5C8119FE5010050E1DBFFFF1A98
:1079F0000400A0E31F0980E3102090E5141090E537
:107A0000020051E1087090150C30901507005311D9
:107A1000D2FFFF0A006090E5070056E3CFFFFF8A20
:107A2000045090E58C419FE5180090E5045025E056
:107A300084419FE5046026E090419FE5046086E074
:107A4000056086E074519FE5057027E0077086E0C9
:107A50006C619FE5063023E0033087E064719FE5A9
:107A6000072022E0022083E05C319FE5031021E043
:107A7000011082E0010050E1B8FFFF1A5C119FE5A0
:107A80000000E0E3000081E504119FE50200A0E3AF
:107A9000000081E5FC009FE512F6FFEBB10100EB71
:107AA0000040A0E1AF0100EB0F10A0E3040040E0B4
:107AB000271C81E3010050E1B7FFFF8AD8A09FE5B2
:107AC000715EA0E304908DE2025A85E3050000EAAE
:107AD0001E00A0E3C80100EBA20100EB040040E09F
:107AE000050050E1ACFFFF2A10008DE20910A0E173
:107AF000EAFCFFEB000050E3F4FFFF0A990100EB02
:107B000008808AE20040A0E110609DE504309DE518
:107B1000070198E80670A0E1000050E30370A0019F
:107B20000630A001010043E0011042E0000380E0C4
:107B30000001A0E1D80400EB081047E0B420A0E366
:107B40000060A0E1910200E018109AE5081041E001
:107B5000D10400EB84209FE51E1080E21E0086E227
:107B6000002092E5020050E174209F05002092055C
:107B700002005101D5FFFF0A64209FE5001082E555
:107B800058109FE5000081E508009FE5D5F5FFEB63
:107B9000CEFFFFEAE43A0040F07B00000000004026
:107BA000D4940000EC3A004039900000F03A0040D4
:107BB000E83A00403150534B72F36E3CB979379E2E
:107BC0002B6DA6DAE4E6DD789D60151756DA4CB524
:107BD000D6F5F8F0F43A0040F43B0040083C004091
:107BE00020000040240000407D9000004F920000E3
:107BF000F04B2DE918B08DE228D04DE24200A0E311
:107C00000010A0E3052DA0E3F030A0E300008DE517
:107C10000000A0E33DF6FFEB3C049FE5000090E58B
:107C2000020050E3C600000A010050E38F00000A82
:107C3000000050E3FA00001A3E0BA0E30010A0E39E
:107C40003C20A0E32830A0E300008DE50000A0E385
:107C50002EF6FFEB3C549FE534049FE5FF40A0E384
:107C60001E60A0E30130A0E31470A0E3FF4C84E3A6
:107C7000C0008DE80410A0E10520A0E1EBF9FFEBC6
:107C80007E0EA0E30010A0E33C20A0E32830A0E398
:107C900000008DE5410FA0E31CF6FFEB2200A0E3FE
:107CA0000010A0E30520A0E10130A0E3010C80E377
:107CB00081008DE8E0039FE5DCF9FFEB1F00A0E306
:107CC000C810A0E33C20A0E32830A0E300008DE52D
:107CD0000000A0E30DF6FFEBDC00A0E30410A0E140
:107CE0000520A0E10130A0E300608DE504008DE5F2
:107CF000A8039FE5CDF9FFEB1800A0E360239FE503
:107D00009E80A0E3A040A0E30130A0E304008DE545
:107D10008C039FE5F78C88E300408DE50810A0E117
:107D2000C2F9FFEB7C139FE508908DE20900A0E10A
:107D3000750100EB70139FE50120A0E3041091E5AD
:107D4000011081E27B0100EB60139FE56E0100EB07
:107D500014539FE54710A0E33E00A0E30130A0E3E9
:107D600000408DE504008DE5F51C81E30900A0E1EC
:107D70000520A0E1ADF9FFEB5C00A0E3F0729FE508
:107D8000B960A0E30130A0E300408DE504008DE57B
:107D90001C039FE5216B86E30610A0E10720A0E10C
:107DA000A2F9FFEB6A00A0E30610A0E10720A0E122
:107DB0000130A0E300408DE504008DE5F4029FE56D
:107DC0009AF9FFEB7800A0E30610A0E10720A0E1FC
:107DD0000130A0E300408DE504008DE5D8029FE569
:107DE00092F9FFEB9600A0E30810A0E10520A0E1C6
:107DF0000130A0E300408DE504008DE5BC029FE565
:107E00008AF9FFEBAC00A0E30810A0E10520A0E197
:107E10000130A0E300408DE504008DE5A0029FE560
:107E200082F9FFEB9C129FE50900A0E1360100EB0F
:107E30000050A0E1B4FAFFEB0010A0E10500A0E1C2
:107E40000420A0E3FC0100EB3A10A0E3DE00A0E375
:107E50000720A0E10230A0E3011C81E304008DE5CE
:107E60000900A0E100108DE50610A0E1760000EA0F
:107E700008829FE508129FE59E40A0E30170A0E301
:107E8000F74C84E390008DE8000098E58051B1E75D
:107E9000046091E50C0045E20C2085E20610A0E1AB
:107EA0000630A0E152F7FFEB0C1046E20C3086E200
:107EB0000500A0E10520A0E190008DE84CF7FFEB64
:107EC0000500A0E10610A0E10520A0E30430A0E138
:107ED00000708DE5A8F6FFEB6E00A0E388219FE51A
:107EE000A050A0E30410A0E10130A0E304008DE560
:107EF00090019FE500508DE54CF9FFEB88119FE55F
:107F000008408DE20400A0E1FF0000EB001098E5BE
:107F10000120A0E3011081E2060100EB6C119FE556
:107F2000F90000EB48219FE5B910A0E38600A0E32B
:107F300000508DE504008DE5211B81E30400A0E1E4
:107F4000400000EA5A00A0E314219FE58F10A0E34F
:107F5000A040A0E30130A0E30170A0E304008DE5A0
:107F6000F8009FE5461C81E300408DE52FF9FFEB0B
:107F70007800A0E3F0209FE59E10A0E30130A0E38D
:107F800000408DE504008DE5D8009FE5F71C81E3F6
:107F900026F9FFEB9000A0E3D4209FE5B910A0E301
:107FA0000130A0E300408DE504008DE5BC009FE5B5
:107FB000211B81E31DF9FFEBB8009FE5004090E530
:107FC000000054E32100004AAC009FE54760A0E3B5
:107FD0000C2084E2F56C86E3C0008DE8005090E54B
:107FE0000C0044E20510A0E10530A0E100F7FFEB32
:107FF0000C1045E20C3085E20400A0E10420A0E171
:10800000C0008DE8FAF6FFEB0400A0E10510A0E146
:108010000520A0E30630A0E100708DE556F6FFEBE9
:108020000A0000EAA0009FE57820A0E3A030A0E3CA
:1080300004208DE530209FE500308DE5B010D0E1C3
:1080400088009FE5000090E50130A0E3F7F8FFEB22
:1080500018D04BE2F04BBDE81EFF2FE1E43A0040A0
:10806000A88F000080D50000218F000078D5000087
:108070000892000020CF00002000004024000040B3
:10808000E83A00408495000024930000129100001B
:10809000459100008691000088D50000D88F00002F
:1080A000679100005B8F00003A8F000000000040E5
:1080B00096920000EC910000C7920000FA90000038
:1080C000EE920000DA8F000026920000F03A0040A5
:1080D000EC3A004080009FE52410A0E3081000E582
:1080E0000110A0E30C1000E5AA10A0E3001080E549
:1080F0005510A0E3001080E5041010E5010B11E31A
:10810000FCFFFF0A0310A0E3AA20A0E30C1000E587
:10811000002080E55520A0E3002080E50020A0E3BA
:108120008C2000E5881000E50210A0E30120A0E308
:108130008C1000E5742080E520009FE5001080E5AC
:108140003B10A0E3081080E5002080E510109FE5BB
:10815000040090E5000081E51EFF2FE18CC01FE0C8
:10816000044000E01C3C004000482DE90DB0A0E1B7
:1081700050009FE550109FE550C09FE5000090E53E
:10818000002091E5000081E5020040E000209CE530
:10819000002082E038009FE5923081E034309FE596
:1081A00021E3A0E1000093E5210380E0000083E5E6
:1081B000FA3FA0E39E0301E0011042E000108CE5CD
:1081C0000048BDE81EFF2FE1084000E01C3C0040D5
:1081D000203C0040D34D6210243C004014109FE529
:1081E000002091E5003091E5023043E0000053E1CA
:1081F000FBFFFF3A1EFF2FE1084000E0000050E3C4
:108200001EFF2F011C109FE5002091E5003091E535
:10821000023043E0FA0F53E3FBFFFF3A010050E264
:10822000F8FFFF1A1EFF2FE1084000E00030D0E504
:1082300000C0A0E3000053E30900000A010080E24F
:108240000020D1E5020053E10400001A0130D0E41F
:10825000011081E2000053E3F8FFFF1A000000EA7A
:1082600003C0A0E10000D1E500004CE0001070E286
:108270000100A0E01EFF2FE1104C2DE908B08DE2B7
:1082800000E0D0E52D005EE32B005E130300001A32
:108290002DC05EE201E0F0E501C0A013000000EA9D
:1082A00001C0A0E300005EE30000A003104CBD0885
:1082B0001EFF2F01012080E20000A0E30040A0E3A8
:1082C0003A304EE20A0073E30D00003A043184E0D4
:1082D00083308EE0303053E20900004A040053E15D
:1082E0000700003A01E0D2E40340A0E100005EE3B1
:1082F000F2FFFF1A00005CE30100A0E3003063021C
:10830000003081E5104CBDE81EFF2FE10020D1E5D3
:10831000000052E30400000A011081E20120C0E4E1
:108320000120D1E4000052E3FBFFFF1A0010A0E39C
:108330000010C0E51EFF2FE130482DE908B08DE2A6
:108340000CD04DE2010071E31A0000DA30E19FE544
:108350000030A0E30DC0A0E1914E85E0090051E39B
:10836000A541A0E1045184E0855041E00410A0E162
:10837000305085E30350CCE7013083E2F5FFFF8AFC
:10838000011043E2090051E32800008A020053E192
:10839000260000AA30E0A0E3011083E2090053E3C5
:1083A00003E0CCE72200008A020051E10130A0E1A5
:1083B000F8FFFFBA1E0000EAC4E09FE52D30A0E3FD
:1083C000001061E20DC0A0E10030C0E50030A0E384
:1083D000914E85E0090051E3A541A0E1045184E0FC
:1083E000855041E00410A0E1305085E30350CCE714
:1083F000013083E2F5FFFF8A011043E2090051E3F7
:108400001200008A020053E1100000AA30E0A0E34D
:10841000011083E2090053E303E0CCE70C00008A7B
:10842000020051E10130A0E1F8FFFFBA080000EAC4
:108430000310A0E1011061E201205CE7011081E27C
:10844000010051E30120C0E4FAFFFF1A070000EA2F
:108450000310A0E1010080E2011061E201205CE76D
:10846000011081E2010051E30120C0E4FAFFFF1A8C
:108470000010A0E30010C0E508D04BE23048BDE892
:108480001EFF2FE1CDCCCCCCF04F2DE91CB08DE2FE
:1084900014D04DE20380A0E102A0A0E10190A0E190
:1084A0000170A0E3010053E304008DE5040000BA6D
:1084B0000800A0E1071187E0010050E28170A0E10F
:1084C000FBFFFF1A000059E30960A0E10A10A0E1D8
:1084D000006069420600A0E15B0200EB0050A0E1F1
:1084E000950A00E0000046E0970001E081008AE084
:1084F0008A10A0E1540200EB070050E10040A0E127
:108500000150852207404420000059E30100004A41
:1085100004109DE5020000EA04109DE52D00A0E393
:108520000100C1E40C319FE50070A0E308208DE25A
:10853000950386E0090055E3A601A0E1006180E013
:10854000866045E00050A0E1306086E3076042E7C6
:10855000017047E2F5FFFF8A010081E2017087E2C6
:10856000076052E7017087E2010057E3016040E5D0
:10857000010080E2F9FFFF1A0070A0E30060A0E1B3
:10858000010058E3017066E5190000BA2E50A0E31F
:108590000050C6E5946385E0090054E3A511A0E10D
:1085A000016181E0866044E00140A0E1306086E343
:1085B0000760C2E7017087E2F5FFFF8A011047E21A
:1085C000090051E30C00008A080057E10A0000AAE4
:1085D0003030A0E3011087E2090057E30730C2E71B
:1085E0000600008A080051E10170A0E1F8FFFFBA1F
:1085F000020000EA0600A0E10B0000EA0710A0E17B
:10860000013041E20010A0E3032082E00170D2E7D4
:10861000017040E7011041E2017083E0010077E35F
:10862000F9FFFF1A0020A0E3012060E71CD04BE215
:10863000F04FBDE81EFF2FE1CDCCCCCC104C2DE986
:1086400008B08DE2010052E30B0000BA38E09FE56C
:108650000330E0E30FC0A0E3023183E0012082E2B7
:1086600031430CE0012042E2043043E20440DEE703
:10867000010052E30140C0E4F8FFFF8A0010A0E3CC
:108680000010C0E5104CBDE81EFF2FE16A8F00000E
:1086900030482DE908B08DE210D04DE2000051E3E2
:1086A0001E00000AB4329FE5000052E30210A0E170
:1086B00000106242030051E11D00008A010072E3D4
:1086C000560000DAA8C29FE50010A0E304E08DE2A6
:1086D000924C83E0090052E3A331A0E1034183E01F
:1086E000844042E00320A0E1304084E30140CEE733
:1086F000011081E2F5FFFF8A01308EE00020A0E347
:10870000024083E0014054E5024040E7024081E03E
:10871000012042E2010054E3F8FFFF1A590000EA89
:108720002D10A0E30210C0E50110C0E50010C0E567
:10873000840000EA28329FE5030051E10A00008A24
:108740000210A0E1FA2FA0E30130A0E34DFFFFEB00
:108750006D10A0E30210C0E56B10A0E30110C0E5AE
:108760002010A0E30010C0E5760000EAF4419FE588
:10877000000052E30230A0E100306242040051E107
:108780004800008AEC119FE501E0A0E393418CE0F2
:108790002C13A0E1FA4FA0E3910405E0053043E07B
:1087A0002331A0E17C0053E30030A0E32C138E8042
:1087B000010072E3B8C19FE52D20A0D30120C0D4F1
:1087C00004208DE2012042E2915C84E0013083E2EA
:1087D000090051E3A451A0E1054185E0844041E056
:1087E0000510A0E1304084E30140E2E5F5FFFF8A97
:1087F0000010A0E3015052E70150C0E7011081E2F0
:10880000010053E1FAFFFF1A2020A0E30120E0E776
:108810006D10A0E30210C0E56B10A0E3480000EA71
:108820004CC19FE52D10A0E3002062E204E08DE240
:108830000010C0E50010A0E3923C84E0090052E380
:10884000A431A0E1034183E0844042E00320A0E1A1
:10885000304084E30140CEE7011081E2F5FFFF8A5A
:1088600001308EE0010080E20020A0E3024083E0BE
:10887000014054E5024040E7024081E0012042E22D
:10888000010054E3F8FFFF1A0010A0E3021060E7B4
:108890006D10A0E30110C0E52010A0E30010C0E5BA
:1088A000020080E2280000EABC109FE501C0A0E3BE
:1088B00093518EE0095DA0E32E19A0E13D5985E3B7
:1088C000910504E0043043E0A0409FE5040053E13B
:1088D0000030A0E32E198C80010072E390C09FE568
:1088E0002D20A0D30120C0D404208DE2012042E23B
:1088F000915C84E0013083E2090051E3A451A0E1DE
:10890000054185E0844041E00510A0E1304084E36A
:108910000140E2E5F5FFFF8A0010A0E3015052E7B5
:108920000150C0E7011081E2010053E1FAFFFF1A94
:108930002020A0E30120E0E76D10A0E30210C0E5D5
:108940004D10A0E30110C0E5030080E20010A0E399
:108950000010C0E508D04BE23048BDE81EFF2FE113
:108960009F8601007F969800FFC99A3B83DE1B43D8
:108970001FA10700CDCCCCCCD34D6210F0482DE91F
:1089800010B08DE20CD04DE2000051E34100000A2E
:10899000010072E3B0C19FE50030A0E30DE0A0E16B
:1089A0002D10A0D3002062D20110C0D49C119FE5ED
:1089B0000240A0E1945C86E0630054E3A651A0E18C
:1089C000956187E00540A0E1076187E0866045E0AA
:1089D000306086E30360CEE7013083E2F4FFFF8A74
:1089E000013053E20010A0E10340DEE70140C0E4A3
:1089F000FAFFFF1A0030A0E30030C0E50F30A0E31B
:108A0000273C83E3030052E1410000CA2E30A0E37B
:108A10000130C1E538319FE59243C5E04531A0E121
:108A2000A53F83E0033183E0833042E0010073E33C
:108A30001E0000DA0020A0E3931C84E0090053E349
:108A4000A411A0E1014181E0844043E00130A0E1B4
:108A5000304084E30240CEE7012082E2F5FFFF8A46
:108A600002308EE00010A0E3016083E0017040E07E
:108A7000016056E50160C7E5017082E0011041E246
:108A8000010057E3F7FFFF1A010040E00010A0E3E8
:108A90000110E0E51E0000EA2D10A0E30210C0E581
:108AA0000110C0E50010C0E5030080E2210000EAEB
:108AB0002D20A0E30220C1E5001063E20020A0E326
:108AC000913C84E0090051E3A431A0E1034183E03B
:108AD000844041E00310A0E1304084E30240CEE74F
:108AE000012082E2F5FFFF8A02308EE00110E0E310
:108AF000017083E00170D7E5017040E7011041E2A9
:108B0000017082E0020077E3F8FFFF1A0020A0E383
:108B1000012060E77310A0E30310C0E52F10A0E36D
:108B20000210C0E56D10A0E30110C0E52010A0E325
:108B30000010C0E5040080E20010A0E30010C0E5D2
:108B400010D04BE2F048BDE81EFF2FE1CDCCCCCCDD
:108B50009A99991967666666000051E32C00000A2D
:108B6000704C2DE910B08DE20CD04DE238329FE50B
:108B7000C2CFC2E12D10A0E300E0A0E10110C0E5EA
:108B80005410A0E30010C0E50010A0E30210EEE5D1
:108B90009C4385E0F94DA0E3A565A0E1154984E378
:108BA000040052E1260000BA00C29FE50D10A0E1CA
:108BB0000020A0E3011041E2965C84E0012082E203
:108BC000090056E3A431A0E1035183E0855046E05B
:108BD0000360A0E1305085E30150E1E5F5FFFF8A35
:108BE0000030A0E3035051E7036080E0013083E2EE
:108BF000030052E10250C6E5F9FFFF1A030080E0CE
:108C00000010A0E30310C0E56810A0E30210C0E567
:108C1000620000EA0010A0E32020A0E30610C0E5F7
:108C20002D10A0E30220C0E50510C0E50410C0E54A
:108C30000310C0E50110C0E55410A0E30010C0E52A
:108C40001EFF2FE164219FE50D00A0E10640A0E199
:108C5000943285E0090054E3A531A0E1035183E09B
:108C6000855044E00340A0E1305085E30150C0E767
:108C7000011081E2F5FFFF8AE13EA0E3011051E21D
:108C8000960304E03030A0030130CD05010051E32C
:108C900004C04CE00110A093001061E2013050E7E5
:108CA000011081E2010051E30130CEE4FAFFFF1A26
:108CB0003A10A0E30210CEE4F4109FE59C3184E06A
:108CC0000010A0E3A432A0E10340A0E1945286E0AA
:108CD000090054E3A651A0E1056185E0866044E007
:108CE0000540A0E1306086E30160C0E7011081E249
:108CF000F5FFFF8A011051E23040A0030140CD058D
:108D0000010051E30110A093001061E2014050E71F
:108D1000011081E2010051E301404EE501E08EE2E5
:108D2000F9FFFF1A3A10A0E301104EE5031263E0C9
:108D300001314CE00010A0E3936285E0090053E3A9
:108D4000A561A0E1065186E0855043E00630A0E130
:108D5000305085E30150C0E7011081E2F5FFFF8A42
:108D6000011051E23020A0030120CD05010051E3A4
:108D70000110A093011081E2012080E00000A0E337
:108D80000030E0E10230D3E70030CEE7010080E2BE
:108D9000000051E1F9FFFF1A0010A0E30010CEE738
:108DA00010D04BE2704CBDE81EFF2FE1C5B3A2917D
:108DB000CDCCCCCC89888888000050E30000A0038B
:108DC0001EFF2F01104C2DE908B08DE20030A0E30A
:108DD00002E6A0E301C0A0E3012043E21F3083E2EA
:108DE00001E84EE230031CE10230A0E1F9FFFF0A86
:108DF0000130E0E320C082E2023043E01D005CE38A
:108E0000022082E201C0A0E31033A0E13032A0C111
:108E10000000A0E30F20A0E3931384E0211FA0E152
:108E20000431A0E1041191E1A33FA0E11C028041C3
:108E3000012042E23133A0E1010072E3F5FFFF1AA5
:108E40000E0080E1104CBDE81EFF2FE1000051E351
:108E50000000E0031EFF2F01104C2DE908B08DE249
:108E60000030A0E31F20A0E301E0A0E300C0A0E3E6
:108E700030420EE0833084E1010053E11EC28C21B8
:108E8000012042E201304320010072E3F7FFFF1AA4
:108E9000104CBDE80C00A0E11EFF2FE1704C2DE945
:108EA00010B08DE2000051E301E0A0E100C0A0E1BC
:108EB00000E06142000050E300C06042000051E366
:108EC0000C00000A0030A0E31F40A0E30150A0E323
:108ED0000020A0E33C6405E0833086E10E0053E10E
:108EE00015248221014044E20E304320010074E346
:108EF000F7FFFF1A000000EA0020E0E3000031E085
:108F0000002062420200A0E1704CBDE81EFF2FE18C
:108F10004F4646005341534500534547555245205F
:108F200000544F515545205041524120434F4E4629
:108F30004552495200414C564F004F5043414F203B
:108F40000041524D414E444F00515545444100456A
:108F500053544F4C0046494D002500414A55535447
:108F6000452044412054454C4100303132333435A2
:108F70003637383941424344454600544F515545F0
:108F800020524353004F5242004E4152495A204C06
:108F90004F4E474520444120564552544943414C89
:108FA0000050415241444F00414A555354452053CB
:108FB000414C564F004154540047495241523A20C7
:108FC0004C494E48412020415045525441523A208C
:108FD0004553434F4C484500320053454755524591
:108FE000203220533A2045535441204345525441A6
:108FF000004B53500041524D41444F0050494C4F9B
:10900000544F204155544F4D415449434F00545201
:10901000415641200047495241523A2056414C4F57
:10902000522020415045525441523A205341490068
:109030004D4E560046425700004F5249454E54414E
:1090400043414F204553434F4C484944410053004E
:10905000454D5055584F0046415345004D4F444FE4
:1090600020444F20534153004C454920464257006D
:10907000504152412041424F5254415200455252B8
:109080004F20414F2053414C564152204E412046E3
:109090004C415348005244454E54524F004D4F549A
:1090A0004F520044495245544100535550004944E1
:1090B0002000410050524F00524554524F0053453A
:1090C0004755524520412054454C41205041524182
:1090D00020414A555354415200415056005441508A
:1090E000004C00504F55534F004E524D004E4F20F4
:1090F0004348414F0056454C2000544558544F209A
:109100005345204C45204E4F524D414C4D454E54F9
:109110004500504F4E544F20004553544142005695
:109120005300562F530053454D204D4F544F52205E
:10913000415449564F002053005041524120504F56
:10914000555341520020444520330056454C004DB4
:10915000414E00454D5055584F20494E53554649B4
:109160004349454E54450033005600415043005298
:10917000444C0041424F5254004348414F004E413D
:1091800052495A004F0031005341534D004143456D
:109190004C0052414400415649534F004150004C4D
:1091A000494741444F00544F5155450046414C48B2
:1091B0004F550053454D205452415641003E2031F9
:1091C000303025005620564552540052435300413A
:1091D000414C564F00415449564F005457520020BD
:1091E0004D2F5300504F5553414441004345525475
:1091F0004F3A2031205645524D454C484F20454D61
:109200002043494D4120410053414920534F5A4981
:109210004E484F20454D20313020532053454D209E
:10922000544F51554500434F4E54524F4C41444FBB
:10923000522000534153005041470052464F524183
:10924000005245414459004445534C002D2D004ED9
:10925000414F2044455520434552544F2C2044450E
:10926000204E4F564F003000544754005450450094
:10927000465245414441004C4549204449524554D9
:109280004100544F515545204D4F444F00206D2F04
:10929000730020475200204445203800544F515558
:1092A000452053415300534352004C45490050451B
:1092B000004445534C494741444F004642572046DD
:1092C00045434841444F0045535155455244412C74
:1092D00020322056455244452C203320415A554CCB
:1092E0002C2045204F004C49474100565600544F12
:1092F0005155453A2050524F58494D41204F504307
:10930000414F0054454C41204D554C544946554E13
:1093100043414F004E00414C540041504C00204D01
:1093200000206D00544F515545204E4F2043454E6F
:1093300054524F204441204352555A004552522026
:1093400000414E524D0049474E00494E434C0045A6
:1093500052524F004C4947414E444F005241444104
:109360005200504F55005452415641004D4F444F0A
:109370000044495354004E41560041424F5254411B
:10938000444F004844470046414C4841002D2D2D94
:1093900000515545494D410053454D2053494E41DB
:1093A0004C00D4D414930000E19000004E900000D3
:1093B00084910000829200007B8F00009C9200004C
:1093C00038900000AA900000858F0000358F0000C3
:1093D0000200000001000000030000000500000082
:1093E0000000000004000000000000000100000078
:1093F000020000000300000004000000050000005F
:10940000060000000700000008000000FFFFFFFF4B
:1094100009000000FFFFFFFFA6FFFFFFE2FFFFFFC5
:109420001E0000005A000000960000006AFFFFFFC7
:10943000FFFFFFFF08000000000000000100000027
:10944000020000000300000004000000050000000E
:109450000600000007000000000000005A000000A5
:10946000B40000000E0100002D0000008700000085
:10947000E10000003B010000000000005A00000075
:10948000B40000005A000000E10000003B010000B1
:109490005A000000D20000004A010000B192000012
:1094A0009F910000F58F0000EC528F46FF4CD4D402
:1094B0008393000016930000229100006890000042
:1094C00077920000ED900000BB9200008F46E5E12E
:1094D000E5E147F568A828E860A020E08F4647F559
:1094E000EC52EC525391000026910000898F00004D
:1094F000E49100007A930000AC910000418F0000DD
:109500002E89298F2B02E200E401E510E601E71025
:10951000E870F200EA00EB20EC3CEDC8E938F1011C
:109520001B1A1A022461255C1836190101001F88D4
:10953000FF051F80FF051F90FF051FD4FF051705BE
:1095400036002838FF28283CEA00EB20EC0CEDC45C
:10955000E840E938F101F21027A31B1B1A01242F60
:109560002557238D1836190101001F88FF051F801C
:10957000FF051F90FF051FD0FF051705360028388F
:10958000FF28283C1E0000001E00000022010000F1
:109590001E0000001E000000D200000000001D00A0
:1095A0003900560072008F00AC00C800E5000101D0
:1095B0001E013B01570174019001AD01C901E60193
:1095C00003021F023C02580275029202AE02CB0255
:1095D000E702040320033D03590376039303AF031B
:1095E000CC03E803050421043E045A0477049304E1
:1095F000B004CC04E904050522053E055B057705AA
:109600009405B005CD05E905060622063F065B0672
:1096100078069406B106CD06E906060722073F073D
:109620005B0778079407B007CD07E907050822080C
:109630003E085B0877089308B008CC08E8080509DD
:1096400021093D09590976099209AE09CB09E709B3
:10965000030A1F0A3B0A580A740A900AAC0AC90A8C
:10966000E50A010B1D0B390B550B710B8E0BAA0B69
:10967000C60BE20BFE0B1A0C360C520C6E0C8A0C4D
:10968000A60CC20CDE0CFA0C160D320D4E0D6A0D36
:10969000860DA20DBE0DDA0DF60D120E2E0E4A0E1F
:1096A000660E810E9D0EB90ED50EF10E0D0F280F10
:1096B000440F600F7C0F970FB30FCF0FEB0F061007
:1096C00022103E10591075109010AC10C810E31005
:1096D000FF101A11361152116D118911A411C01108
:1096E000DB11F61112122D12491264127F129B1215
:1096F000B612D212ED12081323133F135A13751327
:109700009113AC13C713E213FD13181434144F1440
:109710006A148514A014BB14D614F1140C15271563
:1097200042155D1578159315AE15C915E415FF158D
:10973000191634164F166A1685169F16BA16D516C0
:10974000F0160A17251740175A1775178F17AA17FB
:10975000C417DF17FA1714182F18491863187E1842
:109760009818B318CD18E71802191C193619511991
:109770006B1985199F19BA19D419EE19081A221AEA
:109780003C1A561A701A8A1AA41ABE1AD81AF21A51
:109790000C1B261B401B5A1B741B8D1BA71BC11BBC
:1097A000DB1BF51B0E1C281C421C5B1C751C8F1C34
:1097B000A81CC21CDB1CF51C0E1D281D411D5B1DB9
:1097C000741D8D1DA71DC01DD91DF31D0C1E251E4A
:1097D0003E1E571E711E8A1EA31EBC1ED51EEE1EE7
:1097E000071F201F391F521F6B1F841F9D1FB61F8D
:1097F000CE1FE71F0020192031204A2063207C2043
:109800009420AD20C520DE20F6200F212721402105
:10981000582171218921A121BA21D221EA210222D4
:109820001B2233224B2263227B229322AB22C322B0
:10983000DB22F3220B2323233B2353236B2383239A
:109840009A23B223CA23E223F92311242824402493
:1098500058246F2487249E24B524CD24E424FC249A
:1098600013252A2542255925702587259E25B525AE
:10987000CC25E425FB25122629263F2656266D26D3
:1098800084269B26B226C926DF26F6260D27232707
:109890003A27502767277E279427AA27C127D7274B
:1098A000EE2704281A28312847285D28732889289C
:1098B0009F28B628CC28E228F8280E292329392900
:1098C0004F2965297B299129A629BC29D229E72975
:1098D000FD29122A282A3D2A532A682A7E2A932AF9
:1098E000A82ABE2AD32AE82AFD2A132B282B3D2B8F
:1098F000522B672B7C2B912BA62BBB2BD02BE42B35
:10990000F92B0E2C232C372C4C2C612C752C8A2CEB
:109910009E2CB32CC72CDC2CF02C042D192D2D2DB6
:10992000412D552D6A2D7E2D922DA62DBA2DCE2D91
:10993000E22DF62D0A2E1E2E312E452E592E6D2E7D
:10994000802E942EA72EBB2ECE2EE22EF52E092F82
:109950001C2F302F432F562F692F7D2F902FA32F91
:10996000B62FC92FDC2FEF2F0230153028303A30B8
:109970004D306030733085309830AA30BD30D030F3
:10998000E230F430073119312C313E31503162313F
:10999000743187319931AB31BD31CF31E131F331A0
:1099A0000432163228323A324B325D326F32803214
:1099B0009232A332B532C632D832E932FA320C339F
:1099C0001D332E333F33503361337233833394333B
:1099D000A533B633C733D833E833F9330A341A34EE
:1099E0002B343C344C345D346D347D348E349E34B1
:1099F000AE34BE34CF34DF34EF34FF340F351F358F
:109A00002F353F354F355E356E357E358E359D357C
:109A1000AD35BC35CC35DB35EB35FA350936193685
:109A2000283637364636563665367436833692369D
:109A3000A136AF36BE36CD36DC36EB36F9360837D2
:109A4000163725373337423750375F376D377B3717
:109A500089379837A637B437C237D037DE37EC3777
:109A6000FA3708381538233831383F384C385A38E7
:109A700067387538823890389D38AA38B838C53874
:109A8000D238DF38EC38F9380639133920392D3916
:109A90003A394739533960396D39793986399239CC
:109AA0009F39AB39B839C439D039DC39E939F5399E
:109AB000013A0D3A193A253A313A3D3A493A543A7F
:109AC000603A6C3A783A833A8F3A9A3AA63AB13A7F
:109AD000BC3AC83AD33ADE3AEA3AF53A003B0B3B95
:109AE000163B213B2C3B373B413B4C3B573B623BBE
:109AF0006C3B773B813B8C3B963BA13BAB3BB63B06
:109B0000C03BCA3BD43BDE3BE83BF23BFC3B063C64
:109B1000103C1A3C243C2E3C373C413C4B3C543CD2
:109B20005E3C673C713C7A3C833C8D3C963C9F3C60
:109B3000A83CB13CBA3CC33CCC3CD53CDE3CE73C09
:109B4000F03CF83C013D0A3D123D1B3D233D2C3DC0
:109B5000343D3C3D453D4D3D553D5D3D653D6D3D97
:109B6000753D7D3D853D8D3D953D9D3DA43DAC3D87
:109B7000B43DBB3DC33DCA3DD23DD93DE03DE83D8E
:109B8000EF3DF63DFD3D043E0B3E123E193E203EAC
:109B9000273E2E3E353E3B3E423E493E4F3E563EE0
:109BA0005C3E623E693E6F3E753E7C3E823E883E34
:109BB0008E3E943E9A3EA03EA63EAC3EB13EB73E9F
:109BC000BD3EC23EC83ECD3ED33ED83EDE3EE33E25
:109BD000E83EEE3EF33EF83EFD3E023F073F0C3FBF
:109BE000113F163F1B3F1F3F243F293F2D3F323F70
:109BF000363F3B3F3F3F433F483F4C3F503F543F42
:109C0000583F5D3F613F653F683F6C3F703F743F29
:109C1000783F7B3F7F3F823F863F893F8D3F903F2C
:109C2000933F973F9A3F9D3FA03FA33FA63FA93F49
:109C3000AC3FAF3FB23FB53FB73FBA3FBD3FBF3F7D
:109C4000C23FC43FC73FC93FCB3FCD3FD03FD23FCC
:109C5000D43FD63FD83FDA3FDC3FDE3FE03FE13F35
:109C6000E33FE53FE63FE83FEA3FEB3FEC3FEE3FB7
:109C7000EF3FF03FF23FF33FF43FF53FF63FF73F52
:109C8000F83FF93FFA3FFA3FFB3FFC3FFC3FFD3F07
:109C9000FE3FFE3FFE3FFF3FFF3FFF3F00400040D3
:109CA00000400040004005040404040404040100D2
:109CB00000000000000000000000000000000000A4
:109CC0000000000001010100000000000000000091
:109CD0000000000000000000000000000000000084
:109CE0000000000000000000000101010100000070
:109CF0000000000000000000000000000000000064
:109D00000000000000000000000000000000000053
:109D1000000000000000000000000001010101013E
:109D20000100000000000000000000000000000032
:109D30000000000000000000000000000000000023
:109D40000000000000000000000000000000000013
:109D500000000000000000000000010101010101FD
:109D600001000000000000000000000000000000F2
:109D700000000000000000000000000000000000E3
:109D800000000000000000000000000000000000D3
:109D900000000000000000000000000000000000C3
:109DA00000000001010101010101000000000000AC
:109DB00000000000000000000000000000000000A3
:109DC0000000000000000000000000000000000093
:109DD0000000000000000000000000000000000083
:109DE0000000000000000000000000000000000073
:109DF000000000010101010101010101000000005A
:109E00000000000000000000000000000000000052
:109E10000000000000000000000000000000000042
:109E20000000000000000000000000000000000032
:109E30000000000000000000000000000000000022
:109E4000000000000000000000010101010101010B
:109E50000101000000000000000000000000000000
:109E600000000000000000000000000000000000F2
:109E700000000000000000000000000000000000E2
:109E800000000000000000000000000000000000D2
:109E900000000000000000000000000002020202BA
:109EA0000202030303030303030303020202020289
:109EB00002000000000000000000000000000000A0
:109EC0000000000000000000000000000000000092
:109ED0000000000000000000000000000000000082
:109EE0000000000000000000000000000000000072
:109EF000000000000000000000000001010101015D
:109F0000010101010000000000000000000000004D
:109F10000000000000000000000000000000000041
:109F20000000000000000000000000000000000031
:109F30000000000000000000000000000000000021
:109F40000000000000000000000000000000000011
:109F500000010101010101010101000000000000F8
:109F600000000000000000000000000000000000F1
:109F700000000000000000000000000000000000E1
:109F800000000000000000000000000000000000D1
:109F900000000000000000000000000000000000C1
:109FA00000000001010101010101000000000000AA
:109FB00000000000000000000000000000000000A1
:109FC0000000000000000000000000000000000091
:109FD0000000000000000000000000000000000081
:109FE000000000000000000000000000010101016D
:109FF000010101000000000000000000000000005E
:10A000000000000000000000000000000000000050
:10A010000000000000000000000000000000000040
:10A02000000000000000000000000000010101012C
:10A03000010100000000000000000000000000001E
:10A040000000000000000000000000000000000010
:10A050000000000000000000000000000000000000
:10A0600001010101000000000000000000000000EC
:10A0700000000000000000000000000000000000E0
:10A0800000000000000001010100000000000000CD
:10A0900000000000000000000000000000000104BB
:10A0A00004040404040405D40040FE3FFA3FF23FD8
:10A0B000E73FD83FC73FB23F9B3F7F3F613F403FB5
:10A0C0001B3FF33EC73E993E663E313EF83DBB3DE9
:10A0D0007B3D383DF03CA63C573C053CAE3B543BF9
:10A0E000F63A943A2E3AC4395539E2386A38EE379E
:10A0F0006D37E7365C36CC3537359C34FC33553319
:10A10000A932F6313C317C30B42FE42E0D2E2D2DAA
:10A11000442C522B552A4D293A281A27EC25AF24D6
:10A12000612300228A20FC1E521D871B94196F1781
:10A1300009154812FB0EA10A0000FE3FFD3FF83F43
:10A14000F03FE53FD73FC53FB13F993F7E3F603F7E
:10A150003E3F193FF13EC63E973E653E2F3EF63DDF
:10A16000BA3D7A3D363DEF3CA43C553C033CAD3B0B
:10A17000533BF53A933A2C3AC2395339E0386838B0
:10A18000EC376B37E5365A36CA3535359A34FA33FB
:10A190005333A732F4313A317A30B22FE22E0B2EFC
:10A1A0002B2D422C4F2B532A4B2937281727E925D3
:10A1B000AC245E23FD218720F91E4E1D831B9019C0
:10A1C0006B1704154312F40E980A0000FA3FF83F8B
:10A1D000F33FEB3FE03FD23FC13FAC3F943F793F7D
:10A1E0005B3F393F143FEC3EC13E923E603E2A3E0B
:10A1F000F13DB53D753D313DEA3C9F3C503CFE3B59
:10A20000A83B4E3BEF3A8D3A273ABD394E39DB3801
:10A210006338E7376637E0365536C5352F35943421
:10A22000F4334D33A132EE3134317330AB2FDC2EA9
:10A23000042E242D3B2C482B4B2A44293028102750
:10A24000E125A4245523F4217D20EF1E441D781B15
:10A2500084195E17F6143212E00E7B0A0000F23FFA
:10A26000F03FEB3FE43FD83FCA3FB93FA43F8C3FAC
:10A27000713F533F313F0C3FE43EB93E8A3E583E6A
:10A28000223EE93DAC3D6C3D293DE13C973C483CDC
:10A29000F53B9F3B453BE73A853A1E3AB439453991
:10A2A000D2385A38DE375D37D7364C36BB3526358F
:10A2B0008B34EA3343339732E4312A316930A12FAA
:10A2C000D12EF92D192D302C3D2B3F2A372923284B
:10A2D0000327D42596244723E5216E20DE1E331D57
:10A2E000661B70194817DE141612BE0E4A0A0000CB
:10A2F000E73FE53FE03FD83FCD3FBF3FAE3F993F0F
:10A30000813F663F483F263F013FD93EAD3E7F3EFD
:10A310004C3E173EDE3DA13D613D1D3DD63C8B3C94
:10A320003C3CEA3B933B393BDB3A793A123AA83959
:10A330003939C5384D38D1375037CA363E36AE3543
:10A3400019357D34DC3336338932D5311B315A30FF
:10A35000922FC22EEA2D092D202C2C2B2F2A2629B4
:10A360001228F026C12582243323D0215820C71E6D
:10A370001A1D4C1B54192A17BB14EF118D0E040A19
:10A380000000D83FD73FD23FCA3FBF3FB13F9F3FBA
:10A390008B3F733F583F393F183FF33ECB3E9F3EC4
:10A3A000703E3E3E083ECF3D923D523D0E3DC73C85
:10A3B0007C3C2D3CDA3B843B2A3BCB3A693A033A5E
:10A3C00098392939B5383D38C1373F37B9362E3637
:10A3D0009D3507356C34CB3324337732C3310931A3
:10A3E00047307F2FAE2ED62DF52C0B2C172B192A8C
:10A3F0001029FB27D926A92569241923B5213C203A
:10A40000AA1EFB1C2A1B301902178F14BC114E0EFA
:10A41000A8090000C73FC53FC13FB93FAE3F9F3FBE
:10A420008E3F793F613F463F283F063FE13EB93EC0
:10A430008D3E5E3E2C3EF63DBD3D803D403DFC3CAC
:10A44000B53C693C1B3CC83B713B173BB83A563A9C
:10A45000EF3984391539A2382938AD372B37A5366D
:10A4600019368835F2345734B5330E336132AD3195
:10A47000F2303030672F972EBE2DDC2CF22BFD2AC8
:10A48000FF29F528DF27BC268B254B24F9229421B0
:10A490001920851ED51C011B0419D21659147D11D3
:10A4A000000E32090000B23FB13FAC3FA43F993FDC
:10A4B0008B3F793F643F4C3F313F133FF13ECC3EF1
:10A4C000A43E783E493E173EE13DA83D6B3D2A3D06
:10A4D000E63C9F3C543C053CB23B5B3B013BA23A13
:10A4E0003F3AD9396E39FE388A38123895371337E2
:10A4F0008D3601367035DA343E349C33F4324632D0
:10A500009231D73015304C2F7A2EA12DBF2CD42B61
:10A51000DF2ADF29D528BE279A2668252724D322BB
:10A520006D21F01F5A1EA71CD01ACF1898161814A8
:10A530003111A00D9E0800009B3F993F943F8C3F36
:10A54000813F733F613F4C3F343F193FFB3ED93E53
:10A55000B43E8C3E603E313EFE3DC83D8F3D523D97
:10A56000123DCE3C863C3A3CEB3B983B423BE73AC3
:10A57000883A253ABE395339E4387038F7377A3794
:10A58000F8367136E5355335BD3421347F33D73253
:10A5900028327431B830F52F2B2F5A2E802D9D2C58
:10A5A000B12BBB2ABB29AF28982773264025FC2353
:10A5B000A8223F21C11F281E721C981A92185416F7
:10A5C000CC13D8102F0DE70700007F3F7E3F793F67
:10A5D000713F663F583F463F313F193FFE3EDF3EE9
:10A5E000BE3E993E703E443E153EE33DAC3D733D5C
:10A5F000363DF53CB13C693C1E3CCF3B7C3B253BAA
:10A60000CA3A6B3A083AA1393539C5385138D83782
:10A610005B37D8365136C53533359C3400345D331D
:10A62000B532063251319530D22F072F352E5A2DA3
:10A63000762C8A2B932A922985286C274626112569
:10A64000CD2376220B218A1FEF1D351C571A4B187C
:10A65000071674137010AA0C00070000613F603FDA
:10A660005B3F533F483F393F283F133FFB3EDF3EB0
:10A67000C13E9F3E7A3E513E253EF63DC33D8D3D57
:10A68000543D173DD63C923C4A3CFE3BAE3B5B3BC7
:10A69000043BA93A4A3AE7397F391339A3382F38AE
:10A6A000B6373837B5362E36A1350F357834DB332B
:10A6B00038338F32DF312A316D30A92FDE2E0B2E49
:10A6C0002F2D4B2C5D2B662A632956283B271426F9
:10A6D000DD2497233E22D1204D1FAE1DF11B0D1A04
:10A6E000FC17AF151113FA0F0F0CD4050000403FF3
:10A6F0003E3F393F313F263F183F063FF13ED93EAE
:10A70000BE3E9F3E7D3E583E2F3E033ED43DA13D82
:10A710006B3D313DF43CB33C6E3C263CDA3B8B3B1D
:10A72000373BE03A853A253AC2395A39EE387E3815
:10A730000938903711378E3606367935E7344F347D
:10A74000B1330E336532B531FE3041307D2FB12E3D
:10A75000DD2D002D1B2C2C2B332A302921280527F9
:10A76000DC25A4245B2300229020091F671DA41B65
:10A77000BB19A3174C15A012720F590B2B04000024
:10A780001B3F193F143F0C3F013FF33EE13ECC3EDF
:10A79000B43E993E7A3E583E323E0A3EDE3DAE3DE4
:10A7A0007B3D453D0B3DCE3C8D3C483C003CB43BA5
:10A7B000643B103BB83A5D3AFD399A393239C538B5
:10A7C0005538DF376637E7366436DB354E35BB3410
:10A7D00022348433E03236328631CF3011304C2F80
:10A7E0007F2EAA2DCC2CE62BF62AFC29F728E7276A
:10A7F000C9269E2564241923BB214820BE1E171D8F
:10A80000501B60193F17DE142112D90E840A000074
:10A810000000F33EF13EEC3EE43ED93ECB3EB93E75
:10A82000A43E8C3E703E513E2F3E0A3EE13DB53D7A
:10A83000853D523D1C3DE13CA43C633C1E3CD53B68
:10A84000893B393BE53A8D3A323AD2396E3905398E
:10A8500099382838B2373837B9363536AC351E35E1
:10A860008B34F2335333AF32043253319B30DC2F0D
:10A87000162F482E722D942CAC2BBB2AC029B92838
:10A88000A72788265B251E24D1227021FA1F6B1E64
:10A89000C01CF21AFC18D216631494112B0E8809EE
:10A8A00000000000C73EC63EC13EB93EAD3E9F3EE1
:10A8B0008D3E783E603E443E253E033EDE3DB53D46
:10A8C000883D593D253DEF3CB53C773C353CF03B60
:10A8D000A83B5B3B0B3BB73A5F3A033AA2393E39A0
:10A8E000D5386838F73781370637873603367935F4
:10A8F000EB345734BD331E337932CD311B316330E5
:10A90000A32FDC2E0D2E362D562C6E2B7B2A7E2966
:10A910007628622741261125D22382221E21A41FD8
:10A92000111E601C8C1A8E185916DB13F510640D5D
:10A93000570800000000993E973E923E8A3E7F3EB7
:10A94000703E5E3E493E313E153EF63DD43DAE3D45
:10A95000853D593D293DF53CBF3C843C463C053C8A
:10A96000BF3B763B2A3BD93A853A2C3AD0396F39EE
:10A970000B39A2383438C2374C37D1365136CC3542
:10A980004235B3341F348433E4323E329231DF3007
:10A990002630652F9D2ECD2DF52C142C2A2B362AF2
:10A9A00037292D281727F425C22480232C22C520DF
:10A9B000471FAE1DF81B1D1A1518D4154513451059
:10A9C000820CD40600000000663E653E603E583EA4
:10A9D0004C3E3E3E2C3E173EFE3DE33DC33DA13D79
:10A9E0007B3D523D253DF53CC23C8B3C503C123CEE
:10A9F000D03B8B3B423BF53AA43A4F3AF6399A3971
:10AA00003939D4386A38FC378A37133798361736CD
:10AA1000923507357834E2334733A7320032533169
:10AA20009F30E52F232F5A2E892DAF2CCD2BE12AD5
:10AA3000EB29EB28DF27C726A1256C242723D0216B
:10AA40006520E21E441D871BA41991174215A01210
:10AA5000800F7D0BB40400000000313E2F3E2A3EE3
:10AA6000223E173E083EF63DE13DC83DAC3D8D3DE2
:10AA70006B3D453D1C3DEF3CBF3C8B3C543C193C81
:10AA8000DA3B983B533B093BBC3A6B3A163ABD392B
:10AA90005F39FE3899382F38C1374E37D7365A3696
:10AAA000D9355335C8343834A23306336532BD3115
:10AAB0000F315A309F2FDC2E112E3F2D642C802B0E
:10AAC000932A9B2999288B27702648251024C82271
:10AAD0006D21FD1F751ED11C0D1B20190217A3141B
:10AAE000E911A20E4A0A000000000000F83DF63D00
:10AAF000F13DE93DDE3DCF3DBD3DA83D8F3D733D80
:10AB0000543D313D0B3DE13CB53C843C503C193C4F
:10AB1000DE3B9F3B5D3B173BCD3A803A2E3AD9391D
:10AB20007F392239C0385A38F03781370E37963698
:10AB30001936983511358534F4335D33C1321E3200
:10AB40007631C7301130542F902EC42DF12C142C97
:10AB50002F2B3F2A4629422831271426E824AD23EB
:10AB6000612202218D1F001E551C881A921866163C
:10AB7000F5131F11A80DD808000000000000BB3D10
:10AB8000BA3DB53DAC3DA13D923D803D6B3D523D52
:10AB9000363D173DF43CCE3CA43C773C463C123C51
:10ABA000DA3B9F3B603B1E3BD73A8D3A3F3AEE394A
:10ABB00098393E39E0387E381738AD373D37CA36D8
:10ABC0005136D4355235CA343E34AC33143377322F
:10ABD000D3312A317A30C32F052F3F2E722D9D2C71
:10ABE000BF2BD82AE729EB28E427D126B1258224D8
:10ABF0004423F4219020161F821DD01BFA19F81748
:10AC0000BD1536133F108A0C00070000000000003D
:10AC10007B3D7A3D753D6C3D613D523D403D2A3D59
:10AC2000123DF53CD63CB33C8D3C633C353C053C89
:10AC3000D03B983B5D3B1E3BDB3A943A4A3AFC39A9
:10AC4000A9395339F9389A383838D1376637F63652
:10AC5000813608368A3507357F34F2335F33C732A1
:10AC600028328431D9302830702FB12EEA2D1B2D97
:10AC7000442C642B7B2A88298A2881276B26482527
:10AC80001624D3227F211620961EFB1C411B60191F
:10AC9000511704156412440F3E0B430400000000DA
:10ACA0000000383D363D313D293D1D3D0E3DFC3C0B
:10ACB000E63CCE3CB13C923C6E3C483C1E3CF03BFA
:10ACC000BF3B8B3B533B173BD73A943A4D3A033A41
:10ACD000B43961390B39B0385138EE3786371B3704
:10ACE000AA363536BB353D35B9343034A2330E3350
:10ACF0007532D53130318430D22F182F572E8F2D09
:10AD0000BF2CE62B042B192A242923281727FF25DB
:10AD1000D824A2235C220221941F0D1E6B1CA71AAB
:10AD2000BB189C163B147D112B0EB20900000000CD
:10AD300000000000F03CEF3CEA3CE13CD63CC73C64
:10AD4000B53C9F3C863C693C4A3C263C003CD53B9C
:10AD5000A83B763B423B093BCD3A8D3A4A3A033A0F
:10AD6000B73968391539BE3863380438A0373837F1
:10AD7000CB365A36E5356A35EB346634DC334D3341
:10AD8000B9321E327E31D7302A30762FBB2EF92DC4
:10AD90002F2D5D2C832B9F2AB129B928B627A726F2
:10ADA0008B2561242723DC217D20091F7B1DD01BDF
:10ADB000021A0818D8155F137D10E90CC0070000AF
:10ADC000000000000000A63CA43C9F3C973C8B3C4C
:10ADD0007C3C693C543C3A3C1E3CFE3BDA3BB43B79
:10ADE000893B5B3B2A3BF53ABC3A803A3F3AFC3917
:10ADF000B43968391939C5386E381238B2374E3718
:10AE0000E536783606369035153594340F3484336C
:10AE1000F4325F32C33121317A30CB2F162F5A2EC4
:10AE2000962DCA2CF62B1A2B332A4429492843275E
:10AE300031261125E323A5225521F01F751EDF1CA5
:10AE40002A1B5019481704156F125F0F740BF30477
:10AE50000000000000000000573C553C503C483CBE
:10AE60003C3C2D3C1B3C053CEB3BCF3BAE3B8B3B8A
:10AE7000643B393B0B3BD93AA43A6B3A2E3AEE3954
:10AE8000A93961391539C53871381938BD375D3779
:10AE9000F8368E362136AE353735BB343A34B333D7
:10AEA0002833973200326331C0301730672FB12E0C
:10AEB000F32D2D2D602C8A2BAB2AC229D028D22726
:10AEC000C926B42590245E231B22C5205A1FD71DF6
:10AED000391C791A921878161D1465111C0EB209C6
:10AEE00000000000000000000000053C033CFE3BA9
:10AEF000F53BEA3BDA3BC83BB23B983B7C3B5B3BD8
:10AF0000373B103BE53AB73A853A4F3A163AD939CA
:10AF1000983953390B39BE386E381938C137643710
:10AF200003379D363336C5355235DA345D34DB337D
:10AF30005333C73234329C31FE305A30B02FFE2E9C
:10AF4000462E862DBF2CEF2B172B362A4B29562841
:10AF5000552749262F250824D12288212C20BA1EC6
:10AF60002F1D871BBB19C517971520133F10AA0C5F
:10AF7000700700000000000000000000AE3BAD3B89
:10AF8000A83B9F3B933B843B713B5B3B423B253B58
:10AF9000043BE03AB83A8D3A5F3A2C3AF639BD397B
:10AFA0007F393E39F938B03863381238BD376437E5
:10AFB0000637A5363E36D4356435F0347834FA3366
:10AFC0007733EE326132CD3134319530EF2F432F6C
:10AFD000902ED62D142D4B2C792B9F2ABB29CD28B2
:10AFE000D527D126C125A42477233B22ED208A1F13
:10AFF000111E7C1CC91AF018E816A3140B12F40ECB
:10B00000F50AE00300000000000000000000543BCF
:10B01000533B4E3B453B393B2A3B173B013BE73A11
:10B02000CA3AA93A853A5D3A323A033AD0399A395E
:10B030005F392239E0389A3851380438B2375D37F1
:10B040000337A5364236DB35703500358B34113485
:10B0500092330E338532F6316131C73026307F2F7F
:10B06000D12E1C2E602D9D2CD12BFD2A202A3A2971
:10B0700049284D27462632251024DF229D214820CD
:10B08000DE1E5C1DBE1BFE191518F9159913D8108C
:10B090007B0DD80800000000000000000000000048
:10B0A000F63AF53AEF3AE73ADB3ACB3AB83AA23A0F
:10B0B000883A6B3A4A3A253AFD39D239A2396F3982
:10B0C0003939FE38C0387E383838EE37A0374E3739
:10B0D000F8369D363E36DB357435073596342134E7
:10B0E000A6332633A13216328631F0305430B22FD7
:10B0F000092F5A2EA32DE52C202C522B7B2A9B297D
:10B10000B228BE27BF26B4259B2475233E22F620F5
:10B110009A1F281E9C1CF21A24192A17F61474125E
:10B12000800FC20BE50500000000000000000000D9
:10B130000000943A933A8D3A853A793A693A563A08
:10B140003F3A253A083AE739C2399A396E393E39D9
:10B150000B39D43899385A381738D13786373837B9
:10B16000E5368E363336D435703507359A34283483
:10B17000B1333633B5322E32A23111317A30DC2F71
:10B18000382F8E2EDD2D242D642C9C2BCC2AF329D8
:10B19000102923282C2729261A25FC23D122942183
:10B1A0004520E21E671DD01B191A3B182B16DB1316
:10B1B0003111F80DA8090000000000000000000097
:10B1C000000000002E3A2C3A273A1E3A123A033A6F
:10B1D000EF39D939BE39A1397F395A393239053970
:10B1E000D538A2386A382F38F037AD3766371B3775
:10B1F000CB3678362136C53564350035963428345B
:10B20000B5333E33C1323E32B7312A319730FE2F4B
:10B210005F2FB92E0D2E5A2D9F2CDD2B122B3F2A7E
:10B2200063297E288E2792268B2577245523232277
:10B23000E0208A1F1E1E991CF61A30193F17171599
:10B24000A512C70F300CD40600000000000000005B
:10B25000000000000000C439C239BD39B439A83932
:10B26000983984396E39533935391339EE38C53840
:10B27000993868383438FC37C13781373D37F6366E
:10B28000AA365A360636AE355235F0348B34213470
:10B29000B1333E33C5324632C3313A31AC30173068
:10B2A0007D2FDC2E352E862DD12C142C4F2B822A6F
:10B2B000AC29CD28E427F026F125E624CD23A522CC
:10B2C0006D212320C41E4E1DBE1B0D1A37183016CB
:10B2D000EA134E112B0E040A0000000000000000CB
:10B2E0000000000000000000553953394E3945393F
:10B2F000393929391539FE38E438C538A3387E384C
:10B3000055382838F737C2378A374E370E37CA369E
:10B3100081363536E53590353735DA3478341134C1
:10B32000A6333633C1324632C7314231B8302830C5
:10B33000922FF62E532EAA2DFA2C422C832BBB2AA9
:10B34000EB291229302843274B2648253724192377
:10B35000EB21AC205A1FF21D721CD41A14192A17A3
:10B360000915A012CD0F490C1C07000000000000B9
:10B3700000000000000000000000E238E038DB3888
:10B38000D238C538B538A2388A38703851382F3895
:10B390000938DF37B23781374C371337D73696360F
:10B3A00051360836BB356A351535BB345D34FA3352
:10B3B00092332633B5323E32C3314231BC30303065
:10B3C0009F2F072F692EC42D192D662CAC2BEA2A2E
:10B3D000202A4D2971288B279A269E259624802382
:10B3E0005C222721E01F851E141D871BDB1908180E
:10B3F0000716C7133111150EFA09000000000000EE
:10B400000000000000000000000000006A386838FA
:10B4100063385A384D383D3829381238F737D8371D
:10B42000B6379037663738370637D13698365A36BA
:10B430001936D4358A353D35EB3494343A34DB3320
:10B4400077330E33A1322E32B7313A31B830303043
:10B45000A32F102F762ED62D2F2D822CCD2B102BF7
:10B460004B2A7E29A828C827DE26E925E824DB23E5
:10B47000BF2294215820091FA41D271C8C1ACF1805
:10B48000E816CA146412930F0F0CD40600000000D3
:10B490000000000000000000000000000000EE3787
:10B4A000EC37E737DE37D137C137AD3795377A37E5
:10B4B0005B3738371137E736B936873651361736A6
:10B4C000D935983552350735B93466340F34B3332E
:10B4D0005333EE3285321632A2312A31AC30283065
:10B4E0009F2F102F7A2EDF2D3D2D942CE42B2C2B0B
:10B4F0006D2AA529D528FB27172729262F2529249A
:10B500001623F421C2207D1F251EB51C2A1B80197D
:10B51000AF17AF156F13D810B70D880900000000E2
:10B52000000000000000000000000000000000001B
:10B530006D376B3766375D3750373F372B371337EB
:10B54000F836D836B5368E36643635360336CC35D1
:10B55000923553351135CA347F343034DC3384337B
:10B560002833C7326132F6318631113197301730C6
:10B57000922F072F762EDF2D412D9D2CF22B3F2B66
:10B58000852AC229F728232846275E266B256C24A6
:10B59000612347221E21E41F961E331DB61B1D1A70
:10B5A000601878165914EF11160F7D0BE505000091
:10B5B000000000000000000000000000000000008B
:10B5C0000000E736E536E036D736CA36B936A53656
:10B5D0008D36713651362E360636DB35AC3579353B
:10B5E00042350735C83485343E34F233A2334D3307
:10B5F000F43297323432CD316131F0307A30FE2F6F
:10B600007D2FF62E692ED62D3D2D9D2CF62B482B09
:10B61000932AD629102942286A2788269C25A42403
:10B620009F238D226D213C20F91EA11D311CA71ADC
:10B63000FC182A172615E1123F10090D9E0800007C
:10B6400000000000000000000000000000000000FA
:10B65000000000005C365A3655364C363E362E36E3
:10B6600019360136E535C535A13579354E351E35E6
:10B67000EB34B33478343834F433AC335F330E33D3
:10B68000B9325F3200329C313431C7305430DC2F54
:10B690005F2FDC2E532EC42D2F2D942CF22B482BF4
:10B6A000982ADF291F2956288327A726C125D024B9
:10B6B000D223C822AF2187204D1F001E9C1C1F1BB8
:10B6C0008419C517D815B2133C114E0E840AE00335
:10B6D000000000000000000000000000000000006A
:10B6E000000000000000CC35CA35C535BB35AE358D
:10B6F0009D3588357035533533350F35E734BB34D8
:10B700008B3457341F34E233A2335D331433C732E2
:10B7100075321E32C3316331FE3095302630B22F80
:10B72000382FB92E352EAA2D192D822CE42B3F2B24
:10B73000932ADF29242960289327BC26DC25F124BD
:10B74000FA23F622E521C520941F501EF81C871B02
:10B75000FA194B187416681416125F0FFE0B0E07B9
:10B7600000000000000000000000000000000000D9
:10B770000000000000000000373535352F35263534
:10B7800019350735F234DA34BD349C3478344F340B
:10B790002234F233BD33843347330633C132773238
:10B7A0002832D5317E312131C0305A30EF2F7F2FF2
:10B7B000092F8E2E0D2E862DFA2C662CCD2B2C2BA0
:10B7C000852AD6291F2960289827C726EC25062513
:10B7D000162419230F22F620CD1F931E441DDF1BB4
:10B7E0005E1ABF18F9160415D01245102F0D050961
:10B7F0000000000000000000000000000000000049
:10B80000000000000000000000009C349A349434D2
:10B810008B347D346C3457343E3421340034DB3384
:10B82000B133843353331E33E432A73265321E32D0
:10B83000D33184313031D7307A301730B02F432FA5
:10B84000D12E5A2EDD2D5A2DD12C422CAC2B102B63
:10B850006D2AC229102956289327C726F1251125BC
:10B86000272430232C221B21FA1FC71E821D271CD0
:10B87000B21A20196B1789156F1307112B0E7B0A4B
:10B880002B04000000000000000000000000000089
:10B89000000000000000000000000000FC33FA334C
:10B8A000F433EA33DC33CB33B5339C337F335D334E
:10B8B00038330E33E032AF3279323E320032BD31AE
:10B8C00076312A31D93084302A30CB2F672FFE2EA3
:10B8D000902E1C2EA32D242D9F2C142C832BEA2A72
:10B8E0004B2AA529F72842288327BC26EC251125B9
:10B8F0002C243B233E2233211920EF1EB21D601C55
:10B90000F61A7019C917F915F513AB11FB0EA00B38
:10B91000A70600000000000000000000000000007A
:10B92000000000000000000000000000000055338F
:10B9300053334D334333363324330E33F432D7325B
:10B94000B5328F32653236320432CD3192315331D5
:10B950000F31C7307A302830D22F762F162FB12EE4
:10B96000462ED62D602DE52C642CDD2B4F2BBB2ACB
:10B97000202A7E29D52823286A27A726DC25062504
:10B9800027243B2344223F212C20091FD41D8B1C3C
:10B990002A1BB0191518541663143212A70F8A0CFB
:10B9A0003E08000000000000000000000000000051
:10B9B0000000000000000000000000000000000087
:10B9C000A932A732A13297328932773261324632B8
:10B9D00028320632DF31B531863153311B31DF3049
:10B9E0009F305A301130C32F702F182FBB2E5A2E74
:10B9F000F32D862D142D9D2C202C9C2B122B822A6E
:10BA0000EB294D29A828FB2746278826C125F124A4
:10BA1000162430233E223F213220161FE81DA71C8A
:10BA2000501BDF1950189C16BB14A0123210460D83
:10BA30006809000000000000000000000000000095
:10BA400000000000000000000000000000000000F6
:10BA50000000F631F431EE31E431D531C331AD318E
:10BA60009231743151312A31FE30CF309B30633006
:10BA70002630E52F9F2F542F052FB12E572EF92D4D
:10BA8000962D2D2DBF2C4B2CD12B522BCC2A3F2A5F
:10BA9000AC2912297128C82717275E269C25D02497
:10BAA000FA2319232C2233212C20161FEF1DB51C3D
:10BAB000661BFE197918D216FF14F612A110DB0DC1
:10BAC0004A0A4304000000000000000000000000DB
:10BAD0000000000000000000000000000000000066
:10BAE000000000003C313A3134312A311B31093138
:10BAF000F230D730B83095306D3041301130DC2F16
:10BB0000A32F652F232FDC2E902E3F2EEA2D8F2D75
:10BB10002F2DCA2C602CEF2B792BFD2A7B2AF329A1
:10BB20006329CD2830288B27DE2629266B25A424DF
:10BB3000D223F6220F221B211920091FE81DB51C54
:10BB40006D1B0D1A9218F5162F153613F5104E0EA3
:10BB5000F50AD4050000000000000000000000000D
:10BB600000000000000000000000000000000000D5
:10BB70000000000000007C307A30733069305A30A9
:10BB8000473030301530F52FD22FA92F7D2F4C2F75
:10BB9000162FDC2E9D2E5A2E112EC42D722D1B2DEC
:10BBA000BF2C5D2CF62B8A2B172B9F2A202A9B2932
:10BBB00010297E28E42743279A26E9252F256C247F
:10BBC0009F23C822E521F620FA1FEF1ED41DA71CD3
:10BBD000661B0D1A9A1807174C155F133111A20E28
:10BBE000740BD406000000000000000000000000FC
:10BBF0000000000000000000000000000000000045
:10BC00000000000000000000B42FB22FAB2FA12FC6
:10BC1000922F7F2F672F4C2F2B2F072FDE2EB12E29
:10BC20007F2E482E0D2ECD2D892D3F2DF12C9D2CB4
:10BC3000442CE62B832B1A2BAB2A362ABB293A2914
:10BC4000B22823288E27F0264B269E25E824292477
:10BC500061238D22AF21C520CD1FC71EB21D8B1CB5
:10BC6000501BFE1992180717551574135411D90E4D
:10BC7000CB0B7D070000000000000000000000006A
:10BC800000000000000000000000000000000000B4
:10BC900000000000000000000000E42EE22EDC2E78
:10BCA000D12EC22EAE2E972E7A2E5A2E352E0B2E38
:10BCB000DD2DAA2D722D362DF52CAF2C642C142CD5
:10BCC000BF2B642B042B9F2A332AC2294B29CD2852
:10BCD0004928BE272C279226F12548259624DB23C8
:10BCE000162347226D218720941F931E821D601CFE
:10BCF0002A1BDF197918F5164C1574136011F40E10
:10BD0000FE0BE7070000000000000000000000003C
:10BD10000000000000000000000000000000000023
:10BD20000000000000000000000000000D2E0B2E9F
:10BD3000042EF92DEA2DD62DBE2DA12D802D5A2DA4
:10BD40002F2D002DCC2C942C562C142CCD2B802B4D
:10BD50002F2BD82A7B2A192AB1294429D0285628E2
:10BD6000D5274D27BF2629268B25E6243724802377
:10BD7000BF22F4211E213C204D1F501E441D271CB4
:10BD8000F61AB0195018D2162F155F135411F40E6D
:10BD90000F0C190800000000000000000000000067
:10BDA0000000000000000000000000000000000093
:10BDB00000000000000000000000000000002D2D29
:10BDC0002B2D242D192D092DF52CDC2CBF2C9D2C71
:10BDD000762C4B2C1B2CE62BAC2B6E2B2A2BE12A22
:10BDE000932A3F2AE72988292429B9284928D227D4
:10BDF0005527D1264626B4251A257724CD23192385
:10BE00005C229421C220E41FF91E001EF81CDF1BD7
:10BE1000B21A701915189C16FF1436133111D90E69
:10BE2000FE0B1908000000000000000000000000E8
:10BE30000000000000000000000000000000000002
:10BE400000000000000000000000000000000000F2
:10BE5000442C422C3B2C302C202C0B2CF22BD42BA2
:10BE6000B12B8A2B5D2B2C2BF62ABB2A7B2A362A58
:10BE7000EB299B294629EB288A282328B627432724
:10BE8000C9264926C12532259B24FC235523A522FA
:10BE9000EB21272158207D1F961EA11D9C1C871B6E
:10BEA0005E1A2019C9175416BB14F612F510A20E0B
:10BEB000CB0BE707000000000000000000000000BE
:10BEC0000000000000000000000000000000000072
:10BED0000000000000000000000000000000000062
:10BEE0000000522B4F2B482B3D2B2C2B172BFD2AC0
:10BEF000DF2ABB2A932A662A332AFC29C0297E29F5
:10BF00003729EB2899284228E42781271727A726D5
:10BF10003126B4252F25A42410247523D1222322D1
:10BF20006D21AC20E01F091F251E331D311C1F1B76
:10BF3000FA19BF186B17F9156314A012A1104E0E51
:10BF4000740B7D07000000000000000000000000EE
:10BF500000000000000000000000000000000000E1
:10BF600000000000000000000000000000000000D1
:10BF700000000000552A532A4B2A3F2A2F2A192A4B
:10BF8000FF29DF29BB29922963293029F728B928FD
:10BF900076282D28DF278B273127D1266B26FF25F2
:10BFA0008B251125902408247723DF223E2294211B
:10BFB000E02023205A1F851EA41DB51CB61BA71AFE
:10BFC00084194B18F9168915F51332123210DB0D4E
:10BFD000F50AD40600000000000000000000000088
:10BFE0000000000000000000000000000000000051
:10BFF0000000000000000000000000000000000041
:10C000000000000000004D294B294429372926292A
:10C010001029F528D528AF28852856282128E72774
:10C02000A72762271727C72670261426B12548257B
:10C03000D8246124E3235E23D1223B229D21F620D4
:10C0400045208A1FC41EF21D141D271C2A1B1D1A01
:10C05000FC18C517741604156F13AB11A70F460D06
:10C060004A0AD405000000000000000000000000A3
:10C0700000000000000000000000000000000000C0
:10C0800000000000000000000000000000000000B0
:10C0900000000000000000003A283728302823283C
:10C0A0001228FB27DF27BE2798276C273B27052769
:10C0B000C92688264126F425A1254825E82482247E
:10C0C0001624A2232723A5221B228821ED20482005
:10C0D0009A1FE21E1E1E4E1D721C871B8C1A801991
:10C0E00060182A17D8156814D0120711FB0E8A0C95
:10C0F0006809430400000000000000000000000088
:10C10000000000000000000000000000000000002F
:10C11000000000000000000000000000000000001F
:10C12000000000000000000000001A271727102759
:10C130000327F026D926BC269A26732646261426DF
:10C14000DC259E255B251125C2246C241024AD23FB
:10C150004423D3225C22DC215521C5202C208A1FB8
:10C16000DE1E281E671D991CBE1BD41ADB19CF18B2
:10C17000AF1778162615B213161245102B0EA00B0A
:10C180003E08000000000000000000000000000069
:10C19000000000000000000000000000000000009F
:10C1A000000000000000000000000000000000008F
:10C1B000000000000000000000000000EC25E92560
:10C1C000E125D425C125A9258B25682540251125E4
:10C1D000DD24A42464241E24D22380232723C82200
:10C1E0006122F4217F2102217D20F01F5A1FBA1EF7
:10C1F000111E5C1D9C1CD01BF61A0D1A1419081870
:10C20000E816AF155914E1123C115F0F2F0D7B0A90
:10C21000A706000000000000000000000000000071
:10C22000000000000000000000000000000000000E
:10C2300000000000000000000000000000000000FE
:10C240000000000000000000000000000000AF241B
:10C25000AC24A4249624822469244B242724FC2380
:10C26000CD2397235B231923D12282222C22D02194
:10C270006D21022190201620941F091F751ED71DC5
:10C280002F1D7C1CBE1BF21A191A301937182A17D9
:10C290000716CA146F13EF113F104E0EFE0B05095F
:10C2A0002B0400000000000000000000000000005F
:10C2B000000000000000000000000000000000007E
:10C2C000000000000000000000000000000000006E
:10C2D000000000000000000000000000000000005E
:10C2E00061235E235523472333231923F922D322C5
:10C2F000A82276223E220022BB2170211E21C520C9
:10C300006520FD1F8D1F161F961E0D1E7B1DDF1C39
:10C31000391C871BC91AFE1924193B183F17301600
:10C320000915C7136412D810160F090D840A0E07D9
:10C3300000000000000000000000000000000000FD
:10C3400000000000000000000000000000000000ED
:10C3500000000000000000000000000000000000DD
:10C3600000000000000000000000000000000000CD
:10C3700000000022FD21F421E521D021B5219421E6
:10C380006D213F210B21D12090204820FA1FA41FAE
:10C39000471FE21E751E001E821DFB1C6B1CD01B5E
:10C3A0002A1B791ABB19F01815182A172B161715FE
:10C3B000EA13A0123111930FB70D7D0B9E08E00315
:10C3C000000000000000000000000000000000006D
:10C3D000000000000000000000000000000000005D
:10C3E000000000000000000000000000000000004D
:10C3F000000000000000000000000000000000003D
:10C40000000000008A2087207D206E2058203C20DC
:10C410001920F01FC11F8A1F4D1F091FBE1E6B1E52
:10C42000111EAE1D441DD11C551CD01B411BA71A4B
:10C43000021A50199218C517E816F915F614DB13ED
:10C44000A5124E11CD0F150E0F0C8809E505000041
:10C4500000000000000000000000000000000000DC
:10C4600000000000000000000000000000000000CC
:10C4700000000000000000000000000000000000BC
:10C4800000000000000000000000000000000000AC
:10C49000000000000000FC1EF91EEF1EDE1EC71E7D
:10C4A000AA1E851E5A1E281EEF1DAE1D671D171DD4
:10C4B000C01C601CF81B871B0D1B881AFA19601919
:10C4C000BB180818481778169715A31499137412F7
:10C4D0003111C70F2B0E490CFA09D40600000000D9
:10C4E000000000000000000000000000000000004C
:10C4F000000000000000000000000000000000003C
:10C50000000000000000000000000000000000002B
:10C51000000000000000000000000000000000001B
:10C520000000000000000000521D4E1D441D331D80
:10C530001A1DFB1CD51CA71C721C351CF11BA41B4F
:10C54000501BF21A8C1A1D1AA41920199218F817E8
:10C5500051179C16D81504151D1420130B12D81052
:10C56000800FF80D300C040A1C07000000000000CA
:10C5700000000000000000000000000000000000BB
:10C5800000000000000000000000000000000000AB
:10C59000000000000000000000000000000000009B
:10C5A000000000000000000000000000000000008B
:10C5B00000000000000000000000871B831B781BA8
:10C5C000661B4C1B2A1B011BD01A981A571A0D1AEE
:10C5D000BB196019FC188E181518911702176616EA
:10C5E000BD1504153B145F136F1265113F10F40E57
:10C5F0007B0DC20BA809D40600000000000000005B
:10C60000000000000000000000000000000000002A
:10C61000000000000000000000000000000000001A
:10C62000000000000000000000000000000000000A
:10C6300000000000000000000000000000000000FA
:10C640000000000000000000000000009419901994
:10C6500084197019541930190419CF1892184B18ED
:10C66000FC17A3173F17D2165916D4154215A31459
:10C67000F513361364127D117D105F0F1C0EAA0C8A
:10C68000F50AD808E50500000000000000000000E1
:10C69000000000000000000000000000000000009A
:10C6A000000000000000000000000000000000008A
:10C6B000000000000000000000000000000000007A
:10C6C000000000000000000000000000000000006A
:10C6D00000000000000000000000000000006F17D4
:10C6E0006B175E1748172A170217D216981654169A
:10C6F0000716AF154C15DE146314DB134513A01297
:10C70000E9111F113F10440F2B0EE90C740BB209F5
:10C710007007E003000000000000000000000000BF
:10C720000000000000000000000000000000000009
:10C7300000000000000000000000000000000000F9
:10C7400000000000000000000000000000000000E9
:10C7500000000000000000000000000000000000D9
:10C7600000000000000000000000000000000000C9
:10C7700009150415F614DE14BB148F14591418147B
:10C78000CC1374131113A01221129411F51045103B
:10C79000800FA20EA80D8A0C3E0BB209C007F3044D
:10C7A0000000000000000000000000000000000089
:10C7B0000000000000000000000000000000000079
:10C7C0000000000000000000000000000000000069
:10C7D0000000000000000000000000000000000059
:10C7E0000000000000000000000000000000000049
:10C7F0000000000000000000000000000000000039
:10C8000000004812431232121612EF11BC117D11B2
:10C810003111D8107010FA0F720FD90E2B0E640D53
:10C82000820C7D0B4A0AD808000743040000000070
:10C8300000000000000000000000000000000000F8
:10C8400000000000000000000000000000000000E8
:10C8500000000000000000000000000000000000D8
:10C8600000000000000000000000000000000000C8
:10C8700000000000000000000000000000000000B8
:10C8800000000000000000000000000000000000A8
:10C8900000000000FB0EF40EE00EBE0E8D0E4E0EDC
:10C8A000000EA00D2F0DAA0C0F0C590B840A88093D
:10C8B0005708D406B4040000000000000000000087
:10C8C0000000000000000000000000000000000068
:10C8D0000000000000000000000000000000000058
:10C8E0000000000000000000000000000000000048
:10C8F0000000000000000000000000000000000038
:10C900000000000000000000000000000000000027
:10C910000000000000000000000000000000000017
:10C92000000000000000A10A980A7B0A4A0A040AD3
:10C93000A80932099E08E7070007D4052B04000068
:10C9400000000000000000000000000000000000E7
:10C9500000000000000000000000000000000000D7
:10C9600000000000000000000000000000000000C7
:10C9700000000000000000000000000000000000B7
:10C9800000000000000000000000000000000000A7
:10C990000000000000000000000000000000000097
:10C9A0000000000000000000000000000000000087
:10C9B0000000000000000000000000000000000077
:10C9C0000000000000000000000000000000000067
:10C9D0000000000000000000000000000000000057
:10C9E0000000000000000000000000000000000047
:10C9F0000000000000000000000000000000000037
:10CA00000000000000000000000000000000000026
:10CA10000000000000000000000000000000000016
:10CA20000000000000000000000000000000000006
:10CA300000000000000000000000000000000000F6
:10CA400000000000000000000000000000000000E6
:10CA50000000000000000000000010101010101076
:10CA6000001000000000002828280000000000003E
:10CA70000000000014287E2828FC50500000000010
:10CA800000103850503814147810100000006090D6
:10CA90006408305C141C00000000003840406094C2
:10CAA0008CC47C000000000010101000000000008A
:10CAB0000000000010101020202020101010000096
:10CAC0000020101010101010101020000000001096
:10CAD000543838541000000000000000000010100E
:10CAE000FC1010000000000000000000000000101A
:10CAF00010200000000000000000380000000000CE
:10CB00000000000000000000001010000000000005
:10CB100004080810102020404000000000384C4459
:10CB20004454444C380000000000701010101010E5
:10CB3000107C0000000000384C04081020407C00ED
:10CB400000000000384C0C300C044C780000000051
:10CB50000018182848487C080800000000007840A9
:10CB600040780C040C7800000000003860407844E5
:10CB700044443800000000007C0808081010202001
:10CB80000000000000384444384C444438000000A1
:10CB90000000384C444C7404087800000000000089
:10CBA0000010100000101000000000000000101025
:10CBB00000001010200000000000000438C0300CFD
:10CBC000000000000000000000FC00FC000000006D
:10CBD0000000000000C0380438C000000000000061
:10CBE000780C081010100010000000000038448479
:10CBF0009CA4A49C40403C00000010302828487CA5
:10CC000044840000000000784444784444447800A0
:10CC100000000000386440404040643800000000DC
:10CC200000704844444444487800000000007C40C0
:10CC3000407C4040407C00000000007C40407C4044
:10CC40004040400000000000384440404C4444381C
:10CC500000000000004444447C444444440000007C
:10CC600000007C1010101010107C00000000003834
:10CC70000808080808487000000000004448507088
:10CC800050484C44000000000040404040404040BC
:10CC90007C0000000000C4CCACB494848484000008
:10CCA0000000004464645454544C4C0000000000E4
:10CCB000384C444444444C3800000000007844445C
:10CCC00044784040400000000000384C4444444454
:10CCD0004C380800000000784C444C704844440034
:10CCE000000000003848406018044438000000008C
:10CCF00000FC101010101010100000000000444440
:10CD00004444444444380000000000C444444828DB
:10CD10002830100000000000828494B4746C6C48C9
:10CD2000000000000044682810302844C4000000BF
:10CD30000000C44C28301010101000000000007CCF
:10CD40000408101020407C00000000382020202023
:10CD50002020202038000000004040202010100833
:10CD600008040000003010101010101010103000D7
:10CD70000000003028440000000000000000000017
:10CD80000000000000000000000000002010000073
:10CD900000000000000000000000000078047C4457
:10CDA0004C74000000004040407844444444780003
:10CDB0000000000000003C604040603C00000000BB
:10CDC000040404344C44444C3400000000000000CF
:10CDD00038447C40403C000000001C10107C1010C7
:10CDE00010101000000000000000344C44444C348B
:10CDF00008780000404040784C444444440000001F
:10CE00000010000070101010107C000000001000D6
:10CE100000301010101010107000004040404C58AE
:10CE2000705848440000000060202020202020107E
:10CE30001C000000000000006C54545454540000C6
:10CE40000000000000784C4444444400000000000E
:10CE50000000384C44444C380000000000000078CA
:10CE6000444444447840400000000000344C4444B2
:10CE70004C34040400000000003C2020202020004E
:10CE8000000000000000384060180C78000000002E
:10CE90000020207C202020201C000000000000003A
:10CEA000444444444C340000000000000044444822
:10CEB0002830300000000000000082845474746840
:10CEC000000000000000004428303028440000002A
:10CED00000000000444428283010306000000000AA
:10CEE000007C081020207C0000000018101010604A
:10CEF000101010101800000010101010101010105A
:10CF000010101000006010101008101010106000B9
:10CF100000000000000000609C00000000D4D4D499
:10CF2000070D01004ACA00000000000000000000D8
:10CF300000000000000000000000000008080808D1
:10CF40000808000008080000000000000034343425
:10CF500034000000000000000000000000001A1271
:10CF6000127F3424FF2C68480000000000000808ED
:10CF70003C6A68283C0A0B4A3C0808000000000094
:10CF8000708888730C106609090600000000000014
:10CF9000003C2020207059CDC7423D000000000019
:10CFA0000000080808080000000000000000000061
:10CFB00000000408081810101010180808040000D9
:10CFC00000000010100808080C0C080808101000D9
:10CFD0000000000000084A3C1C6A08000000000035
:10CFE00000000000000000000808087F0808080092
:10CFF0000000000000000000000000000000001819
:10D0000018181000000000000000000000003C00A4
:10D010000000000000000000000000000000000010
:10D0200000181800000000000000020604040808B0
:10D0300010103020604000000000003C2662424397
:10D040005B4262263C00000000000000182808082F
:10D0500008080808083E000000000000003C4602E6
:10D0600002060C1830207E000000000000003C4644
:10D07000020618060202463C000000000000000CF8
:10D080000C142424447F0404040000000000000069
:10D090007E60607C46020202463C00000000000008
:10D0A000001C2260405C624242223C000000000002
:10D0B00000007E0206040C08081810300000000072
:10D0C0000000003C6262621C624243623C0000005D
:10D0D000000000003C664242663E0202463C000000
:10D0E00000000000000000001818000000181800E0
:10D0F00000000000000000000018180000001818D0
:10D10000181000000000000000010E3840380E0129
:10D1100000000000000000000000007F00007F0011
:10D12000000000000000000000000040700E030E30
:10D13000704000000000000000003C2602060C18B1
:10D1400018001818000000000000001E23414F9135
:10D150009191914F40201E0000000000181C1434D3
:10D1600024227E4243C1000000000000007C626275
:10D17000627C626363627E000000000000001E3279
:10D18000606040406060321E0000000000000078D7
:10D1900046424243434242467800000000000000FD
:10D1A0007E6060607E606060607F00000000000064
:10D1B000003F2020203E20202020200000000000F2
:10D1C00000001E22604040474363231E0000000011
:10D1D000000000434343437F434343434300000075
:10D1E000000000007E08080808080808087E000003
:10D1F00000000000001E060606060606044438006D
:10D2000000000000000043464C5878684C464243FA
:10D2100000000000000000606060606060606060AE
:10D220007F000000000000006365655559494141D9
:10D23000414100000000000000626252525A4A4A16
:10D24000464642000000000000003C664243434363
:10D250004342663C000000000000007E626363629F
:10D260007E60606060000000000000003C66424399
:10D2700043434342663C040200000000007C4642F7
:10D2800042467846424341000000000000003C62F4
:10D290004040380E0202423C00000000000000FF47
:10D2A0000808080808080808080000000000000036
:10D2B0004242424242424242623C000000000000C0
:10D2C0000043434262262434141818000000000072
:10D2D000000081C1C159595B5666666600000000B6
:10D2E0000000004322341C181C342662C1000000D8
:10D2F00000000000436226341C08080808080000EB
:10D3000000000000007F0306040C181030607F004E
:10D3100000000000001C1010101010101010101051
:10D320001C000000000000406020301010080804BD
:10D330000406020000000038080808080808080869
:10D3400008083800000000000018342643000000E0
:10D3500000000000000000000000000000000000CD
:10D36000000000000000FF00003010080000000076
:10D3700000000000000000000000000000003C422F
:10D38000023E6242463A0000000000006060607C9D
:10D390006262636362627C000000000000000000C3
:10D3A0001E3220606020321E0000000000000202D9
:10D3B000023A6642424242663A0000000000000023
:10D3C00000001C22437F4040221C0000000000009F
:10D3D0000E18187E181818181818180000000000E9
:10D3E000000000003A6642424242663A02463C0071
:10D3F00000006060607C62626262626262000000E3
:10D40000000000080800380808080808087E000026
:10D410000000000008080038080808080808080884
:10D420000878000000202020222428382C242223E1
:10D4300000000000000070101010101010101018E4
:10D440000E000000000000000000764B49494949E9
:10D4500049490000000000000000007C6262626236
:10D460006262620000000000000000003C66424270
:10D470004242663C0000000000000000007C626246
:10D48000636362627C6060600000000000003A66D6
:10D4900042424242663A0202020000000000003F9F
:10D4A0003830303030303000000000000000000024
:10D4B0003C2260300E02463C0000000000000010DC
:10D4C000107E1010101010100E0000000000000060
:10D4D0000000626262626262263A000000000000A0
:10D4E0000000004342222624141C18000000000003
:10D4F0000000000081C1495B5A566626000000000A
:10D50000000000000062261C1818342643000000AA
:10D51000000000000000436222263414180818108E
:10D52000700000000000003E0604081830207E0055
:10D5300000000000000E0808080818301808080845
:10D54000080E000000000808080808080808080875
:10D55000080808080000003018080808080608082D
:10D560000808183000000000000000000000714EA4
:10D5700000000000000000D40811010028CF0000C6
:10D580000A13020090D500000C180200AAE3000064
:10D59000000000000000000000000000000000008B
:10D5A000000000000000000000000000000000007B
:10D5B0000000000000000000000000000C000C0053
:10D5C0000C000C000C000C000C0008000000000017
:10D5D0000C000C0000000000000000000000000033
:10D5E00000001200120012001200000000000000F3
:10D5F000000000000000000000000000000000002B
:10D6000000000000000000000000090009001900EF
:10D610007FC0120012003200FF802400240064004A
:10D6200000000000000000000000000000000800F2
:10D6300008001E002900680028003C000F00098037
:10D64000098049003E0008000800000000000000BA
:10D65000000000007000C8008800C800718006004B
:10D6600018006700048008800480070000000000A4
:10D67000000000000000000000001E00300020003C
:10D680003000100038004C804480C6804380630026
:10D690003E800000000000000000000000000000CC
:10D6A000080008000800080000000000000000005A
:10D6B000000000000000000000000000000000006A
:10D6C000000000000000060004000C000800080034
:10D6D0001800180018001800080008000C000400CA
:10D6E000060000000000000000000000100008001C
:10D6F00008000C00040004000400040004000400FE
:10D700000C000800080010000000000000000000ED
:10D7100000000800080069001E001E0069000800E3
:10D7200008000000000000000000000000000000F1
:10D7300000000000000000000000000000000000E9
:10D740000800080008007F800800080008000000AA
:10D7500000000000000000000000000000000000C9
:10D7600000000000000000000000000000000000B9
:10D7700000000C000C000C00080018000000000065
:10D780000000000000000000000000000000000099
:10D7900000001E000000000000000000000000006B
:10D7A0000000000000000000000000000000000079
:10D7B00000000000000000000000000000000C005D
:10D7C0000C0000000000000000000000000000004D
:10D7D000010003000200060004000C00080018000D
:10D7E0001000300020002000600000000000000059
:10D7F0000000000000001E00330021006100618075
:10D800006D806D8061806100210033001E0000008A
:10D810000000000000000000000000001C002400C8
:10D8200004000400040004000400040004000400D8
:10D8300004003F8000000000000000000000000025
:10D8400000003E00630043000100030003000600E7
:10D850000C001800300020007F00000000000000D5
:10D8600000000000000000003E0043000100010035
:10D8700003001C00030001000100010043003E0002
:10D880000000000000000000000000000000060092
:10D8900006000A001A0012002200620042007F8087
:10D8A0000200020002000000000000000000000072
:10D8B000000000003F002000200020003E00430048
:10D8C000030001000100010043003C0000000000D3
:10D8D000000000000000000000001E0031002000D9
:10D8E00060007E0073006100618061806100330030
:10D8F0001E0000000000000000000000000000000A
:10D900007F000300030002000600060004000C0074
:10D910000C000800180010000000000000000000CB
:10D920000000000000001E002300610061002300D1
:10D930001C00230061006180618023001E00000044
:10D940000000000000000000000000001E00230096
:10D95000610061006100618023801D000100010001
:10D9600042003C0000000000000000000000000039
:10D97000000000000000000000000C000C0000008F
:10D980000000000000000C000C000000000000007F
:10D990000000000000000000000000000000000087
:10D9A0000C000C0000000000000000000C000C0047
:10D9B0000C0008001800000000000000000000003B
:10D9C00000000000008007801C00700070001C0038
:10D9D0000780008000000000000000000000000040
:10D9E00000000000000000000000000000007F8038
:10D9F000000000007F800000000000000000000028
:10DA00000000000000000000000000000000000016
:10DA1000400070001E00038003801E007000400064
:10DA200000000000000000000000000000000000F6
:10DA30001E00230001000300060004000C00080083
:10DA400008000000080008000000000000000000BE
:10DA500000000000000000001F003180608047804F
:10DA6000C98098809080908098804980478060002D
:10DA700030000F0000000000000000000C001C003F
:10DA80001E00160012003200330023007F00618068
:10DA90004180C08000000000000000000000000085
:10DAA00000007E0063006100610063007E00610091
:10DAB00061806180618061007E00000000000000E4
:10DAC00000000000000000000F0031002000600096
:10DAD00060006000600060006000200031000F0006
:10DAE00000000000000000000000000000007C00BA
:10DAF000620063006100618061806180618061001B
:10DB0000630062007C0000000000000000000000D4
:10DB1000000000003F0020002000200020003F0007
:10DB2000200020002000200020003F800000000096
:10DB3000000000000000000000003F8020002000E6
:10DB4000200020003F0020002000200020002000B6
:10DB500020000000000000000000000000000000A5
:10DB60001E0031006000600060004000478061805E
:10DB70006180618031801F00000000000000000013
:10DB80000000000000006180618061806180618030
:10DB90007F80618061806180618061806180000040
:10DBA0000000000000000000000000003F000C002A
:10DBB0000C000C000C000C000C000C000C000C0005
:10DBC0000C003F000000000000000000000000000A
:10DBD00000001E000200020002000200020002001B
:10DBE00002000200020046003C00000000000000AD
:10DBF00000000000000000006180630066006C000F
:10DC0000780078006C0066006600630061806180C7
:10DC100000000000000000000000000000002000E4
:10DC200020002000200020002000200020002000F4
:10DC3000200020003F8000000000000000000000E5
:10DC400000000000618063807380538057805D8096
:10DC50004D804D8041804180418041800000000026
:10DC600000000000000000000000618071807180F1
:10DC70007180698069806D80658065806380638064
:10DC800063800000000000000000000000000000B1
:10DC90001E0033006100618061806180618061806D
:10DCA0006180610033001E000000000000000000E1
:10DCB0000000000000003E00230021802180218020
:10DCC00023003E0020002000200020002000000053
:10DCD0000000000000000000000000001E003300F3
:10DCE000610061806180618061806180618061002C
:10DCF00033001E00020003000000000000000000CE
:10DD000000007E00630061006100610063007C0030
:10DD1000620063006100618060800000000000001C
:10DD200000000000000000001E00230060006000F2
:10DD300060003C000F0001000180418063003E0054
:10DD40000000000000000000000000000000FF8054
:10DD50000C000C000C000C000C000C000C000C0063
:10DD60000C000C000C00000000000000000000008F
:10DD7000000000006100610061006100610061005D
:10DD8000610061006100610023001E0000000000CE
:10DD900000000000000000000000418041806100A0
:10DDA0006100230023003200120016001C001C003A
:10DDB0000C00000000000000000000000000000057
:10DDC000C0C0C080C0804C804C805D805580578032
:10DDD0007300730033002300000000000000000007
:10DDE00000000000000061802100330012001C00D0
:10DDF0000C000C001E00320023006180C080000077
:10DE000000000000000000000000000041806100F0
:10DE10002300320016001C000C000C000C000C004B
:10DE20000C000C00000000000000000000000000DA
:10DE300000007F8001800300030006000C000C003E
:10DE400018001000300060007F800000000000001B
:10DE500000000000000000000E000800080008009C
:10DE60000800080008000800080008000800080072
:10DE700008000E000000000000000000000060002C
:10DE80002000200030001000180008000C000400E2
:10DE90000600020003000100000000000000000076
:10DEA000000000001C000400040004000400040042
:10DEB00004000400040004000400040004001C002A
:10DEC000000000000000000000000C00160023000D
:10DED0004180000000000000000000000000000081
:10DEE0000000000000000000000000000000000032
:10DEF0000000000000000000000000000000000022
:10DF00000000000000000000000000000000FFC052
:10DF100000000000100018000C00000000000000CD
:10DF200000000000000000000000000000000000F1
:10DF300000000000000000000000000000000000E1
:10DF400000001E00230001003F006100610063002B
:10DF500063003D0000000000000000000000000021
:10DF600000002000200020002E003300210021802E
:10DF700021802180210033002E00000000000000DD
:10DF800000000000000000000000000000000F0082
:10DF900031002000200020002000200031000F0070
:10DFA0000000000000000000000000000000010070
:10DFB000010001001D0023006300610041006100B9
:10DFC000630023001D0000000000000000000000AE
:10DFD000000000000000000000001E00330061008F
:10DFE00061807F804000600031001E000000000062
:10DFF000000000000000000000000700080008000A
:10E000003F00080008000800080008000800080099
:10E0100008000000000000000000000000000000F8
:10E020000000000000001D002300630061004100AB
:10E030006100630023001D00010023001E0000009A
:10E040000000000000002000200020002E0033000F
:10E0500021002100210021002100210021000000D9
:10E060000000000000000000000000000C000C0098
:10E0700000003C000C000C000C000C000C000C001C
:10E080000C007F8000000000000000000000000085
:10E0900000000400040000003C0004000400040030
:10E0A0000400040004000400040004000C007800D4
:10E0B00000000000000000002000200020002100DF
:10E0C00022002400280034002600230021002180A3
:10E0D00000000000000000000000000000007800C8
:10E0E00008000800080008000800080008000800F0
:10E0F0000800080007000000000000000000000009
:10E10000000000000000000000007B004D804C80FB
:10E110004C804C804C804C804C804C800000000037
:10E1200000000000000000000000000000000000EF
:10E130002E003300210021002100210021002100B8
:10E1400021000000000000000000000000000000AE
:10E150000000000000001E0023006100618061805B
:10E160006180610023001E0000000000000000002C
:10E170000000000000000000000000006E007300BE
:10E180006100618061806180610073006E006000E9
:10E1900060006000000000000000000000000000BF
:10E1A00000001D002300610061006100610061004A
:10E1B00023001D000100010001000000000000001C
:10E1C00000000000000000001780188018001000F8
:10E1D00010001000100010001000000000000000EF
:10E1E00000000000000000000000000000001E0011
:10E1F0002100200030001E000300010023001E004B
:10E20000000000000000000000000000000000000E
:10E21000180018007F0018001800180018001800D7
:10E22000180008000F0000000000000000000000BF
:10E23000000000000000000000002100210021007B
:10E24000210021002100210023001D00000000000A
:10E2500000000000000000000000000000000000BE
:10E2600041806100210023003200120016001C00D2
:10E270000C00000000000000000000000000000092
:10E28000000000000000C0C0C08040804D804D8074
:10E29000750075003300330000000000000000002E
:10E2A00000000000000000000000000061003300DA
:10E2B00016001C000C001C003200230061800000CE
:10E2C000000000000000000000000000000000004E
:10E2D00000006180610021003300120016001E0062
:10E2E0000C000C0008001800700000000000000086
:10E2F00000000000000000003F00030006000600D0
:10E300000C001800300020003F000000000000005A
:10E31000000000000000000007000C000C000C00D2
:10E320000C000C000800300008000C000C000C0071
:10E330000C000C00070000000000000000000800B6
:10E34000080008000800080008000800080008008D
:10E350000800080008000800080008000800000085
:10E3600000000000380008000800080008000C0049
:10E370000C0003000C00080008000800080008005A
:10E380003800000000000000000000000000000055
:10E39000000000000000788047000000000000003E
:10E3A000000000000000000000000000000000006D
:10E3B000000000000000000000000000000000005D
:10E3C000000000000000000000000000000000004D
:10E3D000000000000000000000000000000000003D
:10E3E0000000060006000600060006000600060003
:10E3F00006000600060006000000000006000600F9
:10E40000000000000000000000000000000000000C
:10E4100000001980198019801980198000000000FF
:10E4200000000000000000000000000000000000EC
:10E4300000000000000000000000000000000000DC
:10E440000000066004400CC00CC07FF07FF0088024
:10E4500019801980FFE0FFE0330033002200220022
:10E4600000000000000000000000000000000000AC
:10E470000000020002000F803FC032403200320034
:10E480003A000F8002C00260026022E03FC01F809D
:10E490000200020002000000000000000000000076
:10E4A000000038004400C600C60044003860018007
:10E4B0000600180061C0022002300230022001C0B4
:10E4C000000000000000000000000000000000004C
:10E4D00000000F801F80300030003000180018004E
:10E4E0003C006630433041A060E070C03FE01F3028
:10E4F000000000000000000000000000000000001C
:10E5000000000600060006000600060000000000ED
:10E5100000000000000000000000000000000000FB
:10E5200000000000000000000000000000000000EB
:10E5300000000100030002000600060004000C00B9
:10E540000C000C000C000C000C000400060006007F
:10E5500002000300010000000000000000000000B5
:10E56000000008000C000400060006000200030082
:10E57000030003000300030003000200060006007E
:10E5800004000C0008000000000000000000000073
:10E5900000000600060026403FC00F000F003FC0ED
:10E5A00026400600060000000000000000000000F9
:10E5B000000000000000000000000000000000005B
:10E5C0000000000000000000000006000600060039
:10E5D00006007FE07FE0060006000600060000005F
:10E5E000000000000000000000000000000000002B
:10E5F000000000000000000000000000000000001B
:10E6000000000000000000000000060006000600F8
:10E6100006000C000C0000000000000000000000DC
:10E6200000000000000000000000000000000000EA
:10E6300000001F801F80000000000000000000009C
:10E6400000000000000000000000000000000000CA
:10E6500000000000000000000000000000000000BA
:10E660000000000000000000000006000600060098
:10E67000000000000000000000000000000000009A
:10E68000000000C000C00180018001000300020002
:10E69000060004000C0008001800180030003000CC
:10E6A000600000000000000000000000000000000A
:10E6B00000000F001F8039C030C030E06060606033
:10E6C00066606660606030E030C039C01F800F0057
:10E6D000000000000000000000000000000000003A
:10E6E00000000F003F00330003000300030003009D
:10E6F0000300030003000300030003001FE01FE00A
:10E700000000000000000000000000000000000009
:10E7100000001F003F8021C000C000C000C000807A
:10E720000180030006000C00180030007FC07FC08D
:10E7300000000000000000000000000000000000D9
:10E7400000001F003F8020C000C000C001C00F803B
:10E750000F8001C000C0006000C061C07FC01F000A
:10E7600000000000000000000000000000000000A9
:10E77000000001800380078005800D8009801980DA
:10E780003180218061807FE07FE001800180018015
:10E790000000000000000000000000000000000079
:10E7A00000003F803F803000300030003F003F805D
:10E7B00021C000C000C000C000C041C07F803F0039
:10E7C0000000000000000000000000000000000049
:10E7D00000000F801FC038403000300060006780AC
:10E7E0006FC070C070602060306030C01FC00F808C
:10E7F0000000000000000000000000000000000019
:10E8000000007FE07FC000C000C0018001800100E7
:10E81000030003000600060006000C000C001C00AC
:10E8200000000000000000000000000000000000E8
:10E8300000000F003FC030C030C030C030C01F806B
:10E840001F8030C060606060606030C03FC01F806B
:10E8500000000000000000000000000000000000B8
:10E8600000001F003F8030C060C0604060E030E0CA
:10E870003F601E60006000C000C021C03F801F00DC
:10E880000000000000000000000000000000000088
:10E89000000000000000000000000000060006006C
:10E8A0000600000000000000000006000600060050
:10E8B0000000000000000000000000000000000058
:10E8C000000000000000000000000000060006003C
:10E8D0000600000000000000000006000600060020
:10E8E00006000C000C00000000000000000000000A
:10E8F00000000000000000000000002001E0078090
:10E900001E00700070001E00078001E00020000063
:10E9100000000000000000000000000000000000F7
:10E9200000000000000000000000000000007FE088
:10E930007FE0000000007FE07FE0000000000000BA
:10E9400000000000000000000000000000000000C7
:10E9500000000000000000000000400078001E00E1
:10E9600007C000E000E007C01E0078004000000083
:10E970000000000000000000000000000000000097
:10E9800000001F003FC021C000C000C001C00180C6
:10E990000300060006000600060000000600060050
:10E9A0000000000000000000000000000000000067
:10E9B000000000000F8018603020602043F0467097
:10E9C000CC30CC30CC30CC30CC30467043F0600012
:10E9D0003000180007C00000000000000000000028
:10E9E000000006000F000F000F0019801980198029
:10E9F000198030C030C03FC07FE0606060606070F0
:10EA00000000000000000000000000000000000006
:10EA100000003F803FC030C03060306030C03F8079
:10EA20003FC030C030603060306030E03FC03F8079
:10EA300000000000000000000000000000000000D6
:10EA4000000007C01FC018403000300030006000D8
:10EA50006000600070003000300018401FC007C028
:10EA600000000000000000000000000000000000A6
:10EA700000007E007F8061C060C060C06060606038
:10EA800060606060606060C060C061C07F807E0068
:10EA90000000000000000000000000000000000076
:10EAA00000003FE03FE030003000300030003FC069
:10EAB0003FC0300030003000300030003FE03FE029
:10EAC0000000000000000000000000000000000046
:10EAD00000003FE03FE030003000300030003FC039
:10EAE0003FC03000300030003000300030003000D7
:10EAF0000000000000000000000000000000000016
:10EB000000000F801FC038403000600060006000CF
:10EB100061E061E060606060306038601FC00F805D
:10EB200000000000000000000000000000000000E5
:10EB300000006060606060606060606060607FE0F6
:10EB40007FE0606060606060606060606060606026
:10EB500000000000000000000000000000000000B5
:10EB600000003FC03FC00600060006000600060089
:10EB70000600060006000600060006003FC03FC073
:10EB80000000000000000000000000000000000085
:10EB900000000F800F8001800180018001800180D2
:10EBA0000180018001800180018041807F803E00E2
:10EBB0000000000000000000000000000000000055
:10EBC0000000606060C06180638067006E007C0050
:10EBD0007E0077006300618061C060C0606060702B
:10EBE0000000000000000000000000000000000025
:10EBF00000003000300030003000300030003000C5
:10EC00003000300030003000300030003FE03FE0A6
:10EC100000000000000000000000000000000000F4
:10EC2000000070E070E070E079E069E069606F60BA
:10EC30006F606660666060606060606060606060B9
:10EC400000000000000000000000000000000000C4
:10EC5000000070607060786068606C606C60646018
:10EC60006660626063606360616061E060E060E014
:10EC70000000000000000000000000000000000094
:10EC800000000F001F8030C030C0606060606060B6
:10EC9000606060606060606030C030C01F800F00E6
:10ECA0000000000000000000000000000000000064
:10ECB00000003F803FC030E030603060306030E0C6
:10ECC0003FC03F8030003000300030003000300066
:10ECD0000000000000000000000000000000000034
:10ECE00000000F001F8030C030C060606060606056
:10ECF000606060606060606030C030C01F800F0086
:10ED0000018000C000800000000000000000000042
:10ED100000007F007FC060C060C060C060C07F80B6
:10ED20007F00618060C060C060E0606060606030F3
:10ED300000000000000000000000000000000000D3
:10ED400000000F803FC030406000600030003C0099
:10ED50001F8001C000600060006020C03FC01F0035
:10ED600000000000000000000000000000000000A3
:10ED70000000FFF0FFF00600060006000600060097
:10ED80000600060006000600060006000600060053
:10ED90000000000000000000000000000000000073
:10EDA0000000606060606060606060606060606023
:10EDB0006060606060606060304030C03FC00F00E5
:10EDC0000000000000000000000000000000000043
:10EDD0000000606060606060204030C030C030C0C3
:10EDE00018801980198009000F000F000F0006001D
:10EDF0000000000000000000000000000000000013
:10EE00000000C030C030C0304030462066606F60C7
:10EE10006F6069606960296039C039C030C030C036
:10EE200000000000000000000000000000000000E2
:10EE300000006060306030C019800D800F00070056
:10EE400006000F000D80198030C030C06060E07097
:10EE500000000000000000000000000000000000B2
:10EE600000006060606030C030C0198019800F0001
:10EE70000600060006000600060006000600060062
:10EE80000000000000000000000000000000000082
:10EE900000003FE03FE0006000C00180018003000F
:10EEA000060006000C001800180030003FE03FE0AC
:10EEB0000000000000000000000000000000000052
:10EEC0000000078007800400040004000400040020
:10EED0000400040004000400040004000400040012
:10EEE0000400078007800000000000000000000010
:10EEF00000006000300030001800180008000C000E
:10EF0000040006000200030001000180018000C02F
:10EF100000C0000000000000000000000000000031
:10EF200000001F001F000300030003000300030094
:10EF300003000300030003000300030003000300B9
:10EF400003001F001F000000000000000000000080
:10EF5000000006000F00198030C060600000000053
:10EF600000000000000000000000000000000000A1
:10EF70000000000000000000000000000000000091
:10EF80000000000000000000000000000000000081
:10EF90000000000000000000000000000000000071
:10EFA000000000000000FFF0FFF000000000000083
:10EFB00018000C0004000200000000000000000027
:10EFC0000000000000000000000000000000000041
:10EFD0000000000000000000000000000000000031
:10EFE000000000000000000000001F003FC020C023
:10EFF00000C01FC03FC0704060C071C03F401E4095
:10F000000000000000000000000000000000000000
:10F010000000300030003000300037803FC038C082
:10F020003060306030603060306038C03FC0378062
:10F0300000000000000000000000000000000000D0
:10F040000000000000000000000007801FC0184002
:10F050003000300030003000300018401FC007C0C2
:10F0600000000000000000000000000000000000A0
:10F07000000000C000C000C000C01EC03FC031C0C2
:10F0800060C060C060C060C060C031C03FC01EC012
:10F090000000000000000000000000000000000070
:10F0A000000000000000000000000F801FC030C002
:10F0B00060607FE07FE06000600030401FC00F8034
:10F0C0000000000000000000000000000000000040
:10F0D000000003C007C0060006003FC03FC0060096
:10F0E00006000600060006000600060006000600F0
:10F0F0000000000000000000000000000000000010
:10F10000000000000000000000001EC03FC031C031
:10F1100060C060C060C060C060C031C03FC01EC081
:10F1200000C020C03F801F00000000000000000061
:10F130000000300030003000300037803FC038C061
:10F1400030C030C030C030C030C030C030C030C03F
:10F1500000000000000000000000000000000000AF
:10F16000000006000600000000003E003E00060011
:10F170000600060006000600060006003FE03FE02D
:10F18000000000000000000000000000000000007F
:10F19000000003000300000000001F001F00030028
:10F1A0000300030003000300030003000300030047
:10F1B000030006003E003C000000000000000000CC
:10F1C0000000300030003000300030E031C033004B
:10F1D00036003E003B003300318030C030E030600C
:10F1E000000000000000000000000000000000001F
:10F1F00000003C003C000C000C000C000C000C005B
:10F200000C000C000C000C000C00060007C003C032
:10F2100000000000000000000000000000000000EE
:10F22000000000000000000000007DC07FE066607C
:10F23000666066606660666066606660666066609E
:10F2400000000000000000000000000000000000BE
:10F250000000000000000000000037803FC038C000
:10F2600030C030C030C030C030C030C030C030C01E
:10F27000000000000000000000000000000000008E
:10F28000000000000000000000000F003FC030C080
:10F2900030C060606060606030C030C03FC00F0050
:10F2A000000000000000000000000000000000005E
:10F2B0000000000000000000000037803FC038C0A0
:10F2C0003060306030603060306038C03FC03780C0
:10F2D000300030003000300000000000000000006E
:10F2E000000000000000000000000EC03FC031C060
:10F2F00030C060C060C060C030C031C03FC00EC010
:10F3000000C000C000C000C00000000000000000FD
:10F310000000000000000000000009E00BE00E20EB
:10F320000C000C0008000800080008000800080095
:10F3300000000000000000000000000000000000CD
:10F34000000000000000000000000F801FC03040DF
:10F35000300038000F8001C000C020C03FC01F0037
:10F36000000000000000000000000000000000009D
:10F37000000000000C000C000C007FC07FC00C00DF
:10F380000C000C000C000C000C000C0007C003C0AB
:10F39000000000000000000000000000000000006D
:10F3A0000000000000000000000030C030C030C08D
:10F3B00030C030C030C030C030C031C01FC01EC0EF
:10F3C000000000000000000000000000000000003D
:10F3D000000000000000000000006060206030C0FD
:10F3E00030C010801980198009000F000F0006003E
:10F3F000000000000000000000000000000000000D
:10F4000000000000000000000000C030C0304020BC
:10F410006620666066602F60294039C039C030C000
:10F4200000000000000000000000000000000000DC
:10F4300000000000000000000000606030C0198083
:10F440000F000F0006000F001980198030C06060A7
:10F4500000000000000000000000000000000000AC
:10F46000000000000000000000006060206030C06C
:10F4700030C01880198009800D00070006000600C2
:10F4800006000C003C0038000000000000000000F6
:10F49000000000000000000000003FC03FC00080EE
:10F4A0000180030006000C00080010003FC03FC0B0
:10F4B000000000000000000000000000000000004C
:10F4C000000003C003C00600060006000600060098
:10F4D00006003C003C000600060006000600060090
:10F4E000060003C003C00000000000000000000090
:10F4F00000000600060006000600060006000600E2
:10F5000006000600060006000600060006000600CB
:10F5100006000600060006000600000000000000CD
:10F5200000003C003C000600060006000600060045
:10F53000060003C003C00600060006000600060021
:10F5400006003C003C00000000000000000000003D
:10F5500000000000000000000000000000000000AB
:10F560003C207FE043C000000000000000000000DD
:10F5700000000000000000000000D4D43150534BC4
:10F580000000000000000000640000008403000090
:10F59000640000008403000000000000FFFFFFFF84
:04F5A000FFFFFFFF6B
:00000001FF
